City,Total Comments,Express Opinion (%),Societal Critique (%),Solutions (%),Deserving/Undeserving (%),Racist (%)
portland,6618,82.01873677848293,27.107887579329105,66.07736476276821,11.121184647929889,0.060441220912662436
fayetteville,1043,84.27612655800574,27.612655800575265,61.649089165867686,13.61457334611697,0.0
scranton,514,75.4863813229572,23.73540856031128,40.46692607003891,14.785992217898833,0.0
south bend,330,76.66666666666667,14.545454545454545,73.93939393939394,8.787878787878787,0.0
el paso,284,73.23943661971832,19.014084507042252,65.14084507042254,15.492957746478872,0.0
rockford,243,65.4320987654321,23.868312757201647,58.0246913580247,11.934156378600823,0.0
buffalo,135,80.0,24.444444444444443,71.85185185185186,11.851851851851853,0.0
san francisco,14,100.0,50.0,42.857142857142854,21.428571428571427,0.0
