source,item_idx,text,gold,vote_fraction,consensus_fp,is_tn,is_tp
reddit,0,Are you implying that local police beat panhandlers with batons?  Because they don't .,0,0.5,1,0,0
reddit,1,"If the city did not want this, they would not have dedicated half of the downtown area to homeless shelters. This is what we get for narcissistically institutionalizing compassion, the flipside to self congratulatory [STREET]-jerk galas.",0,0.3333333333333333,0,1,0
reddit,2,"I know the corner of  [ORGANIZATION] and [ORGANIZATION] is one of the corners this guy apparently has people 'working.' The corner is always covered and it seems to rotate through a few of the same individuals, almost as if the are on shifts. I haven't heard much more than that, but I have heard the same thing from various people who work with homeless and/or addicts. I don't personally provide direct services or work with clients anymore so I haven't heard it myself but I trust those I have heard it from. Some were talking about trying to alert media or police to it but not sure that anyone has enough information to work with. ",0,0.0,0,1,0
reddit,3,"Not a big surprise?

There is not a lack of low paying jobs here. The top needs of the panhandlers is usually mental care, which we as a society really suck at providing. Giving someone with a substance abuse problem or a mental disorder a trashbag and $10 an hour to pick up trash isn't going to do a lot.",0,0.0,0,1,0
reddit,4,"Good call [ORGANIZATION]. Many, not all, of the panhandlers don't want a job. A great deal of them are former residents of FAC0 in town. They are usually out there begging for money to pay for their addiction and put money in their dealers hand.

I believe a better option is to take any money that could have gone to this and continue to provide low cost housing for the truly homeless. Couple that with finding a [STREET] to get more mental health facilities in town would go a longer [STREET] than jobs for these people.",0,0.3333333333333333,0,1,0
reddit,5,"Not really a new thing. When I lived in that area [ORGANIZATION], we'd have panhandlers come to our door a few times a month.",0,0.0,0,1,0
reddit,6,[ORGANIZATION] does a lot of work supporting the poor and houseless population. They would likely get it to someone who needs it.,0,0.0,0,1,0
reddit,7,"I experience the same comments with non-benders in my car. It's tough because we want [ORGANIZATION] to be better, and there's been large improvements. But there is still a [ORGANIZATION] of work to be done. At this point, I feel as if the homeless issue is starting to hold back development and other progress in the city, mainly downtown. I can't stress enough how delicate and sensitive of an issue this is for [ORGANIZATION]. Agree or not, we are a liberal city, with quite a few Democrats in charge. The bread of butter of Democrats is poor relief. Is the current situation a result of the current (local) administration/leaders? I mean, this doesn't happen overnight and is really a product of issues that effect the entire [PERSON] (is [ORGANIZATION] the only or select few with this problem? No). But here we are, with this issue in our laps. It doesn't matter so much as to how they got here. The real focus needs to be how to get them back onto their feet and self sufficient. There has been proven success with the housing first model. We don't have the capital to overnight the project and get results right away, so we are left in a holding pattern waiting for the first units to come online and gather data on how that works for us. 

I think this issue could actually be a fantastic opportunity for [ORGANIZATION] to step in. They have some of the brightest individuals there, that could use their resesrch expertise, and other knowledge to come with up with a collaborative approach with the City of [ORGANIZATION] to help tackle this problem the right [STREET]. I've always thought [ORGANIZATION] should be a little more involved with [ORGANIZATION], and I don't see why this issue would be any different. ORG2 benefits from a better [ORGANIZATION]. ",0,0.3333333333333333,0,1,0
reddit,8,"[PERSON] down guy

No one said contradictory

Rather you over exaggerate


A real hype beast

[ORGANIZATION] ever was meh compared to sb150 or even some past ethnic fests...

And as for the ""growing"" problem of bums in the streets....

We have had bum issues for [LOCATION] and it is due in large part to all our services we offer to the homeless

",1,0.16666666666666666,0,0,1
reddit,9,"It's because you're just some [ORGANIZATION] who posted ""SB Cops Murdered a [DATE] [PERSON]"" along with a link to a local TV news story that doesn't at all support that inflammatory claim at this point. It comes across as something an angry teenager would post.",0,0.16666666666666666,0,1,0
reddit,10,It’s either build the center and have all of the people you’re so worried about in one [STREET] or have them out on the streets not getting the mental help they need. The people you’re afraid of are someone’s daughter/son/mother/father. Every time I see someone saying this is a bad idea I see someone who has not a lick of common sense. If this falls through I can’t wait to see the complaints about all the homeless people on the streets crowding your beautiful city.,1,0.3333333333333333,0,0,1
reddit,11,"There are several reasons that someone couldn't stay at center for the homeless but could be at [ORGANIZATION].
Some are innocuous, such for example, [ORGANIZATION] doesn't allow pets, but [ORGANIZATION] does. [ORGANIZATION] is sex segregated so couples can't stay there together, but they can at [ORGANIZATION]. 

But the other big distinction is that [ORGANIZATION] isn't a low barrier shelter, so they have a strick drugs and alcohol policy, which [ORGANIZATION] does not. I'm pretty sure that [ORGANIZATION] also requires residents to participate in mental health and job counseling, which [ORGANIZATION] for now does not.",0,0.16666666666666666,0,1,0
reddit,12,"[ORGANIZATION] definitely knows the population visiting the main branch includes a significant number of people experiencing homelessness! One of the great things they do is partner with [ORGANIZATION] to make 3 free meals a day available to anyone. 

[LOCATION]",0,0.0,0,1,0
reddit,13,"I just wanted to chime in that I think your question is so so so valid and I am glad you asked it. When you haven’t been around people experiencing active homelessness and potentially untreated mental health issues it can be scary at first bc let’s be real… all the unknown things and situations in our lives are scary for the most part- positive or negative. I am relieved to see all the posts on here educating and in support of giving humans a meal, electricity, and even a space to feel safe when they barely feel safe with their own thoughts. The library is doing a beautiful thing and if it truly bothers you that much that you refuse to go to the downtown location I think you really should just be grateful you have the option and resources to [STREET] 5 miles to the next library. And, I mean that genuinely. My husband experienced someone who was suffering from severe mental health issues in front of the library not too long ago and he decided from now on he wanted to go to a further away one. To each their own. Even if it’s your own husband 🤓",0,0.3333333333333333,0,1,0
reddit,14,"I’ve said before. Have it in the middle of [ORGANIZATION]. That’s where most of the supporters who would help the homeless are. 

It’s in the center of everything so mobility would be an ease, it’s close to everything essential, emergency services, stores, etc.

Don’t know why they want it so far away",0,0.5,1,0,0
reddit,15,"Yeah, anywhere a new [INSTITUTION] is built within the city it’s going to be near some residences and businesses, and until someone is willing to take a risk to change the situation by at least letting a new shelter try within walking distance of them nothing will improve. And if you could get those who object to be totally honest, many would prefer the homeless to either be in prison or dead over being anywhere near their neighborhood or business.",1,0.8333333333333334,0,0,1
reddit,16,They have been a small but mighty group advocating for the unhoused in our community. Sad to see that they are being forced to shut down their operations.,0,0.16666666666666666,0,1,0
reddit,17,"Most comments are saying how great it is to homeless (and it usually is) but are ignoring or unaware of the ***type*** of homeless they plan to [STREET] here.  *Drug addicts and people with mental issues.*  If it were more homes for homeless and/or low income families, I wouldn't think twice about it but I'm very concerned about a facility housing drug addicts and people with mental issues just a couple hundred feet from a school in the middle of a residential neighborhood.",1,0.3333333333333333,0,0,1
reddit,18,"Hey neighbor, I live over here as well! 

I share a lot of your concerns, but we have to remember that this needs to go *somewhere*. Its probably going to have a negative impact wherever it goes, it just happens we drew the short straw this time. I already sent an email to [ORGANIZATION] (and I should probably send one to [PERSON] as well) requesting some more specifics on what the plan is to maintain the neighborhood. Id suggest you do the same. The more pressure, the better. When this happens, because it certainly sounds like its going to, we are going to have to try to make the most of it. We will have a vested interest in making sure the residents there succeed and receive the resources they are promised. We will also need to make sure we hold the city's feet to the fire to make sure they fulfill their promises to us and maintain our neighborhood. 

Thankfully this is a little different than a soup kitchen or shelter. Its actual housing, its designed for people who are maybe one step up from living on the streets, but still one step down from being on their feet enough to live in someplace like FAC0. Im genuinely hoping and cautiously optimistic that it wont be much of a problem.",0,0.6666666666666666,1,0,0
reddit,19,"There have been polls taken from people living under the viaduct, around downtown, etc. in [ORGANIZATION] showing that they won’t accept city help, either because they prefer living homeless or don’t trust the government, or both. I don’t know how a city is supposed to help these people, it seems like a lost cause. Mayor [PERSON] would even go to the homeless encampments In Person and talk to those living there - even with personal persuasion, he couldn’t get people to not want to live under that viaduct.

The truth is, [LOCATION] does have a lot of resources and options relative to our city size - it’s just a lot of homeless refuse to use them.",0,0.16666666666666666,0,1,0
reddit,20,"The meeting was a great showing of varying community opinion. Went from [TIME].

\- PERSON0 got truly irate

\- PERSON1 (mayors office) got called out for unintentionally lying and providing partial information [ORGANIZATION] night to council. [TIME] before the meeting too.

\- The main guy from [ORGANIZATION] said FAC0 started as a ""hot mess"" and that things have quieted down but ""shenanigans"" still happen after [TIME] when there is no presence on site. Some lady from [ORGANIZATION] who was on the decision committee basically said they had an oh shit moment when they got to [LOCATION] and realized they were at the point of going to rezoning and would require notifying the immediate neighborhood (300' radius). I'm putting words in her mouth but just my thoughts.

\- [ORGANIZATION] got called out for not doing nearly enough preparation and being halfhearted in their commitments. Additional cameras, maybe a full time (until [TIME]) resident assistant, maybe increasing the off-duty cop coverage, maybe building a privacy fence for the church, maybe having to pay for site remediation, etc.

\- You got to hear the perspective of people from all different background. White, black, puerto rican, business owners, etc. Besides a few quick rounds of applause everyone made pretty good points and there was no back and forth.

\- [ORGANIZATION] and others tried to belittle peoples understanding of basic math when council members said they thought $175,000 per small unit per homeless person could be better spent especially since scattered sites are acceptable. The cost for the actual unit itself was only $90,000. Opposition said most of the cost is for land development, storm water, parking lots, etc...which doesn't get past the point of being able to compare what $175,000 could get you in terms of buying existing multi-family homes, building triplexes, etc on a per person basis. You dont have to pay for site development costs if you buy existing scattered buildings....

\- PERSON2 of [ORGANIZATION] berated the council, the crowd, and left early. The guy from ORG2 essentially said the same thing. [ORGANIZATION] also lied and said if the council doesn't vote yes [TIME] the project and other associated vouchers would be gone....which [ORGANIZATION] said was false. There is no real deadline. A few people who said they are close friends with [ORGANIZATION] apologized because they were voting against.

\- PERSON4 also berated the council because they allowed everyone in opposition to speak essentially. There were about 7 people to speak in favor, mostly [ORGANIZATION] employees, and people like PERSON4 who only took up [TIME] total. Someone tried to enforce a rule that says opposition gets the exact same amount of time regardless of how many people there are....but the council voted unanimously to give [TIME] to whoever wanted to speak. There were over 100 people in the room. This is especially important since some people showed up to a 4:30 meeting but were unable to speak then because time ran over at that one. Now its past 11 PM and they want to give opposition [TIME]?

\- [ORGANIZATION] had no proof the site had been remediated and said even if it was contaminated they were already planning on doing soil testing after the project had moved forward....but they had zero dollars for remediation even though they spent shit tons on unexpected remediation at the [ORGANIZATION] project. Council members said it makes no sense to do soil testing after committing to a site so they can come with their hands out looking for money down the [STREET]. [ORGANIZATION] kept repeating they asked their consultant (DATE2) about the existing documentation and they were advised the site was not ""terminal"". They scored the site as [ORGANIZATION] while giving numerous sites labels of [LOCATION]. Not terminal does not equal good.

\- PERSON6 tried to manipulate peoples words and find minuscule points to make in support of the project, like correcting the city presenter ([ORGANIZATION]) on the exact number of people who signed a petition from one of the nearby churches in favor. She honestly was trying her best in an uphill battle but it was irritating.

\- They wanted to make it very clear this was not a ""[INSTITUTION]"" but instead wanted to say this was high-density residential as was planned for this area....even though only homeless can live there.

\- They thought they were making a good point by stressing how quickly they had been moving. [ORGANIZATION] said they ""had many public meetings"" which was a lie. There were 2 [PERSON] meetings, 1 of which is attended. The [PERSON] barely even coveres the neighborhood around the proposed site. They were proud they started the application process in [ORGANIZATION] without a site in mind so then it became urgent in [LOCATION] to select a site immediately.

\- The site kept being referred to as a strong scorer with it being free. It technically is not ""free"" as the city had well over $200,000 in acquisition costs around DATE4. Also, if being free is such a strong sway for decision shouldn't there be concerns that every single ""free"" site on their list of options was on the west side? You going to find many free multiple acre properties in [PERSON]'s district?",0,0.8333333333333334,1,0,0
reddit,21,"Yeah on my phone and trying to figure out how to share a [ORGANIZATION]. It's 20-22 units, they have leases, and some pay a small portion of rent but not usually. Originally (DATE0) it was a part time maintenance person, [TIME] a week apt/community manager, and [TIME] a week for a off-duty cop. RA may live on site but they would have to go to the state for approval, likely be difficult, and not in plans currently.

There would be on site visits from [ORGANIZATION] (recovery coach) but for their caseworker it sounds like they would pick up individuals and bring them to [ORGANIZATION]. Same for mental health and addiction services.  [ORGANIZATION] would have 2 case managers available, not solely dedicated. The homeless individual has the choice to participate.

Got it.  [[URL] Here is the presentation info from our ORG1 meeting with [ORGANIZATION] on [LOCATION]. That is the only meeting besides a ORG1 mock debate and he didn't even attend that.",0,0.5,1,0,0
reddit,22,"I struggle with this. I know that there are shelters, and I also know that not all of the homeless want to go to those shelters.",0,0.0,0,1,0
reddit,23,"6 units out of 60 I think is ridiculous for 1 million, but also 6 units out of 60 for helping homeless people doesn’t mean your area is going to be filled with former homeless people. I think there’s a huge lack of transparency with the funding, and a lot of locals who want homelessness to go away without actually wanting to provide the housing opportunities for this to happen",0,0.6666666666666666,1,0,0
reddit,24,25 homeless got sent to [ORGANIZATION]. Didn't know that was a thing. ,0,0.0,0,1,0
reddit,25,"""“The city needs a more active role in that,” he said, noting that the city of [ORGANIZATION] recently funded transitional housing for about 25 homeless people"" 

I read it wrong. My bad. They were referring to fining housing for our own homeless. ",0,0.6666666666666666,1,0,0
reddit,26,"Definitely more than four homeless in [ORGANIZATION], but yeah, we dont have it nearly as bad as other cities. Out West, where they dont have to contend with brutal [ORGANIZATION], there are full encampments and they are everywhere. ",0,0.5,1,0,0
reddit,27,"I’ve lived downtown for [ORGANIZATION] and see homeless people sleeping in my parking lot on benches, setting up tents by the river and sleeping, just trying to be comfortable somewhere. I think it is ridiculous to act like providing homeless people housing would somehow increase crime when we know that evidence shows providing stable living environments brings DOWN crime. I would much rather live next door to a housing facility for the homeless than continue to see people sleeping on the bare ground. The same people who complain about the amount of homeless people are the same ones who complain whenever the city does anything to try to assist them. It’s ridiculous. we shouldn’t listen to these people because they will complain no matter what because at [DATE], they just like to look down on others",0,0.3333333333333333,0,1,0
reddit,28,"Thanks for your thoughtful response. 

I'm curious how large complexes are more harmful? And I also thought [ORGANIZATION] doesn't allow visitors or drugs. Maybe a safe injection site is also needed so people aren't shooting up in people's yards. I think it was a little misguided that the director of [ORGANIZATION] said homelessness was done for with [ORGANIZATION] running. 

To the point of something outside the city, good luck getting the county to agree to that. [PERSON] and [ORGANIZATION] hate homeless people to the point of calling them garbage. The county commissioners don't want to fund anything that isn't already a running program or a giant corporation trying to move in. [ORGANIZATION] didn't even pay attention to the meeting, just got the [INSTITUTION] to shut things down(there were clearly too many people, but that was an observation I had). Honestly if [ORGANIZATION] stops getting funded by the county I'm all down for camping in [ORGANIZATION]'s [ORGANIZATION] till he changes his mind.",0,0.16666666666666666,0,1,0
reddit,29,Right  next to the homeless  incampment would be a great  [STREET],0,0.8333333333333334,1,0,0
reddit,30,"The [INSTITUTION], hope ministries, there are a number of them.",0,0.0,0,1,0
reddit,31,I have always assumed a homeless person has used that spot for storage and it’s just become an accepted staple. Seems like a risky spot to put all yours things but I guess it’s worked this long. No idea though.,0,0.3333333333333333,0,1,0
reddit,32,"I like some of his ideas but I have a better chance being a pro basketball player than [ORGANIZATION] does consolidating departments or initiatives with [PERSON]. Him thinking that's possible makes me question if he's just saying that to get away with the ""how will you pay for this"" question than it either shows willful misleading or not understanding the dynamic between the two cities.

He seems to be trying to be the best of both worlds and say ""hey if you like [ORGANIZATION] and where the city is going I'm your guy but also hey [ORGANIZATION] is overrated and the city needs a lot of work"" it's an interesting strategy. I think he actually has a more critical view of [ORGANIZATION] and the city government than he let's on (which there is nothing wrong with) that I wish he would just come out in the open and say so the debate could be better.

Edit - For example it's easy to say the city is ""screwing around"" with the homeless situation, but to not give what you would actually so different. The city had a decent homeless initiative that was stopped by residents in unison saying you're not putting transition centers in ""my neighborhood"". So how do you get past that? What is he going to do to fix the problem besides, say, not screwing around? Whatever that even means. Considering it's a top 3 initiative of his, he's provided no details whatsoever. 

He wants it all by saying, hey if you like the current administration, vote for me! But also says people are quote ""disenchanted"" with development downtown, the two don't really square up.",1,0.8333333333333334,0,0,1
reddit,33,"Some places off the top of my head:

Food banks
Homeless center/service areas
[ORGANIZATION], maybe",0,0.3333333333333333,0,1,0
reddit,34,"listed != sold

However a homeless person did die of the cold over [ORGANIZATION] so this isn't a good look either [STREET].",0,0.16666666666666666,0,1,0
reddit,35,someone should buy them and convert into housing for the homeless.,0,0.16666666666666666,0,1,0
reddit,36,"The warming shelters are open. There are places if you are not an active drug user. Many homeless individuals are ""choosing"" not to stay there often because of their habit.  The shelters feel it is too much of a liability to subject other individuals to others who are actively using.

There is a degree of NIMBYism but to say there is ""no [STREET] to put them"" is a lie.",1,0.5,0,0,1
reddit,37,He was hilarious at this [ORGANIZATION] lipsync for the homeless event!,0,0.0,0,1,0
reddit,38,Not technically true. The homeless population could fit into existing shelters if they all followed the rules. The problem we have to solve is the people who don't want to follow the rules. I was just down at the [INSTITUTION] DATE0 and a worker told me they have beds available at [TIME] usually enough to cover the people under the bridge but they just don't want to follow the shelters rules. That's why the amnesty programs are so important.,0,0.3333333333333333,0,1,0
reddit,39,"As someone who has spent time in both [ORGANIZATION] and [PERSON], our homeless population is pretty tiny...",0,0.0,0,1,0
reddit,40,"Those are the main ones. The man I spoke too was an alcoholic for [ORGANIZATION] of his homelessness, and now that he has been sober DATE1 it is more of a pride thing I think, he has children who could support him, but his pride means he has to ""take care of it himself.""",0,0.0,0,1,0
reddit,41,"yes and no, people still need affordable housing, but the people that need affordable housing are ""undesirables"" to most developers. So moving them out of downtown to redevelop the area would be some mondo gentrifying. people being unable to afford housing on their own is more a symptom of a larger issues like unemployment, under employment, [INSTITUTION] education and blah blah blah. [PERSON] tl;dr its not easy. ",0,0.16666666666666666,0,1,0
reddit,42,"This opinion might be unpopular - but that type of homeless camp is the last thing the homeless need in [LOCATION] right now. I've driven by many times, and there is always music blasting and young people (who arguably don't look homeless, given their attire, but I won't make that assumption) lined up to receive food from whoever is handing it out at the time, with pushing and shoving, etc.  It honestly reminds me more of a party than a lifeline, and is just asking for trouble.

Then again, the squeaky wheels get the oil, so it could be that most of the people there have stayed quiet and to their own, while only a few are making it the loud dangerous mess it currently seems to be...",0,0.16666666666666666,0,1,0
reddit,43,How much funding could there be for aid with all of the officer man hours and equipment that was out there? Their removal of that camp cost thousands of dollars. Couldn't that be put to better use than ensuring that the homeless are still homeless but now exposed to the elements?,0,0.16666666666666666,0,1,0
reddit,44,Not even just [ORGANIZATION] but [PERSON] and GPE2. As far as I know neither places have a [INSTITUTION] so they come here and then everyone claims we have the homeless problem while we're basically subsidizing the entire region.,0,0.8333333333333334,1,0,0
reddit,45,"So, I've changed a lot on this one over time. I spent [ORGANIZATION] as an advocate working against chronic homelessness, have participated on some of the city's [LOCATION] on homelessness, etc, but I don't think the city, nor this take are being entirely generous.

1 - yes, housing first is scientifically the most effective model for caring for the homeless. It's math, not feelings. It [LOCATION] - but... housing first doesn't give free license to do housing first poorly. there are ways to do zero barrier in ways that are more harmful and less harmful.3 - less harmful = scattered site. less harmful = day shelter programming and a more controlled check in/check out process. more harmful = large complexes. more harmful (to the community) = no day programming, free roaming, full freedom, full visitation (allows for drug dealers)4 - Motels4Now has been good for the homeless, but harmful for many near it. It just has. Businesses have closed, people feel less safe, and it decreases the dignity and pride of the people near it (who - as those on the [ORGANIZATION] side - have already dealt with a lot of disinvestment). I'm not sure it's fair to help some people by harming some others, especially when it's just due to not being willing to produce the funding to do it in a [STREET] that is even more helpful and less harmful.I think at this point my preference would be something outside of city limits, on the edge of town where there's still zero restrictions on sobriety, but still a more programmatic or controlled environment. And let's pay for a shuttle that can connect people to the bus line. Surely a small shuttle bus and a full-time driver is within financial reason, given the total project will cost millions anyway.

I'm not saying my idea is the best one. But we at least have to have some compassion for the real expressed needs of neighbors and business owners without painting them out to be petty or greedy.  


edit: we obviously also need to do it without stigmatizing or making false claims about the character of our unhoused neighbors.",0,0.6666666666666666,1,0,0
reddit,46,"I heard one of the people saying that we needed to keep ""the homeless"" away from ""people"". They genuinely dont see them as people at this point. 

  
Most of us dont want vagrants right by our homes. That is why this isnt in a residential area, and the whole point is to take these unhoused people and prevent them from being vagrants or reintegrate them back into society. A homeless person who has a [STREET] to sleep, shower, and use the toilet is going to be a hell of a lot less bothersome to ""normal people"" than one who is sleeping on the [STREET] [TIME] and taking a dump on the sidewalk.",1,0.3333333333333333,0,0,1
reddit,47,"It’s SOP for this area (and maybe the world), wait until [TIME] and then scream NO. In this case, not “here”.

Full disclosure - I dont live near either location. 

I honestly dont care where they put it. There’s more than three acres available a quarter mile from where I live they could use. But I’m not on the bus route and neither is that land. If there was a bus route into [ORGANIZATION], I’d suggest putting it there.

I lived on FAC0 for DATE0. Had plenty of homeless stop by when I was working in the yard asking for handouts or offering to work for money. I was usually happy to oblige and quick to suggest moving along to those who appeared to be up to no good. Found plenty of junkies asleep in the alley. Well, better there then at a school. 

No matter where this [STREET] ends up, someone will not be happy. I get it. My neighbors would be pissed if it ended up near us. Whatever. However, if the city is using data and not emotions, to make the decision, I’m good with it. The citizens will bring emotions, and typically, no solutions to counter it. SSDD",1,0.8333333333333334,0,0,1
reddit,48,"I'm not exactly sure where they're putting it, being fairly new to [ORGANIZATION] and bad at geography, but I've worked with homeless people in a few of my jobs and I'd be happy to have permanent supportive housing in my neighborhood (we do live on the east side of [PERSON]). They're even screening people for histories of violence and providing FAC0 support services! I'm sure there will be challenges both for the residents there and the community, but that's true for a lot of things you might live by, like a factory, a gas station, a big [STREET], etc.",0,0.3333333333333333,0,1,0
reddit,49,"My understanding is the ""don't give to panhandlers, donate to____"" signs were the only [STREET] to get the downtown business owners to relent to allowing [ORGANIZATION] of weather amnesty downtown.

No concessions re: signs = no weather amnesty [LOCATION].

The signs were bad, but the alternative was worse.",0,0.16666666666666666,0,1,0
reddit,50,"The volunteering has bothered me for quite a while like you said, these people cannot even feed let  alone house themselves yet they’re down there donating their time which could be better spent looking for a job. Now the situation is so dire that a food train is needed to feed these volunteers. Again, wouldn’t they be better served finding a job? The thing that mainly bothers me, though is the pictures and the videos. We’re talking about people who are in the throes of their addiction, in the middle of detoxing, or fresh out of rehab or suffering from mental illness . Of course if she asked them to take a picture of video they’re going to say yes, they feel obligated to say yes, would be my guess, some of them probably feel like if they don’t say yes, she won’t help them, or they won’t be able to be down there ,or worse be ostracized once again in their lives. . She is a master manipulator and things don’t have to be said, in order to be understood.  Don’t get me started on the children’s picture being blasted out there. For instance, the last one with [ORGANIZATION] and her husband/abuser/trafficker and those poor kids. Now of course they will consent to a picture, because after all [PERSON] saved them!  And it makes complete sense for all their friends and strangers to know the horrors these children endured before their parents got clean. Lastly no one and I mean NO one should be cleaning up a person who has soiled themselves.  They don’t have the facilities for that and not one person, [PERSON] or her homeless volunteers are trained to do that .  Especially to someone in a wheelchair who probably has a multitude of medical issues and if not properly handled could be seriously injured. Not to mention there were pictures of this person being cleaned up outside !!! For all the world to see.",0,0.0,0,1,0
reddit,51,"Someone posted this comment and I think it should be the mantra every time someone says well she gets people to rehab and gives them food .  This hits home I think. Obviously, we aren’t saying she is to this level , but it validates just doing a few good things doesn’t justify all the bad you do . 

[ORGANIZATION] opened soup kitchens.
[PERSON] passed laws against animal experimentation.
PERSON2 gave free education in his country and I believe healthcare.
PERSON3 worked and helped people on a suicide hotline.",0,0.16666666666666666,0,1,0
reddit,52,There were supposed to hand out 500 gift cards to homeless? Has anyone tried asking a few of the visitors to see if they got one,0,0.16666666666666666,0,1,0
reddit,53,"Same, I’ve never been homeless but struggled with addiction for [ORGANIZATION]. I ended up just getting a good job in harm reduction working for the county so I’ll be moving back to [ORGANIZATION]. I’m from there so I know what I am getting into.",0,0.0,0,1,0
reddit,54,Everyone on here who is talking about where the homeless are located should all join together and create a local movement to end poverty. It is the only solution if you want to buy [ORGANIZATION] without feeling guilty. I beg you to do something.,0,0.16666666666666666,0,1,0
reddit,55,"It's been [ORGANIZATION], but Catholic charities used to have funds for temporary homelessness to put people up in a hotel. As long as you could show it was temporary, which it seems you can, they'd help pay to keep you in a hotel. 

Call 211 for their number and a lot of other resources.",0,0.0,0,1,0
reddit,56,She also said he couldn’t [STREET] them to hospital because the don’t have a license.   Well they didn’t have a license when they drove them to miss [ORGANIZATION]’s either.  I am sure the benevolent homeless person was doing drugs with the guys with a [ORGANIZATION] in the car !!!!  But somehow this turns into the typical “look at me”  “ do you see my angel wings ? “post and how we have to feel for the parent who put their child in mortal danger. Because you know those addicts are always the victim. [ORGANIZATION]!,0,0.0,0,1,0
reddit,57,".... a homeless advocate in a low income area. A drifter is then born where predisposition and opportunity meet. The con man observes, profiles people, and then the Act begins...

You nailed it! This is EXACTLY how she works. She takes any and every opportunity she can to benefit herself by EXAGGERATING her own life experiences and using the misfortune of others' lives. This is how she pads her pockets! She was in the perfect spot to hand somebody a sandwich and has bull-crapped her [STREET] into where she's at now.....",0,0.16666666666666666,0,1,0
reddit,58,"She helps getting people into [PERSON] treatment. 
She provides [ORGANIZATION] lunches for the homeless.
She provides clothes to people that don't have any. She provides free console and hope. 
You said several offer rehab ? Who? [ORGANIZATION] can only do so much but the wait list is for state insurance is [PERSON] out. 
[PERSON] is broke, [LOCATION] point of [ORGANIZATION] has no more funds left and the wait list for housing is a couple miles long. Good luck getting to get anybody any help. 
[PERSON] Rescue Mission has no beds, they are constantly full. So where's all this other help you speak of? 
As for condoms and needle exchange, there's only one other program and it just came to the GPE0/Boone county DATE2, [PERSON]. And they are another [ORGANIZATION] send. 
[PERSON] has a battered women's program, beds are full. 
So yes, I have searched and I'll be the first to tell you, there is a huge problem in the [PERSON] area with homeless, [PERSON], mental illness and abuse. So before you start criticizing programs that are helping, check yourself.",0,0.16666666666666666,0,1,0
reddit,59,"You do realize that cities cook books correct? Once again, do you really believe that there are no chronically homeless or veteran houseless folks in [ORGANIZATION] or do you acknowledge we do have them? If so, what percentage is acceptable for “functional zero” to be valid?",0,0.16666666666666666,0,1,0
reddit,60,"The whole story of getting people into rehab [ORGANIZATION] is ludicrous. I have plenty of personal experience in this and believe me when I say there is almost always a back log of people waiting for a bed.  So how does this rehab conveniently have multiple open beds at any given time. I get it, people want to believe in this happily ever after fairy tale.   It inconceivable that one little uneducated, former addict is legit doing all she says, with only a rag tag continuously changing group of homeless addicts helping and it’s all above board. It would be laughable if not for how many people are being taken advantage of.",0,0.0,0,1,0
reddit,61,She has never housed the homeless that’s the problem. She isn’t directing them to the programs that they should be directed to in order to truly help them. We are not saying shut her down. We are saying hold her accountable for the money that has been funneled into her organization just like any other charity in [ORGANIZATION]. Do the work she need to do in order to serve the people she serves that’s all any of us have ever wanted.,0,0.16666666666666666,0,1,0
reddit,62,"Pretty strong rhetoric here. [ORGANIZATION] administers both homeless prevention assistance and housing assistance for thousands of people [ORGANIZATION]. And this only covers a small portion of what that department does for the less fortunate. They're not limited by what they want to do, they're limited by the federal and state funds they receive.

The City has regulations to follow when it comes to reporting on the homeless population. There are federal standards set for what qualifies as ""literally homeless"" and the city has no say in what those standards are. Those standards require quite a bit of work for some to show they qualify, but again, it's not the city that sets these standards. Accusing the city of letting people fall through the cracks so they can report fewer homeless people is a very very disgusting allegation. [ORGANIZATION] literally shows up to condemnations to do on site intake. There are actual workers who go out at [TIME] to look for homeless people so they can try to get them assistance. 

The homeless advocates that work for the city are required to follow very specific standards. They aren't happy when they can't help someone. No one who works in [ORGANIZATION]'s ORG2 does it just for the pay, they do it because they want to help people.

And I cannot say this loud enough, or enough times. It is disgusting to accuse the city of fabricating it's statistics to look better. There's literally no reason they would do that; they can advocate for more funding when they can document more literally homeless individuals.

I'm very sorry to hear that you're having a hard time keeping up with building codes. I hope that you can make the adjustments required for you to continue helping people in a [STREET] that's safe, and I hope that you're able to continue to increase what you do for the community. I do understand that it's not an easy thing to have to deal with, but lashing out at the city is not the solution. I appreciate what [PERSON] does for the people in the area, but I cannot let you slander the people who work for [ORGANIZATION] like this.",0,0.3333333333333333,0,1,0
reddit,63,"Her live video [TIME] does some more name dropping, [ORGANIZATION] and the mayor were at the event she went to.  Then she talks about a doctor there who spoke, and this doctor also helps ‘her’ people get off heroin by giving them suboxone.  A church dropped off around 1,000 sandwiches, other people brought [ORGANIZATION] and [ORGANIZATION], [PERSON] chips, chili, and there were 3 huge totes of [ORGANIZATION] gifts from a church.  Then, she mentioned she has brain farts and can’t remember people’s names since she has had too many overdoses. She talks about how you can’t see all her homeless people out and about since they are so resourceful and know how to hide.  [PERSON], abandoned houses, railroad tracks.  Basically you can’t see them in her area since they are tucked away.  

So, she helped us understand she never gives people suboxone, a doctor prescribes it.  You can’t see her 1,000 people since they tuck themselves away.  And, now I know partly why ORG2 had 20,000 less pounds of food per month donated than [LOCATION].",0,0.16666666666666666,0,1,0
reddit,64,"Cheap standard of living, lots of nature for a [STREET] close to [ORGANIZATION] and [PERSON], good people, your basic needs can be met if you want to live minimally. Lovely local businesses and it is quiet.

Cons - the homelessness is less intense than [ORGANIZATION] or even the [PERSON] but just be careful as some of the homeless can be really aggressive. The crime has very specific hotspots and if you do your research you will know where they are. Some people on here are very sensitive about that because they'll accuse you of being classist and all that [ORGANIZATION] stuff but it is a safety issue so you don't go walking and driving into the wrong part of town at [TIME]. I keep my head on a swivel, even in [DATE] time.

Not sure if it is an issue for you but most people I know have [ORGANIZATION] so you can legally carry. Never had a problem with law enforcement with it and keep my documentation current and follow proper etiquette.",0,0.3333333333333333,0,1,0
reddit,65,"They have had hundreds of suitcases bought / donated [ORGANIZATION].  Now she wants brand new collapsible rolling bags. She claims an older lady wants one , and [ORGANIZATION] she was thinking we could use a few extra. She doesn’t say why the older lady needs one though. Again pick a damn [STREET] , are you feeding the homeless and hungry, sending people to rehab and sober living , having on line baby showers or fulfilling people’s wish list?",0,0.3333333333333333,0,1,0
reddit,66,"I won't support organizations that are homophobic personally. I clearly stated that others can make their own choices. I then brought up a very real issue in [ORGANIZATION]. I'm a Social Worker. I've worked directly with [ORGANIZATION] in the past. They are very religious. It is what it is.

You overreacted to my post IMO. I'm not that important. Its just my opinion.

But yeah, I'm not okay with discrimination, so personally I would not work for nor support [PERSON]. I know far too many GLBTQIA+ and Trans individuals that have struggled in [ORGANIZATION] because of discrimination from places like this. Trans houseless individuals in particular are often sexually assaulted around here when they start engaging in services. Its a problem.

>""Get over it""

**No.**",0,0.0,0,1,0
reddit,67,Come back bro the panhandlers miss you too,0,0.0,0,1,0
reddit,68,"I don't agree; I think it's an effective measurement of our effort. It never meant you could not find someone camping out in [ORGANIZATION] or avoiding/antagonizing the continuing care system.

All the connected services would agree that homelessness has become worse since [ORGANIZATION], or at least the ones I keep up with.",0,0.16666666666666666,0,1,0
reddit,69,"[URL]

Second first downtown - the pastor does loads of homeless outreach, and it’s a great atmosphere. ",0,0.0,0,1,0
reddit,70,"[PERSON] the books is a semantical term, It’s reflects a pattern of [DATE] they are rich and thriving and the next in a crises (the city basically refuses to admit it’s a rust belt city caught in the grip of global capitalism), as for [ORGANIZATION] it was more about [ORGANIZATION] than race. [ORGANIZATION] does need to get more [ORGANIZATION] in leadership but so does the Government. The unions could have met the diversity requirements requested by the developers but the developer did that to split the vote over the ORG1. I could go on [ORGANIZATION] about [ORGANIZATION] but will spare the sub. I really wish they woulda focused on creating affordable housing rather than luxury units and honestly wish they woulda worked out the deal with ORG2.

Honestly lots of times announcements like this lead to nowhere or we forget about it. I will agree that corruption is legalized in a lot of ways. The reality is it’s very difficult to ascertain what is going on. Is the city doing well or not? It doesn’t feel like it often but I do like the people of [ORGANIZATION] that work hard to make it work, I just don’t think that “thriving” in the [STREET] the current administration wants it to be should be the goal. The goal should be to make sure that everybody is able to get equal access to resources. The difference between east and west [PERSON] is glaring.",0,0.3333333333333333,0,1,0
reddit,71,What is up with the pots and pans?  What homeless or trafficked person needs those?  Oh wait!  She needs some.  Send her 50 sets.  She can keep one and sell the rest!  What a piece of 💩,0,0.0,0,1,0
reddit,72,"It's probably just more noticeable now with the weather being nicer. There's a few places where you will almost always find them, weather permitting. These are probably the more professional beggars.   


I haven't noticed any more of them, lately. Such is how things are in inner cities.",0,0.16666666666666666,0,1,0
reddit,73,"No, that's not it at all and that's absolutely misconstruing my concern.  Homeless funds are limited.  We can take care of OUR homeless because our grant distributions are based on our population.  [ORGANIZATION] gets tens of millions of dollars and their response is to ship people to places with fewer resources.  Look up ORG0 Continuum of Care funding and you'll be appalled at how much money they get and that this is their solution.  

I don't oppose helping the homeless.  They are people as well and people need help. I oppose ""helping"" them by making them someone else's responsibility to help when you're given literally all of the resources to help them yourselves.",0,0.3333333333333333,0,1,0
reddit,74,"News Flash, the roads are open, you can leave anytime. ""Stuck here because of FAC0"" was a thing for [ORGANIZATION], now if you are stuck its because you choose to be.  I left that city [DATE] and never came back.  Does anyone realize the reason this is happening is because of the policies set by the politicians you elect? Keep voting for those democrats and its going to keep getting worse. [ORGANIZATION] is a lost cause, it had so many opportunities in the past. FAC1, FAC2, A damn high speed train that run all the [STREET] into [ORGANIZATION]. Nope voted all that shit out, because were either worried about noise or extra crime.  And then what did you get? Nothing, all that tax revenue goes to [PERSON], and you still got crime, and its getting worse.  The downtown is a complete shithole. When I left anything [PERSON] was fairly decent and pretty safe. And for sure anything [LOCATION] of GPE2. Now you have drugs and homeless folks all the [STREET] out to [PERSON], the smart money has already fled [ORGANIZATION], only people left are bag holders. High property taxes, you get nothing in return, low house prices, its just a shitty [STREET]. I suggest LEAVE.",0,0.5,1,0,0
reddit,75,The city needs affordable housing,0,0.0,0,1,0
reddit,76,"Her latest post justifying why the hands out blankets and tents.  Hey [ORGANIZATION], when are you going to clean up all the blankets and tents that get dumped in your neighborhood by the same people?   Is [ORGANIZATION] going to work on the 11th Ward Clean Up DATE0? 

Does anyone have insight on how full [ORGANIZATION] is on [LOCATION], and what they do when they are at capacity? Also, the city does put some people into hotels, what qualifies a person for that program?  I know [ORGANIZATION] had to participate in the City's [ORGANIZATION] process per her [ORGANIZATION], and she hasn't done that yet per the city citations. Is it because there aren't really that many ""new"" homeless people as she claims, or they are already in the system and she wants to shield them if that process requires her to log an encounter. You would think that tracking this information would help the overall community because it is used to support grant funding the city gets.",0,0.5,1,0,0
reddit,77,"PERSON0 speaks badly of other NFPs in [ORGANIZATION]. She makes up stories about them. She has a HUGE ego. A lot of the homeless she helped didn’t want to follow the rules of [ORGANIZATION] Rescue Mission and FAC0. So Miss PERSON0’s was a collection of misfits. Then she let the misfits be In charge of the back Donation space. Mass amounts of food, clothing or anything valuable was constantly stolen.",0,0.16666666666666666,0,1,0
reddit,78,"A lot of people commenting are assuming the people she's helping have a phone and can call for help themselves. Most do not which is why nonprofits accept old cellphones with chargers as donations. DV victims and others can only dial 911 and it doesn't cost anything. 

There is also a culture in the homeless communities of not trusting police or anyone else who tries to help them bc they are vulnerable. However, if they build a rapport with someone they are more likely to accept help. When a person is in an emergency situation no one knows how they will react. It's not surprising that people in the neighborhood would take their friends who have OD'd to Miss [PERSON]'s bc they know she has [LOCATION] and knows CPR. Yes, the hospital should be their first stop but when the person has reasons to not trust the police due to a criminal background, addiction or whatever the case may be, they will go to someone in the neighborhood they trust first. 

I'm glad she's passing out condoms and clean needles. You can't stop people from having sex or using IV drugs unless they want to but I fully support not spreading diseases with dirty needles and unprotected sex. If condoms were used every time imagine how the AIDS pandemic would've never happened and there wouldn't be hundreds of thousands of kids who need loving families. 

She doesn't only pass out makeup, but if people donate it then why can't she give it away to someone in need. Maybe you don't think a homeless woman deserves makeup? Give me a break. 

I am not saying that there is or isn't a reason to be concerned, I don't know either [STREET], but some of the comments are petty [ORGANIZATION]. She's asking for immediate donations of food, shows the lack of food and the line of people and when the food is delivered they see the hungry people. She goes live all the time and shows the volunteers, donations and those she's helping. I think she is helping them and that those complaining or questioning haven't proven otherwise. 

I don't see anyone else in the neighborhood helping our most vulnerable residents 24/7 with a sack lunch and no questions asked. Everyone deserves and needs food to survive.",0,0.16666666666666666,0,1,0
reddit,79,"[ORGANIZATION] is good for the diet cuz I think I'm going to be sick. The latest video is of a ""very skinny woman"" from the neck down who **""Just [ORGANIZATION] had two black eyes...but [DATE] I hope she will feel pretty and loved!""** and [ORGANIZATION] got a bunch of body sprays so yeah, that'll fix everything. She's a homeless prostitute who is on drugs. Then someone commented this ...""I understand your mission and have donated many times but sometimes I have to think that you're enabling addicts. From experience you have to hit your lowest low to consider sobriety."" That lady gets it! [ORGANIZATION] is exploiting this woman at her worst.",0,0.0,0,1,0
reddit,80,Activists who assist people experiencing a lack of housing have explained that here: [URL],0,0.0,0,1,0
reddit,81,"[ORGANIZATION] (now called something else that I can’t remember): [PHONE]. 

There’s also the homeless hotline (based in [ORGANIZATION] human services): [PHONE] extension 5. 

Emergency housing in [ORGANIZATION] is damn near impossible to navigate and I’m sorry you’re experiencing it firsthand. Even to get on a waitlist, you’ll be waiting for an eternity. There’s a severe shortage of affordable and safe housing in the area. 

Unfortunately your best bet is to secure employment and find temporary housing at a hotel/motel and then securing your own housing. I know it’s beyond difficult and takes a while, but it may be quicker than relying on the city for help.",0,0.5,1,0,0
reddit,82,"Apparently when you are homeless you tire of pasta dishes but never get tired of being exploited. People were mad that she posted a pic of the man who overdosed but… but… but… the almost dead man gave her permission to post it. People really don’t see that story for what it is. She’s exploitative and does not care about these people, only the money they bring in. The more dramatic the story, the more money it brings in.",0,0.0,0,1,0
reddit,83,"[ORGANIZATION]!!!......... Want to make it clear 100% that I am speaking completely out of opinion and an opinion that is made from personal experience and also well you know I'm just going to say so much hate to begin with I wonder and it's just a question you can answer me [TIME] is there a reason you personalize somehow and I may not be using this correctly or not even using it in the proper standard [STREET] but again it seems to me that you've taken personal offense to each one of these ""offenses"" couldn't have anything to do with the fact that she's helping drug addicts and you personally don't believe that drug addicts need help or homeless people for that matter I see you say to him take the homeless people to the homeless coalition okay and then you know what should we do next well send the hungry people to [ORGANIZATION], and the cold people they've got to get sent to the coalition against cold. Please excuse my sarcasm and my bad dry jokes my humor I love to go sense of humor and a bad bad joke set [ORGANIZATION] but I am indeed just trying to keep this light because I really don't know what the problem is I have lived in [ORGANIZATION] for [DATE] and I just recently heard about Miss [PERSON]'s and maybe [ORGANIZATION] and I haven't heard anything but very good things about the establishment and her in general but again I mentioned personal experiencing I don't have to go into detail cuz it doesn't really matter but I I was helped greatly by Miss [PERSON] and never having met her in my entire life nor had she met me and I know that putting this down here but I bet you're wrong and I'm pretty transparent if anybody wants to know they can ask very easy to send somebody in private message but you know I'm not going to throw it out there it doesn't matter if I'm just going to say it's not I'm guessing it's probably not what you think unless you somehow or never mind whoever you I'm speaking of generally like whoever it is that has these issues and problems against Miss [PERSON] personally or Miss [PERSON]'s and in general I'm just curious I'd like to know why you taking such an interest in doing this and I wonder if it was you that had something to do with shut getting there needle exchange and shut down or any of the other things that help people that aren't perfect or that do things that you don't like I don't know I think that what my problem is more than anything else doesn't matter who it is or where it is or who these people are who you are who any thing related to whatever it is take what is is it your job to do this I just am wondering like again I'm going to say I'm just so curious as to what made you dislike the [STREET] so much that you're going to sit there and you're going to as far as I know slender I don't know that any of this is true I'd like to see your proof but I guess again I don't know anything about this and I'm just my anger is in the fact of that it's things like this that have the world set to where it is right now thank God you can't quit feeling things for [PERSON]'s sake hey come leave people alone is what I mean keep feeling it's the one [STREET] or another about things you don't like maybe your life would be a little bit happier but definitely like my mom would say leave people the f alone right I say quit feeling others just say let you I also noticed that you put down all of those things that must have took some time to get all that information and everything I sure hope that you're right about all of them and I'll end right now because I'm getting so irritated and going on and thinking about this but I noticed there wasn't anything I put out as far as how many meals have been served how many homeless people have been housed how many people have gotten to go to rehabilitation services that otherwise wouldn't have . How many rides have been given how many people have closed that didn't have clothes hygiene supplies that didn't have supplies if this [STREET] gets shut down are you going to help the people or you know complain more that there's people on the corners asking for money while you're complaining to get the places to help them shut down. Again I don't think anyone person can take this personally unless it's hitting it note somewhere just eating you up inside and wasn't mean that you're guilty so anyways I'm sorry everybody",0,0.3333333333333333,0,1,0
reddit,84,"I will try to save everyone [TIME] of their life by summarizing the Live video.  Miss [ORGANIZATION] addressed a few complaints on her fb page.  First, she addressed the gal who expressed frustration of clothes, personal care bags, food, razors, feminine products being dumped around her home.  The woman asked miss [ORGANIZATION] volunteers to come pick it up since it’s a regular problem.  [ORGANIZATION] addressed it by saying she picked up a few blankets [ORGANIZATION] while traveling to a meeting she went to.  And the problem is there needs to be more trash cans in town.  [ORGANIZATION] when [ORGANIZATION] had her dream team of go-getter volunteers, you would see them regularly pick up trash.  That doesn’t happen anymore,  but instead it became the neighbors problem.

Next, she addressed the lady complaining how she stopped at [ORGANIZATION]’s a few times and was angry at how she wasn’t helped much because of the clothing she wore (too nice)..  I think the comment has been deleted so I am going by memory.  Anyway she was upset she only got a few travel sized hygiene items for a family of 4, but the homeless person there at the same time got full sized bottles.  And she had trouble getting much help more than once.  Miss [ORGANIZATION] addressed it saying it’s because it was likely a newer volunteer helping her and to come back for more help.

Then she finally admitted volunteers aren’t sober while volunteering.  She accepts their help no matter what (even with kids in the home).  But then under the same breath, she says her [STREET] is perfect for people to volunteer at to overcome addiction.  

She addressed money. Anyone can come look at her receipts at any moment!  Does that include a forensic accountant?  She has so many things to spend money on, paper products, food, insurance, the $17k dumpster enclosure, etc etc.

The best part is [ORGANIZATION] register [ORGANIZATION] may turn out to be a blessing for her, per [ORGANIZATION] (not in those words).  She can’t comment on the article per the board, but so many people have offered support since the article so these things may get addressed by volunteers in the community.  I feel so bad for these businesses being sucked into this when the economy hasn’t been the best for all lines of business.  Do they know she raised $400k for a $175k building?  I also felt bad for the Mexican restaurant donating so many meals DATE2.  I hope the food goes to those that need it, but cash flow at restaurants has been tough since [PERSON] and inflation.  But, I suppose they consider it advertisement.",0,0.3333333333333333,0,1,0
reddit,85,Do you know where FAC0 and FAC1 are? I just learned there's a campout of homeless people behind that building. There's an area that protects against the elements or something.,0,0.16666666666666666,0,1,0
reddit,86,"It's definitely a fairly new thing at these particular intersections. I'm not sure what to make of these folks. Don't know if they're legit homeless or not. I honestly just ignore them. I don't give them any shit, but I don't give them any money either.",0,0.16666666666666666,0,1,0
reddit,87,"The other person was rude, but kind of has a point in that this is not a new story and there is plenty of information available. If you're interested in conducting first-person research, I would start with the organizations to which you're most connected on this list: [URL]

Interviewing participants in these programs might be more difficult if you haven't been able to connect with them or volunteer in the past. If looking for a critical view/people who refuse to participate, I would start with the volunteers and recipients at [ORGANIZATION].",0,0.0,0,1,0
reddit,88,Well she has a script for when she sends another soul into the cold with a couple of sleeping bags to sleep his drunk off.  And is she doing any intake to get people into the homeless single point of entry system like she is required  to do per the [ORGANIZATION]?,0,0.0,0,1,0
reddit,89,"1) Its close to [ORGANIZATION]. I love that its really quick to jump on the highway and be there in [TIME] or so. housing is less expensive

2) I hate the crime and gang violence that spills out of the west side of [PERSON]. it also acts like a catch all for the riff raff coming out of [ORGANIZATION]. the homeless is a growing issue too. 

The roads are crap because you get the worst of [ORGANIZATION] being down well below 0 for [LOCATION] and the [ORGANIZATION] are well above the 90s for [LOCATION]. the springs and falls are nice but its [ORGANIZATION] of each. 

[PERSON] is also a highly industrial area, except that was [PERSON]. alot of empty rusted dilapidated buildings that hipsters start a business in for [PERSON] then go under.

this area is extremely blue collar, the only thing that they like to do is go to bars. Not really a music or art culture here. just bars. 

people here cant [STREET] worth a shit. guys in [ORGANIZATION] are still wearing skater shoes with chain wallets. Moms smoke in their cars with their babies listening to papa roach. 

since they passed a gambling law, there are slots on every corner and in every [STREET] imaginable. They also passed another granting [PERSON] to build a casino [PERSON] or DATE8. So the people that live paycheck to paycheck that already have problems can go to surrender what they have left. But the city gets a bit of the profit, which you'll never see get implemented to benifit you in any [STREET]

3) I wish [PERSON] had one [STREET] that wasnt constantly covered in trash.

4) I would vist the surrounding towns in [PERSON], or even GPE2. but each town will have its own challenges. like when a chemical tool plants explodes and burns for [ORGANIZATION]#x200B;

Final thoughts: You might need to reconsider what youre willing to sacrifice for what you hope to gain. The [ORGANIZATION] is just one big cornfield of poverty. Im personally biased in that I hope a nuclear bomb goes off in this city. I would say that maybe just rent for [LOCATION]0 to experience the seasons and they [STREET] people act like here. Sure we dont have [ORGANIZATION] like you do in [LOCATION], but we have plenty of suicidal alcoholic domestic abusers that fly their freak flag here. So its a trade off. If you do decide to move here, make sure you lock your doors at [TIME] and chain down what you dont want stolen. Welcome to the shitshow.",0,0.16666666666666666,0,1,0
reddit,90,"Even if there is homeless people coming to [ORGANIZATION], so what? Theyre people, they need shelter too. If you say you want to end homelessness but ONLY in your area, thats not ending homelessness, thats just making it so YOU dont have to see homeless people. If we have enough money and grants we should be opening our shelters to others and acting as a haven",0,0.5,1,0,0
reddit,91,You don't think the homeless are homeless? What? No one can live on $12 an hour.,0,0.0,0,1,0
reddit,92,I am a social worker. Anyways go ahead and believe there aren’t homeless people in [ORGANIZATION].,0,0.3333333333333333,0,1,0
reddit,93,"She doesn't have a car and she says she drives to the bad side of town?  Where is the bad side of town?   

I live four blocks from her, I'm on foot DATE0 along the river, [ORGANIZATION], [ORGANIZATION], and [PERSON].  There are no drug selling slaves.  Just like the homeless people are hiding in the bushes on the railroad tracks.   It is BS.

If she is so tight with [ORGANIZATION], report the situation and let them investigate.  She should know how that works since it happened to her when they took the boxes of used dug needles from her home.",0,0.16666666666666666,0,1,0
reddit,94,"The city has been practicing the [ORGANIZATION] program for [ORGANIZATION].  What housing first does is provide shelter first, and then addresses the person's other issues.  The city also put a lot of people up in rooms during [PERSON] because they got funding for it.  It makes no sense that [ORGANIZATION] would pay for people's rent. The city has been so successful with [ORGANIZATION] that [ORGANIZATION] is a model for other cities.  The city also collaborates with other agencies to reduce overlap and gaps.  However, the city employees can't post on social media about what they do.  [ORGANIZATION] rarely speaks of the work and programs of the city and other agencies.  

It isn't compassionate to supply people to live rough indefinitely, and put a strain on community spaces when bedding, tents, clothing, and food waste are dumped and abandoned buildings go up in flames.  It is reckless to give people hope that they can live sustainably with a cup of ramen, a few blankets and a tent in [LOCATION].  That is why no other agency in town provided materials to live outdoors, they provide shelter first.  However, the city can't force anyone to accept help, so there will always be un-sheltered people.

Here are some links on the work the city does. 

[[URL]

[[URL]

[[URL]

[URL]",0,0.0,0,1,0
reddit,95,"Well then they are idiots for doing it. Tell her no and send her on her [STREET]. It’s like the panhandlers in this town, if you give them money they aren’t going to stop.",0,0.16666666666666666,0,1,0
reddit,96,"Is the increase in referrals due to people being homeless?  How long are people waiting for treatment after the referral?  Just trying to understand this process, because she uses the word ""desperate"".  In this guys case why not wait [DATE] in [ORGANIZATION] to get a guaranteed placement, instead of going to [PERSON] and not knowing if there is a bed there or not.",0,0.16666666666666666,0,1,0
reddit,97,"Most of those funds go to programs for housing and homeless prevention.They, for a while, also could go towards temporarily sheltering people. So if someone wasn't able to go to a shelter due to certain issues, they could get placed in a hotel while workers tried to help them find somewhere to move in to. Technically this sort of assistance can still be available, but with the rescue mission being open again with only certain restrictions it's not nearly as much of an issue as it was previously.

Homelessness prevention typically referss to helping people pay for rent while they're out of work temporarily, or helping people pay for things that would otherwise put them at high risk of homelessness. So this could include covering someone's rent for [ORGANIZATION], or even covering car repairs for someone so that they're able to continue working. 

Housing, on the other hand, is for the homeless (or those in certain other cases) to actually get placed in permanent housing. So that's usually going to be in the form of assistance with paying a deposit, certain assistance with the cost of moving, and occasionally covering rent for [LOCATION].  

There are a few other programs that help with things like paying for prescriptions or other miscellaneous costs, but currently there aren't all that many people who request that type of help.

This funding comes with various restrictions and requirements on how it's used. This means that there are various things that need to be documented, certain standards held in [STREET], and certain things that these funds simply can't help with. 

Then there's a couple programs that help people pay utility bills, but those are usually paid for with funds that are separate from what I was talking about before.",0,0.16666666666666666,0,1,0
reddit,98,"Uhh Miss [ORGANIZATION] [PERSON] sucks but trafficking is a huge problem in [ORGANIZATION] (worst in the state) and supplying houseless folks with resources does help tremendously.

[ORGANIZATION] has its own issues by the [STREET].

I’m a social worker by the [STREET]. I focus on harm reduction. I love giving supplies to folks in need. Have you ever spoken with a forced sex worker or houseless person? Again not defending Miss [ORGANIZATION].",0,0.16666666666666666,0,1,0
reddit,99,Half of them imo aren't actually homeless just trying to make an easy buck off people,0,0.0,0,1,0
reddit,100,"For context I’m a social work whose full time job it is to help people in [PERSON]. So yes, I am actively trying to help the situation. But that’s not the problem, the problem is the lack of structural assistance and the criminalization of homelessness addiction and poverty.",0,0.16666666666666666,0,1,0
reddit,101,Maybe people would like to use the park without being harassed by homeless people,1,1.0,0,0,1
reddit,102,Wealth is not directly correlated with expendable time. The wealthiest people I’ve met and know are some of the busiest people I’ve ever met. They’re always on call and always working. Now that’s not to say the people around them not earning it but enjoying the fruits of the labor don’t have expendable time. There are developers that are building apartments for low income but it’s not at a pace that can keep up with the issue. The creamery and the development on FAC0 for example. Problem is it takes [ORGANIZATION] sometimes to build these structures. I don’t have the answer to the homeless issue but I agree arresting everyone isn’t the answer. It’s hard for me to see our downtown in the situation it’s in as [PERSON] has been my home for almost my entire life,0,0.3333333333333333,0,1,0
reddit,103,"Have you offered your own backyard as a potential location? Or maybe just your couch if you don't have a backyard? I'm sure you have. And a pip pip cheerio to you! We all ought to lead by example, like you, and offer our own backyards to the homeless so we can then go on [ORGANIZATION] and cast scorn at the [ORGANIZATION]. Of whom WE are surely not one of.",0,0.5,1,0,0
reddit,104,"Well, when you ask cops to do something inhumane like prosecute people for being people they end up doing terrible shit.

You need to figure out who hurt you and work on that. It ain't homeless people.",0,0.0,0,1,0
reddit,105,Because [ORGANIZATION] shut down their homeless center and sent them to you.,0,0.6666666666666666,1,0,0
reddit,106,"I don’t have recorded numbers to report but I was a manager at [ORGANIZATION]. Had relationships with a handful of homeless people who also would say that people get stuck here. 

One in particular was a hobo (his preferred term, I’m not using it as a pejorative) who spent [PERSON] and [ORGANIZATION] hopping trains around the southwest and northwest. In [ORGANIZATION] came this [STREET] as his brother had moved to [ORGANIZATION] and was sick. He bounced around the [ORGANIZATION] for a few [ORGANIZATION] eventually hitting [PERSON].  This was in [PERSON]. I met him in [ORGANIZATION] I believe. 

He told me that there were decent support structures around here if you weren’t a degenerate and he could always find enough work to get by. He didn’t plan on staying here but before he knew it 8 [ORGANIZATION] had passed. He was close enough to get down and see his brother fairly quickly when he wanted to and back.  He was getting older and this felt like a good spot.

He also told me that he knew about [PERSON] before leaving [PERSON] from other hobos talking about it. I believe it’s a known supportive community amongst the crowd from my discussions with him.",0,0.3333333333333333,0,1,0
reddit,107,"This quote seems extremely relevant to OPs question: ""Homeless people aren’t coming to [ORGANIZATION] in “busloads,” as some rumors suggest. But they are trickling in, in a piecemeal fashion, according to those who work closely with the unhoused community.""",0,0.0,0,1,0
reddit,108,"This is what I came to say, we are a city surrounded by a lot of rural areas.  If folks need supports, there is very little to be had in small towns.  It’s natural they would go where they can find assistance.  I don’t think magnet is the right term, though.

By the [STREET], most folks who are unhoused are not actually living on the streets or other public places.  Most are doubled-up with friends or family members, or living in motels/hotels.  Also, while we have resources available, we don’t have enough.  [ORGANIZATION], for example, is not available to LGBTQ+ folks, and also men have to stay separately from their partner/spouse/family, which makes it difficult for disabled folks who have support needs.",0,0.16666666666666666,0,1,0
reddit,109,Point me to a metro area in the [ORGANIZATION] without a homeless population. What metro areas have you lived in?,0,0.16666666666666666,0,1,0
reddit,110,"The pods are supposedly in progress but they've been delayed. I think that's part of the frustration from the homeless community shown in this sign. Same with the [ORGANIZATION] revamp, although I think that might be available soon",0,0.3333333333333333,0,1,0
reddit,111,">I'd get calls from housing assistance places all the time. Sure, a tenant has a deposit and [ORGANIZATION] rent, but then what? Kicking people out is expensive and takes [LOCATION], meanwhile I had mortgages and other bills that I still have to pay.

This is exactly the issue exemplified in a lot of ways.

* Providing housing is a risky (leveraged) profit-making endeavor rather than a more stable public good
* When people don't have housing, it's much harder for them to actually spend time finding a steady job or other source of income

I know you'll say that that's not your problem, but that's the issue. Who can be accountable for the unhoused other than those who provide housing? Obviously they are accountable for themselves, but their environment they are in also matters a great deal.",0,0.5,1,0,0
reddit,112,"Yeah, but specifically how? 

Tax rates for the wealthy are going down, not up. As you've seen in [ORGANIZATION] now, passing anything, even with democrats in power, is nearly impossible. Including tax hikes (fun fact: the bill being debated right now - is more than 25% tax cuts. As in the infrastructure bill is more than 25% tax cuts. And the Democrats are...in power, not the Republicans).

People always have simple answers to big problems, and these simple answers solve none of the problems. It is actually.... probably the saddest thing I've witnessed, in general over my life. 

We've said we would solve so much. Climate change, gun violence, equality, social mobility - and we've made zero progress on any of these. We've made negative progress, even. We can't even legalize marijuana at the federal level. 

Here's a simple solution to solving climate change; just do it. Just do it. Easy, right?

People on this subreddit keep asking the same questions, and providing the same simple answers. And yet they are amazed that they are unsatisfied with the results. Here's what the people asking these questions don't want to hear; invite the homeless in to your house. Or take your paycheck, and buy a house for the homeless person, or buy the homeless person a [ORGANIZATION] at a hotel. These are actual solutions that any of us can do. It just takes sacrifice from us. How many of us do you see making these sacrifices? None. 

We literally cannot even raise taxes. So it's just.... exhausting in a sense (trying to... demonstrate the gridlock, the partisanship, the need for solutions that can actually pass [PERSON]). Honestly - most people in government don't even know how to craft solutions that can pass [PERSON], so it's not surprising a bunch of random people on ORG2 can't",0,0.3333333333333333,0,1,0
reddit,113,"Answer me this:  


What in your mind is the most common scenario as to why someone is homeless?  Like what do you picture?  What do you think their home life was like as a child?  What socio-economic background do they come from?",0,0.16666666666666666,0,1,0
reddit,114,Yet we have tons of unhoused people. I wish I could see from the rose colored glasses you’re wearing.,0,0.0,0,1,0
reddit,115,"There's an obscene amount of resources at their disposal. I have talked with sherriffs and other community partners on what they offer and try to do for them and it is actually a lot. The problem is most of them just don't want it, they like the lifestyle, the ""freedom"". Another problem is with so many in one [STREET] problems can and will arise wether that be violence, drugs, or trash it's inevitable. Everyone needs to be held to standards and if they don't want help fine, but that doesn't mean sit around and trash a [STREET] you have no intentions on cleaning up all while begging others for stuff they themselves need and have worked for. If you want help great! There are so many programs, grants, missions, etc etc you just have to try. I have experienced homelessness, but fought to be better not only for myself and my children but for the community I live in. There's computers at the library early, free [PERSON] many places, snap/[ORGANIZATION], daycare grants, housing help, and not to mention the tax breaks we are getting right now.",0,0.16666666666666666,0,1,0
reddit,116,"Hold up their friend, you need some perspective. Homelessness is humanity’s default state. We haven’t chosen to “create” this existence. We are animals that have lived in the condition that appears before us. Somehow, miraculously, we have managed to transform things to where most people have homes and don’t starve. Cancer is on the upswing, but it’s mostly because we cured gangrene so [ORGANIZATION] people live long enough to get cancer. Our lives keep getting better. Yeah we don’t have things perfect yet, boo hoo. If our technology keeps progressing at the rate it has been, we could fairly soon create a society that has a universal basic income because of automation. Even still, you would have people that are just spiteful, hateful, cruel, lazy and deceitful. All societies have their faults, because they are hobbled together by imperfect creatures. This is the human condition, not the American condition. Insisting that you can’t wait for humanity to end isn’t indicative of a faulty society, it’s indicative of a faulty psyche. You fail to recognize how fucked up humanity has had it through time compared to how good life is [ORGANIZATION]. Remember, our ancestors lived in caves and were regularly prayed upon. I would highly recommend you get off [ORGANIZATION] and look up some of the positive things that have happened in [LOCATION]. Read some history books. This doom and gloom bullshit could be in any teenage angst lords journal. How about, you try to make things better.",0,0.0,0,1,0
reddit,117,"> No, giving them a home is a fundamental part of ending homelessness. 99.9999% of homeless people don't want to be homeless

Why don't you start with a room then? Perhaps your room? You can crash on the couch and there's only a 1 in 1 million chance that things won't work out.

Which everyone, even you, knows is bullshit. 

 [PERSON] is not caused by a lack of affordable housing.  It IS caused by addiction and mental illness. That accounts for 95-99% of homelessness. 

Abolition of capitalism? Says you, who thinks slavery, destruction, genocide, and oppression aren't bad things. 

But, I'm willing to be shown that your alternative to capitalism is better.  You're an avowed communist?  OK, go to a [INSTITUTION] and for every person there, divide your [DATE] wages equally amongst all.  If there are 15, divide by 16, so you get your share.  Do that [ORGANIZATION] for DATE1, and report back on your success.


Or are you only in favor of your ideals when you're forcing them on others?  I'm in favor of my ideals for me, and everyone else, and have no problem saying the following truth: 

Communism has killed over 100 million people in [DATE].  Those who promote it are either incredibly stupid, or incredibly evil.  You seem to be a combination of both.",0,0.16666666666666666,0,1,0
reddit,118,"A good drug rehabilitation program, and a good mental health facility for people to get help getting jobs, finding housing and getting help for their medical issues WITHOUT A CHURCH BEING INVOLVED. The last thing we need is another [INSTITUTION] that turns people away because of their addiction, the addiction that is the root of the issue. 

When you fall into homelessness you lose everything you are, you start behaving differently than you would in a safe situation. When you have nothing to do [ORGANIZATION] and nothing to live for and just barely existing in life, of course you fall into drug use. Nobody is perfect and it's almost forced onto you. As someone who formerly lived on the streets, addiction is where you start and how you help people. Loving people even when they do relapse and offering help at [TIME] with no judgment and not taking the route of abstinence in every single situation. I fell into drugs when I was on the streets, there's almost no [STREET] to avoid it. there's no use judging the people who fall into the trap, we might as well be good humans and help.",0,0.16666666666666666,0,1,0
reddit,119,"It is so easy to say something, but think of financing it. Like what would 12 unit operation cost per year? And how many people would it ""recover""/get them off the streets? These are so hard to quantity, it's just a tough problem.

I have to remind myself that school millage proposals fail to pass during elections. If people can't see it in them to increase taxes for education, it is even less likely they would increase taxes for homelessness.",0,0.3333333333333333,0,1,0
reddit,120,"This is the problem we are up against. People don’t like to hear it but it’s true.

I have taken 2 people from the gospel mission over the course of [ORGANIZATION]. In that time both of the tenants  have been absolutely nightmares for me and the other tenants. They have dealt drug, have [STREET] too many people living in the unit, start fights with other tenants, steal other people’s mails.

They both have jobs, able to get section 8 but don’t for some reason, [ORGANIZATION], and more. They both have social workers.

Now both of these people will have evictions on their record and good luck finding another landlord to rent to you. 

Until the people learn to live with other people and not create problem, they will eternally be homeless.",0,0.0,0,1,0
reddit,121,"Where in my comment did I say anything about buying from a “slum lord”? In fact, I said that you don’t have to buy from a landlord to be able to rent out the property you purchased. You mentioned properties being “over priced” but people [ORGANIZATION] said the same thing, and it just keeps rising. If you want to help the homeless, go out and spend your hard earned money on a home and rent it out to them for below market value. Unless, of course, you’re not willing to do that and you just want others to step up and take the hit. Maybe it’s you who isn’t being genuine or is “completely ignorant”.",0,0.0,0,1,0
reddit,122,If you want to see where the policies and ideas are coming from look to [ORGANIZATION]. To do anything but hand over the city to the homeless is to be reprehensible. To suggest anything other than giving more is to be unsympathetic and part of the problem.,0,0.3333333333333333,0,1,0
reddit,123,"You’re totally right. Plus I am good at talking about what I’m passionate about – making [ORGANIZATION] the best! There was a homeless camp near the train tracks by [ORGANIZATION], it had been there for [LOCATION]. [DATE] I went into work and cops were there with city workers bulldozing the whole thing, they didn’t even let everyone pack up their stuff. I cried on and off most of DATE2 because it was just so fucked to see, these people already have so little, it’s just disgusting that people feel that’s the [STREET] to do things.",0,0.3333333333333333,0,1,0
reddit,124,"One of the beauties of [ORGANIZATION] especially [ORGANIZATION] is they have 1, space to build any kind of housing. But more immediately,  downtown they could utilize houses that are vacant. It would be [STREET] cheaper to refit some of the non-historic homes into apartments. 

For people experiencing homelessness, having an address and stability combats substance use but also provides them an actual chance to become employed.  A job is the silver bullet for many of the issues present; gives them a sense of community and also stable income. I think in [ORGANIZATION] ( lived there for [ORGANIZATION] including [LOCATION]) the issue isn’t physical housing. It’s the individuals living on the streets aren’t able to rent the open properties. By allowing/assisting them to get housed then they can focus on other goals. In [PERSON] and most major cities they utilize a housing-first approach, understanding that people are less likely to get sober or employed if they do not have stable housing. 

If the tents/encampments become more permanent it will cause a multitude of issues we see here in [PERSON]; spread of disease,  crime and, overall the community becomes disenfranchised to do anything. ",0,0.16666666666666666,0,1,0
reddit,125,"If you have [ORGANIZATION], look up ORG1. They take in items and distribute to the homeless, along with setting up meal trains. Etc. I can't access ORG2 right now or I'd provide more direct info. Hope this helps",0,0.0,0,1,0
reddit,126,"“Go to church and learn some empathy”

Is church the only [STREET] one can learn empathy? How would going to church help people think differently of the homeless",0,0.16666666666666666,0,1,0
reddit,127,What is an example of a city handling their homeless problem?,0,0.16666666666666666,0,1,0
reddit,128,"While this is true, you have to admit that [ORGANIZATION] has a shocking number of homeless for a city of its size. I travel quite a bit to cities big and small, and [ORGANIZATION]’s homeless problem on a per capita level is bad, there’s no sugarcoating it.",0,0.5,1,0,0
reddit,129,"You literally did not say that. And other people ALSO took the same meaning. In a conversation about increased homelessness, you brought up the bikes lanes giving them more places to be. You did NOT bring up that it just makes them more visible. Those aren’t the same thing. The increased number of homeless people in [ORGANIZATION] is a persistent discussion, and their visibly is not. Have you, sincerely, never heard someone make a comment about it homeless people congregating in cities based on infrastructure? I’d find that hard to believe. 

I’m not mad about this, the [STREET] you seem to be. I am, frankly, a little confused by your immature reaction. “Hey, I misspoke, here’s what I meant” is a mature and normal reaction to have. A well adjusted person’s reaction, one could say. I said, in my comment, “I don’t know if that’s what you actually meant,” which was a clear invitation to clarify (clear… if someone had decent reading comprehension skills lmao). I just find it kind of hilarious that your reaction to a fairly calm comment was to jump to “gO tOuCh [PERSON] BaSeMeNt DwElLeR!!”, when that is perhaps the most ‘chronically online’ response someone could have to a simple correction on their language or point. Also, I never said that you implied the bikes lanes were created to give them a [STREET] to hang out, but rather that it sounded like you correlated bikes lanes with an increased homeless population. 

Also, as one last point “stop reading things that aren’t there” is a hilarious response here, when good reading comprehension is literally defined as the ability to read between the lines (IE: reading things that aren’t [explicitly] there)",0,0.0,0,1,0
reddit,130,"The economy and homelessness. Do I have solutions? If I sat down with some key civil people, maybe.",0,0.0,0,1,0
reddit,131,"I've been harassed, followed, threatened with rape and murder and been mugged before downtown multiple times-- in broad daylight. It's always a mix of fear and sadness when I walk into and out of work, seeing all the homeless. The city could do more about it if they wanted to. Instead they just dump money into high price real estate companies to build gawdy apartment buildings. I've volunteered at some of the social work programs here. Hardest working people I know.",0,0.3333333333333333,0,1,0
reddit,132,"realistically speaking, how much does it cost to maintain a home [ORGANIZATION]? I am asking genuinely. I am a homeowner for [ORGANIZATION], and it seems to me that [ORGANIZATION], my maintenance costs are ***significantly*** lower than what my rent was prior to buying a larger house in a better neighborhood. Even if I ended up replacing every single appliance and fixture in my house over the course of DATE2, I don't think it would even come close to the [ORGANIZATION] cost of rent. I concede that I may be outside of the norm in terms of cost, hence the question. 

&#x200B;

>who's going to pay for it?

The community, but more to the point, land and housing costs are artificially high for reasons I stated in my original comment. Abolish (at the least) corporate landlords and see where the chips fall. I suspect the cost of living would be much better for everyone, myself a homeowner included. 

>Who's going to maintain it

The same ones that maintain it now - contractors. at best, landlords serve as a (very expensive) middleman between the tenet and the contractor. 

>Who's going to accept liability for the property?

The community. we pay more taxes keeping our homeless population alive than we would maintaining housing for them. 

>you can just give it to people and walk away.

I agree with what I am sure was a typo ;)",0,0.16666666666666666,0,1,0
reddit,133,"A mentally ill and untreated person who was clearly homeless walked up to my wife in downtown [ORGANIZATION] and hit her on the head with an unknown object. 

Knocked her down and ran, was apprehended, charged, and convicted. It was on video.


All those billionaires and [ORGANIZATION] can’t even take care of it’s needy. Greedy fucks.",0,0.0,0,1,0
reddit,134,How does the shutdown have anything to do with [ORGANIZATION] having a steady increase in homelessness?,0,0.16666666666666666,0,1,0
reddit,135,"Wow, maybe they’ll stop being homeless? Maybe that will help them become more stable and thus more productive?

You’re insisting to see an immediate benefit from the party with very little institutional power to change much in order to give them help, and it’s actually really gross.",0,0.0,0,1,0
reddit,136,"That's a non sequitur. The average citizen doesn't have the resources to mitigate homelessness. Governments do. But, as an example of delivering service more efficiently than your next door neighbor: [ORGANIZATION]. Unless your are a stone anarchist, if you put your mind to it you could think of a couple things that your governments do that you personally can not.",0,0.3333333333333333,0,1,0
reddit,137,"God damn ur so close. It's not free work. No one chooses to be homeless.  Its not like these people are to lazy to work. Its some really bad propaganda we where brought up with. 

I censeriely recommend volunteering at a soup kitchen or [INSTITUTION] after covid so you can see what we mean. DATE0. [TIME] even.

It's strange seeing how right you are about some things and then just a giant swing and a miss with the ""free things for lazy people bad"" argument you got going.",0,0.0,0,1,0
reddit,138,"I get what you’re saying, but free phones and phone service can be easy to obtain. The government cellphones don’t cost a thing. I see booths set up around my part of town (e. FAC0) that encourage people to come sign up for a free phone. 

And tbh the world of technology we live in now considers a cell phone to be a basic need, and rightfully so. There aren’t any more pay phones, or they are at least few and far between. Society is dependent on technology. Being homeless is hard enough. I despise that these asshats ruined the park for such a long time, but they are people. They are humans. They are important to someone, even if they aren’t even a blip on my radar, every person in that park has value and is special and important to someone. They deserve basic human kindness and it is society’s duty to care for and support each other. I am totally ok with my tax dollars being used to buy a phone and service for someone who can’t do it for themselves. Life is already hard enough. We can provide this support to have available basic human needs. 

I do get what you’re saying. I was jealous of the camp sites down there. They got better shit than I do. And I work my ass off to keep my head just above water. But it is a little bit on the ignorant side to just assume that a homeless person should not be entitled to basic needs. Or even something better. They have it rough enough, and maybe they don’t want to be pitied, maybe that’s condescending, but show some compassion. It goes a long [STREET]. :) 


Sorry for the long reply. It’s a lot of reading, but Im on my [ORGANIZATION] so I’m hyper, and I’m feeling emotional because of hormones.

I wish for peace and comfort for those who are homeless. I hope they get a break and maybe they can get a hand up to provide a stable platform to improve their situations. [TIME] anyway. DATE1 I’ll be bitching about how rude and inconsiderate and ungrateful the homeless can be. And deceitful. Don’t forget that. That’s my pet peev anyway. [ORGANIZATION] handlers with no shame and no gratitude and a fucking sense of entitlement AND lie straight to my face like I’m not even a person. Just a possible extra buck. ",0,0.0,0,1,0
reddit,139,"I don’t have a solution, but changing rules on where homeless people sleep/congregate does nothing to get to the root cause.",0,0.0,0,1,0
reddit,140,"Thank you for sharing this. I'm pretty disgusted by the homeless problem, I ride the bus and see too many people who need help. Let's give them criminal records which make them even less employable, great idea people. /s",0,0.0,0,1,0
reddit,141,Nice! I like it. There's no reason people need to shit in front of someone's doorway. I have several ideas on how to keep them away but I'm sure they're not politically correct enough for this forum. And for those down voting how bout we let them shit on your porch? I have empathy for the homeless and mentally incapacitated but they can do their business elsewhere.,0,0.5,1,0,0
reddit,142,Just don't give panhandlers money.,0,0.0,0,1,0
reddit,143,I hope the announcement is about providing affordable housing solutions to the various homeless camps in town.,0,0.16666666666666666,0,1,0
reddit,144,"I did read what you've said. I'm sorry I didn't explain myself further - that style of commenting that I did was pretty mean, I'm sorry. 

I do however disagree with what you are saying. What I understand your argument to be is ""in my experience, many homeless choose to be homeless or are there because of poor life choices. Therefore, the rest of us have a lessoned responsibility in providing for those that are homeless because of their own decisions, just like if someone chose to light their car on fire, we wouldn't be expected to replace their car for them.""

Is that more or less what you're saying?",0,0.16666666666666666,0,1,0
reddit,145,"I was just thinking the same thing. It's the literal phrase ""beggars cant be choosers"" ",0,0.0,0,1,0
reddit,146,"It’s like you don’t even realize that there are more homeless people than just the ones in [ORGANIZATION]. So if a homeless population elsewhere hears that [PERSON] gives homeless people a [STREET] to live when there get to be too many of them, what do you think will happen then? What should the city do about the next wave of homeless people, or the wave after that, or the one after that? ",0,0.3333333333333333,0,1,0
reddit,147,"The difficulty with issues like homelessness is that much money has gone into addressing it without success. Just housing everyone who is homeless doesnt work. American society in general provides ample opportunity despite what some may tell you to provide for yourself. Some choose not to do this, and some unfortunately are incapable despite the opportunity that is present (No modern solution can help these people. A surprisingly large percentage of the population has an iq too low even for the military. Here is an area of research where in which you could come up with a revolutionary solution!) If this were not the case immigrants would not risk their lives to come here and find success. This is still the land of opportunity. One has the freedom to pursue their dreams and are given more than they are entitled too. Where you end up in life is a culmination of habits that leave a blind spot to your own faults. If someone is habituated in a negative trajectory, no one can help them.",0,0.16666666666666666,0,1,0
reddit,148,"> How do you know people can scrape by on minimum wage when I see a lot of hard evidence to the contrary? A lot of people are in section 8 housing. You really need to do some research on poverty and waging.

I don't need to research I live that life. I've been technically homeless in my life. I've worked minimum wage jobs. Luckily I moved up in life because of good decisions paired with a gold work ethic. Although you kind of undercut your point in homelessness if over 40% of Americans are underpaid l, why don't more of them become homeless.",0,0.16666666666666666,0,1,0
reddit,149,Have you thought about becoming a landlord and offering affordable housing sounds like there is a hole in the market,0,0.0,0,1,0
reddit,150,"Okay,  Mr [ORGANIZATION]. A conservative mayor would address the problem head on. Many areas in the city have become unsafe and unsightly. Our current mayor wasn't allowing the police to take action in getting those areas cleared until it got really out of hand. But the problem is not being addressed because she is in photo op la la land chasing her pet causes and political posturing of [ORGANIZATION].  The city's safety and economic growth are not priorities to the current administration. Also, no one is kidnapping homeless people. But most of those people are addicts, mentally ill, criminals,  or a combo of all three. A very small amount may be able to change. A lot of them need to locked up for their own and society's safety, unfortunately. Unless you care to take a bunch in?",0,0.16666666666666666,0,1,0
reddit,151,What does capitalism have to do with a lack of affordable housing in [ORGANIZATION]? See if you can make a correlation between the highest tax burdens in the state and a lack of affordable housing. TRY REALLY HARD,0,0.16666666666666666,0,1,0
reddit,152,"A builder can put up a 2 story, 2500 sq foot house for 25% more then they can build a 1 story 1250 sq foot house, and sell it for double what they can sell the 1000 for. 

&#x200B;

The lot price is the same, the septic, foundation, roof, driveway etc... all are the exact same. the only cost is adding the second story... so why would they ever build affordable housing when the ROI in everything is vastly better in the 2500sq foot one.

&#x200B;

so who are we expecting to build affordable housing, and where?",0,0.16666666666666666,0,1,0
reddit,153,"Sort of. I mean, if the alternative is a bombed out vacant down town I’ll take some higher housing costs. We need developers who will build affordable housing too, but I’ll give [ORGANIZATION] a pass for all the revitalization he’s doing downtown.",0,0.16666666666666666,0,1,0
reddit,154,"Affordable housing is good, although I wish the project was not limited to seniors. However, maybe affordable senior housing would help people downsize out of their homes and put more inventory on the market.",0,0.3333333333333333,0,1,0
reddit,155,">And now they’re highly addicted and refuse to go to shelters because you can’t do drugs there.

Which is such an ass backwards [STREET] of dealing with homelessness and addiction.",0,0.16666666666666666,0,1,0
reddit,156,"> In a sense, being homeless confers some privilege 

!gif",0,0.0,0,1,0
reddit,157,Saw a homeless person sleeping at the bus stop at the main intersection of FAC0 by the gas station. Come back and hour later and they were gone. It was freezing out. Figure the police picked them up and brought them somewhere else. I’ve heard the hospitals the wilkesbarre with just drop you off on the side of the [STREET],0,0.3333333333333333,0,1,0
reddit,158,"While I get the motivation behind the rules, I think they actually work to increase addiction and homeless rates. Numerous cities address both issues concurrently which makes total sense to me. How can anyone expect addicts to get clean while living on the streets?",0,0.0,0,1,0
reddit,159,"I don’t know how true this is. I remember [ORGANIZATION] a [STREET] officer in the [ORGANIZATION] [STREET] house told me that they bus the homeless up from [ORGANIZATION] for [LOCATION] then round them up in [DATE], bc [ORGANIZATION] does not have over night shelters for [ORGANIZATION]. I don’t know how true that was but that kind of stuck with me.",0,0.0,0,1,0
reddit,160,"I think it's highly unlikely any shelters will allow pets, unfortunately. You could check out [ORGANIZATION] on 445 N. 6th Ave. for guidance. They help people facing homelessness, and you can walk in without an appointment. Also, [PERSON] at 500 [PERSON]. serves food [ORGANIZATION] and offers a pantry and free clothing store. I hope things get better soon.",0,0.3333333333333333,0,1,0
reddit,161,"""to make it a [STREET] enjoyed by all"" except the homeless....",0,0.3333333333333333,0,1,0
reddit,162,[ORGANIZATION]: people coming homeless due to [DATE] and cost of living and I used to be homeless in [PERSON] and I live in GPE2 now come to GPE2 we got a lot more you want them,0,0.3333333333333333,0,1,0
reddit,163,"So, if I'm reading this right option 1) you want to go from duplexes to triplexes to get more people to live to create more money for landlords? 
Where's the affordable housing part for the citizens that can't afford the skyrocketing rents ass it is already?",0,0.16666666666666666,0,1,0
reddit,164,What would a conservative mayor do? I'm not sure how she's responsible for homeless people. What did she do that was destructive? What policies attracted crime and homeless? Are you scared of tents? You can't just kidnap homeless people and put them in jail or a mental institution. It's not [ORGANIZATION]. You sound like a nut bag.,0,0.5,1,0,0
reddit,165,"The waitlists for [ORGANIZATION] and [ORGANIZATION] in [ORGANIZATION], [PERSON] and surrounding counties are very long. It's a myth that the homeless don't want to be housed created by people who benefit from shifting the blame to the vulnerable from those with power to do something about the issue.",0,0.0,0,1,0
reddit,166,"I just saw in the [ORGANIZATION] unsheltered plan something to support this! In this report they mention the efforts to improve the [ORGANIZATION] in Time Count in [LOCATION] which might be the reason they counted more unsheltered folks, not an actual increase in unsheltered homelessness. 

[[URL]",0,0.0,0,1,0
reddit,167,[ORGANIZATION] running not building has nothing to do with the homeless situation.,0,0.3333333333333333,0,1,0
reddit,168,"[URL]  
The mission of [ORGANIZATION] is to serve those experiencing homelessness in [ORGANIZATION] through housing programs, case management and supportive services.",0,0.16666666666666666,0,1,0
reddit,169,"[PERSON]: Create memes once you've run out of talking points and once your friends have stopped upvoting.

Actual discussion of homelessness in your utopian [ORGANIZATION]: [[URL]",0,0.16666666666666666,0,1,0
reddit,170,"on the fees point, if the goal is more affordable housing, wouldn't it make sense to charge less for license fees the more you have as long as the rent is locked?

&#x200B;

The more small landlords you have, the narrower the margin (especially with current interest rates) so they would need to charge more rent, in theory.

&#x200B;

I agree with your statement about monopolies being bad, but if the goal is entirely focused on low income housing, it seems like the solution should be whatever pushes the rent down, as long as they are still meeting code?",0,0.0,0,1,0
reddit,171,"One thing is being homeless, another things is leaving all your shit behind for other to cleanup. 
Shout out to the locals who helped clean up.",0,0.16666666666666666,0,1,0
reddit,172,"Yes, bussing away homeless is the most economically feasible solution. [ORGANIZATION] has finite resources available for them and has a terrible climate. Tents spawn more tents.

Lived in [PERSON] DATE0, even while I was there they were aggressively cleaning up homeless camps and generally doing whatever they could to prevent being seen as a [STREET] that is accommodating to the homeless. They have backbone in [PERSON] and I do appreciate the approaches they take. Tents spawn more tents.",0,0.3333333333333333,0,1,0
reddit,173,"For anyone who's interested in where the numbers came from, [ORGANIZATION], communities across the [ORGANIZATION] participate in the Point-in-Time ([ORGANIZATION]) Count, a [ORGANIZATION]-mandated effort to measure homelessness on [TIME]. It provides the basis for funding for local organizations working to end homelessness. In [PERSON], the next count will take [STREET] on [LOCATION].

It misses many individuals due to safety concerns, weather, and limited outreach and more. It also only captures those homeless on [TIME]—not everyone who experiences homelessness over DATE2. There may be fewer homeless individuals on [TIME] in [LOCATION] because they find money to buy a hotel or stay with a friend when that is not a long-term solution.

[ORGANIZATION] has a DATE4 Report that lays out all the flaws but even still it should be able to show trends since the methods don't change [PERSON] to [PERSON]. [[URL]",0,0.16666666666666666,0,1,0
reddit,174,Oh I’m sorry I thought we were talking about the “3 fold increase in [ORGANIZATION] homelessness”. Smooth brains can’t compute bc capitalism bad as I post from my iPhone derp,0,0.0,0,1,0
reddit,175,"I live in [ORGANIZATION] and it's not like I don't feel sorry for the homeless. I do, but it is not sanitary. It's not a campground. There's no bathrooms there's no fresh,  water  and I'm not saying all of them, but a lot of them are on drugs.  And there needles and everything else that is left around. It's very dangerous to us and our children and our grandchi. Do not wantna see the woods near the park. I live Near.  [ORGANIZATION] ground.",1,0.5,0,0,1
reddit,176,"[ORGANIZATION]. First, the solutions to the complex causes of homelessness requires systemic changes that address mental health, forensics including hard to house individuals with dx of pedophilia , and capitalism creating financial inequality.   
Cleaning an abandoned camp is not humiliating to the individuals.  Working with social services to find solutions is the answer.",0,0.0,0,1,0
reddit,177,"Just going to post this here to continue with adding context.

[URL]",0,0.0,0,1,0
reddit,178,"Being “scared of the homeless” is a thing, and I admit that while I run FAC0 on my own all the time I have turned around with my kids when there’s a big crowd at the pavilion.

**But that’s a me problem not a them problem.** I’d hang out in that pavilion, too, if I didn’t have anywhere else to go. 

Unhoused or homeless people are [STREET] more likely to be victims of a crime than they are to commit crimes.",0,0.3333333333333333,0,1,0
reddit,179," I grew up there, had to leave to the surrounding towns just to find affordable housing",0,0.0,0,1,0
reddit,180,Send the homeless to [ORGANIZATION],0,0.16666666666666666,0,1,0
reddit,181,"Well said.  I'm involved in this sector and competing with rich [ORGANIZATION] and [PERSON] companies has been rough.  They pay above what I'd call fair market value and unless you're [ORGANIZATION], [PERSON], ORG2, and company, it's harder to get the equity needed.  And I wouldn't want to at some of their prices.  In my neighborhood, there were 5 homes for sale [ORGANIZATION].  They went for a little over 400k.  Then the gentleman who bought them sold them for about 900k to a [ORGANIZATION] company... who proceeded to let the properties turn to trash.  One of the tenants told me she didn't have heat for [ORGANIZATION], but was afraid to report it to the city because she'd be homeless.",0,0.3333333333333333,0,1,0
reddit,182,"Hey OP, I understand and agree.  I brought this up [ORGANIZATION] on this sub as I brought my children there and was appalled.  [PERSON] they found that dead body.

With that said, this sub loves the homeless encampment there.  The majority advised me to take my family someplace else.  That despite it being a recreational area built by my tax dollars, I should go to so [STREET] further away.

Im not trying to hate on the homeless, but I agree it's out of hand there.  [ORGANIZATION] bodies, trash piles, drug use.  It's only a matter of time unless it's mugging and murder.",1,0.3333333333333333,0,0,1
reddit,183,"No, it’s a “them” problem. Trespassing is a crime, littering is a crime, unauthorized camping is a crime, being a sex offender and “living” so close to a school is a crime, we could go on and on. People are talking like [ORGANIZATION] is [PERSON] where vulnerable working class folks are actually one paycheck away from being “homeless.” [ORGANIZATION] is one of the cheapest housing markets in the country; none of these refugees from far-flung countries end up being homeless. The people we’re talking about largely need to be institutionalized, they aren’t down on their luck. There are no young families with children living in tents by the river. This shift in attitude is soooooo weird.",0,0.3333333333333333,0,1,0
reddit,184,"Uhh, swaths of locals don't use FAC0 because they are scared of the homeless.

[ORGANIZATION] bought the plot of land where the barn used to be, [ORGANIZATION], but hasn't built on it presumably because they are pissed that the pavilion there now accommodates the homeless.

The entire river corridor bounded by FAC1 to FAC2-ish, [PERSON], pretty much to [PERSON], is [ORGANIZATION]'s version of skid row. It has seen no meaningful investment since FAC5 (though those are outside the boundary), and even though a lot of people [STREET] through it, it's just all-around awful with more transient people / homeless than regular people.

I walked to elementary school [ORGANIZATION] starting around second grade. Would you let your second grader walk to [ORGANIZATION] alone??? I would not find it hard to believe that people are bothered.",1,0.6666666666666666,0,0,1
reddit,185,">Trespassing is a crime… unauthorized camping is a crime

“The law, in its majestic equality, forbids both rich and poor alike from sleeping under bridges”

The sex offender problem is sort of tied up in the rest of this. We (rightly) do not want people who prey on children living close to where children congregate- but then we don’t have anywhere else for those people to go. They wind up homeless, no fixed address, and then if they do reoffend it’s harder to find them.

There should be a monitored halfway house for those kinds of offenders- but that’s a small number of the total unhoused population.

[ORGANIZATION] is affordable, sure, but if you don’t have a job or savings how are you going to afford rent or get a bank loan for a mortgage?",0,0.0,0,1,0
reddit,186,"The park sounds nice. Thank you for the tip. I'm not sure what to say about the homeless camps. Hopefully, more shelters get built or the [ORGANIZATION] starts embracing housing the homeless initiatives.",0,0.3333333333333333,0,1,0
reddit,187,"Then you have mayors like [ORGANIZATION] in [ORGANIZATION] who gleefully order raids on homeless encampments without any concerns as to where these humans will sleep. Last time, many of the homeless ended up at FAC0 over the river from FAC1. Do you think [PERSON] of [ORGANIZATION] assisted the church or the homeless people? If you answered no, you're a smart cookie.",0,0.16666666666666666,0,1,0
reddit,188,"I can’t speak for anything beyond [ORGANIZATION] and this is a [PERSON] sub. Do you have a source for this? 

Further, I suppose you’re right but it really is a matter of defining who is homeless and what homeless looks like. I imagine many of the people on that list have extended families or charities that are taking the brunt of the burden during that process

I am narrowing my definition of unhoused to strictly “people living on the streets”. There are and will always be people who are able to get housing but are unable to through no fault of their own. It’s sad that most of the people on those types of list are at the mercy of others while their application are processed, but again, that’s a different definition of unhoused.",0,0.0,0,1,0
reddit,189,"When stuff is abandoned in public it becomes trash. 

Go explain to the homeless that they can chill without trashing their immediate environment if you want to advocate for something less stupid.",0,0.0,0,1,0
reddit,190,I commented and said the homeless population was increasing and I got downvoted :/,0,0.0,0,1,0
reddit,191,"Maybe try talking to them? [PERSON] with an organization that helps the homeless? PERSON0. [PERSON]?? They're humans, not cockroaches.",0,0.16666666666666666,0,1,0
reddit,192,"I’m guessing a shift in methodology is a factor, along with potentially differences in guidelines around what constitutes sheltered homelessness.

I know that counting homelessness is not easy- a social worker is responsible for reporting these numbers to the government. I wouldn’t be surprised if unsheltered was originally under reported in [ORGANIZATION].",0,0.16666666666666666,0,1,0
reddit,193,"The housing crisis absolutely has a lot to do with it. DATE0, you could get a 1br apartment for $500 a month, and that's at least doubled now, while wages have stayed relatively the same. Not everyone has family or friends they can rely on, especially if they're also suffering from mental illness or substance abuse they can't afford to treat either.",0,0.16666666666666666,0,1,0
reddit,194,"If they have animals, they won’t go to shelters because they’re not allowed to bring their animals.  You stated that you’re there often.  Have you tried talking to them?  I don’t think [ORGANIZATION] is enticing homeless like [ORGANIZATION] states.  They might be willing to accept real help.",0,0.3333333333333333,0,1,0
reddit,195,"That's not a solution, though; it doesn't solve the problem. It just dumps it on another city.

I mean, how would you feel if [ORGANIZATION] just started dumping off hundreds of homeless people a day at the [ORGANIZATION] station downtown?

It might be cheaper for [PERSON], but it hurts the country by disincentivizing actually solving homelessness bc cities aren't going to want to spend money on fixing other cities problems.",0,0.6666666666666666,1,0,0
reddit,196,How much are they spending per homeless person currently?,0,0.16666666666666666,0,1,0
reddit,197,"This isn't taking people's possessions for the most part - there are dozens of abandoned camps that are full of garbage and waste so disgusting even the homeless that lived there have moved on from it. I'm sure there are a few exceptions to that rule, but what else are we supposed to do? Leave these heaps of trash alongside our waterways and public areas until those admittedly unfortunate homeless decide to clean it themselves? That will never happen.
The group that organized this cleanup is simultaneously working with the current administration to find a long term solution to help the homeless and provide a clean environment for all of [ORGANIZATION].",0,0.5,1,0,0
reddit,198,"Yeah someone should do something! 

Like build houses ?! Get to work bud I’ll meet ya somewhere. Don’t want homeless? Build them fucking homes, genius ;)",0,0.16666666666666666,0,1,0
reddit,199,[ORGANIZATION] Counties taxes are causing the nationwide homeless epidemic..got it,0,0.0,0,1,0
reddit,200,"[ORGANIZATION] continues to do good work, while a new group, [ORGANIZATION], a new non-prof, has been in the works with homeless residences, currently 20 cabins I believe with heating, air, water, electric. From what I know, they’re also trying to secure long term housing help and other basic resources for the demo.",0,0.16666666666666666,0,1,0
reddit,201,"Hundreds of houses and apartments sit empty in the city.

Each incident involving fire or police regarding the homeless costs tens of thousands of dollars in city services.

Yearly rent is less than one 911 call. 

We could house them and give them staff and save the city tax money.

Why is it so important for [ORGANIZATION] and other real estate investors to cost the city so much money so they can increase their obscene wealth?",0,0.3333333333333333,0,1,0
reddit,202,"What exactly would you expect to be done with these “extra public funds”? Government work projects? Maybe infrastructure projects? Are those things not just gentrification by a different mean? Gentrification is not a bad thing, but for many it sure has become a buzzword with negative connotations.

How exactly does raising taxes help homeless people? There are plenty of resources already available for them. Most homeless people I see are at the FAC0 exit directly across from the FAC1 employment building. They should turn around and walk in.

I would bet that whatever you deem a good use of “public funds” is the last thing the government would spend it on, and if they actually did they would get much less out of the dollar than any locals who set their mind to solving the same issues.",0,0.5,1,0,0
reddit,203,"I used to live on FAC0 it's not dangerous, especially not famous for being dangerous. Literally any [STREET] in [ORGANIZATION] is worse 

SE [PERSON] isn't dangerous either. The [INSTITUTION] is nearby though so homeless people safe more prevalent there",0,0.16666666666666666,0,1,0
reddit,204,"I’ve driven by a few times over [ORGANIZATION]. Seems fine. Sounds like the neighbor is the issue. 
I have a neighbor up by the library that brags about going into the woods and destroying homeless camps, pisses me off! One of the many reasons I don’t associate with him anymore. How can you think it’s ok to take a knife to a homeless persons tent? Also, they are in the woods not hurting a thing. He will even take a trash bag and bag up their belongings and take it away.",0,0.0,0,1,0
reddit,205,"Well that starts you down a slippery path and opens you up to larger problems.

Say you make them a 10 acre [STREET] to be undisturbed, what do you do when that [STREET] is full?  ""Sorry no more people?""  No, you either expand it or make a second location.  What do you do when the 2nd [STREET] is full?:  


Rinse and repeat and before you know it you have a [STREET] like the [ORGANIZATION] boardwalk and its so big the only [STREET] to clean it up is just to bulldoze it and start over.  I get where your kindheartedness is but giving up and just telling them its ok to move here and congregate is not the answer.  


As it becomes more and more of a problem businesses will leave, money and tax dollars with it.  I mean who wants to start their business in a location with visible homeless and tent/tarp farms within eyeshot yanno?",1,0.5,0,0,1
reddit,206,I have lived in [ORGANIZATION] since [ORGANIZATION] mainly [ORGANIZATION] I had the I moved to [PERSON] in [LOCATION] and I lived there until DATE2 and it was not a very pleasant experience the rent was cheaper but the homeless stole from numerous of times it changed my opinion of people living on the streets not everyone is like that but a lot of people the homeless people in [PERSON] GPE2 seem but overall I wouldn't say it it was unsafe,0,0.0,0,1,0
reddit,207,Bless these people. Man.. what a difficult life. I encourage anyone reading this to donate to the non profits that help our homeless brothers and sisters. I’ve personally chosen to donate to [ORGANIZATION]: https://[ORGANIZATION][URL],0,0.0,0,1,0
reddit,208,"Considering how half of homeless people have employment -- or live at a shelter with a list of crazy rules (can't enter after [TIME], for example), then it's not effective).

Alternatively, peg minimum wage to rent rates in the region.

> About 53 percent of the sheltered homeless had formal labor market earnings in [DATE] they were observed as homeless, and the authors’ find that 40.4 percent of the unsheltered population had at least some formal employment in [DATE] they were observed as homeless. This finding contrasts with stereotypes of people experiencing homelessness as too lazy to work or incapable of doing so.",0,0.16666666666666666,0,1,0
reddit,209,"That situation is especially bad when you are a college student paying [ORGANIZATION] for [ORGANIZATION]"" for these busses that everyone else gets to ride on for free. That [TIME] tan route [PERSON] always had a homeless guy sleeping in the backseat that you could smell from the front seats.",0,0.0,0,1,0
reddit,210,"Thanks for sharing! I hope these were also passed out in Spanish, things like this need to be bilingual to reach 100% of our homeless/in need population",0,0.0,0,1,0
reddit,211,"As a [ORGANIZATION] resident, not what I would consider affordable housing. Maybe west of downtown towards FAC0, but in my neighborhood houses are priced at around $220 a foot which are [PERSON] prices. Not to mention my RE taxes went up 11% DATE0.

Not trying to being a jerk or anything by my response or anything. I just probably probably wouldn’t look at [ORGANIZATION] for “affordable” depending on where [ORGANIZATION] is coming from.",0,0.5,1,0,0
reddit,212,"this, I have a [TIME] commute home interrupted by waiting [TIME] to cross FAC0, god forbid some chucklehead blocks the light trying to pull into [ORGANIZATION] and now add in the endless pedestrian traffic also trying to cross without a protected light, easily the most f'd up intersection in [ORGANIZATION]. However most of the homeless/crime will be east of that along school and [PERSON], you can basically draw a [STREET] around 7 hills and ORG1 and that is where the crime/homeless will be. FAC0's biggest danger is killing one while they try to crazy cross [STREET] at sunset in an random spot.",0,0.5,1,0,0
reddit,213,"Affordable housing? what is this, [ORGANIZATION]?",0,0.3333333333333333,0,1,0
reddit,214,"Used to live on FAC0, it was [ORGANIZATION] so may have changed with the new developments but I’d say it’s a pretty good spot. Traffic can certainly get bad (especially on DATE1) but I personally think it’s better than driving through downtown [ORGANIZATION] or FAC1. It’s got great access to campus, FAC2 and the square, and you’ve got a ton of restaurants right across the [STREET]. Crime and homelessness have definitely been getting worse over DATE2 but it’s not too bad, certainly worse areas (leveret). 

Long story short, traffic will beat [ORGANIZATION], quick access to everything in [ORGANIZATION], and crime and homeless is the same if not better than a lot of the city",0,0.3333333333333333,0,1,0
reddit,215,Less parking and cut off streets calms traffic how exactly? It just condenses it. I wouldn't be so opposed to this if I could actually ride the public bus without having to sit on top of homeless people.,0,0.3333333333333333,0,1,0
reddit,216,"I dont think its about that really.  I used to rent for [ORGANIZATION].  Say someone, a good samaritain wanted to help someone out, someone homeless.  They pick them up off the [STREET] and bring them in, want to pay [ORGANIZATION] of their apartment rent AND put the deposit down, great right.  [LOCATION].  


Under state and federal law that person (the homeless person) has to provide me a [STREET] of employment with phone #, current address and a method in which they are going to pay the rent aka you have to have a job.  Personally I dont care if you have a job, but no rental application is going to approve someone with no working phone, no job, no current address etc etc.  Everything is ran through a credit background and sexual background check and most people in situation are not going to pass just due to things like no bank account, no working phone, or no trasportation or previous address, no employment.  


You may be a really nice person and just say ""yea after me and the wife split, I made some bad decisions and I live in the woods just off the trail over there"" and expect to be able to move foward.  


There is no real ez fix at all.",0,0.3333333333333333,0,1,0
reddit,217,"They should stop being cagey and just point out how profitable it would be to illegalize homelessness, think of the free labor!",0,0.16666666666666666,0,1,0
reddit,218,"Everybody wants more affordable housing and to live within walking distance to things, but nobody seems willing to abandon the idea of their own home on a lot with a two-car garage, backyard and white-picket fence.",0,0.6666666666666666,1,0,0
reddit,219,"I would consider anywhere in [ORGANIZATION] safe to live. Even in south [ORGANIZATION] where you’ll run into the occasional homeless person, they are pretty harmless if you leave them be.",0,0.16666666666666666,0,1,0
reddit,220,"Thank you for your summary of why the two resolutions' differing origins matters so much, this is what I am hoping to raise awareness of the most. [ORGANIZATION] motivation for his own resolution seem to be focused on his own insecurities and pride more than that of the people's voices (that personal letter, wow), and I find that unacceptable as a representative of us citizens.

[PERSON]'s thoughts on the people's resolution:

>“It resonated as a stand alone, attention seeking, self aggrandizement, document in my eyes, which actually ignored our current efforts, did not build upon or improve our existing efforts, was condescending toward staff’s actual hard work in this arena, and was disappointing…. an opportunity for a rather small group of individuals to sufficiently stack the deck to speak, with their preferred track force members in order to gain more influence than they currently possess.”  
  
– [ORGANIZATION] Member [PERSON] PERSON3, on Page 1 of the Note, speaking about [ORGANIZATION] written by voters

So his response was to propose his own, one key difference being that his does not declare a housing crisis, but it does give himself pats on the back.

>[ORGANIZATION] Member PERSON3’s counter-resolution does not declare a Housing Crisis and does not call on the city to try new things. The [ORGANIZATION] documents show PERSON4 purposely leaving some council members out of the process of seeking co-sponsors. They also show him purposely asking the City Attorney’s office to **hold off sending out his resolution to non-sponsors until the last possible moment** before the agenda session, **leaving them in the dark** until [TIME] before the meeting on purpose. That’s his right, but neither of these things seems very inclusive or consensus-building. PERSON5",0,0.0,0,1,0
reddit,221,"You absolutely can fix it and many cities do.  You simply have to make the city an undesirable [STREET] for the homeless to be, period.  Now where it gets difficult is if the citizens can't stomach what it means to make it undesirable, that's where the problems start and tend to never end.

Until the citizens start making decisions that deter homelessness, nothing will ever change.",0,0.6666666666666666,1,0,0
reddit,222,">[ORGANIZATION] land prices are too expensive for 2 story condos so the prices have to be high.  We need 5-10 story condos along the greenway south of [PERSON].   We also  need affordable housing in the [ORGANIZATION], [PERSON] and LOC2 corridor to reduce the strain on expensive land in high priced [ORGANIZATION].  
>  
>""[ORGANIZATION] will be hesitant on 15-20 story buildings.""   Read my post-I did NOT say 15-20 story residential buildings in [ORGANIZATION].  What I said was the [ORGANIZATION] campus needs to build 15-20 story [ORGANIZATION] with parking decks in the base to create dorm rooms with appropriate parking.  THe campus doesn't have enough land for surface parking lots.   We need dense student dorms on campus which could create great pedestrian traffic close to [PERSON].",0,0.16666666666666666,0,1,0
reddit,223,"Eh honestly, I wouldn’t do it. I lived in south [ORGANIZATION], like [TIME] from FAC0, and I sold my house because:
1. High homeless population (I lived in between [ORGANIZATION] and FAC1)
2. FAC0 traffic is a bitch. The only reprieve we’d get was during [ORGANIZATION] or [LOCATION] break when school was out.",0,0.6666666666666666,1,0,0
reddit,224,"There were **two competing housing resolutions** that were introduced to [ORGANIZATION] [TIME].

1. One was crafted by citizens through grass-roots groups like ORG1, ORG2, others) and asked for a Housing Crisis be declared, a committee/task force formed, and a city staff member hired to focus on solutions.
2. The other was sponsored by five [ORGANIZATION] members and proposed no action, but made a declaration of efforts they've taken to address housing. PERSON0 led this one and the FOIA'd e-mails made him seem offended that other's hard work was going unnoticed.

Read more here: [[URL]

What I think was strange about [PERSON]'s version was that it over-emphasized the [ORGANIZATION]'s efforts on housing insecurity and homelessness. Those are important things that align with my personal values, but that's not what we're talking about. We need to increase housing supply and expedite its production so that people just have options of places to live. I believe we're making steady progress doing this like removing commercial parking requirements, creating pre-approved design plans for infill developments downtown, FAC0 improvement plan...but there are some critical approaches we have not addressed. They are local actions that impact housing supply and local prices:

* **Hire another planner or two** to work with landowners to rezone more properties to allow housing in more places (e.g. FAC0 improvement project that's underway or our [ORGANIZATION] in our [ORGANIZATION] Plan 2040 our city refuses to act on). 
* You know those brownstones in [ORGANIZATION]? Triple-deckers in [PERSON]? They are illegal to build in most of our city due to zoning. **Reform our development code.** I believe it's a problem that it's easier to build sprawling subdivisions, and harder to build compact and traditional living. We need to change the code from [ORGANIZATION] zoning to form-based zoning. [PERSON] and [PERSON] are addressing this with a world-renowned consultant right now. If [PERSON] chooses to fall behind those two cities in urban planning, it will be laughable. 
* **Reduce/reform parking minimums** for residential (maybe using overlay districts) and simultaneously invest in transit. [PERSON] is offering cities in [PERSON] a match for transit investment (design of bus stops) and the [ORGANIZATION] has not taken them up on it. 
* [ORGANIZATION] councilmembers: **Stop holding rezone requests hostage.** 

Personally, I'm mostly annoyed that it seems several councilmembers don't recognize that [PERSON] **has made great progress** ***and*** **can do more.** There IS work to be done ...do they see that? I'm concerned that they know, they just don't want it. 

Really curious what's going to come out of this. Also, it's interesting that [PERSON] will be up for re-election DATE1.",0,0.3333333333333333,0,1,0
reddit,225,"Oh me either, I dont mean it as it read, I just agree with you, it has to be done at the local level was all.

It feels like our hands are tied currently, I thought it was just a matter of new leadership removing a ban on it in [ORGANIZATION], but I came to find out [ORGANIZATION] voted it legal its apparently ""Freedom of Speec"" and protected now, nothing that the city or county level can really do to stop them.

yes we would need to close down the resources so our area is no longer posted online as a ""good [STREET] for homless / good [STREET] to be homeless / easy to be homeless"" on some online forums.  


If we keep providing them resources its just going to get worse, as cruel as that sounds, to get rid of any problem, you need to root it out from the core.  But like......what is the situation yanno, are we going to have groups of police walking the woods with like tools and axes and trash bags to break apart and remove tents tarps and the like, and what about if someone is inside it, what do you do just lock them up?  

Really sucks for all involved",1,0.8333333333333334,0,0,1
reddit,226,There’s a homeless person on almost every highway exit at all times of [DATE]. Ask one of them. Or ride the university bus during the winter [TIME].,0,0.16666666666666666,0,1,0
reddit,227,"Every time someone comments this just proves they really haven’t looked at the actual [[ORGANIZATION]/Item/2497). 

The reality is, [ORGANIZATION] and residents DO NOT WANT massive chain retail or restaurants. We thrive  in spite of FAC0 being the hot spot for those. 

Affordable housing, yes. This is much needed and I know several city council members have been advocating for this for a while, and because of that there are plans of more affordable condos around the [ORGANIZATION] area.

[ORGANIZATION] will be hesitant on 15-20 story buildings. You have to remember we are a big town, not a city, and people want it to remain that [STREET]. I would love a more affordable, walkable town, but I also love my yard, dogs, and patio with a tv and smoker I get to use [ORGANIZATION].",0,0.6666666666666666,1,0,0
reddit,228,How will these plans affect the homelessness situation in [ORGANIZATION] and vice versa?,0,0.16666666666666666,0,1,0
reddit,229,"[ORGANIZATION] and [ORGANIZATION], I believe, both do [ORGANIZATION] soup kitchens.  No personal experience with either but fairly certain they will needs hands for helping.",0,0.5,1,0,0
reddit,230,It will have a breath taking view of the homeless camps.,0,0.5,1,0,0
reddit,231,Any idea where [ORGANIZATION] is on this? He campaigned on taking actions to address housing insecurity.,0,0.0,0,1,0
reddit,232,"I know [ORGANIZATION] and [PERSON] and both believe in the need to fix our outdated zoning laws to allow density throughout our city or risk further suburban sprawl. 

We are involved in a local advocacy group called [ORGANIZATION]. We're a non-partisan group aligned with the principles of [ORGANIZATION] and advocate for safe [STREET] design, affordable housing, public transit, and walkability/bikability. 

The lack of even a single renter is not a good look for the mayor and city council. I know that [ORGANIZATION] would support renters and renters advocates on the task force.",0,0.5,1,0,0
reddit,233,Won’t be too long before people who have been living here get priced out by the lack of affordable housing,0,0.3333333333333333,0,1,0
reddit,234,"Our city council was the ones to vote pandling in as legal in [ORGANIZATION].  Notice it was not an issue before that?  However I am not sure if they could have done much, if it was a [ORGANIZATION] ruling :/

Get this : the [ORGANIZATION] protects panhandling as ""Free Speech"" lmao.

The city attorney explained that [ORGANIZATION] removed most regulations on panhandling in [ORGANIZATION] after the [ORGANIZATION] decision. Not long after, other cities were sued for regulations they kept in [STREET] for panhandling.

[URL]",0,0.16666666666666666,0,1,0
reddit,235,"I suppose where I diverge from many of you is the idea that 'economic prosperity' is a good thing. Surely, denser housing is a solution to homelessness. But to support all those people, you need to build all kinds of schooling, transportation, water/wastewater, electric, etc. infrastructure. 

""With all the money we generate we will buy more solar panels and make it 'sustainable' "". And so you go through a development cycle and after a while [ORGANIZATION] turns into [PERSON], GPE2.

The reason why I don't like gentrification is because it catalyzes development. It's great in a financial sense, but I care more about preserving the [ORGANIZATION] I have seen [ORGANIZATION] than the one I am seeing it become. ",0,0.16666666666666666,0,1,0
reddit,236,"I lived on FAC0 for [ORGANIZATION]. Traffic was horrendous. Got broken into once in [ORGANIZATION], homeless folks make noise but I never had any trouble. I miss being so close to downtown [ORGANIZATION] but I don’t miss the constant noise from traffic.",0,0.16666666666666666,0,1,0
reddit,237,"I interact with the homeless quite a bit for work. Met a couple from [ORGANIZATION] that chose the ""lifestyle "". They walked and hitch hiked here, because they heard it is ""a good [STREET] to be homeless "". I am an advocate for helping those in need and the homeless, but I don't think this issue will be successfully addressed without acknowledging that a subset of these folks will not change even when given the opportunity. The life that seems unlivable to the average person is normal to them and for some a willful choice. Some of the kids and the newly displaced seem the most accepting of assistance and want to escape homelessness. Addressing homelessness needs to start with understanding there are two homeless populations. The truly displaced and those that chose to be where they are.",0,0.0,0,1,0
reddit,238,"Thinking about it, you're right. I think I've talked myself into thinking it was just slow, but it really is just obstruction. I guess if a voter wants to keep a [ORGANIZATION] from [ORGANIZATION], exacerbate the housing crisis and bankrupt a future [ORGANIZATION] with the cost of maintaining a sprawled infrastructure, re-elect [ORGANIZATION].",0,0.0,0,1,0
reddit,239,"Also a lot of affordable housing doesn't offer people upward mobility. As soon as you make more money, the rent goes up or the other benefits are cut or you get kicked out because you make too much.",0,0.0,0,1,0
reddit,240,"The more dense, inner core of the city generates a lot more tax revenue than the more expensive houses on the periphery. More overall density=more affordable housing (along with less car traffic, lower commute times, less noise and exhaust pollution, and happier citizens), which this proposal will likely work to *address for the broader benefit.

-

Your frustration is understandable, but I think it's misplaced on this.",0,0.16666666666666666,0,1,0
reddit,241,"I live off [ORGANIZATION], the travelers and homeless are always harassing people ",0,0.3333333333333333,0,1,0
reddit,242,">Under state and federal law that person (the homeless person) has to provide me a [STREET] of employment with phone #, current address and a method in which they are going to pay the rent aka you have to have a job.

There is no state or federal law that requires a tenant to provide employment documentation in order to pay rent, that's bullshit.",0,0.3333333333333333,0,1,0
reddit,243,"[ORGANIZATION], [PERSON] got tired of its homeless problem, realizing it cost the city more to police and hospitalize them than house them, so they housed them. And with a permanent location, they were able to get them social services, addiction treatment, etc. which simply isn't possible when they're on the [STREET].",0,0.16666666666666666,0,1,0
reddit,244,"You might already be aware of it, but it’s worth mentioning: check out [ORGANIZATION] homeless center in [ORGANIZATION]. There might be some programs available for you both that could make sense. It’s a good organization and if they can’t directly help you, they might point you in the right direction. Hope that helps.",0,0.0,0,1,0
reddit,245,"Copying my comment from r/fayettevillear 

It has gotten out of hand. They are taking over walker park. I’ve seen many tents in the woods in the disk golf course. A little further south down the greenway, there are tons of tents in the woods and often times when riding my bike on the trails I would run into some pretty scary figures. I haven’t been back since I’ve been scared of being robbed of my bike..

Riding in [DATE] I probably saw at least 20 tents along the greenway in a 3 mile ride from FAC0 to FAC1. It was like they were everywhere.

Also a huge homeless encampment on the north side of the greenway here:

36.[ZIP]° N, 94.[ZIP]° W

I have been there before and it looked like an entire city of homeless, yet that was [ORGANIZATION] and may be cleared up. I am glad this is getting attention. If I think of more examples I will add to this post",1,0.5,0,0,1
reddit,246,Both are in the midst of a housing crisis.,0,0.16666666666666666,0,1,0
reddit,247,"I think changing up zoning codes and allowing more (as well as denser) housing construction and more walkable elements in neighborhoods would help alleviate housing prices. With more affordable housing built as well you [STREET] down homelessness.

Not to say that taxation is[LOCATION] an appropriate method in many cases, but the issue is[LOCATION] that the county does[LOCATION] have enough to operate. 

The problem is that the correct remedy for bringing down housing costs has[LOCATION] been implemented.

[For how to do that, see this book.]([URL] ",0,0.0,0,1,0
reddit,248,The shelter is off FAC0 [STREET] so most of the homeless population congregate in south [ORGANIZATION] around FAC1. There isn’t an unsafe part of [ORGANIZATION] if you use your common sense. Most of the danger comes from [ORGANIZATION]. The traffic is fine. People who complain about it haven’t lived in a metro area. I used to live between FAC2 and campus. Never had any issues with safety or getting around town. I would walk to [PERSON] or downtown often.,0,0.0,0,1,0
reddit,249,"Thank you OP for bringing this to my attention. I agree that [ORGANIZATION] has a housing crisis. However, it is unclear to me where one can sign a petition in support. Also, I learned in law school that one should make it as easy as possible for a person to take an action you desire. As cumbersome as it may be, a list of council members and their contact information would be helpful rather than asking people to contact their council member. Thanks again.",0,0.16666666666666666,0,1,0
reddit,250,"library sort workable gold wasteful crown doll practice advise homeless

 *This post was mass deleted and anonymized with [[PERSON])*",0,0.0,0,1,0
reddit,251,"Not a myth.  The majority of mentally ill were dumped here by another state!

[URL]

[URL]",0,0.0,0,1,0
reddit,252,"It wasn't one fire in [ORGANIZATION]

>City workers used a bulldozer to destroy a homeless encampment in a [ORGANIZATION] alleyway after a fire...

>DATE1 after a camp stove ignited an encampment fire on FAC0 near the FAC1 overpass...

>[ORGANIZATION] said that the encampment was cleared on DATE2 due to **multiple fires**

There's been subsequent fires",0,0.16666666666666666,0,1,0
reddit,253,I actually went to music school downtown [ORGANIZATION] growing up. I would see a couple homeless here and there but never thought it was excessive for a city. Never really had a bad encounter until I started spending a lot of time downtown in [ORGANIZATION]. ,0,0.16666666666666666,0,1,0
reddit,254,Or just copy [ORGANIZATION] and build tons of high density state housing to put the homeless in and have jobs programs to lift people out of poverty and put money into infrastructure and the benefit of your citizens. But that is too commie for [PERSON] and instead we can just play harass the homeless from one area to the next like whack-a-mole.,0,0.6666666666666666,1,0,0
reddit,255,"The quicker, the better. Living unhoused with no responsibility and common decency in one of the most desirable areas in the [ORGANIZATION] isn’t an entitlement. If you’re not seeking help, then you should be jailed and/or housed in a shelter that taxpayers have been funding for [ORGANIZATION]. Enough of this.",0,0.3333333333333333,0,1,0
reddit,256,Why are there so many cruel comments in this thread? Did y'all not have mother's that taught you to treat homeless people with dignity and respect?,0,0.0,0,1,0
reddit,257,"[Stats can be found here]([URL] Latinos experiencing homelessness represent roughly double their total population in [ORGANIZATION]. To me, the disparity among homeless black men has always been the most stunning and horrific.",0,0.0,0,1,0
reddit,258,"Because when you live in [ORGANIZATION], you tend to live in a vacuum. I did when I lived there over the course of [ORGANIZATION]. People all thinking the same, saying the same thing, etc.

Anyways, in [PERSON] (anecdotally) there seems to be tonssssss of [ORGANIZATION] and Asian homeless folk. In fact, I see very few white homeless people. If I had to guess, I’d say that the homeless demographic may relatively correlate with the general demographic, but that’s just a guess.",0,0.0,0,1,0
reddit,259,"I was saying having the sheriff's department kick down your door and throw everything out is not the same as what's happening on the streets. You're essentially saying it's okay for them to camp and picnic on your front doorstep. That literally happened to me [ORGANIZATION]. Why should the quality of life for taxpayers suffer because some people refuse social benefits, and decide it's okay to squat at someone's property? 

I've offered unopened restaurant takeout meals for these people, and as I come back, I see the same litter on the [STREET] when the trash can was not more than ten feet from them. So by enabling and trying to be compassionate and helpful to homeless, we actually make it worst. 

I'd like to understand where you're coming from. Do you live with or near a prevalent homeless population? Do you let them squat outside your door? Because I came home after work [ORGANIZATION] to find abandoned picnic litter with leftover food and plastic cups on my buildings bike entrance and had to have it cleaned up to get inside the building. Enough is enough.",1,0.6666666666666666,0,0,1
reddit,260,"Shelters aren't great to exist in, as far as I understand. [ORGANIZATION] to say people often prefer sleeping on the sidewalk to them. There are serious restrictions on what you're allowed to have, who you're allowed to see, the sleeping arrangements and security are bad. It's easy to want them to pull themselves up by their bootstraps, but how do you do that when you're barely allowed any stability there either?

I want to ban homelessness outside on our sidewalks too. I want that very badly.

To do that, we need to invest in something that's actually better than the sidewalk.",1,0.6666666666666666,0,0,1
reddit,261,"\> WTF does ""housing prices correlate with service provisioning"" even mean?

Places with higher housing prices tend to have better homeless services, ie. [ORGANIZATION] or [PERSON] or [ORGANIZATION] compared to [PERSON], [PERSON].

\> They define homelessness as ""not having a permanent address,"" which seems exactly like how most people would define it.

Heard, but I think a lot of people are imagining the people they see on the streets of [PERSON] when that is not the median situation of the homeless people in these studies.",0,0.0,0,1,0
reddit,262,"There are a lot of people who want to be nice to the homeless as a concept because they don't have to deal with it. As an example, I have a relative who is like that. Wants ""something nice done"" for the homeless. I asked her if she wanted to deal with a homeless trespasser like she did [ORGANIZATION] and she changed her tune quick. She called the cops on that one immediately. She doesn't want another one of those. She was all about being super cool to the homeless up until she had to deal with one.",0,0.3333333333333333,0,1,0
reddit,263,They made benches unable for homeless people to sleep on them. Boom 24 billion dollars right there,0,0.5,1,0,0
reddit,264,Maybe provide even more to those people who are benefitting society.  Homeless don't [ORGANIZATION] to live in [ORGANIZATION].  [ORGANIZATION] and firefighters etc.. who work in the city do.,0,0.0,0,1,0
reddit,265,"Yeah it actually works a decent amount of the time.

A lot of homeless are pretty shy people and will avoid the conflict.

Not all of course.",0,0.0,0,1,0
reddit,266,"Actually all that has helped more unhoused families and my own students find shelter safely. We’ve been seeing more families all the sudden in need of public services due to the economy receive them than ever. Elderly Asians without families are also more housed than ever.

The people on the streets now are “free Americans” that don’t want help — too many conditions around getting help they don’t wanna give up. There’s very little we can do rn but don’t shit on public services when they’re helping a huge, HUGE portion of the homeless population",0,0.3333333333333333,0,1,0
reddit,267,"Agreed.  Have lived here since [ORGANIZATION].  I staunchly defended our city’s reputation when [ORGANIZATION], etc started constant coverage of a “liberal woke city being completed mismanaged by corrupt politicians leading to drugs, crime and massive homeless population”. I am very sad to say I can’t defend the city anymore, I see it DATE1.  It’s clearly mismanaged city and it’s clearly failed policy and politicians with agendas leading to a complete mess.  If it wasn’t surrounded by natural beauty it would be completely fuxked versus right now it’s only mostly fucked.  I don’t have an answer for homelessness or drugs or crime but it’s clear the ultra liberal approach is not working.  I hate [ORGANIZATION], would never vote for him but the democrat extreme pushed in this city is total shit.  Thank god for ocean, bay, woods, and the beauty of [ORGANIZATION].",0,0.16666666666666666,0,1,0
reddit,268,"$1.5 billion over [ORGANIZATION], nearly half of that going to no bid contracts.  350 individual programs, 59 service providers. 



[URL]

[PERSON]

A huge chunk of that is supportive housing which is going to dangerous SROs which are loaded with drugs and make recovery and stability for people impossible.

[URL]

The [ORGANIZATION] does not have an oversight commission.

This has gotten [STREET] the fuck out of hand.",0,0.3333333333333333,0,1,0
reddit,269,"I’m curious, what exactly did you do to help before? I ask because, as someone formerly homeless I literally had maybe a handful of people who actually offered any kind of material help and usually it really wasn’t much.

In fact, when I was denied [ORGANIZATION] benefits for the second time because I was foolish enough to mention during the phone interview, after all the paperwork I completed and having to wait [ORGANIZATION] for the opportunity to get  1 phone call I better not miss or have to start all over, that I mentioned I sometimes would prepare and have meals with my girlfriend. And I was denied because I refused to do as they ask and go to this woman, one of the few people who actually stood by me and saw me get out of that situation, my real guardian angel, that I felt it was inappropriate for me to then have to ask her for her [ORGANIZATION], every detail of her personal finances, ask for her college transcript, take all this very detailed personal information making her vulnerable to whoever had it and turn it over to the county and state just so I could get a couple hundred a month I could use and only use making sure I, at the very least, had food in my stomach.

When I was a homeless man, asking one of the very few programs that offer any kind of help or relief just for the help of food was denied that help. And to have that be the second time of paperwork and waiting and phone interviews and then waiting some more just to find out that our system denied a working homeless person who because of pride had put off even asking for help until I realized why not her help if it’s there. That’s when I realized it actually wasn’t there.

People talk a lot about “all the things the homeless get” and as you said yourself they’re “freeloaders” without realizing that in fact most get little to anything and the ones who do get something’s had to and have to continually fight and work to keep getting anything. All while living in a constant state of stress and trauma.

The fact is, and this is a fact you can look at the numbers yourself, we spend [STREET] more money on the bureaucracy we require to deny people help than we spend on the help that we go to great lengths to make it as difficult and shameful as we possibly can make it to get. 

That woman who had that [TIME] long phone interview with me, who I’m sure is a good and kind person trying to survive like the rest of us, that woman was getting payed. And as an employee of the city and county of [ORGANIZATION] was likely making near 6 figures if not in fact 6 figures. And we as a society payed her that sum on [LOCATION] to find a reason to deny a homeless person, sober, working and struggling, we denied a homeless person food.

So, when you say you used to do what you could to help people, besides the tax dollars that are spent “helping” in the [STREET] I described above, what exactly was that help? You’d occasionally give some coins to someone to leave you alone? You’d occasionally decide not to call the police on someone who other than being unsightly was causing no other real harm or disturbance.

Because call me crazy, but I’m maybe a little suspicious of the guy saying he’d happily look the other [STREET] if the city decided to “crack some heads”  that maybe just maybe you in fact have never really been much help to the people you’re here advocating state violence against so casually and brazenly.

Something tells me you likely would do more for a stray dog then to address in any helpful or constructive [STREET] the human misery we all have to see everyday and that pieces of shit who sound an awful lot like you do do everything in their power to undermine and put requirements on which end up increasing the costs to all of our tax dollars, not just you but all the people who actually give a damn about other human beings want actually spent on just helping people the fuck out when they’re in a tight spot.

Don’t bother with any of the usual “I’m glad to hear your doing better” or any of that crap because i already know what you think about me because of it and i guarantee you I know who you think is to blame for me being in that circumstance and I’m tired of hearing fake niceties by people who are so morally bankrupt that i already know that the time I took here to ask a basic fucking question and safeguard it from the usual bad faith horseshit that’s always employed to side step these things is almost for sure just a waste of my fucking time and effort because your not gonna hear a god damn word of what I have to say. Or you’ll call me a liar maybe or find some other bad faith misdirect or just simply resort to ad hominem or some other logical fallacy bullshit to muddy my points and force me to waste even more time debating someone who doesn’t actually have any intention of fixing anything or helping anyone and would rather see  “heads cracking”.

Cause that’s how you solve your problems in life. 

Anyways answer my question don’t answer it, at this point I’m fed up enough to where I couldn’t careless actually. But idk surprise me 🤷🏼",0,0.16666666666666666,0,1,0
reddit,270,"None of those things address homelessness at all, what? Unless we are willing to fix housing crisis, there will be a homeless problem, no matter what else we do.",0,0.16666666666666666,0,1,0
reddit,271,[ORGANIZATION] has entered the chat...,0,0.16666666666666666,0,1,0
reddit,272,"I recently saw a homeless woman attack three people in [DATE] near the FAC0 on FAC1 and market. It happened very fast and they were waiting at a bus stop so they were basically sitting ducks. But one thing that really stood out to me. The second victim had ear buds in and didn't even know the first person was being assaulted. The third victim had ear buds in and didn't even know the first or second victim were being assaulted. 

You can't duck and dodge every crazy homeless person 100% of the time. But being aware of your surroundings and avoiding the crazies is the best thing you can. Then if you're really just in the wrong [STREET] at the wrong time running away is the best thing. 

All these tough guys in here talking about getting a gun, knife, tazer, etc are so full of shit. You don't want to get into a physical altercation with a crazy homeless person.",0,0.3333333333333333,0,1,0
reddit,273,"Do you think for a moment that the money you are spending in taxes is actually helping the homeless, the homeless you don't see, the homeless that looks normal?

Of course not, the homeless you care about are the ones that are unsightly to you.",0,0.0,0,1,0
reddit,274,"I mean decriminalizing won’t solve anything. But it will create some tax money that could be spent on actual solutions that nobody likes: like preventing the next generation of homeless drug dealers from entering the situation. How do you do that? [ORGANIZATION], education, social services, economic prospects and livable wages",0,0.0,0,1,0
reddit,275,Good weather means fewer of them die in extreme weather (airplanewithreddots.png). Most homeless folks lived in the area before becoming homeless.,0,0.0,0,1,0
reddit,276,"this was an old account from [ORGANIZATION] - not sure why they stopped posting

[[URL]",0,0.16666666666666666,0,1,0
reddit,277,"I know I’m gonna get downvoted, but it’s really disconcerting seeing people’s responses to this announcement. The announcement is “[STREET] rules it’s not illegal to be homeless”, and everybody here goes, “WHAT??? But it’s supposed to be illegal to be homeless.”

It was [ORGANIZATION] that [ORGANIZATION] said:

“The law, in its majestic equality, forbids rich and poor alike to sleep under bridges, to beg in the streets, and to steal their bread.”

But he meant it IRONICALLY and everyone at that time understood that. You all are pushing the same idea unironically. I don’t think you people realize how evil you are.",0,0.0,0,1,0
reddit,278,"Hah what a fatuous [STREET] to put it.  And an obvious lie, too: you think no homeless person has contributed to society before becoming homeless?  That's your actual worldview?",0,0.0,0,1,0
reddit,279,Sometimes the whole housing. Like this [ORGANIZATION] CEO. She gave the housings to her own friends and relatives than the ones that actually needs it the most [link]([URL] . Glad shes being Audited by the ORG1,0,0.0,0,1,0
reddit,280,"$97,000 per homeless person per year? You got a source for that? I just read /u/atomicllama1 's comment saying the budget for the whole city [ORGANIZATION] was $10.11 billion, or $11,432 per city resident.",0,0.16666666666666666,0,1,0
reddit,281,"The time to construct the number of units needed to meet demand will take [ORGANIZATION].
Here’s what [ORGANIZATION] lawmakers can do in the meantime to address this crisis:

-Abandon housing first as the state’s sole approach to homelessness

-Fund programs that couple housing and health services, including programs that require sobriety.
As of now [ORGANIZATION] first programs that require sobriety or engagement in life-improvement services are ineligible for government funding

-Prioritize the funding of tailored, gender-responsive approaches, including programs tailored to the unique needs of families

-Ensure funding is tied to programs that have demonstrated results in helping the homeless reach their full human potential, including self-sustainability when appropriate",0,0.16666666666666666,0,1,0
reddit,282,"You think [ORGANIZATION] doesn't have a homelessness problem too? Why shouldn't [PERSON] also bus their homeless people to [ORGANIZATION] then? Every major city in [LOCATION] has a massive homelessness problem. More than 30% of the homeless in the GPE4 live in [LOCATION], despite us making up only 12% of the population. This problem isn't unique to [ORGANIZATION]. Its prevalent across our entire state.",0,0.3333333333333333,0,1,0
reddit,283,"“I know what (the hotel is) asking for is expensive,” [ORGANIZATION] said. “But in terms of lives protected, homelessness ended, we still consider it a major success.”

Did they ever consider the possibility of success without millions of dollars in damage?",0,0.3333333333333333,0,1,0
reddit,284,"The difference between a [INSTITUTION] and a concentration camp is a matter of customer service.  [ORGANIZATION] assistance or systematic oppression? The one easily transitions to the other.

Government assistance is a slippery slope.",0,0.0,0,1,0
reddit,285,"> There’s feces and trash everywhere on the sidewalk. Mind you, the blocks around the building gets power washed [ORGANIZATION] and it’s still a nightmare. Drug dealers at the end of the block. Drug addicts/homeless people line all sides of the federal building smoking their meth. Police would come sometimes in their cars, stop and watch for [TIME], and then [STREET] away without having done anything. Yeah, this neighborhood is literally getting worse by [PERSON]… But sure … “we need to lighten up” No, fuck your out of touch view of the city.

We should just forgive these poor people, let them have their dignity and space. Maybe they're federal employees on there lunch breaks???",0,0.5,1,0,0
reddit,286,"If it were up to me, I’d just approve like 400k units and like 10% affordable, that’ll get us to 40k affordable housing units. As for the other 360k, the left-wingers say they’ll just be empty, which is fine bc we have that vacancy tax now on top of the property tax the owners already have to pay. Plus, it’ll provide a lot of work for the unions that run this town 🤷🏻‍♂️",0,0.16666666666666666,0,1,0
reddit,287,"The district went to shit during his tenure, homeless everywhere, he blocked all sort of housing hiding behind “100% affordable” - I literally had friends born in the district that had to move out because it became too expensive as there are not enough options for not wealthy people.

Literally everything he said even in his “concede” message is a lie. He is pathological and cares only about getting richer himself.",0,0.16666666666666666,0,1,0
reddit,288,"I'm not advocating for either. Because of the wealth gap, luxury housing and 'affordable housing' both are 'market-rate housing.' I'm not clear on why 'poor people' as a class would be something that needed to be maintained in [ORGANIZATION]. I think it's sort of a noble goal, but don't feel that we should necessarily bend over backwards just to retain poor people.",0,0.0,0,1,0
reddit,289,"A friend who has lived here a long time said in his estimation, the amount of homeless people doesn't seem to be that different, it's just that their situations seem to be more dire (e.g. addiction and/or mental illness of some kind).",0,0.0,0,1,0
reddit,290,"I delivered a little bit of food to folks here. There's a lot of low-income housing there where they pay very little or nothing. Lots of families and stuff. You wouldn't know that it is affordable housing if you just looked at it.

[Here's a [ORGANIZATION] one near my [STREET], for [ORGANIZATION]).",0,0.0,0,1,0
reddit,291,"So, is _unhoused_ woke [ORGANIZATION] for thief now?  We nthiught it was the distracting term for homeless.",0,0.16666666666666666,0,1,0
reddit,292,"again, I guarantee you that your messy college roommate is not similar to living with a lice infested, [PERSON], and sometimes violently deranged homeless person. The comparison probably hurts more than it helps",0,0.0,0,1,0
reddit,293,"Um, homelessness is a mental health and drug problem. That is the root cause. Find a [STREET] to address that if you want to help.",0,0.0,0,1,0
reddit,294,"How do you reconcile with the fact that places with the highest rate of drugs and mental illness don’t have high rates of homelessness?

I’m not sure what you are trying to eliminate with your statement. Are you saying mental illness and drugs won’t go away if there are housing provided? Then yea I agree. 

But if you are saying you can achieve lower rates of drugs and mental illness without having an environment where housing cheaper, then I disagree with you.",0,0.0,0,1,0
reddit,295,"I live here too [ORGANIZATION][ORGANIZATION][ORGANIZATION]
Fuck the homeless",0,0.0,0,1,0
reddit,296,This feels like an excuse to make a “homeless people bad” kinda post. pretty fucking weird. if i was just mauled by a dog i would not be on asking for help on reddit,0,0.16666666666666666,0,1,0
reddit,297,"I’m saying that what you’re concluding and what the data is concluding are two totally different things. 

The data states there are homeless people who have been here for [ORGANIZATION]. That is true, there are homeless/addicts who came here [ORGANIZATION] ago. That’s why we have so many. 

The data also says there are people who became homeless while they’re here. That’s not someone who was born here, raised here, or actually “from” here. The question is deliberately framed this [STREET] to pump up the numbers, and extrapolating that to mean that someone is “from” here is a deliberate miscommunication of the data to fit a worldview.",0,0.0,0,1,0
reddit,298,"Correlation is not causation. And we’re actually 3rd in the country now. Rental prices haven’t gone up in [ORGANIZATION]. If it as such a strong causation, our homeless population would be going down not up. 

High housing costs may be slightly related, but it’s unlikely the whole reason. High housing may cause 5% of the homeless, but drug use and people being bused over here from other states is 95% of it.",0,0.0,0,1,0
reddit,299,"Have not seen as many of the gypsies lately.

Their children trigger uncanny valley sensation. No child is that still and that silent, naturally, for extended periods of time. DATE0 after day motionless silent child for extended periods of time. Is concerning.

Then the smart phone comes out, and briefly after a call a nice SUV picks them up and they [STREET] off.

Too many scams in the city. Donate to services. Never directly to a panhandler.",0,0.16666666666666666,0,1,0
reddit,300,Enabling. We need to stop calling them unhoused neighbors.,0,0.16666666666666666,0,1,0
reddit,301,"I have seen people pretty much on the [ORGANIZATION] (no joke) just walk out onto FAC0 against a red walk sign. And yes, they were visibly homeless looking. It's pretty impressive and scary to think about how uninhibited some of them area. Gives a decent insight into their thinking and thought patterns.",0,0.16666666666666666,0,1,0
reddit,302,"""We strongly believe that our unhoused homies deserve to be in dangerous situations. Whoops, that came out wrong. We strongly believe the unhoused homies should have a right to die by fast cars. Nope, missed it again. We strongly believe that our unhoused homies know what's best for them. After all [PERSON] is a form of [LOCATION] and it can increase brain function. How can [STREET] [LOCATION] be any different?"" - signed [ORGANIZATION]",0,0.0,0,1,0
reddit,303,"I will say, I’m not from [ORGANIZATION], but I just visited and after having visited [ORGANIZATION], I was shocked in seeing people smoking from foil and even some using needles right on the [STREET], in broad daylight. I was watching a video where an officer in [ORGANIZATION] had to go an OD scene only to find out the person received [PERSON]. How many times should you revive somebody who doesn’t want or accept help, but continues to basically kill themselves, what would seem to be DATE2? I hate to say it, but it almost seems more cruel to bring them back each time only for them to continue the behavior. It is really sad to see the decline downtown. I can’t imagine being an out of town visitor seeing [ORGANIZATION] for the first time at this time. I was on the [PERSON] going to the [INSTITUTION] and the train car smelled like somebody had an accident- it was gag inducing. I understand that most people are a few missed pays away from being homeless, but it is up to the individual to at least attempt to fix their situation. Giving basic carte blanche to the homeless and those on the streets doing these drugs is a terrible decision in my mind. I really hope [ORGANIZATION] can turn this corner.. but it is nice to see that the residents are aware and voicing their concerns.",0,0.5,1,0,0
reddit,304,">And why would we want to copy any policy from [ORGANIZATION] or [PERSON]? Two of the only places with a worse houseless problem than here.

That's exactly why.  They have policies in [STREET] that are designed to handle the scale of the issue we have here.  Other cities don't.

It's not like all the homeless people are there because of the policies.  Part of it is just a climate thing.",0,0.5,1,0,0
reddit,305,"* Homeless Advocates and Government: ""[PERSON] is a crisis and a state [PERSON]."" 

* [ORGANIZATION]'s Office: ""Here's an emergency plan to address homelessness.""

* Homeless Advocates and Government: ""Whoa slow down...let's wait to build affordable housing for everyone on expensive land first""

Imagine ORG0 came to a disaster and responded by building housing first. I shit you not, some of the living conditions look like a tornado hit, so we're not far off.",0,0.16666666666666666,0,1,0
reddit,306,There are differences in both the total number of unsheltered homeless in various [ORGANIZATION] cities as well as homeless per capita. Query why that might be. You can still have better or worse local results despite nationwide trends.,0,0.0,0,1,0
reddit,307,Think that’s bad? Wait until you look at the hospital bills from hospitalizations from exposure and other complications of homelessness,0,0.0,0,1,0
reddit,308,"The hard core homeless who don’t want help are 100% of the problem though.  Most people that become homeless but are able and willing to help themselves are able to take advantage of resources and move through the system and get a home and job within [ORGANIZATION].  
The problem are the people that can’t or won’t help themselves or refuse help.  These include the ones with drug addictions and mental health issues",0,0.16666666666666666,0,1,0
reddit,309,"""They can move along"" ""[STREET] camping needs to be banned"" 

> So they should be thrown in jail or bussed out?

Definitely not jail, completely unnecessary. 

> Who will enforce these rules and how? 

Preferably PSR. [ORGANIZATION] would be provided transport to the nearest camp or told to move along. 

> [STREET] drugs have a lot to do with perpetrating homelessness and things have gotten uglier after 110 on the [STREET] level. 

How exactly would criminalization help? All that would do is take resources away from actual solutions like housing and addiction treatment. 

The number one cause of homelessness is not having a [STREET] to live: 

[URL]",0,0.16666666666666666,0,1,0
reddit,310,"The taxes I pay could easily provide them and barely scratch the fiscal budget. But since they don't, I am also a serial $20 [PERSON]. That's what I would say had you not just used the most tired, unoriginal cop-out that people who want to shirk responsibility *love* to throw around. 

There's no two ways about it. These people are lacking resources, we have *plenty* of resources, but poor government planning, spending, and regulation, combined with people who don't see the homeless as humans and simply want to kick them out, are keeping the resouces out of their hands. 

You know how when you live in a society, it's everyone's responsibility to pay taxes so we can have roads and schools? Well, as society is made up of humans and humans can't really do much without each others' help, it's also your responsibility to take care of each other. Look at the homeless people in your neighborhood. They are your neighbors whether they sleep in a house or a tent. They are neglected and abused, and the problems that you face because of their existence ([ORGANIZATION] fires) could easily be solved if society just offered a *little* bit more support.",0,0.16666666666666666,0,1,0
reddit,311,"Tragic. It's cheaper to give homeless people free housing than to jail them and harass them with sweeps. Housing should be a human right.  


[URL]",0,0.16666666666666666,0,1,0
reddit,312,Find an area that the citizens will let them build housing for houseless people. That's the biggest issue right now. We have the money. We can't find land.,0,0.5,1,0,0
reddit,313,"Sorry you think that people that poorer people than you should be treated as subhuman.

Congratulations, though. You’re part of the hive mind of the country. Your shitty attitude is prevalent and continues to perpetuate why homelessness will continue to be a problem, why healthcare or education will never be free. 

It isn’t entitlement. It’s about improving the material conditions of the people in our society. Grow up and stop having a scarcity mindset.

It’s too bad capitalism has warped your brain into thinking this [STREET]. But it’s okay. I don’t blame you, your public education was probably skewed toward this [STREET] of thinking. Hope you grow up.",0,0.0,0,1,0
reddit,314,"[ORGANIZATION] has universal healthcare that includes substance abuse and mental heathcare. The [PERSON] does not. 

Housing first in the [PERSON] works great for someone that is down on their luck, someone living in their car or couch surfing for [ORGANIZATION]. It can get otherwise ok people back on their feet and back into a job. These are the invisible homeless that are not the problem we see on the streets. These are not the people that [ORGANIZATION] is picking up literal tons of garbage after, these are not the drug users leaving needles in children's playgrounds. 

Housing first will not work with the chronic homeless without massive investments in drug programs and mental healthcare. The only change would be instead of a tent bike chop shop and drug den, it will be a tax payer subsidized apartment based bike chop shop and drug den. 

The very people that are the problem we see on the streets are still going to be a problem, they will just be a problem that is also contributing to the housing shortage. The only solution are mental hospitals where these people can be forced to receive the care they need. And as they get better they can be given more freedom and perhaps even jobs at the hospital where they can learn the skills to enter the public again. 

Leaving them on the streets while whining about boulders under a bridge is not the solution. Anyone who thinks these people should be left on the streets is a terrible person.",0,0.16666666666666666,0,1,0
reddit,315,"Sounds like you are a perfectly balanced radical always outraged [ORGANIZATION]er.  


I probably donated more to homeless/food banks, voted for more [ORGANIZATION] and progressives than 95% of people. Almost certainly I did more for homeless than you did. But you can ignore and live in your sad bubble. Most [ORGANIZATION] feels the same [STREET] as I do. Nice slacktavism!",0,0.5,1,0,0
reddit,316,"[ORGANIZATION] is the problem with this. The majority of the population there are very conservative, old, grouchy, ultra-NIMBY folks who bitch about [PERSON] and ""the communists up north"" with every breath, there is absolutely no [STREET] they'd be willing to help any homeless, let alone [PERSON]'s homeless. The police especially do not tolerate homeless people. Also, there aren't that many places to camp, and the places that were being camped are now being destroyed to keep the homeless out, and the city barely has any resources for its own citizens, it has basically nothing for the homeless. I'd bet money that whoever made this flyer knows all of this and made this flyer in hopes of causing a shitstorm.",1,0.5,0,0,1
reddit,317,"2022 [ORGANIZATION] count identified 5,228 homeless.

So $200 million / 5,228 = $38,255.55 per person.

/ DATE0 = 3,187.96 per person, per month.",0,0.0,0,1,0
reddit,318,Is this the count for homeless here [ORGANIZATION]? Or the one where they count everyone who has been here [LOCATION] as an Oregonian?,0,0.0,0,1,0
reddit,319,"There's no money to be made by actually addressing the problems that cause homelessness in the first [STREET].  Clearly, nobody here has any interest in actual solutions.  They're interested in punishing people until they aren't homeless anymore.  Or they want to just ship them off somewhere to be a problem for someone else.  It's disgusting because people here don't even see homeless people as humans.  They're seen as pests.  Nuisances to be dealt with, rather than as humans who have been failed and abused by the system that we praise as the greatest in the world.",0,0.0,0,1,0
reddit,320,It's 100% homeless folks fault the are homeless? Then why is it that homelessness is such a huge problem in the [ORGANIZATION] compared to elsewhere in the developed world.,0,0.3333333333333333,0,1,0
reddit,321,"> the commercial cleaning company the city of [ORGANIZATION] pays $26 million over [ORGANIZATION] to clear homeless camps — removed 8,000 to 12,000 tents in [LOCATION] —arguably many of the same tents [PERSON] paid for.”

The politicians get paid twice, we get screwed twice.

System working as intended.",0,0.16666666666666666,0,1,0
reddit,322,"I think it's a big leap to say that any city can or will enforce ""homelessness"" as a crime. No city has the resources or goodwill capital, especially in a [ORGANIZATION] city to eliminate camping within city limits. But there has to be a [STREET] to move the service resistant to utilize said services short of involuntary commitment; and I think that means sweeps of large problem camps.",0,0.16666666666666666,0,1,0
reddit,323,"Personally, I think we need to let the measure do what voters passed so we can assess it and make tweaks later. Otherwise, we'll just come back and rinse and repeat the same old arguments and ideas with the notion that we didn't give it enough time.

Also [ORGANIZATION] and [ORGANIZATION] have both had housing bonds DATE0. What impact has it had on homelessness (in terms of reduction)?

Hint: It hasn't reduced anything that I can see nor is it reflected in the data of homeless counts, so what gives [ORGANIZATION]?",0,0.0,0,1,0
reddit,324,"Not all homeless are criminals.

If you are rich or poor and do a crime they should go to prison. If you have mental health problems, go to a mental hospital. Poverty is not a crime. We shouldn’t be appeasing the corrupt police union in their incarceration first policy.",0,0.3333333333333333,0,1,0
reddit,325,"Whether they built the housing themselves or effectively paid for new housing into the fund, either [STREET] there is now millions of additional dollars going toward affordable housing. It’s not like the deal was contingent on *them* building it and then they turned the tables once it was too late, the development would’ve been able to proceed either [STREET].

I’m not even trying to make some moral argument in favor of [ORGANIZATION] here, I’m just clarifying that it’s not a fine, and that we should proceed in these discussions with an actual understanding of how developments like this are intersecting with the city code requirements.",0,0.0,0,1,0
reddit,326,"Nothing you [PERSON] aren't going to down vote to oblivion

but first, dramatically raise taxes on high earners making it possible for the working class to compete for limited housing resources

2nd, use that tax money to build affordable housing the private sector would never consider due to profit motive

First this will encourage the wealthy to move to burbs to avoid the punitive tax rates, and second it will increase the supply of housing the wealthy aren't able to compete for (due to income restrictions) opening up more spots for middle and lower income individuals
",0,0.0,0,1,0
reddit,327,"That said, there is something undeniably charming about the idea that the mess pictured above resulted from [ORGANIZATION]' general tendency to give panhandlers dozens of cases of water at a time. As though that's a thing we do, like generously loan out our bicycles, 90s Civics, shopping carts, recycling bins and so on.

I suppose next time I see my neighbor's [ORGANIZATION] packaging trash in the bushes down the [STREET], I should ask him to stop throwing it there. Such odd customs we have around these parts.",0,0.3333333333333333,0,1,0
reddit,328,Legit this sub should be remained “r/portlandhomelesscomplaints”,0,0.3333333333333333,0,1,0
reddit,329,"If rich people panhandled with their child [TIME] a day and didn't send them to school they would get them taken away, too.

You don't own kids, you're a guardian, and if you dont have the means to fulfill the bare minimum of that role then some sort of temporary foster care may be in order until your situation stabilizes.  We're not talking about terminating parental rights.  If the kid is dirty, and they're neglecting his schooling, or medical needs, then yeah it's time for some foster care.  But if they get him to school, and keep his hygiene up, and aren't junkies or drunks, then yeah just being homeless shouldn't get your kids nabbed.  Case by case.",0,0.0,0,1,0
reddit,330,"What are your thoughts on garbage collection? 

Currently, we only get trash picked up [ORGANIZATION], and additional trash bags can only be added at a cost. Additionally, hauling away larger items is cost-prohibitive. Some people get around this by dumping trash illegally at homeless camps, construction sites, or on the side of the [STREET]. Or they load recycling bins with trash. And of course having trash in dumpsters for [ORGANIZATION] at a time is simply unsanitary. 

The city is currently failing to provide this most basic sanitation need. How would you address this if you were elected mayor?",0,0.16666666666666666,0,1,0
reddit,331,"Is there a reason this hasn't already been done?

In the midst of the mess we have now, this is just such an obvious and relatively cheap [STREET] to add [STREET] more weight to the city's response to homelessness, drugs, etc.

Why hasn't it already happened?
What has caused the pause?",0,0.3333333333333333,0,1,0
reddit,332,"Another [ORGANIZATION]: I’ve lived in [ORGANIZATION] for [ORGANIZATION], and I haven’t seen the homeless problem this bad. The only thing I can think of is the house prices spiking in [LOCATION] as a cause of that, but maybe I’m wrong?",0,0.16666666666666666,0,1,0
reddit,333,"The private market is absolutely unwilling to house the homeless. There is no profit there. Public intervention is required when the private market is unwilling to act. The homeless crisis is the result of leaving housing policy to the private market for [ORGANIZATION]. They want to make a [ORGANIZATION], not necessarily house people.",0,0.16666666666666666,0,1,0
reddit,334,"And after this emergency is over, about 80% of landlords are going to sell. They want out. 

This should really help the housing crisis. /s",0,0.0,0,1,0
reddit,335,"I'm from [ORGANIZATION] and I have to say there is really a huge disparity between homelessness on [ORGANIZATION] vs [LOCATION], particularly concerning the behaviors of these communities. Even in these major cities like [ORGANIZATION] and [PERSON], homelessness is not visibly as bad as it is in GPE2 — the homeless camps are so pervasive here, it's honestly quite shocking. Even in the [PERSON], I was alarmed at how many people I saw sleeping on sidewalks, in entryways, on the stoops of churches, etc. There are syringes and human feces everywhere. You just don't see this on [ORGANIZATION]. Plus, many people in the homeless community in this area are rather aggressive and intimidating, whereas in places like [ORGANIZATION]/[PERSON]/etc, they essentially just hold up signs and keep to themselves. 

I understand all of the facets that make GPE2 so attractive to those that are struggling with homelessness — mild climate, generous citizens, enabling government — but to compare the homeless communities of the LOC2 to those of the east is like comparing apples to oranges. They're so remarkably different that these statistics genuinely mean nothing to me.",0,0.3333333333333333,0,1,0
reddit,336,"[ORGANIZATION] jail as a [INSTITUTION]

""but dignity!"", says a lot of people who have never been homeless.",0,0.0,0,1,0
reddit,337,so whats your solution? put all homeless folks in jail just for being homeless? DATE0 account as well.,0,0.16666666666666666,0,1,0
reddit,338,"The homeless, followed closely by [STREET] racers. They’re untouchable!",0,0.0,0,1,0
reddit,339,"Access to medical care, mental health services, and a social safety net that prevents homelessness to begin with is the answer, not amorphous “tough love.”

Did you know that the vast majority of homeless people suffer from mental illness?  Mental illness does not get better with tough love.  People end up treating their symptoms with the only affordable drugs available (often meth or heroin). 

Even for people who are employable, low wages and insane rents can make those on the edge of homeless go under with one financial misfortune.

Tough love is not the answer to this problem.",0,0.0,0,1,0
reddit,340,"Just when you get a chance chat with the squatters. If they aren't dicks or junkies you could make some rad friends.

Not like anyone was gonna buy or rent the house anyways what with how expensive it is nowadays.",0,0.16666666666666666,0,1,0
reddit,341,"The feds have forced this to be a local problem.... We really don't have a choice. We have needed housing reform for [ORGANIZATION] and the feds have completely refused to do their job. This is squarely at the state and local level. 

A ""dying town"" would be useless as there are no jobs. Many homeless people would be willing to work if they could get help getting back on their feet.",0,0.3333333333333333,0,1,0
reddit,342,">""increased law enforcement"" implies people want more cops.

>Actual responses in the article suggest people want increased enforcement of laws.

How has this become the takeaway for people from this article? It's hardly the main point.

First of all, we need both - the cops we have need to do a better job of enforcing the laws, and we need more cops to cover more areas, more consistently, and to make sure there is sufficient availability for them to respond whenever a call for assistance comes in, even if it's not an immediate emergency. 

But the real issue here is something else entirely - that by a clear majority, people in this city are sick and tired of people simply being allowed to do whatever they want, wherever they want, without consequence. Not because they're not compassionate, not because they don't understand that many people who are homeless truly got there through no fault of their own or that most of us could relatively easily end up in the same situation, but because they realize that for those that struggle the most to make responsible choices, an overall approach that prioritizes permissiveness and enabling is the worst possible ""solution"" - for them and for the rest of us. 

Speaking from personal experience here - the last thing a person needs when they are finding it hard to make good choices is for someone to make it easier to make bad ones.",0,0.16666666666666666,0,1,0
reddit,343,"A business can die. The business-owner may not necessarily lose everything but the business itself, once it goes under, is effectively dead. You are correct that the previous owners will have more options to fall back on then the homeless, but a dead business has no options to fall back on.",0,0.0,0,1,0
reddit,344,">Have you seen the levels of mental illness prevalent in these camps? 

This is a chicken/egg type thing. Was the guy who yelled at the wall for [TIME] born with a mental illness or did he [STREET] himself crazy from using p2p meth? I think there is a big difference there. One drew a shitty hand in life and the other made the choice to use drugs that eventually led them down a crazy path. 

It is important to know the difference because treatment for both is very different. The truly mentally ill is a small percentage of the homeless compared to the amount of crazy junkeys.",0,0.0,0,1,0
reddit,345,"Homeless Industrial Complex Translator: ""Harm Reduction Supplies""


Dirty needles paid for with tax dollars.",0,0.0,0,1,0
reddit,346,"Oh I meant involuntary commitment for people with severe mental health issues that need intensive care, not every homeless person!",0,0.0,0,1,0
reddit,347,"Bring it on! I am so done with crazy ways people are trying to justify [ORGANIZATION]'s terrible handling of the homeless crisis. The policy solution is so simple and relatively affordable: sanctioned campsites. Yet instead, the city choices to cave to wealthy NIMBYs and just push the homeless to lower income neighborhoods. 

Why would I even consider siding with the NIMBYs on this? They not being as wealthy as [ORGANIZATION] isn't relevant - they want to use their privilege to avoid being personally affected by our social ills rather than work towards a solution that can work for everyone. We are on opposite sides of this issue and I am not going to pretend otherwise for the charade of ""unity"".",1,0.5,0,0,1
reddit,348,"No, they aren't forced there. he said jail because I said FAC0 beds, and he got lost and said the first thing that made sense to him.

I said forced Inpatient treatment for drug addicts.

Those are people who would otherwise be in prison.

And FAC0 is not helping anyone.

Inpatient treatment for [ORGANIZATION] with rehabilitation and job training is the solution to any drug-related [ORGANIZATION].

[ORGANIZATION]-related [ORGANIZATION] should also be forcible Inpatient treatment.
We could perhaps have something on our IDs that says we are able to buy and order alcohol, and are not being abusive to our families, or becoming homeless because of [ORGANIZATION].

And all Americans should have universal healthcare, and inpatient treatment for drug and alcohol and mental health should all be covered.",0,0.0,0,1,0
reddit,349,"While I'm upset about homeless services funds not getting spent, there are legal restrictions on money raised by ballot measures. It's not going to work.",0,0.0,0,1,0
reddit,350,"Housing Resources

https://[STREET][URL]

Community Resources

https://[STREET][URL]

If you are experiencing homelessness please contact [ORGANIZATION] for additional services.",0,0.0,0,1,0
reddit,351,"Yeah, while some homeless are fine enough the issue with places like this is that you'll often concentrate the worst of them.",0,0.0,0,1,0
reddit,352,"I get what you are saying but sleeping in the [STREET] is not a reasonable answer either.  

If this was somewhere that was warm [ORGANIZATION] then that would be better in some respects but it gets freezing cold here.  Then you have to factor in being somewhere dry and thankfully it doesn't seem that homeless people aren't being harassed here but you still have some pretty rough conditions.

For a person without mental or addiction issues not having friends or family is a real issue as well. 

Of course, I'm not touching the [ORGANIZATION] situation with a ten foot pole due to the [STREET] that has affected the world.",0,0.5,1,0,0
reddit,353,"[ORGANIZATION] has been housing homeless people in hotels throughout the pandemic. This program has been extended through [ORGANIZATION] and will probably be extended through [LOCATION].

 [[ORGANIZATION] will keep homeless in hotels through [ORGANIZATION], but hasn’t tapped federal money set aside to pay for [ORGANIZATION][URL]

>[ORGANIZATION] will continue housing about 500 homeless residents in hotel rooms at least through [ORGANIZATION], extending a program designed to prevent the spread of [ORGANIZATION], even though it has not yet applied for $35 million in federal money that would pay for it. 

These hotels are probably not 5 star rated and the view may not be as nice as the [PERSON] waterfront. However, it would seem to be much better than living in a tent long term. The hotels not only provide shelter and safety, but electricity, running water, bathrooms, heat, A/C, change of towels and bed linen and probably cable TV. 

It seems that there is a short term solution already in [STREET] for the few tents that have sprung up in [PERSON] as well as longer term solutions that are being planned.

A [ORGANIZATION] search returns several articles on this subject:

[[URL]",0,0.0,0,1,0
reddit,354,"I know that [ORGANIZATION] primarily serve homeless women and children, I’m not exactly sure what they can do but reaching out to them wouldn’t hurt. I hope your situation improves asap :(",0,0.0,0,1,0
reddit,355,"Yeah how about just letting me slide on my outfuckingrageous property taxes [ORGANIZATION] GPE0. It'll only cost a few thousand bucks and you'll prevent me from being homeless. MFers.

You already know the only purpose of this plan for more city officials to line their pockets and get favors from big developers. They probably won't even manage to get a single homeless person off the [STREET]",0,0.3333333333333333,0,1,0
reddit,356,"I'm glad you're able to speak about it in the past tense, but whether it's ever true isn't really the point. It's that of all the reasons an unhoused person may not be in a shelter (for instance, access or safety), it's the emphasis on the one that's that person's fault.

To say the very least, as no cause of death has been reported, it's entirely possible one or both were COVID-related.",0,0.16666666666666666,0,1,0
reddit,357,"Tell your landlord, file a miscellaneous 311 request, and then contact your city councillor's office and include your landlord's [ORGANIZATION] the 311 request #

You could also call [ORGANIZATION] and see if they can send a community health worker out to see him, but it's usually a looong process for them to develop a rapport",0,0.0,0,1,0
reddit,358,"This is [ORGANIZATION], you can't expect to come here and live like it's the suburbs. Is this guy causing any problems beyond trying to survive?

If I were you i'd worry about the violent gangs of teens I see out on the [STREET] rather than some homeless dude who 99.5% of the time are harmless. Why not try talking to him. Homeless people I've met here are wiser than the majority of people I knew as a kid growing up in the burbs. You might learn some things about life. ",0,0.0,0,1,0
reddit,359,"I lived in [ORGANIZATION], including a stint living near [ORGANIZATION], and an am now in [PERSON]. I don't find [PERSON] to have the same kind of homeless camps and culture that [ORGANIZATION] had. That said, I never felt unsafe or threatened in either city.",0,0.5,1,0,0
reddit,360,"Not from [ORGANIZATION], but we definitely  have no problem  ignoring the problem of homelessness here. In fact we keep thousands of buildings boarded and abandoned  just for spite. As for crime, ahh..You get used to it",0,0.16666666666666666,0,1,0
reddit,361,I love giving homeless [ORGANIZATION]. Makes their [DATE],0,0.0,0,1,0
reddit,362,"Simple: get a pot of water, boil the water, add sugar and more sugar until it's super saturated. Get one of those giant squirt guns, let solution cool. Spray front yard /steps with the solution. The [ORGANIZATION] problem will keep the homeless away. ",1,0.6666666666666666,0,0,1
reddit,363,I never give panhandlers anything. I just give $100 to homeless charities a year. ,0,0.0,0,1,0
reddit,364,"> They were congregating on the streets

Article says ""individuals that are over [ORGANIZATION] and residing in city shelters"".  And I don't see anything in the article about them being drug users. Can't just make every homeless person an addict or someone with a mental health issue. The people running the program have selected a subset of people, likely those who they think can function in this new environment, and the officials seem to be making it clear that they are working with businesses, not putting folks in places that don't want them there. Hotel owners might have stepped up and answered the call, as we look out for all of our citizens during this pandemic.  We have the [[LOCATION] Unites]([URL] campaign going, and a lot of folks are stepping up to help out their fellow citizens. This is likely the case here, and I applaud that.",0,0.0,0,1,0
reddit,365,"I'm not sure why your tone is so aggressive.

That's correct, she is the mayor. Not some omnipotent superhero. One of her stronger focuses really has been on the homelessness issue. But the squeegee issue? I know its inconvenient and frustrating to have your car kicked or your blade flipped up, but I still think there are more pressing matters in the city. You seem to equate people begging and squeegee boys, but I don't think they are the same. 

I'm not here to defend the mayor, as I'm not her spokesperson, so I'm not sure why you're asking me about what shes done to address other issues in the city. Unless you are trying to argue that since she hasn't done anything, she has time to focus on squeegee boys? Not sure, a bit confused. ",0,0.16666666666666666,0,1,0
reddit,366,"So what if the people don't want / aren't able to work or live in a house?  It's pretty hard to force them.  How do you keep people off the benches and steps outside while running a soup kitchen?  They'll camp close to the food sources.

The church has long been a sanctuary of last resort.  While a tent city is possibly a step too far, we shouldn't forget that it's been doing this longer than just about any government in the world has been around. ",0,0.16666666666666666,0,1,0
reddit,367,The homeless population is about to increase substantially. :-(,0,0.3333333333333333,0,1,0
reddit,368,"This article from [ORGANIZATION] provides more information about [ORGANIZATION].  And it mentions that [ORGANIZATION] in [ORGANIZATION] is one of the communities. 
  
[URL] 
",0,0.0,0,1,0
reddit,369,Government in [ORGANIZATION] isn't really interested in cheap housing for anyone. Build a luxury tower and we'll subsidize it. Build affordable housing and gfy. ,0,0.16666666666666666,0,1,0
reddit,370,"In [ORGANIZATION], if you panhandle for 5hrs (more exhausting then you think), you will probably have 30-50 tops.  That is if the cops dont write you a ticket for $100.00 or you just get moved on.  The spots where you can make money, you literally have to fight 10 other people for the spot.  I hate hearing stories about panhandlers making a ton of money, it just does not happen often in [ORGANIZATION].  I have seen people walk the streets for hours and collect $12.oo.  ",0,0.16666666666666666,0,1,0
reddit,371,Pretty much this. Or if you’re lucky you get the scene from The Other Guys and they give you detailed information on the homeless man orgy that happened inside your car.,0,0.0,0,1,0
reddit,372,"In general, does anyone know of shelters or soup kitchens looking for volunteers on a day-by-day/not regularly scheduled basis?",0,0.0,0,1,0
reddit,373,"It took no effort.  There are literally dozens of them. It's like our society is built to support and maintain a homeless population.  

Having a society that prioritizes being able to keep homeless people, homeless and happy, is not good for society.  

There is no incentive to not be a drug addicted, begging, homeless person.   You think that maintaining a permanent homeless class of citizens is good for society?  

Get the fuck off the streets, into a job, and being a self-sustaining citizen should be the priority.

___________________

Leftist policies think happy and homeless is okay, just need to vote [ORGANIZATION] to keep the 'free' benefits rolling. Priorities.",0,0.0,0,1,0
reddit,374,">  I have no [STREET], beyond actually buying them the food, to guarantee my money is going to something of merit, so if I'm feeling generous, I'm feeling generous.

I forget how the bit goes, but I think it was [ORGANIZATION] that talked about this. And how some people get holier than thou about what a beggar might use the money for, but if you're homeless you would probably need a drink or drugs too. I'm butchering this. 

But I'm with you. Save your story. I'm either going to give you some change, or I'm not. I don't believe anything the panhandlers say, outside of the very likely possibility they've fallen on hard times (be they self inflicted or happenstance), and I'm not going to judge what you need the money for because I don't care. Just don't waste my time. Ask, respect the ""don't got it"" (I usually don't carry money) or get the change and keep it moving.  ",0,0.0,0,1,0
reddit,375,"[ORGANIZATION] will hold mail as well.  
   
Definitely in agreement with you.  Someone who is incidentally homeless will immediately enter a program rather than be on the streets.  If someone is chronically on the streets there is a reason.",0,0.16666666666666666,0,1,0
reddit,376,"I'm not risking helping out a homeless person if it means I might get stabbed to death. Sorry, I have my own people to take care of. ",0,0.5,1,0,0
reddit,377,"Squatters rights is meant to prevent self help evictions (read: vigilante justice). Instead, the government has decided they have an interest in insuring people use the proper legal avenues to remove people from their own premises (filing for eviction and trespassing).",0,0.3333333333333333,0,1,0
reddit,378,Nobody should be homeless but that also doesn’t mean people should be living in abandoned houses dealing with interpersonal violence?,0,0.16666666666666666,0,1,0
reddit,379,"So much ""not in my backyard"" in this thread. Don't wanna see homeless people get the fuck out the city.",0,0.6666666666666666,1,0,0
reddit,380,"They oppose affordable housing near them.

Not In My BackYard is very strong.",1,0.8333333333333334,0,0,1
reddit,381,you're absolutely right.  finding affordable housing is hard in any city.  [ORGANIZATION] is really 'affordable' though for [ORGANIZATION].  They can definitely have found a [STREET] since [LOCATION] for [DATE].,0,0.0,0,1,0
reddit,382,"I oppose development that destroys historic buildings/sites, or is just very poorly placed (what comes to mind is the apartment building being built in front of FAC0). But yes - ideally development would be in [LOCATION] and [LOCATION]. That's not really realistic though. Obviously there's no demand if there are miles of abandoned buildings. That's why I think development should be encouraged wherever possible, eventually it will expand outwards and spread to these areas as prices go up in the desirable neighborhoods. Right now, this is a case of beggars being choosers.",0,0.8333333333333334,1,0,0
reddit,383,"Related articles: 

* ORG0: [[ORGANIZATION], stepdaughter arrested in death of woman they initially said was killed by panhandler in [ORGANIZATION]/news/[LOCATION]

* [PERSON] (ORG2): [[ORGANIZATION] and step daughter charged in murder of [ORGANIZATION]/crime-checker/baltimore-city-crime/bpd-to-provide-update-in-murder-case-of-good-samaritan-PERSON1)
* ORG3 ([PERSON]): [BREAKING: [ORGANIZATION], stepdaughter charged case of 'Good Samaritan' who was murdered]([URL]
* GPE0 ORG5 (ORG6): [
[ORGANIZATION], Stepdaughter Arrested For Death Of Woman Initially Believed To Be Killed By PERSON3
]([URL]

Press conference:

* Facebook: PERSON4 (WBAL)]([URL]

Mayor's Statement

> GPE1, [PERSON]. -- Like everyone in our city, state and across this nation, we mourned the senseless killing of [PERSON]. To now learn that family members staged this brutal killing is beyond belief and represents a double tragedy. They were responsible for taking [ORGANIZATION]'s life with unconscionable cruelty, and contrived to do so in our city under the guise of random violence, exploiting the legitimate fears of our residents. I commend our homicide detectives for their expert and tireless work in bringing those truly responsible to justice in this very troubling and sad case.

> \- [@MaryorPugh50]([URL]",0,0.0,0,1,0
reddit,384,"I feel like this housing trust is a bit ridiculous.  We already fund a ton of public housing in this city and rents in this city are already some of the cheapest on [LOCATION].   Things like this also often spend a ton of money to help relatively few people.

What we need is more supply- cut the red tape and loosen restrictions for parking and in some cases historic code to increase the supply of new units coming on board.  [ORGANIZATION]'s new housing is [ORGANIZATION]'s affordable housing.

A great analogy- Think about who buys new cars versus used cars. It's not all that different. Yet, as [ORGANIZATION] points out, ""There's no outcry about [ORGANIZATION]'s affordable car crisis""—because [ORGANIZATION] has plenty of affordable cars, just not affordable brand new cars.
",0,0.16666666666666666,0,1,0
reddit,385,"You say this, yet people will immediately chime in about lack of housing for the scores of homeless people lined up on FAC0 or under various overpasses. Which one is it!?

Why are you being so pessimistic?? This is a *good* thing!",0,0.3333333333333333,0,1,0
reddit,386,"I don't even understand your point, you don't want to help her because she had violent attacks?

I don't know what happened to that lady, I hope she went to a mental health facility but knowing how [ORGANIZATION] works she probably didn't get the help she needs and is back on the streets. So now what, she probably won't have much choice in places to stay. So you want her to be homeless? Because the stress of homelessness is going to just cause more mental anguish which is going to just expedite whatever mental issues she has and will just continue the process.",0,0.16666666666666666,0,1,0
reddit,387,">This land is your land and this land is my land

>From [ORGANIZATION] to the [ORGANIZATION] island

>From the redwood forest to [ORGANIZATION] waters

>This land was made for you and me

With that being said, you have no idea what you’re talking about. As far as I know the shelter system sucks. Mental health treatment is even worse (best case scenario is you get DATE0 in FAC0 and get dumped back on the [STREET] but that’s only after like a major psychotic episode). Both housing and healthcare are expensive which is no good for homeless people, in fact it’s probably why their homeless. And your blaming their family? You’re blaming the homeless for having to use the bathroom but not having public facilities? Where would you use the bathroom if you were homeless? What would you do? Do have no empathy? Because there but for the grace of god goes yourself. But of course you have lots empathy for [ORGANIZATION].

TLDR you have lots of complaints but no solutions. You should just say you don’t like the homeless and you want them forcibly removed from your presence and leave it at that. Be true to yourself at least.",0,0.3333333333333333,0,1,0
reddit,388,"Sorry I dont give the only organization that gets away with child molestaion more slack about shunning the homeless which they claim to endlessly help...

Yea its their legal right to kick people out, but it goes against everything in their religions ethos",0,0.16666666666666666,0,1,0
reddit,389,Everyone is for affordable housing until someone tries to build it in their neighborhood.,1,0.6666666666666666,0,0,1
reddit,390,"Most housing in [ORGANIZATION] is pretty cheap. It may not be the best but it's available. 

I don't see any evidence of a shortage of affordable housing in the region, city or suburbs. It's not [PERSON].  

You're probably a kid so you won't remember the old public housing complexes and high rises. They were nightmares.",0,0.16666666666666666,0,1,0
reddit,391,"Yeah? And none of those cops had anything better to do? Even though when a homeless [PERSON] was screaming death threats outside my home it took two calls and [TIME]?

No, this is corruption and incompetence.",0,0.5,1,0,0
reddit,392,"That's not true at all.

[URL]

[URL]

[URL]

[URL]

I found all of this in [TIME].",0,0.0,0,1,0
reddit,393,"I really appreciate your car and concern for your homeless neighbors. However It’s not your job to solve an individuals problems that they aren’t asking to be solved. If they are asking for money or food, give them that. Trying to solve an individuals problems that they haven’t asked for is condescending and smacks of saviorism. 

If you want to help deal with the structural issues that lead to homelessness then do that on a systemic level. Advocate for increased spending on mental health, [ORGANIZATION], addiction resources. Fight against things that increase homelessness like non violent drug law sentencing, loitering laws, etc. 

There are some good advocacy organizations in [ORGANIZATION] that can guide you and help you figure out how to plug in. 

[PERSON] health for the homeless 
[ORGANIZATION] house - an incredible soup kitchen where you can learn a lot about how to advocate for poor.  
Homeless persons representation problem 
Housing our neighbors [PERSON]",0,0.16666666666666666,0,1,0
reddit,394,"I have recently moved back to [ORGANIZATION] after [ORGANIZATION] of living out of state. I am shocked at the number of pan handlers and how risky the behavior is in the various median strips and at stop lights. This is a horrible indicator of the state of [ORGANIZATION] that includes the ripped up roads and the lack of leadership. Panhandling should absolutely be regulated for public safety. I was recently in [PERSON] and they have signs up discouraging giving money to panhandlers and providing places where you can text to donate money. There are solutions, [ORGANIZATION] just likes to shrug and point at the murder rate.",0,0.5,1,0,0
reddit,395,"I dunno, we should probably value affordable housing over someone's view from their condo. Like, this sentiment:

>“Now we get a brown siding, and you’re going to be 30 feet from their deck, which I can hardly imagine will be [a welcome view] over a glass of wine,” she said.

I can't imagine saying something so tone-deaf. Ecological and traffic concerns, sure, but the view you have when getting sloshed on box wine is the furthest down the list of shit we should care about.",0,0.5,1,0,0
reddit,396,"I regularly see panhandlers in the parking lots of shopping centers in [ORGANIZATION]. My impression is that the concentration of panhandlers in traditional hotspots like along [ORGANIZATION] has remained flat (maybe even slightly declined) over [LOCATION], but it has become far more common in the suburbs in [DATE].",0,0.3333333333333333,0,1,0
reddit,397,I often wonder how often homeless people get faked out by people sitting at a light when they might look like they're getting change to give but they're really just reaching to check their phones.,0,0.16666666666666666,0,1,0
reddit,398,"> just saw a cop chilling there 

It would be cheaper to pay all the panhandlers to just not 'work' anymore than it would be pay police to enforce something like this. You know how many ""there""s there are in the city?",0,0.3333333333333333,0,1,0
reddit,399,"Yup, and just thinking back to when me and an ex moved from a smallish one-bedroom to a rowhouse for the first time and all the shit that entailed. I'm no expert on what the housing needs for the unhoused are, but if I had the means to do a comparable plan it'd be a series of steps starting with SROs and helping people move into bigger spaces if/when they're ready.",0,0.0,0,1,0
reddit,400,"I think he is hoping someone will offer him a [STREET] to stay for free, other than a [INSTITUTION]. Just the [STREET] I see it.",0,0.0,0,1,0
reddit,401,"This is a good point. I'm not sure if you're using this as an argument that people WANT segregation, or if you're just pointing out something you've seen, but the idea of gentrification brings attention to how out-of-balance things are. 

Gentrification is fucking awesome to people who own property, right? Like - if I bought a home for $40k and suddenly that neighborhood became the [STREET] to be, I'd be pumped to earn over 1000% on my investment over [ORGANIZATION]. 

But let's face it: **Gentrification is happening in places where the people living there do NOT own property.** They're tenants renting someone else's property. The ""kind"" landlords will raise rent to merely catch up with tax assessments and basic inflation, the rest of them will go ""the market value has changed"" (I put ""kind"" in quotes because very, very, very few landlords are anything but exploitative). 

***

So when we look at answering questions about systemic racism and living/property costs and wealth, a few things come up:

- Generational wealth is a concept that has positively impacted whites at a higher rate than [ORGANIZATION]. Everything from slavery to [ORGANIZATION] to redlining so every other flavor of systemic racism, the privilege of building and passing on generational wealth isn't afforded to many [ORGANIZATION]. Escaping the poverty loop is hard enough - and when you don't have generational wealth to build/pass on, you're stuck renting and hoping you don't get gentrified out of your living situation.
 - With no generational wealth, you greatly reduce the likelihood that the affected person can purchase a home
 - YES - white people deal with this too, albeit on a less-proportional level, and without the many other roadblocks. It needs to be understood that certain measures that may benefit [ORGANIZATION] may benefit whites in this same position...
- Accessibility to homes for those who might actually be in a position to purchase is waning. If you're [ORGANIZATION] from the east side and you want to remain in the community you grew up in, you might be looking at the east side. You might find something that's within your price range. You might also learn that your home's value may not appreciate faster than the rate of inflation because of where you are.
 - ""Crime!"" some of the neolibs and conservatives will cry. ""It's that [STREET] because of crime! Fix the crime and values will go up!"" Perhaps - but tell me how much that value actually goes up when the sounds of the 33 drown out your backyard [ORGANIZATION].
 - Hidden barriers. Aside from the pseudo-redlining that still happens among [ORGANIZATION], those $40,000 homes on the east side often require additional money to make them comfortably habitable. 
- NIMBY will always be a huge roadblock. Every time anyone ever mentions ""affordable housing"" - whether it's an income-based apartment complex or some allocation for some affordable path to home ownership, people make a stink. They will fight for ""those people"" to go back to to the [STREET] they belong and then use every dog whistle, holier-than-thou argument, and sob story about how the safety of their neighborhood is at risk.",1,0.3333333333333333,0,0,1
reddit,402,"So a private developer can build nice units on the east side for $200,000 but it costs twice that for 'non-profits' to build 'affordable housing'.....  Things that make you go hmmmm.

These are nice looking designs.",0,0.16666666666666666,0,1,0
reddit,403,"I know [ORGANIZATION] is placing homeless folks in hotels. I do not know the criteria, but maybe try there",0,0.3333333333333333,0,1,0
reddit,404,"[ORGANIZATION] isn't as cheap for housing as people say. Apparently they haven't rented an apartment or room in [ORGANIZATION] or FAC0 in awhile. If they did they would know at those prices you usually only get a craphole.

Jobs here are great if you know people, if you social network you can make money in this town. If you are secluded and keep to yourself chances are you will only make min wage or just above.

There is a huge income disparity in ORGANIZATION.
I have found myself homeless here twice in [ORGANIZATION]. 

Once because of a job that closed (FAC1). Another time because I rented one of those *reasonably* priced apartments and dealt with a crazy landlord who would often come into my apartment. Sometimes when I was home, others when I was not home. That's just the start of it.

(Disclaimer: Being white and educated doesn't mean you aren't poor, a lot of people are educated here and job competition is vicious.)
I am white.
I have a DATE1 degree.
I do smoke pot, so that has definitely been a huge obstacle for me to overcome in regards to professional jobs.
But other than that I do not drink, take pills or other drugs.

So other than that, [ORGANIZATION] can be a great city to live in.
But the downsides are the nepotism, cold, income disparity, high rental prices, lack of reasonable bus system(that arrives on time or to the suburbs), [ORGANIZATION] collar/non-union).

Oh, and if you have any issues with credit good luck renting anywhere corporate. I was a unlucky individual with a awesome mother who used my info for utilities and other bills that makes renting that [STREET] near impossible. 

I'm not knocking [ORGANIZATION], but it has some serious issues and I just wanted to offer an alternative perspective from my lifelong episode of poverty and snow.

GL and Welcome to [ORGANIZATION].

Edit: Oh yeah try to avoid temp agencies as it is a bit of a footsie game and often employs you in revolving door employment opportunities. ",0,0.3333333333333333,0,1,0
reddit,405,"I never said most were secretly rich lol. I only said there is a percentage, a low percentage, of “homeless” folks looking for easy money.",0,0.0,0,1,0
reddit,406,I dont see any homeless here?,0,0.5,1,0,0
reddit,407,There's so many services available to homeless it's unreal how anyone could have trouble.,0,0.0,0,1,0
reddit,408,"As someone who didn’t live in [ORGANIZATION] until [ORGANIZATION]:

1. Affordable housing.  
2. Benefits of living in a major city (plenty to do, public transportation, cool music and art scenes, great food/booze, etc).  
3. Friendly people, sprinkled with just the right amount of assholes (keeps you on your toes).  
4. There are a few cool buildings.  
5.  Affordable housing.",0,0.16666666666666666,0,1,0
reddit,409,"Overall agree, but ""affordable housing"" just means subsidizing housing for a small group of people at the cost of increased housing costs for everyone else, among the other bad things that come with specific subsidized housing.

It may be worth subsidizing housing for the poor, but to subsidize specific housing is not good.",0,0.0,0,1,0
reddit,410,"There has been a shift in language to calling these individuals unhoused versus homeless. A home doesn’t have to be a stable structure, it can be a specific city or even a feeling…one can find a sense of home with people, on the open [STREET], etc. and some unhoused people are offended by the implication that they have no home when they’re referred to as homeless. “Unhoused,” on the other hand, indicates the person doesn’t have a physical residence at which they reside - a literal structure. The word homeless also has such a negative stigma attached to it. Language matters.",0,0.0,0,1,0
reddit,411,"Yeah, he straight up cut off a conversation friends and I were having to attempt to shake a friend of ours’ hand. She just said no thank you and he continued to try and asked her name. We were all like…welp time to tell this guy to fuck off, finish our drinks, and hop on outta here. Also for the record he’s not homeless. Maybe mentally ill at this point, but not homeless. He lives in [ORGANIZATION]. He chooses the attempted drifter life.",0,0.3333333333333333,0,1,0
reddit,412,"The issue isn’t that the use of demolition: it was the indiscriminate use of demolition without consideration or alternative or long term plan, and worse, that it continued even as [ORGANIZATION] began its “renaissance” and through to [ORGANIZATION]. A sound policy in [LOCATION] when the city is reeling and losing thousands of people [ORGANIZATION] doesn’t make sense in [LOCATION] let alone [PERSON] when there’s a need for more affordable housing, and houses, any house, sell for thousands and thousands at the in-rem auction. 

Again, do I blame them for using sound public policy for DATE5 city planning? No, but the lack of follow up and no transition to an alternative policy as [ORGANIZATION] (in particular it’s real estate market) improve is just so frustrating. The result has been hyper increases in valuation and gentrification in some neighborhoods and intensifying concentration of poverty in others, and allowing developers to tear down huge swaths of [ORGANIZATION] (as some folks above seem to be salivating for) won’t change that: leadership and effective public policy will.",0,0.0,0,1,0
reddit,413,"And they're asking people to donate food, clothing, and baby supplies -- not tents. As a lifelong democrat, no I am not universally opposed to social programs.

The reality is that the [ORGANIZATION] could donate the tent and camping supplies to a local nonprofit that could make good use of it. This is not as flashy or righteous as giving it to LGBTQ homeless people. The best outcome is someone pops a tent on the sidewalk, neighbors and local businesses call police immediately because encampments are not normalized here, and the tent is thrown in the trash. Worst outcome is someone pops the tent on private property and they are verbally/physically threatened before their tent is thrown away.

You can empathize with the homeless and gladly pay taxes to support people. You don't have to allow encampments to spring up in public places. You let that fester long enough under good intentions and you turn into [ORGANIZATION] or [PERSON]. Look up the [ORGANIZATION] long skirmishes between police and activists over clearing encampments in FAC0 in [PERSON].

[ORGANIZATION] isn't a wealthy or glamorous city, but people value nice, safe public spaces. If encampments ever become normalized here it's not going to be in [PERSON] or [PERSON], but rather the worst parts of town creating further problems.",0,0.5,1,0,0
reddit,414,"DATE0 has almost 0 relevance to this conversation; cost of living is astronomically higher, while real wages have been stagnant for most of DATE1 DATE2. The housing crisis is an *affordability* crisis, and increasing supply across the board is a strategy to solve it.

Not everywhere needs to have middle density housing options, but you also don't want to completely suburbanize parts of [ORGANIZATION] with single-family homes, especially when it means higher utility costs and greenhouse gas emissions per capita. 

I'd also push back on the idea there was no housing crisis in [LOCATION], since urban renewal efforts targeting ""overcrowded"" black neighborhoods began soon after WWII, as black renters were not allowed in many ""higher end"" (white) neighborhoods. So an actually colorblind housing market might have seen higher demand for density outside of downtown if black urbanites could choose where they were able to build their lives.",0,0.0,0,1,0
reddit,415,"So it seems like you're assuming that most or all homeless people on the streets are rebels who choose to be homeless rather than ""follow the rules."" Considering all of the theft and violence that regularly goes unchecked inside homeless shelters, I'm not sure what rule you think they broke that got them kicked out.

Or maybe you're just rationalizing to find a reason to dismiss an entire class of people in need, to make yourself feel better about not helping. ",0,0.0,0,1,0
reddit,416,I don't necessarily know if this will grow our govt debt though. How much do we spend per homeless family versus subsidized family?,0,0.5,1,0,0
reddit,417,"Yep, i used to live in [ORGANIZATION] where I taught English. Many cities in [ORGANIZATION] are pretty small and compact and the giant apartment block buildings are stacked tightly concentrated in areas to give people very cheap housing (or free if they inherited them from [ORGANIZATION]). We should do the same. 5 to 8 story apartment block buildings. Pack people into one bedroom and two bedroom units for free or cheap. That would end homelessness and the housing crisis. Americans do act a bit spoiled asking for more living space than many other people worldwide but we have the means to at least provide a minimium if the [ORGANIZATION] would fuck off",0,0.0,0,1,0
reddit,418,Man of faith lol he’s a homeless drug addict,0,0.0,0,1,0
reddit,419,"Sure, the government and [ORGANIZATION] definitely dropped the ball.

The issue is that it’s feast or famine with public housing funding. So not only does mixed use help to better include those reliant on affordable housing into society instead of isolated public housing islands, it also guarantees a steady source of funding to ensure the affordable units never get to the point of [ORGANIZATION].",0,0.0,0,1,0
reddit,420,The availability of affordable housing is the issue I present in all my comments. Whats the real issue then ? ,0,0.0,0,1,0
reddit,421,"Always interested in trying new pizza spots. Thanks Regardless of quality though, one shouldnt beg for food or money and then disrespects/criticize you for helping them out. This happened when I started working downtown and had more of a positive outlook on humanity. [LOCATION] anymore. Ive heard all the reasons and responses why beggar are broke or hungry. They just want to get fucked up because they fucked up their lives and cant deal with reality.",0,0.0,0,1,0
reddit,422,Is this the dude who was (maybe) homeless in [ORGANIZATION] for [ORGANIZATION]?,0,0.3333333333333333,0,1,0
reddit,423,"It’s not just that developers are greedy and want a fast return on investment, it’s that they often can’t secure financing for a project without demonstrating said return on investment by charging high rents. Developers may want to build more affordable housing, but it won’t be green lit at those price points, hence why [ORGANIZATION] has to step in the bridge the gap in financial proposal to make it viable.",0,0.0,0,1,0
reddit,424,"If you don’t want these sorts of facilities on [ORGANIZATION], where do you propose we put them? Do you think that [ORGANIZATION] would be free of homeless people if [ORGANIZATION] was nonexistent?",1,0.6666666666666666,0,0,1
reddit,425,"Yeah the whole concept of ""trickle down housing"" is a farce in all but a handful urban areas-- [PERSON], [PERSON], [ORGANIZATION], [PERSON], etc. Even in those places better results would be had actually tackling the problem from an affordable housing perspective instead of just agitating for more housing at the yuppie price point, which is what most of the YIMBYs are doing. Density is great, but if all the units are $1500/mo and marketed to 20-something white collar workers it doesn't do a whole lot for actual working class people.",0,0.0,0,1,0
reddit,426,Theres a homeless camp at the end of [LOCATION],0,0.6666666666666666,1,0,0
reddit,427,"It's a 2.5 or 5 km walk on [ORGANIZATION], hosted by [ORGANIZATION]. Starts at FAC0 in LOC0 at [TIME].

Might be a fun to meet some of you in person, while also helping some local folk in need. Plus, [ORGANIZATION] is awesome, providing runaway, homeless and [STREET] youth with safe shelter and services.",0,0.0,0,1,0
reddit,428,"Is he homeless? I've been seeing him for [ORGANIZATION], I always figured he had family or something helping him.",0,0.0,0,1,0
reddit,429,I don't see the need to assign any blame to property owners in squatting cases. There shouldn't be an obligation to visit your property [ORGANIZATION] to ensure a squatter hasn't broken in. Not visiting your property for [ORGANIZATION] doesn't indicate rot or neglect. How many second homes / cabins in the [ORGANIZATION] aren't visited in [ORGANIZATION]? Snowbirds in [ORGANIZATION]?,0,0.3333333333333333,0,1,0
reddit,430,"[ORGANIZATION] is a right to shelter state so [ORGANIZATION] has to [STREET] you somewhere if you go during [TIME] and are homeless. If it’s after [TIME], ORG1 basically will just give you a hotel placement for [TIME], or [ORGANIZATION] if it’s DATE1 night, just enough to get you to be able to go to [ORGANIZATION] to get a shelter placement. Code Blue had started technically, but the low-barrier shelters at 586 FAC0 and ORG2 on FAC1 that you can just show up at [TIME] on [TIME] are only open if the temp is going to drop below 32°.

You can follow up with his counselor, but most likely what they did is fill out what is called a SPOA application. This will put him on a waitlist for subsidized housing based on his diagnosis. What you would basically be hoping for with that is some [ORGANIZATION] funded program that doesn’t require homeless time, since he won’t have any under [PERSON] standards until he is “literally homeless” by staying in a shelter or on the [STREET]. He can’t fill out a VI-SPDAT until he meets the “literally homeless” definition that I mentioned before, and that would put him on a waitlist for a rapid rehousing program or a subsidized [PERSON]-funded program. Unfortunately, with how bad the current housing situation is in [PERSON], most of those options will still not get him housed for DATE2.",0,0.0,0,1,0
reddit,431,"Hello! It's quite a culture shock coming here, huh?! I mean, it's beautiful here, but the number of people, traffic, homeless....🥴",0,0.5,1,0,0
reddit,432,"Banning homelessness doesn't make it go away, it just makes life harder for people that are homeless

The shelter system is underfunded, too small, and often dangerous

Institutionalizing people doesn't actually help for people that don't want it and there's also nowhere near enough money and beds to do it",0,0.16666666666666666,0,1,0
reddit,433,"For sure, the easiest thing we can do is ensure housing remains affordable. 40% of homeless in [ORGANIZATION] have jobs.

We can reduce the number of homeless by half by building more housing and providing economic solutions like micro apartments.

The [ORGANIZATION] epidemic is another issue altogether. That requires more long term treatment facilities, healthcare workers and transitional housing.

At any rate, the top priority is to get people off the streets.",0,0.3333333333333333,0,1,0
reddit,434,"I’ve been pondering this for a long time. FAC0 not leave the main building and a portion of the surrounding buildings that can be reasonably saved and reused and utilize the rest for affordable housing? I know everyone has issues with PUSH, but there has to be some funding available for a project like that- federally? State? I’m talking about homes that are similar to the neighborhood or the neighborhoods in [ORGANIZATION], [PERSON], GPE2.",0,0.0,0,1,0
reddit,435,"The [ORGANIZATION] already refers to it as the unhoused clinic...  So, you tried to shoot your shot, and missed.",0,0.0,0,1,0
reddit,436,I imagine the people downvoting you don't know.  I was homeless in [ORGANIZATION] and homeless when I first  arrived here until I got on my feet. The homeless issue is NOTHING compared to [PERSON].,0,0.0,0,1,0
reddit,437,">“This will literally be a three-story house in our backyard that doesn’t belong in this area,” said [ORGANIZATION], who lives on [ORGANIZATION]. “They’d be looking down at our pool and our backyard.”

...So I guess grandma and grandpa can to fuck themselves then, because you're too much of a paranoid shut in?

Man, to think people will happily choose having homeless seniors over being minutely inconvenienced is...horrid.",1,0.5,0,0,1
reddit,438,[ORGANIZATION]) has [ORGANIZATION].  I'm not sure if they can help or not but it's not going to hurt anything to call and ask [PHONE] [ORG0-Homeless-Housing-Brochure.pdf ([URL])]([URL] Wish you all the best!,0,0.0,0,1,0
reddit,439,It is harder. The loudest complainers are the ones who wouldnt hire a homeless person.,0,0.0,0,1,0
reddit,440,"I think it would be absolutely devastating to separate the dog from his owner for both of their sakes, there’s a bond an animal has with its owner and vice versa. The best case scenario would be a [INSTITUTION] that could take them both though I don’t think one exists in this area and help from the community",0,0.0,0,1,0
reddit,441,"Housing prices rising at their current pace is not a good thing.  Do you want to be wading knee deep through homeless people?  What an absolutely asinine [STREET] to make money.

In an ideal world we'd make building new housing in [ORGANIZATION] a red tape free, easy process.",0,0.6666666666666666,1,0,0
reddit,442,"The assholes who block affordable housing are far from exclusive the the [ORGANIZATION] village and are often the same assholes who complain about having to even see poor people in the same space as them. I’m not saying every luxury condo needs to have a rent controlled portion but we need a big reality check when it comes to housing in this country. The most liberal cities in the country, like [PERSON] and [ORGANIZATION], just shovel money into a pit trying to combat the homeless problem, and still can’t get affordable housing built because no one wants poor people living near them. If there’s a simple solution, we certainly haven’t found it yet.",1,0.5,0,0,1
reddit,443,What’s that saying about beggars being choosers?,0,0.16666666666666666,0,1,0
reddit,444,"It's not. It's even for property that is titled to someone else.

You're right, the occupier can't force the landlord to let them stay there if they've been there [ORGANIZATION]. The owner can trespass that person, and have them removed if they've been there [ORGANIZATION].

However, if the landlord is absentee and doesn't notice and the person is there for [LOCATION], then they get tenants rights and have to go through the standard eviction process. The squatter can still get removed via the eviction process. The squatter doesn't get ownership over the property. That takes DATE2 of adverse possession.

You can read all about ""adverse possession"" laws in [ORGANIZATION] if you don't believe what I say. Don't take my word for it.",0,0.0,0,1,0
reddit,445,It's everywhere nowadays. Every city I've been to. There are record numbers of homeless people in [ORGANIZATION],0,0.16666666666666666,0,1,0
reddit,446,[TIME] before [DATE]. Only a very few neighborhoods have beggars [TIME] now.,0,0.5,1,0,0
reddit,447,"He looks like a small pirate who lost his ship (flowing garments, missing teeth, shaved head). You’ll see him in town when there’s a crowd outside. And then when you relocate to another part of town he’ll be there too! Even though you drove and he’s only ever seen on foot he’s somehow at the new location like [TIME].

You’ll see him outside of bars trying to sell his jewelry to drunk people. He’s not homeless and he doesn’t have a mental illness. He will actually engage you in as much nuanced conversation as you want. He does try to get huggy with ladies sometimes and has gotten a reputation for being creepy because of it. But if you keep him at an arms length and send the same nope signals as any guy hitting on you at a bar he’ll get the hint.",0,0.0,0,1,0
reddit,448,"Did you read the same article I did?

He wants to grow the amount of affordable housing from 25% to 40%.",0,0.5,1,0,0
reddit,449,"That affordable housing is being demolished and not replaced,not that this building is being built.",0,0.3333333333333333,0,1,0
reddit,450,"It is like we are reliving the **""Night of the Living Homeless""** episode from [LOCATION].",0,0.16666666666666666,0,1,0
reddit,451,"[ORGANIZATION] has been advertising we're doing this ever since our country decided to encourage illegal immigration.  In case it isn't obvious, you can't be pro illegal immigration and turn around and be ticked off because homeless people are everywhere.  Or low wage jobs aren't paying higher.",0,0.0,0,1,0
reddit,452,"Happens all the time. Pickup is downtown [ORGANIZATION] near the ORG0 pantry.

Source: The urine smell around the ORG1 building decreases every time there is a homeless bus out.",0,0.0,0,1,0
reddit,453,"There was no discussion of illegal aliens during the town hall, only of homeless people in general. PERSON0 probably would not send migrants here because it is too close to [ORGANIZATION].",0,0.5,1,0,0
reddit,454,"[PERSON]. You don’t have to. But, spoiler: [ORGANIZATION] also has the same program to fly homeless people back to the mainland. The [ORGANIZATION] program though is about reuniting people with family who may be able to help them as well as the state providing some support once they arrive. Neither the [ORGANIZATION] nor [PERSON] program are about simply dumping people but, the idea of sending homeless people to [ORGANIZATION] which has a very serious homeless problem to begin with did not sit well with residents. There’s not just the people in tents in [ORGANIZATION] but, if you go into the interior of the islands, there are entire “villages” of homeless people (including multigenerational families) who have jobs, kids enrolled in school, etc but simply can’t afford a [STREET] to live.",0,0.6666666666666666,1,0,0
reddit,455,"You’re disingenuous. You absolutely know what she meant  by “democratic state” but for your benefit,  let’s do the color designation like you are in kindergarten. [ORGANIZATION] is a blue state. A sanctuary state. Why would your wonderful governor complain about the homeless? [ORGANIZATION] people should welcome all of them to their neighborhoods. No?",0,0.5,1,0,0
reddit,456,"Someone mentioned gas stations, and I second that advice.

I have several friends whi are mangers at different [ORGANIZATION] gas stations and give homeless regulars  a ""job"" which is really just taking out the garbage and keeping the outside of the store clean in exchange for hot food that they are going to toss anyway, and even water and coffee. As long as they don't scare the customers away by hanging out/sleeping/begging on the premises, it works out well.

One of them had a woman who was outside of his store for [ORGANIZATION], rain or shine, in heat or cold. Her son was in prison, and she was trying to raise money to get an apartment for herself and him so that he would have a [STREET] to go when he got out. She was very friendly and never asked anyone for money outright - just would give a friendly ""hi"" and have [DATE].And if people gave her money, she would thank them, and she saved every penny - never used any on herelf so my friend let her get water/food from inside. I would stop and chat with her sometimes, that's how I know why she was out there. My friend let her stay out there all the [STREET] until she had the money to get her own [STREET]. I remember the last time I saw her, she updated me and told me she had got a [STREET] and was now trying to find some cheap furniture. I haven't seen her out there since, so  I'm glad that she made it.

My other friend who manages another [ORGANIZATION], had a guy there who he exchanged food and drinks for cleaning up the outside of the property and emptying the trash.  That worked out well for [LOCATION]. I would see this guy there all the time and it worked out well for both of them until recently -  he had to finally kick the guy out because he started bringing his friends who were  addicts and they started building a makeshift house on the side of the building and were kind of creeping the customers out.

But yeah, if you go inside and talk to the managers of one of these gas stations, a lot of them will work something out  with you.",0,0.0,0,1,0
reddit,457,"Yea, a lot folks assume panhandlers are homeless, not even close to the truth. Homeless don't normally panhandle.",0,0.0,0,1,0
reddit,458,Homelessness is only going to get worse.  Interest rates and housing costs are going up.  Minimum wage earners cannot afford housing anywhere in the country.  The city should stop wasting money on stadiums and theaters and use it to help people instead.,0,0.0,0,1,0
reddit,459,"I got accosted by some rando out at my secluded smoke spot in [ORGANIZATION], wonder if it was a homeless dude from near the [ORGANIZATION].",0,0.3333333333333333,0,1,0
reddit,460,"I have noticed a lot more homeless here since the pandemic. Many of them are from out of town and unfortunately they bring their bad attitude with them. I've offered to get them food, but they refuse. Luckily none have cussed me out. Maybe because I'm over six feet tall...either [STREET] I hope they know that there are resources out there for help, but they're going to want to seek and want it.",0,0.3333333333333333,0,1,0
reddit,461,"Not saying that those aren’t factors—they definitely are—but the truth is that the majority of homeless people are mentally ill, addicted to drugs, or both. If I had to guess I’d say this is especially the case when it comes to the individuals who tend to harass or get aggressive with other people as being discussed here.",0,0.0,0,1,0
reddit,462,"Yeah PERSON0 and PERSON1 battle is bad. I saw one of the homeless men relieving himself under the pass. I’ve seen another man tweaked out on drugs literally on the ground where he could get run over, had to swerve to not hit him (called 911 on him). I’ve had to call the fire dept when it’s cold because they just lay on the ground in freezing temps. It seems that now on every intersection I see more and more homeless. New faces from the ones in used to seeing. 
No idea how or what can be done, but something needs to be done. Not even sure where to offer donations.",0,0.16666666666666666,0,1,0
reddit,463,"Yeah he really put emphasis on the horrible, and I had to keep my eye on him cuz he made me uncomfortable after that, but that was a while ago and I haven't seen em. One of few times a homeless guy ever made me feel that",0,0.0,0,1,0
reddit,464,"A tip for your safety:  There is a difference between homeless and the transients.

Some of the transients are actually not homeless.  They are traveling without a vehicle and are often very dangerous and many are wanted in jurisdictions for crimes.

If you see someone who seems to have a backpack, but seems reasonably put together, be cautious.",0,0.16666666666666666,0,1,0
reddit,465,"Make it about the homeless in [ORGANIZATION],.  There are a ton of them there.  They are  taking over that [STREET].",0,0.5,1,0,0
reddit,466,"Everywhere dude. Although are you looking for migrants? Or are you looking for people who became homeless for reasons other than migration? The reason I ask is because the homers people seemed to have been pushed out of a lot of their usual spaces by migrants. The people I see
At FAC0 and the FAC1 intersection are migrants. If you go to [ORGANIZATION] are you’ll find some homeless people who have been there awhile",0,0.3333333333333333,0,1,0
reddit,467,"More so heading east. At loves truck shop close to horizon city. Tbh though I don’t see many homeless out and night. Lived here since I was DATE0.

Edit: or perhaps the [ORGANIZATION] [INSTITUTION] downtown.",0,0.16666666666666666,0,1,0
reddit,468,"From what I've heard, [ORGANIZATION] doesn't give you food stamps if you're homeless. Only [PERSON], as far as I know.",0,0.0,0,1,0
reddit,469,"homelessopportunitycenter

[URL]

I was browsing through all the shelters and these 2 service homeless people with severe mental illnesses.. if you do decide to keep searching for her..",0,0.16666666666666666,0,1,0
reddit,470,"Check in [ORGANIZATION] nm in [PERSON]. Many homeless travel from [ORGANIZATION] and [ORGANIZATION] and if she has been in [ORGANIZATION] they will have some record of that 
God bless",0,0.0,0,1,0
reddit,471,You might want also try area nursing homes. Often times after homeless land the hospitals they are often placed in nursing homes assuming there is a funding source.,0,0.16666666666666666,0,1,0
reddit,472,Can confirm the [STREET] was a flop house for homeless and addicts as I work in [ORGANIZATION] across the [STREET]. I am not surprised this didn't happen sooner.,0,0.3333333333333333,0,1,0
reddit,473,"it puts into perspective how fucked our country is and how dirty it does the population. We have a homeless epidemic, I'm lucky enough to be in a position where I can help and often volunteer about once a month or so, I've seen first hand how many we have and the fact that its considered a good low number is twisted. Obviously [ORGANIZATION] has a significantly better government than [PERSON] and [PERSON] so it isn't as bad here as there but our numbers should be what those two states experience and ours should be near nonexistent. 

  
[PERSON] has managed to essentially eradicate homelessness with a worse GDP to population than we have, no excuses for the [PERSON] to not have done the same thing. Being in a profit over humanity country really sucks sometimes. We got all the money in the world to give to useless foreign countries that do not help us and set up camps for migrants who will never see citizenship because we've designed it as a tax write off instead of an immigration point, but none to spend to help our people, not just with homelessness but education, healthcare, and literally everything under the sun all the [STREET] down to school supplies for teachers. 

  
I'm not a big fan of the government.",0,0.16666666666666666,0,1,0
reddit,474,[ORGANIZATION] and [PERSON] carry the burden for the rest of the country. You think all the homeless in [ORGANIZATION] are from [ORGANIZATION]?,0,0.16666666666666666,0,1,0
reddit,475,"Health dept. , [ORGANIZATION], police dept. Homeless shelters, community health centers.",0,0.0,0,1,0
reddit,476,FAC0 is three blocks away from the [INSTITUTION]. A lot of drug use around that area.,0,0.16666666666666666,0,1,0
reddit,477,"Not exactly sure but I usually see homeless running to and from demolished parts of the gate(highway construction) which makes a small opportunity to cross people, drugs, etc. ",0,0.0,0,1,0
reddit,478,"“No homelessness? Affordable homes? High quality of life?”

Donde guey?!",0,0.3333333333333333,0,1,0
reddit,479,"Lmao “affordable housing like this does mot bring crime with it”

Just openly lying seems not to be working for y’all anymore time to try a different strategy.",0,0.5,1,0,0
reddit,480,"While poverty is one of the best indicators for crime, 100 units does not a low income area make.
There is also no data to suggest that affordable housing is the cause for increasing crime in low income areas.

[URL]

[URL]

[URL]

[URL]

So like, I don't know where you're getting your ""truths"" you're talking about but I'm down to be proven wrong.",0,0.0,0,1,0
reddit,481,"I’m sorry that you’re going though this, but not liking dogs is not a good excuse. There are so many dogs and puppies suffering here in [ORGANIZATION]. Out dumped the desert or in the shelter (800+ with euthanasias occurring [ORGANIZATION]). I just picked up two starving German Shepard pups from the desert [LOCATION] and have been having a hard time finding a home for them. I just accepted that we are going to keep them and be a 4 dog home. I hope you guys give [ORGANIZATION] a chance. Too many needlessly homeless dogs.",0,0.16666666666666666,0,1,0
reddit,482,"Yes. Move to [ORGANIZATION]. [PERSON] is not comparable to [ORGANIZATION] in very many [STREET] other than it’s very Hispanic culture (but ep food is better), great weather (esept the wind 💨). The cost of living is rapidly on the rise though. Housing and especially affordable housing is very limited. Crime is a fraction of GPE2. It’s a great [STREET].",0,0.3333333333333333,0,1,0
reddit,483,"Haha do what about it? Type another snarky remark on the internet? NOPE. None of you soy boys intimidate me anyway. Homeless issues affects all working classes from all walks of life, liberal or not. So what if I posted it here?  There are plenty of ""right wing badasses"" in [ORGANIZATION]. You just hang around the wrong people.",0,0.3333333333333333,0,1,0
reddit,484,"Go to [ORGANIZATION] in downtown [ORGANIZATION]. It's a [INSTITUTION]. The entrance is in an alley. Go during [ORGANIZATION]. 

Ask for [ORGANIZATION] and tell him you want to do a quick documentary. He will help you out, he's a good guy. He's real skinny with a bald head. 

Or go to ORG1, which is a block away. Those are for homeless veterans though, if you want diversity.",0,0.16666666666666666,0,1,0
reddit,485,Many cities are busing homeless folks to [ORGANIZATION] other sunshine states. What is the answer to homelessness anyway?,0,0.3333333333333333,0,1,0
reddit,486,"I’d exercise caution with the people standing at the intersections asking for money etc (panhandling). A lot of them (potentially) can be scammers and are not actually homeless. Not saying all, but many could be scamming.",0,0.0,0,1,0
reddit,487,"Yea theres a housing crisis going on, so there are more unhomed people around now.",0,0.0,0,1,0
reddit,488,"DATE0 I volunteered at a [INSTITUTION] called [ORGANIZATION], they have an immediate outreach center where you can get a shower and do your laundry along with a meal all free of charge, they’re located a bit east of downtown on 130 N cotton st, would highly recommend giving them a visit",0,0.0,0,1,0
reddit,489,"It's a pretty well known fact that most homeless people will try to migrate to an area that is more open/accommodating to homelessness AND that their destination has good to great weather [ORGANIZATION] round. Why would homeless people stay in [ORGANIZATION], much less [PERSON] with our climate? Not surprised in the least about what this map shows.",0,0.5,1,0,0
reddit,490,I thought [ORGANIZATION] loved homeless people?,0,0.0,0,1,0
reddit,491,"I've been living in [ORGANIZATION] for [ORGANIZATION] and although the homeless population isn't nearly as bad as other major cities, I have noticed an increase since the pandemic. Not sure what the root cause is either. 

I speculate that a lot of homeless come from out of town and end up staying here because they noticed is so quiet and peaceful compared to say [PERSON] or GPE2.",0,0.16666666666666666,0,1,0
reddit,492,"The issue is infrastructure and transportation. The whole point is to be able to have affordable housing with nearby public transportation. If you're in affordable housing, you most likely don't have a vehicle, so public transportation is going to be your main source of movement. Sadly [ORGANIZATION] is shitty when it comes to accessibility without a personal vehicle. We really are spread thin without much density.",0,0.16666666666666666,0,1,0
reddit,493,I’ve met some people that were homeless and they’ve said similar things during [DATE] in [ORGANIZATION],0,0.0,0,1,0
reddit,494,I don't think that [ORGANIZATION] has a homeless problem compared to other larger cities.,0,0.8333333333333334,1,0,0
reddit,495,Many many cities realized the cheapest solution to the unhoused in their city is a bus ticket and bribe. Send them to be someone else's problem.,0,0.5,1,0,0
reddit,496,"I have not experienced 'aggression', though I do see homeless people. They often come to check out my apartment complex's dumpster in the evening, which I know because I can see from my window, and I see homeless people resting or signs of habitation underneath the bridges over train tracks and interstates and places like that.

All I can say is that you would probably be 'rude' if you were homeless too - constantly watching your back, not knowing when you'll get your next meal, having no reliable [STREET] of comfort and refuge. 

[ORGANIZATION] is pretty bad for homeless too - it can be hard to even find a bathroom as someone with no car. I've been told to walk over a mile to use the bathroom before. Being homeless would be far worse.",0,0.16666666666666666,0,1,0
reddit,497,I live in [ORGANIZATION] but spend a lot of time in [PERSON] (son there). I love [PERSON]. I have never seen a homeless person there. I know they are there but it's not like in GPE2 or [ORGANIZATION]. Everything is so affordable in [PERSON]! People are nice. Kids can do dual language in elementary school. The restaurants are wonderful. The mountains are beautiful. It's hot in [ORGANIZATION] but I get up early for my walk and the sunrise/sunsets are gorgeous. Always happy when I am there.,0,0.3333333333333333,0,1,0
reddit,498,No homelessness? Who are you trying to kid?,0,0.16666666666666666,0,1,0
reddit,499,Yeah I once offered a homeless man a free meal. I'm an [ORGANIZATION] driver and I had a customer cancel so I had free food. He took one look at it and cursed me out and said he didn't want it.,0,0.0,0,1,0
news,0,The ranks of the homeless and addicted have grown in [ORGANIZATION] and [LOCATION]. That growth puts stress on assistance facilities and programs.,0,0.0,0,1,0
news,1,"Since [ORGANIZATION], [ORGANIZATION] has made community investments supporting low to moderate income individuals and neighborhoods totaling more than 93 million in [ORGANIZATION]. This involves lending for affordable housing, small businesses, mortgage and home improvements as well as transformative philanthropy.",0,0.16666666666666666,0,1,0
news,2,"For another illustration, see [ORGANIZATION], [PERSON], where a new downtown is being built for a suburban city with no existing walkable downtownon 105-acre former [INSTITUTION] site see rendering at top of article. Downtown [ORGANIZATION]s plan comprises 2,300 residential units, including substantial affordable housing, and 1.7 million square feet of commercial uses, such as a grocery store, shops, restaurants, a movie theater, and office space. There will be 18 publicly accessible parks and civic spaces.",0,0.16666666666666666,0,1,0
news,3,"The stubborn persistence of racial segregation in [ORGANIZATION] schools can be traced back to [ORGANIZATION] v. PERSON1, a pivotal [ORGANIZATION] case decided DATE0 DATE1. ORG1 HOMELESS CHILDREN A sobering new report says there could be more than 15,000 homeless children DATE2 or younger in [PERSON], with more than one in 10 in several rural counties lacking stable housing. ORG2 [ORGANIZATION] ASK Gov. [PERSON] is reviewing a proposal from the [ORGANIZATION] that asks for [PERSON] to improve the district high school.",0,0.3333333333333333,0,1,0
news,4,[ORGANIZATION]. Former [ORGANIZATION] Secretary [PERSON] toured a homeless camp in [ORGANIZATION] on [ORGANIZATION] and said more affordable housing is needed to ease the crisis of people living on the streets. He proposed a plan in [LOCATION] that calls for 40 billion in [ORGANIZATION] funding for the national ORG1. The money would go toward creating 3 million affordable apartments over [ORGANIZATION] in an effort to end homelessness.  [PERSON],0,0.16666666666666666,0,1,0
news,5,[ORGANIZATION] housing plan is similar in scope to Senators [PERSON] and PERSON2 housing plans. He will invest 430 billion to create access to affordable housing for over 7 million households and to create an additional 2 million housing units through creation and preservation initiatives. He also plans on working to reform local zoning laws.,0,0.16666666666666666,0,1,0
news,6,"His goal includes one million new African-American homeowners. For local governments, [ORGANIZATION] wants streamline investments to address the housing crisis by building on President [PERSON], [ORGANIZATION] initiative by driving an interagency effort from [ORGANIZATION]. The PERSON1 DATE0 initiative was created to give technical assistance to local governments in order to execute their economic vision and strategies through public and private partnerships.",0,0.16666666666666666,0,1,0
news,7,"He will also establish navigator services to help tenants find and secure housing. Additionally, [ORGANIZATION] plans to cut the homeless population in half using existing federal resources coupled with initiatives by local governments. He wants to double federal spending on homelessness from under 3 billion to 6 billion DATE0. He says he will increase federal support for housing-first strategies and provide housing-search support and short-term rental assistance. As preventative measures, he wants to expand the promotion of rapid-rehousing and permanent supportive housing, providing stability to the chronically homeless to address issues such as substance use disorder and mental-health services where needed and serving as a bridge to rental assistance. He will also integrate homeless support with critical wrap-around services and expand federal grants to cities that implement effective homelessness prevention programs. In order to increase housing supply, [ORGANIZATION] plans on increasing funding for the Low Income Housing Tax Credit and prioritizing new transportation funding for areas that have undertaken progressive zoning reform and reward municipalities that support affordable housing development in neighborhoods with good schools, transportation, and economic opportunity. He will also provide funding for public housing by streamlining [ORGANIZATION] program and increasing funding to [ORGANIZATION].",0,0.16666666666666666,0,1,0
news,8,"Hes called for creating an independent agency to protect Section 8 renters from discriminatory landlords, fully funding the existing [ORGANIZATION] at 1 billion over [ORGANIZATION] and ensuring formerly incarcerated residents are not excluded from public housing options. [ORGANIZATION] wants to use 25,000 ORG1 units in [LOCATION] for homeless households and also double the funding for the ORG2 homelessness assistance grants to over 26 billion over DATE2 to build permanent supportive housing. Additionally, he plans on providing 500 million in funding to states and localities for homeless outreach programs. [ORGANIZATION] also wants to invest 50 billion over [ORGANIZATION] to provide grants for community land trusts and other shared equity homeownership models and invest an additional 15 billion to enact a 21st Century Homestead Act, which will revitalize abandoned properties and historically disadvantaged communities.",0,0.16666666666666666,0,1,0
news,9,"He survived the vetting that goes with getting a top security clearance and in [ORGANIZATION] signed on as an ensign in [ORGANIZATION]. [ORGANIZATION] tells us, perhaps too often, that in [LOCATION] he had to take time off from the [ORGANIZATION] mayors office because hed been called up for a DATE2 deployment in Afghanistan.6 [PERSON]-dogging Mayor [PERSON] with ORG1 outside a [ORGANIZATION] campaign visit to a [INSTITUTION] in [PERSON]. PERSON2  [ORGANIZATION] A failed campaign for state treasurer and, after winning two terms as mayor, a strategically useful but unsuccessful bid to become chairman of ORG2 put some starch in his political collar.",0,0.3333333333333333,0,1,0
news,10,"DATE0, advocates for the homeless ventured through [ORGANIZATION] to conduct a pandemic-modified Point-in-Time Count. The DATE1 DATE2 process strives to enumerate people living outdoors, or in non-habitable shelters like abandoned houses, vehicles and RVs parked in vacant lots. The co-chairs of ORG0Bethany [ORGANIZATION] Director [PERSON] and [ORGANIZATION] Commissioner [PERSON]  led other volunteers to find people in those situations. That survey process continues through [ORGANIZATION].",0,0.0,0,1,0
news,11,"[ORGANIZATION] and [ORGANIZATION] broke ground [ORGANIZATION] on a 300,000 effort to provide short-term housing for homeless people in and around [ORGANIZATION].",0,0.0,0,1,0
news,12,"The fact that theyre even in a hotel. We live in [ORGANIZATION] we have thousands of homeless veterans. So, if you fought for this country, youre on the streets, but if you snuck in, youre in the suites. That doesnt inaudible.",0,0.0,0,1,0
news,13,"These dogs were homeless before Hurricane Harvey flooded the [ORGANIZATION] area, where pet shelters are scrambling to make room for pets who have been separated from their people by the floods.",0,0.0,0,1,0
news,14,"While anyone who qualifies for affordable housing can apply for residency at the hotel, preference is given to artists.",0,0.0,0,1,0
news,15,"Anyone familiar with harsh [ORGANIZATION] conditions can appreciate how difficult it is for people living on the streets, especially overnight, to stay warm, said [ORGANIZATION], director of events for [ORGANIZATION]. Efforts such as [ORGANIZATION] that provide help that doesnt have to be searched out, [PERSON] said, is just such a kindness.",0,0.0,0,1,0
news,16,"I think they do not.78 [ORGANIZATION] Says [PERSON] is at All-Time High79 [ORGANIZATION] ambassador-at-large for international religious freedom, [ORGANIZATION], said [ORGANIZATION] that hostility toward Christians in the world has reached an all-time high. There is more persecution of Christians now, arguably than any time in the history of the world, and the Christian faith is the most persecuted faith in the world, by far, [PERSON] said in his keynote address at the sixth annual [ORGANIZATION] hosted by [ORGANIZATION] in [ORGANIZATION], DC.80 [ORGANIZATION] Member Proposes New Plan for Homeless Problem  Bus Homeless People Out of the City81 [ORGANIZATION] has a massive homeless problem, perhaps only second to [PERSON], [PERSON]. The city has already spent a fortune trying various things to solve the problem but nothing has been effective.",0,0.16666666666666666,0,1,0
news,17,Drug addiction. Homelessness. Poverty.,0,0.0,0,1,0
news,18,"Service to [ORGANIZATION] MarketORG1 [PERSON], [ORGANIZATION] ORG1 ORG2 [ORGANIZATION], [ORGANIZATION], [PERSON] the Forgotten",0,0.0,0,1,0
news,19,"The survey opens up funding that will help establish a day center for the homeless at [ORGANIZATION]. There, people will be able warm up or cool down in adverse weather, rest on cots, collect mail and access computers, showers and a laundry.",0,0.3333333333333333,0,1,0
news,20,"The program allows students from the medical school and [ORGANIZATION] to learn about the factors that impact community health and well-being while serving at local nonprofits. The students are working on solutions for solving problems, such as youth homelessness, lack of access to mental healthcare, and unhealthy eating habits.",0,0.16666666666666666,0,1,0
news,21,"With his family living in a [INSTITUTION], [ORGANIZATION] chose the latter, figuring, he said, Im going to take this so I can get home and immediately assist my family.",0,0.16666666666666666,0,1,0
news,22,"Other contributions include 3,500 from [ORGANIZATION] a [ORGANIZATION]-based developer. PERSON1 A vow to cut homelessnessAs mayor of the nations largest city for [ORGANIZATION], [PERSON] oversaw the largest public housing authority in the country, ran a [INSTITUTION] system under a unique local legal right to shelter and helped regulate one of the largest biggest real-estate markets in the world. That gives him a deeper track record  for praise andor scrutiny  than any of the other candidates in the race, even the other mayors PERSON3, currently, and, formerly, PERSON4. That record is decidedly mixed. PERSON1 rezoned 40 percent of the city, but some of those zonings prevented any increase in affordable housing. His housing plan generated lots of units 165,000 but many of them were unaffordable to the neighborhoods in which they were built. He made big promises on reducing homelessness, but cut off the supply of Section 8 and public housing to the shelters. Until late in his term, he did little for NYCHA.PERSON1 laid out his housing plan for the nation in [LOCATION].",0,0.0,0,1,0
news,23,"[ORGANIZATION] would mandate that a minimum of 75 percent of these foreclosed homes are sold directly to an individual owneroccupant, or to a community group that will rehabilitate the home and sell it directly to an owneroccupant. Her plans for tenants focus on rent-burdened households by investing 500 billion over [ORGANIZATION] to create, preserve, and rehabilitate over 3 million affordable housing units for lower-income families and her plan would lower rents by 10 percent. According to the [ORGANIZATION], [ORGANIZATION] has raised 82 million.",0,0.16666666666666666,0,1,0
news,24,"Next to [ORGANIZATION] punt, PERSON1 offers the most modest plan among the major Democratic candidates. [ORGANIZATION] control and moreLast year in [ORGANIZATION], Senator [PERSON] introduced a 2.5 trillion plan to mitigate the growing housing crisis across the country. PERSON2 plans to invest 1.48 trillion in [ORGANIZATION] in order to create, preserve and rehabilitate permanently affordable housing units within mixed-income development. An additional 400 billion will be invested to build 2 million mixed-income social housing units also administered through [ORGANIZATION]. He also plans on investing an additional 500 million dollars in the [ORGANIZATION] ORG1 ORG2 Section 515 program, an existing rural rental housing loans program to provide affordable rental housing for very low-, low-, and moderate-income families, elderly persons, and persons with disabilities. PERSON2 calls for increasing funding for [ORGANIZATION] to 3 billion to build, preserve, and rehabilitate affordable housing in Indian country. PERSON2 also plans on investing 70 billion dollars in improving public housing, including to provide broadband services, and wants to repeal the Faircloth Amendment which does not allow [LOCATION] to construct new public housing units.",0,0.16666666666666666,0,1,0
news,25,"I remember when I was [ORGANIZATION], we would go through our clothes for [DATE] time and see what we had, she said. Extra hats, gloves, whatever we can donate, and we would all go down to the [INSTITUTION] and give that to them.",0,0.0,0,1,0
news,26,"Delivered by [ORGANIZATION] By [ORGANIZATION]  [ORGANIZATION] ORG1 contributor [PERSON] went on the [STREET] for The [PERSON] Angle1 on [TIME]  and shared some horrifying insights about [ORGANIZATION], [PERSON]. Viewers of the new [PERSON] on the [STREET] segment were treated to scenes of boarded-up homes and filthy encampments populated by homeless people. Advertisement FREE",0,0.0,0,1,0
news,27,"But her profile grew after she spoke as a proponent of heavier regulations on banks, especially after the role they played in the [ORGANIZATION] financial crisis. Her plan revolves around four main goals reducing rents for lower- and middle- class families closing the racial barriers to housing that the federal government created [LOCATION] with redlining removing other kinds of discrimination from affordable housing and finally, ending FAC0 heavy influence on the housing market. Sen. [PERSON] plan promises 500 billion over DATE2 to build and rehabilitate affordable housing, with almost all of that going to [ORGANIZATION], a ORG1 affordable housing production program. The leftover cash includes over 500 million going into ORG2, 2.5 billion into the Indian Housing Block Grant9 and [ORGANIZATION], and 4 billion into creating a new grant called [ORGANIZATION], designed to help fund housing construction for middle-class families specifically in areas where affordable housing is scarce. A large portion of the 500 billion will be shouldered by private-public partnerships, which puts PERSON1 in line with President [PERSON] housing policy.11 To pay for the rest, the bill proposes a lower cap on the estate tax.",0,0.16666666666666666,0,1,0
news,28,A homeless man came up to her while she was hanging more.,0,0.16666666666666666,0,1,0
news,29,"The funds could also be accessed during emergencies that cause delayed payments for rent. [ORGANIZATION] also plans to expand [ORGANIZATION] for developing affordable rental housing and investing in homeless assistance grants that provide emergency and long-term housing. She proposes a new federal tax credit, similar to [ORGANIZATION], to encourage investment in family-owned homes in distressed neighborhoods.",0,0.16666666666666666,0,1,0
news,30,"Two efforts revved up [ORGANIZATION] to connect the homeless and addicted to services in [ORGANIZATION]. Though separate, the projects target a widening sea of people in need in [ORGANIZATION] and the surrounding region. Both could use a boost of support from a community that already has given so much since [PERSON] began sweeping through [PERSON].",0,0.0,0,1,0
news,31,My first thought was to be reminded of the problem unrealized unrealizable? opportunity the homeless posed for [ORGANIZATION]. My second thought was to reread the piece and note that the head of the clique was previously expelled from ORG1 for internal subversion.,0,0.0,0,1,0
news,32,Shes enlisted the help of her parents and her boyfriend to make homemade blankets and care baskets for the homeless in [ORGANIZATION]. She even set up a GoFundMe page to help raise money to purchase the supplies.,0,0.0,0,1,0
news,33,[ORGANIZATION] A huge [ORGANIZATION] fire destroyed several historic buildings in downtown [PERSON]. Authorities say several people were left homeless.,0,0.3333333333333333,0,1,0
news,34,That is when [ORGANIZATION] decided to make the blankets and give them to the homeless.,0,0.0,0,1,0
news,35,"The case of [ORGANIZATION] v. PERSON1, a case I litigated, dealt with the 10 [ORGANIZATION] monument that stands on the state FAC0 grounds. Its been there since [ORGANIZATION] in [ORGANIZATION], an individual plaintiff, an atheist, a homeless man filed a lawsuit seeking to tear down the [ADDRESS] to [ORGANIZATION]. It was decided 5-4, four justices were willing to say enough fact send in the bulldozers and tear down that monument because you cant gaze on the image of the 10 [ORGANIZATION] on public land.",0,0.16666666666666666,0,1,0
news,36,"Crowd seems very large, very impressive but also very white-an obstacle he will have to overcome. PERSON0 [PERSON] considers legal options with homeless under FAC0 GPE0 Tribune8. DATE1 after removing wooden pallets that the homeless were using for beds under the FAC0 viaduct, the city was still letting people camp there DATE2. Shortly after the city destroyed the pallets [TIME], people returned and set up new encampments with cardboard boxes, bedding and assorted possessions. Mayor [PERSON] doesnt want that happening either, and he said his administrations attorneys were researching whether [ORGANIZATION] public nuisance law authorizes the city to prohibit the encampments altogether.. PERSON3, founder of the nonprofit [ORGANIZATION], which secured the pallets from an [ORGANIZATION] food pantry and brought them to the viaduct, has called their confiscation and destruction by the city shameful. [ORGANIZATION] said the city didnt think it was taking anyones possessions, as [ORGANIZATION] has said.",0,0.5,1,0,0
news,37,"[ORGANIZATION] found that in [ORGANIZATION], 38 percent of all renter households were rent burdened, an increase of about 19 percent from [LOCATION]. In [ORGANIZATION], [PERSON], where Democratic hopeful [ORGANIZATION] is mayor, there are 400 homeless households. In former Mayor [PERSON] town, there are nearly 60,000 people living in homeless shelters. According to [ORGANIZATION], almost 7 million housing units are needed to make up for the lack of affordable housing stock in the country. DATE2, the [ORGANIZATION] administration took steps that could have a heavy impact on the future of housing, such as creating ORG2, chaired by [ORGANIZATION], which will look at ways to reform local zoning laws that prevent the construction of multifamily housing units. [ORGANIZATION], [ORGANIZATION] proposed a revision to the [ORGANIZATION] administrations anti-discrimination Affirmatively Furthering Fair Housing rule Secretary [PERSON] proposed that rules implementation and method be left up to local jurisdictions rather than the federal government. Some candidates have come up with comprehensive, ambitious housing plans while others have proposed more modest responses. Housing policy experts and advocates say this is the first time in modern history that housing has become a main presidential issue and also the first time moderators asked a question about affordable [PERSON]g during a nationally televised Democratic presidential debates. The core of the crisis is the lack of affordable housing for lower income households, and voters are interested in knowing the candidates housing plans before they make a vote, says [PERSON], the president and CEO of [LOCATION]. In some cities and towns, there are enough apartments or housing-but there are not enough households who can afford those housing units.",0,0.16666666666666666,0,1,0
news,38,"[ORGANIZATION] currently provides subsidized coverage to 193,000 children and non-subsidized, or full-pay, coverage to 15,500 children. When it comes to affordable housing, [ORGANIZATION] needs to step it up, ORG3 say14 via PERSON0 of ORG1 In a new survey of the [ORGANIZATION] ORG3, a group of 50 prominent political and policy figures from across the state, nearly three quarters 73 percent said the state should dedicate 100 percent of the money in [LOCATION] to affordable housing instead of sweeping it for other uses. Many recommended subsidies for workforce housing, incentives for developers to build more affordable housing or using public land to sell or lease to developers who commit to building it. Others took a bolder approach like [ORGANIZATION], the executive director of advocacy group [ORGANIZATION]. PERSON2 insists the Governor veto any bill that spends [PERSON] dollars on anything other than affordable housing. Financial services sector bolsters [ORGANIZATION]s economic growth in [ORGANIZATION] via PERSON3 of ORG6 [ORGANIZATION]s economy remained strong in [LOCATION], and the financial service sector is partly to thank.",0,0.16666666666666666,0,1,0
news,39,Some of those folks get addicted to drugs or alcohol. Others wind up homeless. Some face both predicaments.,0,0.0,0,1,0
news,40,"[ORGANIZATION] by [ORGANIZATION] A homeless couple in [ORGANIZATION] in [LOCATION]. Affordable for whom? It is not just a question from communities within the footprint of every proposed rezoning in [PERSON]. It is a question that is being asked across the nation. More than in any campaign in recent memory, housing has become a key topic in the DATE2 presidential race, reflecting a national housing crisis spanning from megacities like GPE2 and [PERSON] to smaller urban centers like [PERSON] and rural areas like [PERSON], GPE6. According to some research, home prices in 70 percent of the country are more than average household can afford.",0,0.3333333333333333,0,1,0
news,41,"The first student - [ORGANIZATION] - was selected from a family who was staying at [ORGANIZATION] in [ORGANIZATION]. In [ORGANIZATION], [ORGANIZATION] began attending ORG1 in [ORGANIZATION] and [LOCATION] shes a freshman at ORG2 in [PERSON]. Her younger sister, [PERSON], is also a Jaxson Scholar and an eighth-grader at ORG3.",0,0.0,0,1,0
news,42,"When all of the phases are built out, the city has plans to make the downtown even larger by extending the [STREET] grid to adjacent sites. Notes one city official [LOCATION] land control allows us to better negotiate getting affordable housing. We highly value equity and inclusivity and think it should be part of our vision.",0,0.16666666666666666,0,1,0
news,43,[PERSON] A [ORGANIZATION] woman developed a pocket-sized resource guide with survival tips and other information for the newly homeless. PERSON0,0,0.16666666666666666,0,1,0
news,44,"[ORGANIZATION] has hung more than 100 bags in trees around the downtown area and FAC0, each containing different [ORGANIZATION] items that are free for the homeless or people in need to take. PERSON0, a senior loan officer for [ORGANIZATION], has placed bags twice so far and will continue to do it until the weather warms up.",0,0.0,0,1,0
news,45,"PERSON0 We really owe a lot to our veterans, really everything. [ORGANIZATION] is a premium sponsor of [ORGANIZATION] campaign by [ORGANIZATION] vets. Its dedicated to ending veteran homelessness in the [ORGANIZATION] It features a variety of camouflage products including t-shirts, sweatshirts, a tote bag with the Honor [ORGANIZATION] Vets hashtag, designed to create awareness for the [ORGANIZATION] vets mission. You can see what is all available at the ORG1, and we hope you do.",0,0.0,0,1,0
news,46,"The [ORGANIZATION] in Time Count of the homeless is a survey required by [ORGANIZATION] to determine federal funding to communities for housing assistance and shelters. Because of COVID-19 precautions, the counters could not set up hubs in city parks, where homeless people could pick up food, clothing and supplies. So, volunteers visited common areas, where the homeless often live in cars or wooded places like the [ORGANIZATION] front.",0,0.16666666666666666,0,1,0
news,47,"At the cusp of the crisis, [ORGANIZATION] co-sponsored several [ORGANIZATION] measures ranging from the bills to protect mortgage applicants to an amendment to the tax code allowing some flexibility for homeowners who originally financed their mortgages through a qualified subprime loan. Since then, she has cosponsored several measures to mitigate homelessness, end discrimination against victims of domestic violence, and create easier access to the federal housing voucher program, among over 30 other housing and development bills and amendments. Akin to the housing plans proposed by [ORGANIZATION], [ORGANIZATION], [ORGANIZATION]s housing plan is focused on creating affordable housing, mitigating homelessness and creating paths to homeownership but she focuses on tweaking several existing federal programs. [ORGANIZATION] plans to fight housing discrimination by creating a new federal grant program for access to free legal counsel for people facing evictions prohibiting discrimination based on income source or the blacklisting of tenants who have been evicted in the past modifying the current Affirmatively Furthering Fair Housing Rule and restoring [ORGANIZATION] to monitor fair lending practices whose authority has been reduced by the PERSON5 administration. For tenants, she plans on expanding rental assistance for affordable housing in rural towns by improving access to existing federal programs, and through the purchasing power of ORG1 and ORG2, her administration will encourage lenders to serve rural mortgage markets. Additionally, she will expand support for affordable senior housing and direct affordable housing programs to allow retrofitting of rental housing for seniors. She also has plans for major investments in [ORGANIZATION] pilot program, which allows families to use their vouchers in higher opportunity neighborhoods.",0,0.16666666666666666,0,1,0
news,48,"[ORGANIZATION] for [LOCATION] of ORG0 Shenanigans[PERSON], the alleged ringleader of the kidnapping plot, lived for much of [ORGANIZATION] in the basement of a vacuum cleaner repair shop, sharing the space with his two dogs and plenty of spare vacuum parts. The stores owner, [ORGANIZATION], told [PERSON] that [PERSON] kept the alleged plot hidden from him  because he knew hed be homeless otherwise. But [PERSON] appears to have filmed footage of himself training in that same shop basement.",0,0.0,0,1,0
news,49,"Several generations of American children have grown up absorbing the shows message of kindness and acceptance. They have met a Muppet named [PERSON] who was homeless, a Muppet named [PERSON] who was blind, and a Muppet named [PERSON] who had autism. They have met Muppets and human beings of all colors and abilities - and disabilities.",0,0.0,0,1,0
news,50,"Thumbs up to the leadership of the city of [ORGANIZATION], [ORGANIZATION] and ORG1 for their initiative to secure improved service coordination for the homeless. The group announced plans to hire a coordinator by [ORGANIZATION]. Though this action does not eliminate homelessness, this one step - creating a centralized point of contact - has the potential for much improved outcomes.",0,0.16666666666666666,0,1,0
news,51,"[PERSON] [ORGANIZATION] count finds 4,025 homeless people living in [ORGANIZATION]. [ORGANIZATION] says thats a decline from the last point-in-time count of the homeless, but its not a significant reduction.",0,0.0,0,1,0
news,52,Thumbs up to initiative to improve coordinated service for the homeless,0,0.0,0,1,0
news,53,"[ORGANIZATION] ORG1, [ORGANIZATION], GPE1,was recently awarded the [ORGANIZATION] Area Homeless Coalition Outstanding Volunteer of the Year Award for bringing awareness to the community of the dramatic increase in homelessness.",0,0.16666666666666666,0,1,0
news,54,"Since DATE0, the [ORGANIZATION] agency for ORG1 ORG2 has required areas to establish local continuums of care, that is, agencies providing services to homeless should collaborate to assure coordination of services. Locally, representatives of some 20 agencies come together through board and task force meetings to improve coordination, all the while, working full time at their respective agencies. ORG3, then, serves as the primary ORG2 designated body designated to develop, coordinate and implement long-range plans meeting the needs of homeless persons. These leaders began to imagine the value of a full-time, paid coordinator who will improve the communication between and among these member agencies, who finds and applies for grants to further their collective work, and who will identify overlaps and gaps in these services to strengthen the safety net.",0,0.16666666666666666,0,1,0
news,55,We applaud this important first step to assure the long-term resolution of homelessness.,0,0.0,0,1,0
news,56,"Like waves on a beach and over [ORGANIZATION], homelessness has come to our attention and then receded. Events of [LOCATION] and fall, though, have prompted a deeper commitment to addressing this challenge in a permanent, thoughtful, and systemic fashion. Listening to what service providers said they needed, staff of [ORGANIZATION] identified this initiative and secured the generous support of ORG1 and PERSON0 Family Funs and ORG2. PERSON1, ORG3 president and CEO, sees the person in this position making sustainable system-level improvements by better coordinating our system of care and bringing additional resources. Mayor [PERSON] noted that the city is proud to enhance this partnership in order to provide greater efficiencies to all our efforts to end homelessness in our community.",0,0.16666666666666666,0,1,0
news,57,"-Honorable mention [ORGANIZATION], based in [ORGANIZATION], [PERSON], for Leaving the Jungle, the journey of a homeless woman as she reluctantly moves from one of the poorest areas of [ORGANIZATION] to her own apartment.",0,0.0,0,1,0
news,58,"Alleging environmental violations related to [ORGANIZATION] population of homeless people and people who inject drugs, [ORGANIZATION] said, And we fined [PERSON] -- and GPE2 and [PERSON]. But weve just sent them a tremendous dollar fine for what theyre doing. -- [ORGANIZATION] campaign rally in [LOCATION], GPE4",0,0.16666666666666666,0,1,0
news,59,"[ORGANIZATION] Prolonged cold weather and the closing of a downtown shelter have produced a spike in homeless people spending [TIME] at [ORGANIZATION], [ORGANIZATION] reports.",0,0.16666666666666666,0,1,0
news,60,"[ORGANIZATION] are among the most hard-hit4, with heightened health and economic threats from the pandemic. These veterans face homelessness, lack of health care, delays in receiving financial support and even death. I have spent DATE0 studying veterans with substance use and mental health disorders who are in the criminal justice system5.",0,0.0,0,1,0
news,61,"6. Complications for homeless veterans and those in the justice system An estimated 45,000 [PERSON] are homeless on any given night, and 181,[ADDRESS]-supervised substance use and mental health treatment in veterans treatment [DATE]. More than half31 of veterans involved with the justice system have either mental health problems or substance use disorders. As residential facilities close to new participants, many veterans eligible to leave prison or jail have nowhere to go. They may stay incarcerated or become homeless. Courts have moved online32 or ceased formal operations altogether, meaning no veteran charged with a crime can be referred to a treatment [STREET].",0,0.16666666666666666,0,1,0
news,62,[ORGANIZATION] Provides 15.6 Million Loan for Construction of Affordable Housing for Homeless  [DATE],0,0.0,0,1,0
news,63,[PERSON] Officials are getting complaints that [ORGANIZATION] homeless camp residents dump human waste into [LOCATION].,0,0.3333333333333333,0,1,0
news,64,"You can make a donation to their cause here18. According to their website, they are currently working to open a childcare center and provide help with finding affordable housing solutions for its community members. They are also looking for volunteers and donations of household goods, including food and diapers.",0,0.0,0,1,0
news,65,"[ORGANIZATION] residents facing homelessness with behavioral health concerns and the elderly, will now have a new [STREET] to call home in [PERSON], GPE2",0,0.16666666666666666,0,1,0
news,66,"The man who shot President [PERSON] in [ORGANIZATION] will be released unconditionally, a federal judge ruled [LOCATION]. 100 [ORGANIZATION] Reports Over 900 Homeless Encampment Fires Since Start of DATE2 The city of [ORGANIZATION] has exceeded [ORGANIZATION] record-breaking number of homeless encampment fires that have since cultivated an extreme risk to public safety throughout the city. According to the [ORGANIZATION], over 900 encampment fires have been recorded DATE4 alone, up from [PERSON] recorded number of 825.",0,0.3333333333333333,0,1,0
news,67,"70-unit development will provide supportive and affordable housing options in [ORGANIZATION], [PERSON]",0,0.3333333333333333,0,1,0
news,68,66 [ORGANIZATION] at [ORGANIZATION] [INSTITUTION] That Houses Violent Homeless Encampment67 [PERSON] of the [ORGANIZATION] in [ORGANIZATION] admitted in an email that classrooms will need to be reorganized to due to plummeting enrollment. The school is currently home to a violent homeless encampment which has been growing for [ORGANIZATION]. 68 [PERSON] Calls on [ORGANIZATION] to Blow Suspect Out the Door After DATE1 Shooting69 GPE2 Sheriff PERSON1 is calling on armed citizens in his county to blow [PERSON] out the door if he targets their home.,0,0.3333333333333333,0,1,0
news,69,Tackling [ORGANIZATION] housing crisis and alleviating the financial blow of rising gas prices and inflation are hot button issues as the governors [ORGANIZATION] budget revision draws near.,0,0.16666666666666666,0,1,0
news,70,IN THE NEWS [ORGANIZATION] blood-drawing controversy [ORGANIZATION] caucuses homelessness counterfeit products and their sneaky websites fire at senior citizens home police body cameras.,0,0.16666666666666666,0,1,0
news,71,"Streamlines CEQA. AB 3030 [ORGANIZATION] investment in [ORGANIZATION] Opportunity Zones by creating a statutory exemption for affordable housing and mixed-use projects that meet very specific environmental qualifying criteria, thereby balancing environmental protection with much-needed economic development in some of [ORGANIZATION]s poorest communities. Support.",0,0.0,0,1,0
news,72,"Long on fellowship, the homeless book club is short on books. [ORGANIZATION] students turned to the online crowd-funding site [ORGANIZATION] to raise money to start a library at the ORG1 for friends they never knew they had. I was nervous at first, said [ORGANIZATION], [ORGANIZATION], a [ORGANIZATION] native studying criminal justice at [ORGANIZATION]. She has applied to [ORGANIZATION] and said her experience with the book club will make her a more empathetic law-enforcement officer.",0,0.0,0,1,0
news,73,[ORGANIZATION] lacks an estimated 1.5 million affordable housing units compared with demand - a situation that is contributing to the growth of the homeless population.,0,0.16666666666666666,0,1,0
news,74,"--FAC0, 995,000 to construct Phase 2 of the FAC0 project on the site of the former blighted FAC1 school, which will add two additional buildings of duplex-style housing for those [ORGANIZATION].",0,0.16666666666666666,0,1,0
news,75,"A large percentage of the people that live in [ORGANIZATION] work at the [ORGANIZATION] plant there. [ORGANIZATION] has invested over 15 million in the community, including paved roads, sidewalks, community centers, sports fields, affordable housing and numerous other infrastructure and revitalization projects. Congratulations to [ORGANIZATION], and heartfelt thanks for going above and beyond the call to help the communities in which you do business thrive, said [ORGANIZATION].",0,0.3333333333333333,0,1,0
news,76,"[ORGANIZATION] -- the daughter of [PERSON] and his wife, PERSON2 -- died of an opioid drug overdose at [ORGANIZATION] in [LOCATION]. PERSON3 was sober for [ORGANIZATION] and would often help young people struggling with recovery. DATE3 before she died, PERSON3 talked to her mom about giving small [ORGANIZATION] gifts to the homeless.",0,0.0,0,1,0
news,77,AB [DATE] by [PERSON]. A veto message can be found here,0,0.0,0,1,0
news,78,"[ORGANIZATION], [PERSON]. [ORGANIZATION] from the Streets Program Fosters a Sense of Community Among the Homeless. The journal for undergraduate ethnography, 3, 1-17.",0,0.0,0,1,0
news,79,"[ORGANIZATION] homeless prevention 1,500",0,0.16666666666666666,0,1,0
news,80,"in [ORGANIZATION] recalled how Mr. [PERSON] created a [ORGANIZATION] charitable display [PERSON] at his [ORGANIZATION] store. It contained new packages of socks and underwear pinned to a display that shoppers could purchase for 1 each, as a donation to the soup kitchen for distribution to the needy. Mr. [PERSON] wanted to raise awareness, in [DATE], of the continuing need to help those less fortunate.",0,0.16666666666666666,0,1,0
news,81,"Programs and areas that would receive funding through the citys [ORGANIZATION] include [STREET] paving, blight demolition, four or five neighborhood police patrol officers up from three, repairs to the closed FAC0 pool complex in [ORGANIZATION], home rehabilitation and emergency assistance for the homeless.",0,0.16666666666666666,0,1,0
news,82,"But caring, like most human impulses, is subject to gradation and worthless without action. Handing a couple of bucks to a homeless guy on my [STREET] home makes me feel good, but Im going home. He isnt.",0,0.3333333333333333,0,1,0
news,83,"Transitional housing programs are designed to offer an array of services to address underlying problems that cause homelessness while gradually preparing residents to live on their own. [ORGANIZATION] is shifting funding to rapid rehousing efforts that are less service intensive, and therefore less expensive. The idea is to reach more people per dollar when not everyone needs all of the services provided by transitional housing.",0,0.16666666666666666,0,1,0
news,84,"[ORGANIZATION] advocates for responsible home ownership and affordable housing and provides services including home ownership coaching and education, aging in [STREET] and home-renovation services, and neighborhood revitalization initiatives.",0,0.16666666666666666,0,1,0
news,85,"SB 15 Portantino--Allows local agencies to reduce contributions of local property tax revenue to schools to build affordable housing, related infrastructure, and public safety facilities.",0,0.0,0,1,0
news,86,"In the budget letter below, [ORGANIZATION] Republicans outline several critical priorities including combating chronic homelessness, saving jobs, wildfire preparation, and making [ORGANIZATION] affordable. Click here to download the letter.",0,0.16666666666666666,0,1,0
news,87,AB [DATE] by [PERSON]. A veto message can be found here.,0,0.16666666666666666,0,1,0
news,88,"[ORGANIZATION], affordable housing private-nonprofit 60,000",0,0.0,0,1,0
news,89,"DATE0 multiple aggressive acts such as fighting, stealing, robbery, use of force, injuring people, and using a weapon occurred. From [LOCATION]. evidence of role failure in participants as documented by them endorsing forging checks, failed financial responsibilities, homelessness, failed family responsibilities, as well as arrests, convicted felonies and time spent in jail. The clinical course of the 21 antisocial behaviors, with ages of onset, was determined comparing the mean age of each symptom using [ORGANIZATION] rho and comparing the results based on race, diagnostic label, and sex.",0,0.16666666666666666,0,1,0
news,90,"--United Neighborhood Centers of [ORGANIZATION], homeless prevention 31,000",0,0.16666666666666666,0,1,0
news,91,"People might feel scared to talk about menstruation issues or just dont really care to learn about them, [ORGANIZATION] said, and so the need for these products doesnt get attention. For women, menstrual care is a struggle everyone knows and understands, [PERSON] said, but some people, and particularly men, were surprised to learn about the need for help among homeless women.",0,0.0,0,1,0
news,92,"Generally, the mothers will give the wish list for their children and then say, Oh, I dont need anything. Dont worry about me, [ORGANIZATION] said. One mother wrote feminine products, which is hardly a [ORGANIZATION] present. It shows how needed they are, and I think doing these donation drives is also a [STREET] for students ... to learn about issues like this and homelessness and what are some of the DATE1-to-DATE1 struggles that households have.",0,0.16666666666666666,0,1,0
news,93,"In [ORGANIZATION], 125 students have qualified as homeless so far for [ORGANIZATION] under the standards set by the [PERSON]-Vento Homeless Assistance Act, according to [ORGANIZATION], the districts homeless and [PERSON]. These standards are more broad than the [ORGANIZATION] definition, which describes homeless as non-human conditions [PERSON]-Vento explained homeless means children and youth who lack a fixed, regular and adequate nighttime residence.",0,0.16666666666666666,0,1,0
news,94,"[ORGANIZATION] 48 Wiener--Makes the location of a [INSTITUTION] a use by right, and thus exempt from [ORGANIZATION], in all cities and counties in [ORGANIZATION].",0,0.0,0,1,0
news,95,AB [DATE] by [ORGANIZATION] DGPE0GPE1 Property taxation assessments affordable housing.,0,0.0,0,1,0
news,96,"We have a lot more in common than I thought, she said of the homeless men and women she reads aloud with. Meeting new people and getting to know them, I know it will help me work with them in the future.",0,0.0,0,1,0
news,97,"[ORGANIZATION] insecurity over [ORGANIZATION] β  0.68, p  [DATE] and the presence of [ORGANIZATION] DNA adducts at birth were associated with increased risk for depressed mood β  1.54, p  .009 independently, but did not interact. This interaction was significant on left hippocampal body volume β  .30, p  .008.",0,0.0,0,1,0
news,98,"Then she found the compassionate encouragement and practical tools she needed at [ORGANIZATION], which provides temporary housing and individualized support services to homeless [ORGANIZATION] families. The staff at [ORGANIZATION] became a surrogate family to me and my children during our stay, said [ORGANIZATION], as she glanced over at [ORGANIZATION]s Executive Director [PERSON].",0,0.0,0,1,0
news,99,"PERSON0 [PERSON] and [ORGANIZATION] Director at [ORGANIZATION]. Responsible for coordinating the activities of ORG1 and ORG2, [PERSON] has embraced the mantra of housing as healthcare to seek ends to the HIVAIDS epidemic and youth homelessness, a commitment which also permeated his tenure as chair of [ORGANIZATION]. In [ORGANIZATION], legislation drafted by [PERSON] to allow transgender New Yorkers to amend the gender marker on their birth certificates was passed after a [ORGANIZATION] campaign.",0,0.16666666666666666,0,1,0
news,100,"[ORGANIZATION], meanwhile, continues to meet core emergency needs, including services for those in crisis and shelter for the homeless.",0,0.0,0,1,0
news,101,"[ORGANIZATION]  SEATTLEPI.COMgtTEARS FOR VICTIMS PERSON1 becomes emotional while speaking about homelessness in [ORGANIZATION] during a vigil [ORGANIZATION] in front of FAC0. The vigil was held by [ORGANIZATION] for [ORGANIZATION], the victims of a shooting in the FAC1, an unauthorized homeless encampment. PERSON4 and PERSON5 were killed and three more injured in the shooting. [PERSON] was homeless herself in [LOCATION] and says the group is out there to show someone cares. [ORGANIZATION]  [ORGANIZATION] PRESSgtSALUTING A HERO [ORGANIZATION] officers and their [ORGANIZATION] partners attend a memorial for ORG1 [ORGANIZATION] officer PERSON8, at FAC2 along the north shore of [ORGANIZATION] in downtown [PERSON] on DATE2.",0,0.16666666666666666,0,1,0
news,102,"Several commenters expressed support for collecting additional information that will likely impact patient outcomes, such as insurance status at dialysis initiation and geographic area of residence. Several commenters recommended the use of Z-codes or other data sources to collect data to report on factors such as housing insecurity, financial insecurity, caregiver support, mental illness, physical illness, age, education level, transportation insecurity, food insecurity, marital status, violence, safety concerns, and child care. One commenter recommended that [ORGANIZATION] adopt a definition of health equity that takes into account the needs of various patient populations and structural issues associated with equity, such as race, ethnicity, sex, [PERSON], language preference, tribal membership, and disability status.",0,0.0,0,1,0
news,103,"Gov. [PERSON] has not taken a position on the specific legislation, but is committed to finding ways to increase access to affordable housing, said spokesman [PERSON].",0,0.16666666666666666,0,1,0
news,104,"We can all agree our mental health system is broken - and that we must find better solutions for our homeless residents, [ORGANIZATION] said.",0,0.0,0,1,0
news,105,"In comparing the numbers of unaccompanied young adults, [ORGANIZATION] leads over nearby [PERSON], which has 492 GPE2, 45 GPE3, [DATE] and GPE4, [DATE]. [PERSON], meanwhile, claimed 873 as homeless throughout the entire state, encompassing all demographics, compared to [ORGANIZATION]s more than 14,000.",0,0.16666666666666666,0,1,0
news,106,Total homeless population,0,0.0,0,1,0
news,107,"Tickets for [ORGANIZATION], which is the centers biggest fundraiser of [ORGANIZATION], are 75, available through ORG1. The event benefits ORG2 safe housing program, which prioritizes emergency housing options for adults and children who are in immediate danger, or are in a potentially dangerous situation or homeless due to the violence.",0,0.0,0,1,0
news,108,"[ORGANIZATION] Times58 Homeless families living in vehicles are filling this quiet [ORGANIZATION] neighborhood. [PERSON], who heads countys [ORGANIZATION], is leaving position. GPE2 [PERSON] for GPE3 to mimic ORG2 safe drug-use sites.",0,0.16666666666666666,0,1,0
news,109,"The nonprofit can still offer its transitional housing program to new mothers who become homeless for the rest of [ORGANIZATION] but is looking for long-term solutions after that, said [PERSON], [LOCATION], [ORGANIZATION] CEO.",0,0.16666666666666666,0,1,0
news,110,"[ORGANIZATION], [ORGANIZATION] And how far away are all the homeless and the thugs and the needles on the [STREET]?",0,0.5,1,0,0
news,111,"Conclusions The current findings provide evidence that childhood housing insecurity and prenatal air pollution exposure, two ubiquitous environmental insults, have unique and convergent effects on adolescent depression and hippocampal structure. These findings are consistent with previous studies establishing associations between depression and both housing insecurity and air pollution exposure.",0,0.0,0,1,0
news,112,"Those include 10 billion in infrastructure for transportation projects, including transit. But hes also focused on goals that include school funding to deal with learning gaps and mental health issues with the pandemic, and money to reduce homelessness and provide affordable housing. [ORGANIZATION] said one of his priorities is ensuring the 15 billion pledged for climate DATE0 gets rolled out as promised.",0,0.3333333333333333,0,1,0
news,113,--Are you set for food? Do you rely on [ORGANIZATION] for nourishment and company? A soup kitchen? A food pantry?,0,0.0,0,1,0
news,114,Homeless in [ORGANIZATION],0,0.16666666666666666,0,1,0
news,115,"Contrary to what [ORGANIZATION] said, the state has introduced and passed bond measures and had approved billions for housing at thecityand state level over [ORGANIZATION] to try to get at the problem. Voters approved a 3 billion statewide bond measure in [LOCATION] for low-income housing though then-Gov. [PERSON] didturn down a requestby mayors that he declare a state of emergency on homelessness.",0,0.16666666666666666,0,1,0
news,116,"DATE0--Three nonprofits that run programs designed to help homeless veterans, battered women and new mothers get back on their feet are still looking for answers after learning [ORGANIZATION] they lost a combined 400,328 in federal funding.",0,0.16666666666666666,0,1,0
news,117,"In his press conference unveiling his plan [ORGANIZATION], [ORGANIZATION] said [ORGANIZATION] was an effort to break the pattern that leaves people without hope and cycling repeatedly through homelessness and incarceration. This is a new approach to stabilize people with the hardest-to-treat behavioral health conditions.",0,0.16666666666666666,0,1,0
news,118,"He claimed there was no state strategy to tackle the housing crisis [ORGANIZATION], but all that has changed.",0,0.16666666666666666,0,1,0
news,119,"[ORGANIZATION] has no activities to help the homeless at the moment, but officials are discussing working with ORG1 to help shelters, said [ORGANIZATION], president of the temple, in an email.",0,0.16666666666666666,0,1,0
news,120,"Compliance and Investigation Officer, [ORGANIZATION]. For services to [PERSON] in [ORGANIZATION]. [ORGANIZATION], [PERSON].",0,0.0,0,1,0
news,121,"Close to [ADDRESS] to live, according to a previous article published in [ORGANIZATION]. ORG2 officials opened two emergency cold weather shelters early to help house the people who were living on that property.",0,0.0,0,1,0
news,122,"PERSON0. [ORGANIZATION], [ORGANIZATION]. For services to [PERSON]. [PERSON], [PERSON]",0,0.0,0,1,0
news,123,"PERSON0. Chief Executive, [ORGANIZATION]. For services to [ORGANIZATION]. [ORGANIZATION], [ORGANIZATION]shire",0,0.0,0,1,0
news,124,"PERSON0. [ORGANIZATION], [ORGANIZATION]. For services to [ORGANIZATION]. [ORGANIZATION], [ORGANIZATION]",0,0.0,0,1,0
news,125,"Helping the needy is a command in the [PERSON], both materially and spiritually. This includes donating money and food and giving in a [STREET] that preserves a homeless persons dignity, according to [PERSON] speech, [ORGANIZATION] to End Poverty.",0,0.16666666666666666,0,1,0
news,126,"[ORGANIZATION], [ORGANIZATION], who has spent [PERSON] of his life homeless, wants a [STREET] to live above all else, he said.",0,0.16666666666666666,0,1,0
news,127,"[ORGANIZATION] and [ORGANIZATION], [ORGANIZATION] for services to [ORGANIZATION], [PERSON], ORG2 for services to [PERSON] and to the community in [ORGANIZATION] PERSON1, Domestic Abuse Advocate for services to [ORGANIZATION], for services to the community in [ORGANIZATION], GPE2 of Merton, particularly during [ORGANIZATION], [ORGANIZATION] Manager, [ORGANIZATION], ORG3 for services to [ORGANIZATION], Artistic Director and Conductor, [LOCATION] for services to [ORGANIZATION], Head of Safety and [ORGANIZATION]urity, [ORGANIZATION] for services to [ORGANIZATION], [ORGANIZATION], ORG6 for services to [PERSON] in GPE3 PERSON8, Technical Support Partner, ORG7 for services to the community in [ORGANIZATION], lately [ORGANIZATION], ORG8 for services to the ORG9 PERSON10, Programme and Policy Manager, ORG10, [ORGANIZATION] for services to [ORGANIZATION] PERSON11, Station Manager, [PERSON] and FAC0, [ORGANIZATION] ern Railway for services to [ORGANIZATION] PERSON12, for services to [ORGANIZATION] [ORGANIZATION] Reginald Roy Pierce, lately [ORGANIZATION], ORG13, ORG14 for services to [ORGANIZATION] [PERSON], [PERSON], [PERSON] and [PERSON] for services to [ORGANIZATION] and to Medicine PERSON14, for voluntary services to the community in [PERSON] PERSON15, Community Engagement Manager, ORG16 for services to [ORGANIZATION] and to Charity in LOC0 PERSON16, Head of Nursing for [ORGANIZATION] and New Roles, ORG9 [LOCATION] for services to Nursing PERSON17, [ORGANIZATION], ORG18 for services to ORG19 and to the community in [LOCATION] PERSON18, [LOCATION], ORG21, ORG22 for services to ORG23 PERSON19, Deputy Head of [ORGANIZATION], ORG3 for services to [ORGANIZATION] PERSON20, for services to [ORGANIZATION] and Remembrance PERSON21, [PERSON] and [ORGANIZATION], [PERSON] for services to [ORGANIZATION] and to Refugees PERSON22, for services to [ORGANIZATION] and to the community in LOC2 PERSON23, for services to [ORGANIZATION] in GPE7 PERSON24, [PERSON] for charitable services to the community in [PERSON], for services to [PERSON] and to the community in [LOCATION], GPE9, particularly during DATE1 PERSON26, for services to [PERSON] and to the community in [LOCATION], GPE9, particularly during [ORGANIZATION] PERSON27, [ORGANIZATION], Patient and [ORGANIZATION], [PERSON] ORG26 Trust for services to ORG26 PERSON28, Head of Prosecutions, GPE9 Police for services to Policing PERSON29, Co-[PERSON] and Owner, [ORGANIZATION] services to Business and to the Voluntary [ORGANIZATION]tor in [ORGANIZATION]0 and [ORGANIZATION] PERSON30, [PERSON] and [ORGANIZATION], Give a Dog a Boneand an Animal a Home for services to Charity and to [ORGANIZATION] in Older People in [ORGANIZATION]1 PERSON31, for services to the Environment in [ORGANIZATION]2 PERSON32, for services to the community in [ORGANIZATION]3, [ORGANIZATION]4 PERSON33, for services to [ORGANIZATION] and to Diversity PERSON34, for services to ORG28 and to the community in [ORGANIZATION]5 and [ORGANIZATION]6, [ORGANIZATION]7 PERSON35, for services to the community in [ORGANIZATION]8, [ORGANIZATION]0 PERSON36, [PERSON], ORG29 for services to [ORGANIZATION] PERSON37, Strategy and Protocol Project Manager, ORG3 for services to [ORGANIZATION] PERSON38, [ORGANIZATION], [ORGANIZATION], Administrator and [ORGANIZATION] Ambassador for services to Pickleball [PERSON], for services to the community through the ORG30 in [ORGANIZATION]9, GPE20 PERSON39, Paralympic Wheelchair Tennis Player for services to Sport PERSON40, [PERSON] and Director, ORG31 for services to [PERSON] PERSON41, lately Head of ORG32, [ORGANIZATION] to ORG34 PERSON42, for services to ORG35 and to ORG36 PERSON43, [ORGANIZATION] for services to ORG28 PERSON44, for services to ORG37 and to the community in [ORGANIZATION]7 [PERSON], Researcher for voluntary service to [ORGANIZATION] and their Families PERSON46, for services to Music and to Charity PERSON47, for services to the community in GPE21, Staffordshire particularly during Covid-19 PERSON48, Boxing [ORGANIZATION] and Official for services to Amateur Boxing in GPE22 PERSON49, for services to [ORGANIZATION] in [PERSON], for services to ORG38 Stead, Leader, ORG39 for services to [PERSON] in GPE23, GPE24 PERSON51, for voluntary services to Swimming in GPE7 PERSON52, [PERSON], Teacher and Conductor for services to [LOCATION], for services to [ORGANIZATION] PERSON54, Director, [PERSON] and Project Manager, [LOCATION]0 for services to [ORGANIZATION] PERSON55, lately [ORGANIZATION], [LOCATION]1 for services to [PERSON] and to the community in GPE25 and GPE26 PERSON56, Emergency Response [PERSON], [LOCATION]2 for services to [ORGANIZATION] PERSON57 PERSON58, Director, GPE27 and [ORGANIZATION] and [ORGANIZATION] for services to the community in GPE28 PERSON59, for services to [LOCATION]3 and to the community in GPE29, [PERSON] PERSON60, [PERSON] and lately [ORGANIZATION], [LOCATION]4 for services to Fundraising for the ORG9 and to the community in GPE31, GPE32 of Yorkshire PERSON61, lately Manager, [LOCATION]5, [ORGANIZATION], [ORGANIZATION]2 for services to [ORGANIZATION] Ernest Reginald [ORGANIZATION]5, for services to [LOCATION]6, [PERSON] during [ORGANIZATION] PERSON63, [PERSON] and [ORGANIZATION] Officer, [LOCATION]7 for services to Charity PERSON64, lately [LOCATION]8, [LOCATION]9 for services to [PERSON] and to the community in GPE34 PERSON65, lately [ORGANIZATION]0, [ORGANIZATION]1 for services to [ORGANIZATION] during DATE1 PERSON66, [ORGANIZATION], GPE35 GPE36 for services to Conservation and Wildlife PERSON67, for services to the community in [LOCATION], [PERSON], [ORGANIZATION], [ORGANIZATION]2 for services to [ORGANIZATION] PERSON69, Member, [ORGANIZATION]3, [ORGANIZATION]4 for services to [PERSON] in GPE39 PERSON70, President, GPE40, GPE41 and GPE42, [LOCATION]2 for voluntary service to [ORGANIZATION]5 PERSON71, Team Leader, [ORGANIZATION]6 for services to [ORGANIZATION]7 PERSON72, for services to the community in GPE43, [PERSON], Swimming [ORGANIZATION] for services to Swimming and to the community in [LOCATION], GPE39 PERSON74",0,0.16666666666666666,0,1,0
news,128,"[PERSON] staff is nearing completion of a draft ordinance intended to shape future growth and create more affordable housing stock in the growing [ORGANIZATION], [ORGANIZATION] reported.",0,0.16666666666666666,0,1,0
news,129,"Sen. [PERSON] is indeed the best [PERSON]. The Van, which supported the dignity of our homeless population even through the pandemic by helping them secure essentials like clothes, food and toothpaste, deserves accolades and support. Discoverys reign as the best gay bar should not and has not been challenged.",0,0.0,0,1,0
news,130,"[PERSON]. For services to [PERSON] and to the community in [ORGANIZATION], [ORGANIZATION], particularly during DATE0 [ORGANIZATION], [ORGANIZATION] Dr PERSON1. For services to [PERSON] and to the community in [ORGANIZATION], [ORGANIZATION], particularly during DATE0 [ORGANIZATION], [ORGANIZATION] PERSON2.",0,0.0,0,1,0
news,131,"A [ORGANIZATION] police raid on PERSON0 [PERSON] farmhouse caused a 150,000 mess when sheriffs deputies and [ORGANIZATION] officers rescued it from a trespassing homeless man - with the massive destruction leading to PERSON1 lawsuit announced in [LOCATION]. The misdemeanant helped himself to an ice cream bar, some milk and half a tomato, but was otherwise unarmed however, by the time the police standoff ended, the crime scene included more than 50 cop cars, a ORG1 team and backups, two helicopters, standby ambulances, a police robot, and a crisis negotiation team. Windows, walls and wrought-iron doors were destroyed tear gas and a flash bomb were employed. ORG2 suspects that the farmhouses isolation enticed police to decide that it presented an excellent training opportunity.",0,0.16666666666666666,0,1,0
news,132,"[ORGANIZATION], [ORGANIZATION]. For services to [PERSON]. [PERSON], [PERSON] PERSON0.",0,0.0,0,1,0
news,133,"Executive for services to [ORGANIZATION], [ORGANIZATION], [ORGANIZATION] in [ORGANIZATION] for services to [ORGANIZATION] Dr PERSON1, Volunteers Co-ordinator, ORG2 for services to [ORGANIZATION], [PERSON], ORG3 for services to [ORGANIZATION] by [ORGANIZATION], [LOCATION], [LOCATION] for services to ORG5 PERSON4, Town Manager, [PERSON], GPE2 and [PERSON] and Deputy Chair, ORG6, [ORGANIZATION] of [PERSON] and [PERSON] for services to [ORGANIZATION] PERSON5 PERSON6, for services to the community in [ORGANIZATION], [PERSON] in Forensic Imaging, ORG7 for services to Forensic Investigations PERSON8, Policy Manager, [ORGANIZATION] for services to Equality in GPE7 PERSON9 PERSON10, [ORGANIZATION] and Artistic Director, ORG9 for services to the [ORGANIZATION] and to Marginalised [PERSON] in GPE8 Lt-Col Rtd PERSON11, Staff Officer, [ORGANIZATION]0, [ORGANIZATION]1 for services to the [ORGANIZATION]2 and to [ORGANIZATION], [ORGANIZATION] for services to [ORGANIZATION] PERSON13 PERSON14, lately Voluntary [ORGANIZATION] Officer, [LOCATION] FAC0 for services to ORG37, to the [ORGANIZATION] and to the community in [LOCATION], GPE6 PERSON15, [ORGANIZATION] and Culture Director, [ORGANIZATION]3 for services to the [ORGANIZATION] and Technology Industry PERSON16, [ORGANIZATION], [ORGANIZATION]4 for services to [ORGANIZATION] and to [ORGANIZATION] PERSON17, lately Head of [ORGANIZATION], [ORGANIZATION]5 and [PERSON], [ORGANIZATION]6 for services to [ORGANIZATION]7 in [PERSON]0 PERSON18, for services to ORG37 Reverend PERSON19, [PERSON] and [ORGANIZATION] Officer, [ORGANIZATION]8 for services to [ORGANIZATION]9 PERSON20, [ORGANIZATION], One Million Meals for services to the [ORGANIZATION] and to the community in [PERSON]1, [PERSON] of [ORGANIZATION] PERSON21, lately [ORGANIZATION], ORG21 and Chair, Master Ropemakersfor services to ORG22 and to the Charitable Sector PERSON22, [ORGANIZATION], ORG23 for services to [PERSON] and to ORG37 in [PERSON]3, [PERSON]4 PERSON23, [ORGANIZATION], ORG23 for services to [PERSON] and to ORG37 in [PERSON]3, [PERSON]4 PERSON24, [ORGANIZATION] Officer, [PERSON] for services to [ORGANIZATION] PERSON25, ORG25 [PERSON], ORG26, Guys and [PERSON] [ORGANIZATION] Foundation Trust for services to [ORGANIZATION], for services to Journalism and to Diversity in the Broadcasting Industry [PERSON], Director, ORG28 for services to [PERSON], [ORGANIZATION], [PERSON]5 Teaching Hospitals [ORGANIZATION] Trust, and [PERSON] and [PERSON], ORG29 for services to [ORGANIZATION] PERSON29, [ORGANIZATION] Manager, [ORGANIZATION] for services to [ORGANIZATION] PERSON5 PERSON30, [LOCATION], [ORGANIZATION] National Chair, ORG31 for services to the Economy and to ORG37 in [PERSON]6 PERSON31, Police Staff, ORG32 for services to [LOCATION] Dr PERSON32, [PERSON], Whittington Health [ORGANIZATION] Trust for services to [ORGANIZATION] PERSON33, lately [ORGANIZATION] Member, National Assembly for [PERSON]6 for Political and Public Service PERSON34, [PERSON] Advanced Nurse Practitioner, [ORGANIZATION] Highland for services to Nursing in Rural GPE7 Dr PERSON35, [ORGANIZATION], ORG36 for services to ORG37 and to ORG38 PERSON36 PERSON37, for services to [ORGANIZATION] PERSON38, Speaker and [PERSON] for services to People with HIV PERSON39, for services to [ORGANIZATION] PERSON40, Team [PERSON]er, [ORGANIZATION]1 for services to Defence PERSON41, [ORGANIZATION] and Director, ORG39 and [PERSON], [LOCATION]0, [LOCATION]1 for services to the Environment PERSON42, Head of [ORGANIZATION] Comms, Dept for [LOCATION]2 for services to Government Comms PERSON43, for services to [LOCATION]3 PERSON44, [ORGANIZATION], FAC1 for services to [PERSON] in [PERSON]7 Dr PERSON45, for voluntary and charitable services to the community in GPE7 PERSON46, [ORGANIZATION], [PERSON]8 Police for services to [LOCATION] and to [ORGANIZATION] PERSON47, Chair, [LOCATION]4, [LOCATION]5 for services to Equestrianism and to ORG37 PERSON48, lately [ORGANIZATION], [LOCATION]6",0,0.0,0,1,0
news,134,"DATE0 is different than [LOCATION] because of the amount of homeless people that [ORGANIZATION] is serving, said [ORGANIZATION], one of the [ORGANIZATION] area commanders of [ORGANIZATION]. Volunteers at shelters in [ORGANIZATION] and [PERSON] have to serve more meals because of the increase in the number of people.",0,0.0,0,1,0
news,135,"[PERSON] staff is nearing completion of a draft ordinance intended to shape future growth and create more affordable housing stock in the growing [ORGANIZATION], [ORGANIZATION] reported.",0,0.16666666666666666,0,1,0
news,136,"We re in the business of taking care of the communities were privileged to serve, and in that spirit, were proud to help New Yorkers in need through [ORGANIZATION]",0,0.0,0,1,0
news,137,"During [ORGANIZATION], [ORGANIZATION] can only look forward to meals provided by different religious organizations and homeless shelters in [ORGANIZATION] because he has no one with whom to celebrate [ORGANIZATION], he said.",0,0.16666666666666666,0,1,0
news,138,"[ORGANIZATION] reported that the Vida Thrive 5K Run and Walk at [ORGANIZATION] drew more than 600 participants and raised 16,000 for the citys homeless.",0,0.0,0,1,0
news,139,"Dr PERSON0. For services to [PERSON] and to the community in [ORGANIZATION], [PERSON], particularly during [ORGANIZATION] [ORGANIZATION], [PERSON]",0,0.0,0,1,0
news,140,"People tend to donate and volunteer more during [ORGANIZATION], [LOCATION], said [ORGANIZATION], site coordinator at [ORGANIZATION]. The shelter needs people to donate supplies for [ORGANIZATION], including coats, blankets and sleeping bags.",0,0.0,0,1,0
news,141,"After the eviction of a homeless encampment [ORGANIZATION], there is an increased need for religious charity [ORGANIZATION].",0,0.3333333333333333,0,1,0
news,142,"PERSON0. [ORGANIZATION] [ORGANIZATION], [ORGANIZATION] and [LOCATION], [PERSON]. For services to ORG2. [ORGANIZATION]",0,0.0,0,1,0
news,143,"[ORGANIZATION] Member [PERSON] and I are also working to improve services to our women veterans. Our [PERSON] legislation would eliminate barriers to care and services that many women veterans face and would help to ensure the [ORGANIZATION] could address the needs for women, which is so critical because they are more likely to face homelessness, unemployment, and to go without needed healthcare. We are pleased to have the support of the ORG1 for this important legislation.",0,0.16666666666666666,0,1,0
news,144,"PERSON0. For services to [PERSON] and to the community in [ORGANIZATION], [PERSON], particularly during [ORGANIZATION] [ORGANIZATION], [PERSON]",0,0.0,0,1,0
news,145,"Economy and to the community in [ORGANIZATION], [ORGANIZATION], [ORGANIZATION] for services to [PERSON], lately [ORGANIZATION], [ORGANIZATION] for services to the Maritime [ORGANIZATION]tor PERSON2, for services to the community in [ORGANIZATION], [PERSON], [PERSON], ORG2 and Programme Director, ORG3 for services to Children and Young People Dr PERSON4, Chair of ORG4, [ORGANIZATION], for services to [ORGANIZATION] in [PERSON], Chair and Boat Manager, [PERSON], for services to ORG7 and to the community in GPE4 Prof PERSON6, Prof of Musculoskeletal Pathology, [ORGANIZATION] and ORG9, for services to [ORGANIZATION], Director, [ORGANIZATION]0 and [ORGANIZATION] services to the Environment PERSON8, Co-chair, [ORGANIZATION] for services to [LOCATION] in [ORGANIZATION], [PERSON] and [ORGANIZATION] Officer, [ORGANIZATION]1, for services to the Technology [ORGANIZATION]tor PERSON10, [PERSON], [ORGANIZATION]2, for services to [ORGANIZATION]3 PERSON11, [PERSON], for services to [ORGANIZATION]4 PERSON12, Project Manager, [PERSON] and [PERSON] for services to the community in GPE7, particularly during Covid-19 [PERSON], Pte [ORGANIZATION] to [ORGANIZATION], [ORGANIZATION]5 and [ORGANIZATION]6 PERSON14, [ORGANIZATION], [ORGANIZATION]7 for Public Service PERSON15, for services to the Economy and to the community in [LOCATION], [PERSON] for [ORGANIZATION]8, for services to [ORGANIZATION] PERSON17, [PERSON], Homeless Period [LOCATION] for services to [ORGANIZATION]9 PERSON18, for services to [ORGANIZATION] and to the community in GPE9 PERSON19, [ORGANIZATION] Officer, [ORGANIZATION], for services to the community in [ORGANIZATION]0 and [ORGANIZATION]1 Prof PERSON20, [PERSON] of ORG21 and Prof of Nursing and [ORGANIZATION], ORG22, for services to ORG23 and [PERSON] PERSON21, for services to the community in [LOCATION] PERSON22, [PERSON], Hair by PERSON23 for services to ORG25 PERSON24, Student Engagement and [ORGANIZATION], ORG26, [ORGANIZATION]2, Gt [ORGANIZATION]3 for services to [ORGANIZATION] PERSON25, for services to the community in [ORGANIZATION]4 and [ORGANIZATION]5, [ORGANIZATION]6 PERSON26, lately Deputy [LOCATION], [ORGANIZATION]7, [ORGANIZATION]8, for services to ORG27 and to the community in [ORGANIZATION]9 GPE20, for services to [ORGANIZATION] PERSON27, [ORGANIZATION], Life Lines and Intensive Care Consultant, ORG29, for services to the ORG30 during DATE0 PERSON28, [PERSON] and [ORGANIZATION] Officer, ORG31, for services to Business and to [ORGANIZATION] PERSON29, Director, [ORGANIZATION] for services to the Railway and to the ORG30 during [ORGANIZATION], Vice-Chair and Director of [ORGANIZATION], ORG32, for services to People with Rare Diseases Prof PERSON30, lately Director of [PERSON], ORG33, for services to [PERSON] and Wellbeing PERSON31, [ORGANIZATION], ORG34, for Public Service PERSON32, [ORGANIZATION], [ORGANIZATION] for services to [ORGANIZATION] PERSON33, [PERSON], ORG35 for services to [ORGANIZATION] PERSON34, for services to the community in GPE21 and Bury, Gt [ORGANIZATION]3 [PERSON] PERSON35, lately Gov, FAC0, GPE23, GPE24, for services to [ORGANIZATION] Dr PERSON36, [PERSON], ORG36, ORG37, GPE25, for services to [ORGANIZATION] PERSON37, [PERSON], ORG38, for services to",0,0.3333333333333333,0,1,0
news,146,"Voluntary Youth Organisations for services to [PERSON] in [ORGANIZATION] PERSON0 [PERSON], for services to [ORGANIZATION] in Sport PERSON2, for services to [ORGANIZATION] and to [PERSON] in [PERSON] PERSON3, [ORGANIZATION], [ORGANIZATION] and Co-[ORGANIZATION] and Director, [ORGANIZATION] for services to ORG29 and to the community in [LOCATION], [ORGANIZATION], ORG2 for services to Tourism and [PERSON], for voluntary service to Children with Special Needs and their [ORGANIZATION] in [PERSON], [ORGANIZATION] Officer, ORG3 for services to [ORGANIZATION], [LOCATION], [ORGANIZATION] PERSON8, [ORGANIZATION], ORG6 for services to [ORGANIZATION], [ORGANIZATION], ORG7 for services to Homeless People Dr [PERSON]0, [ORGANIZATION], [ORGANIZATION] for services to [ORGANIZATION] [PERSON]1, [ORGANIZATION] and [ORGANIZATION], ORG9 for services to Charity and to Disadvantaged People [PERSON]2, Head of City Operations, [ORGANIZATION]0 for services to [ORGANIZATION] [PERSON]3 [PERSON]4, [ORGANIZATION]1, [ORGANIZATION] and [ORGANIZATION]3 Society of [PERSON] for services to [ORGANIZATION]3, to Charity and to the community in [PERSON] [PERSON]5 [PERSON]6, [PERSON], [ORGANIZATION]4 for services to [ORGANIZATION]5 and to the community in GPE4 and [PERSON] [PERSON]7, [PERSON] and [ORGANIZATION], [ORGANIZATION], GPE42Beijing for services to [ORGANIZATION]7 [PERSON]8, [PERSON], [ORGANIZATION]8, GPE6 and [ORGANIZATION]9 for services to ORG20 [PERSON]9, [PERSON], ORG21 PERSON20, ORG22, ORG23 for services to [ORGANIZATION] PERSON21, [PERSON], [ORGANIZATION]8, GPE6 and [ORGANIZATION]9 for services to [ORGANIZATION], Co-[ORGANIZATION] and [LOCATION], ORG25 for services to [PERSON] PERSON23, Director, ORG26 for services to the Windrush Generation PERSON24, [PERSON], ORG27, [ORGANIZATION] for services to Children and [PERSON] with Special [ORGANIZATION]al Needs PERSON25, [ORGANIZATION] Officer, ORG28 for services to ORG29 and to the community in [PERSON] and [PERSON]0 PERSON26, Welfare Support Officer, ORG30 for services to Veterans in [PERSON]1 PERSON27, MC, Head of Testing, Exercising and [ORGANIZATION], ORG31 for services to [ORGANIZATION] [PERSON]3 PERSON28, lately [LOCATION], [ORGANIZATION], [ORGANIZATION] to ORG34 and to the community in [PERSON]2 and [PERSON]3 PERSON29, [ORGANIZATION] and [PERSON], ORG35 for services to Charity, to [PERSON] and to ORG36 PERSON30, [ORGANIZATION], ORG37 for services to Business and to Eng PERSON31, lately Head of [DATE], ORG38, [ORGANIZATION] for services to [ORGANIZATION] Dr PERSON32, lately Co-[ORGANIZATION], Parks Agency and Director, ORG39 for services to [LOCATION]0 PERSON33, [PERSON] and [ORGANIZATION], [PERSON] for services to [PERSON] PERSON34, lately Work ORG22 Team Leader, [LOCATION]1 for services to People with Autism PERSON35, [PERSON], [PERSON]4 Lough Sailability for services to [LOCATION]2 in [PERSON]5 PERSON36, [PERSON], [LOCATION]3 Infant and [ORGANIZATION], GPE8 of Hounslow for services to [ORGANIZATION] Dr PERSON37, lately [PERSON], [ORGANIZATION] Police for services to Policing PERSON38, [PERSON], [LOCATION]4, [PERSON]6, [PERSON]7 for services to [ORGANIZATION] PERSON39, [PERSON] for services to [LOCATION]5",0,0.0,0,1,0
news,147,"[ORGANIZATION], [PERSON]. [ORGANIZATION], [PERSON] and [PERSON], ORG2 and [PERSON]. For services to [ORGANIZATION]. [PERSON].",0,0.16666666666666666,0,1,0
news,148,"step up to the plate the [STREET] we did [ORGANIZATION] when some of the homeless encampments cleared out, [ORGANIZATION] said. We just wouldnt have the resources to do it.",0,0.3333333333333333,0,1,0
news,149,"PERSON0. Compliance and Investigation Officer, [ORGANIZATION]. For services to [PERSON] in [ORGANIZATION]. [ORGANIZATION], [PERSON]",0,0.16666666666666666,0,1,0
news,150,"[ORGANIZATION] and [PERSON], for services to [PERSON] and Order Prof PERSON0, [ORGANIZATION], [ORGANIZATION], for services to Systems Immunology PERSON1, lately Deputy Director, [ORGANIZATION], for services to [ORGANIZATION], [PERSON], ORG2, for services to [PERSON] Enforcement and to [ORGANIZATION], [PERSON], ORG3, for services to [ORGANIZATION], [ORGANIZATION] Officer, [PERSON], for services to [ORGANIZATION], [ORGANIZATION] Officer, [ORGANIZATION], for services to the Dev of Sustainable Communities PERSON6, [PERSON] and [ORGANIZATION] Officer, ORG6, for services to [ORGANIZATION], Actor, for services to ORG23 PERSON8, MP, MP for [ORGANIZATION] and the [PERSON], for [ORGANIZATION], jt [LOCATION], ORG7, for services to ORG8 and to the community in [PERSON], jt [LOCATION], ORG7, for services to ORG8 and to the community in [PERSON] PERSON11, [ORGANIZATION], ORG9 for services to [ORGANIZATION]0 and to Public Health Dr PERSON12 [PERSON], lately [ORGANIZATION], [ORGANIZATION]1 for services to [ORGANIZATION], lately [ORGANIZATION] Officer, [ORGANIZATION]2, for services to [ORGANIZATION]3 PERSON14, Co-[PERSON] and [ORGANIZATION] Officer, [ORGANIZATION]4, for services to [ORGANIZATION]5, to [ORGANIZATION]0 and to the community in GPE4 PERSON15, Director of Nursing and [PERSON], Covid-19 [ORGANIZATION], [ORGANIZATION]6 and [ORGANIZATION]7, for services to the [ORGANIZATION]8, particularly during [PERSON], Head of Operations, [ORGANIZATION]9, for services to [ORGANIZATION], Director of [ORGANIZATION], ORG20ary [ORGANIZATION], for services to ORG20 PERSON18, lately [ORGANIZATION] Officer, ORG22, for services to the [ORGANIZATION] Sector PERSON19, Actor and [PERSON] for services to ORG23 and to [ORGANIZATION]0 Prof PERSON20, Prof of Surgery and [ORGANIZATION], ORG24 for services to the Covid-19 Response PERSON21, [ORGANIZATION], [PERSON], for services to [ORGANIZATION] and to the community in GPE6 Dr PERSON22, [ORGANIZATION], ORG25, RM for services to the RM PERSON23, Director, ORG26, for services to [ORGANIZATION] and to the Environment in GPE4 PERSON24, Deputy Head, [ORGANIZATION], ORG27 HQ, ORG28 for services to ORG29 PERSON25, [PERSON] and [ORGANIZATION], ORG30, GPE7, GPE8 for services to FE PERSON26 PERSON27, [ORGANIZATION] and lately [ORGANIZATION] Officer, ORG31, for services to the Film and Television ORG8 and to ORG32 PERSON28, [ORGANIZATION], [ORGANIZATION], for services to ORG34 PERSON29, ORG35 [ORGANIZATION] Member, [ORGANIZATION] for services to the [PERSON] of Justice Dr PERSON30, Chair and Managing Trustee, ORG36, for services to Children and Young People with Special [ORGANIZATION]al Needs PERSON31, [LOCATION], [LOCATION], GPE9, for services to [ORGANIZATION] PERSON32, Lead for Domestic Abuse and Sexual Violence, [ORGANIZATION]6 and lately Deputy Director, [PERSON] and [PERSON], [ORGANIZATION], ORG38 PERSON33, DL, [ORGANIZATION], for services to the GPE5 Ports Sector and to the Economy in [LOCATION] PERSON34, Deputy Director, Work and Health Decision Making, [PERSON]0 for Public Service PERSON35, [ORGANIZATION], [PERSON]1, for services to FE Dr PERSON36, Editor-in-Chief, [PERSON]2, for services to [ORGANIZATION] PERSON37, [ORGANIZATION], Wirral Community Health and Care [ORGANIZATION]8 Foundation Trust, for services to [ORGANIZATION] PERSON38,",0,0.16666666666666666,0,1,0
news,151,"[ORGANIZATION] upholds [ORGANIZATION] voting restrictions, limits cases under Voting Rights Act62 SCOTUSblog Class Warfare A Homeless Amazon [PERSON] in [PERSON] Her Story63 ORG1 Moving beyond induction and deduction64 PERSON0 ORG2 is Other People65 PERSON1 Antidote du Jour PERSON2 writes This is PERSON3, the yard patrol officer on my brothers farm in GPE2.",0,0.5,1,0,0
news,152,"But as state and city leaders pitched their plans, a lawsuit filed [ORGANIZATION] by residents, business owners and developers aiming to force the city and county of [ORGANIZATION] to house those on skid row was working its [STREET] through the courts. A federal judge ordered in [LOCATION] that the city and county must provide shelter for the nearly 5,000 unhoused people living on skid row by DATE2, an order thats being appealed.",0,0.16666666666666666,0,1,0
news,153,"Several [ORGANIZATION] Democrats opposed it. Local officials and some affordable housing advocates argue it would strip local control over housing decisions and would not provide sufficient low-cost housing. Developers, [ORGANIZATION], and urbanist 8216YIMBY8217 groups argue it would increase housing supply and curb greenhouse gas emissions.",0,0.16666666666666666,0,1,0
news,154,"[ORGANIZATION] by [ORGANIZATION]  [ORGANIZATION] has opened a temporary sanctioned tent encampment for members of its homeless population during the [ORGANIZATION] public health crisis. The program provides a controlled environment for homeless residents to pitch their tents and have access to resources such as showers, electricity, and food. Shelter capacity was lowered in [LOCATION] to allow for better physical distancing practices, but the lowered bed count has led to an overflow of homeless people with nowhere to go but onto the streets. Officials have long conducted so-called tent camp sweeps to remove people from the citys sidewalks. But the [ORGANIZATION] has advised against doing so unless an alternative is in [STREET] that could allow for proper distancing measures. Visit ORG2 homepage for more stories1. [ORGANIZATION] has been among the [ORGANIZATION] counties praised for its quick, decisive action in responding to the coronavirus disease, known as [ORGANIZATION].The city has lower case counts within its population than other parts of the [PERSON]. But officials have been attempting to protect one facet of the community since the get-go its sizable, vulnerable homeless population. Officials began limiting capacity in the citys shelters in [LOCATION] to leave room for proper distancing measures in the typically crowded spaces. As a result of the thinned number of beds, the overflow has spilled onto the streets, with a 71 increase in tents cropping up on sidewalks as The [PERSON] reports. [ORGANIZATION] has long resorted to sweeping such unsanctioned tent encampments on the citys streets, instructing those who are homeless to move away from public areas not designated for setting up camp.",0,0.5,1,0,0
news,155,"In his final speech from [ORGANIZATION] in [ORGANIZATION], President [PERSON] warned the nation that the military had joined with the arms industry and had acquired unwarranted influence over American politics. His term for this alliance was the military industrial complex.Since that time, PERSON1 term has been co-opted by other critics of special interests pooling their resources to exercise dangerous influence on [ORGANIZATION] democracy one example would be the so-called homeless industrial complex.",0,0.16666666666666666,0,1,0
news,156,"For example, taxpayers can benefit from the mayor and council members traveling to lobby for city initiatives. [ORGANIZATION] will go to [ORGANIZATION] on [ORGANIZATION] to join other [ORGANIZATION] mayors in requesting that the [ORGANIZATION] give cities more money to fight homelessness. The expectation is that the public expense will come with a corresponding degree of potential public benefit.",0,0.3333333333333333,0,1,0
news,157,"[ORGANIZATION] says, does this non-homeless homeless man pay property taxes on his sidewalk shed? He doesnt pay any taxes. He doesnt pay utilities. He doesnt pay property income. Hes getting a free ride.",0,0.16666666666666666,0,1,0
news,158,"[ORGANIZATION] is the leading global building materials and solutions company serving masons, builders, architects and engineers all over the world. [ORGANIZATION] operations produce cement, aggregates and ready-mix concrete which are used in building projects ranging from affordable housing and small, local projects to the biggest, most technically and architecturally challenging infrastructure projects. As urbanization increasingly impacts people and the planet, the [ORGANIZATION] provides innovative products and building solutions with a clear commitment to social and environmental sustainability. With leading positions in all regions, [ORGANIZATION] employs approximately 80,000 employees in around 80 countries and has a portfolio that is equally balanced between developing and mature markets.",0,0.0,0,1,0
news,159,"[ORGANIZATION] by [ORGANIZATION] via [ORGANIZATION] is scaling back how it will use its mega-conference hall FAC0 and FAC1 as makeshift homeless shelters amid the coronavirus pandemic. After a backlash was stirred over the camp-like living conditions planned for the facilities, the city will instead focus on moving the homeless from existing shelters into hotel rooms. The purpose of using the FAC0 and FAC1 was to create more beds for better physical distancing practices. But now, the city needs 1,000 more hotel rooms than the originally projected 3,500 to establish enough temporary housing sites as a means to prepare for a surge of confirmed cases.",0,0.16666666666666666,0,1,0
news,160,"Housing status, comparing effects in people living with homelessness or unstable housing and those with stable housing",0,0.0,0,1,0
news,161,"DATE0 Prairie Pundit Delivered by [ORGANIZATION] The [ORGANIZATION] board of [ORGANIZATION] voted 8-2 DATE1 morning to codify Mayor [ORGANIZATION] state of emergency declaration, which will allow the city to take aggressive action to clear homeless camps populated by opioid addicts from the [ORGANIZATION] neighborhood.",0,0.5,1,0,0
news,162,"Voters said OK even though many of the [ORGANIZATION] city residents among them just voted in [ORGANIZATION] to approve [PERSON], another anti-homelessness program, calling for 1.2 bill in bonds to build housing for the homeless.",0,0.16666666666666666,0,1,0
news,163,"Can [ORGANIZATION] transform [ORGANIZATION]? [ORGANIZATION], a [PERSON] pilot program participant, will soon move into his own apartment after spending the better part of [DATE] homeless. Photo by [PERSON], ORG2 Trying to navigate [ORGANIZATION]s complex web of medical, mental and behavioral health and social services is a little bit like if you needed to get ingredients for a meal and instead of just going to the supermarket, you had to go to different stores to get your proteins and your fruits and your grains and your vegetables, [ORGANIZATION], a senior strategist at the [ORGANIZATION] Health Care Foundation, told ORG2 health reporter PERSON3. And at those stores, you had to pay with different cards and navigate different rules about what you could buy. Enter [PERSON]  or [ORGANIZATION] Advancing and Innovating [ORGANIZATION]  which seeks to overhaul the states health insurance program serving more than 13 million low-income residents by helping patients address problems such as homelessness, poverty, substance abuse and mental illness that often contribute to negative health outcomes. The [ORGANIZATION], multibillion-dollar effort kicked off in [LOCATION]  and although preliminary data from county pilot programs looks promising, advocates say the statewide transition will need to be monitored carefully to ensure [PERSON] lives up to its goals, [ORGANIZATION].",0,0.16666666666666666,0,1,0
news,164,"So, we have a nationwide shortage of housing. On [ORGANIZATION] in particular, we have an exceptional shortage of housing, affordable housing. So, we cant afford to live in houses, even people who dont necessarily have mental health issues maybe are fleeing abusive homes, which is another subset of the homeless population. There are people who simply cant afford to live and so theyre on the streets.",0,0.3333333333333333,0,1,0
news,165,"DATE0 In [LOCATION], [ORGANIZATION] approved a massive redlining settlement with ORG1 and ORG2, resolving allegations of racially discriminatory lending that had taken [STREET] at ORG3 from DATE2, including [ORGANIZATION] when Mr. [PERSON] was in charge.⁵Under the terms of the deal, the bank pledged to originate 100 million in home loans to borrowers in neighborhoods where a majority of residents are people of color and to open a full-service branch in a low-income minority neighborhood. It also committed to investing 5 million in a loan subsidy fund to increase credit opportunities for residents in minority neighborhoods, dedicating 1.3 million to community outreach, and providing 1 million in grants to community groups for financial counseling and homelessness [DATE], in [DATE], [PERSON] entered into a 7.75 billion community lending [PERSON] with a coalition of civil rights groups as part of its acquisition of [ORGANIZATION]. In announcing the deal, [PERSON]s Chairwoman and Chief Executive OfficerPERSON1, said that by working with community groups, the bank would ensure that our efforts to make a meaningful difference and help build thriving neighborhoods would be successful.⁵⁵The agreement included specific targets for home lending, small-business lending, charitable giving in low-income areas, and a public accounting of progress to those goals.",0,0.16666666666666666,0,1,0
news,166,"[URL]KMp7xfUjKw8Tweet Embed [URL]mimsstatuses[PHONE]925579264?ref_srctwsrc5Etfw This is what happens when a town with a population of 27,000 becomes homeless. This is an impromptu shelter and help station at a [ORGANIZATION] parking lot.",0,0.0,0,1,0
news,167,"Since [ORGANIZATION], the [ORGANIZATION] has been tasked with cleaning the island and delivering pollution-free parcels of land one by one to the city of [ORGANIZATION], which obtained the land in [ORGANIZATION] to eventually build a grand neighborhood out of the man-made island. Over DATE1, the formerly homeless and others in need of supportive housing would call the island home. Now with the multi-billion-dollar redevelopment planned, which may or may not be paused as a result of the lawsuit, theyll be joined in [DATE] by thousands of new residents.",0,0.3333333333333333,0,1,0
news,168,"The article pointed out that the best approach to solve homelessness in multi-faceted, but should essentially create more jobs, redistribute the wealth, improve education, socialize health care, basically redesign our political and economic systems to make sure everybody can afford a roof over their heads.",0,0.3333333333333333,0,1,0
news,169,"[ORGANIZATION] will host its DATE0 A.I. conference, [PERSON], on [LOCATION]. PERSON0 recently told ORG2 it could be the last [PERSON] held in [ORGANIZATION] if the event is significantly affected by the citys homelessness and drug use problems.",0,0.16666666666666666,0,1,0
news,170,"[ORGANIZATION] plans to deliver [ORGANIZATION] Fiber to select condos, apartments, and affordable housing units in [ORGANIZATION], according to a blog post by [ORGANIZATION], [ORGANIZATION] Fibers business operations director. And as part of this effort, [ORGANIZATION] Fiber wants to help residents who have never used the Internet get online for the first time by offering them free connectivity to the service and training on such tasks as setting up email accounts, accessing content, and applying for jobs online.",0,0.3333333333333333,0,1,0
news,171,More than half of [ORGANIZATION] bridges are not in good shape. [ORGANIZATION] affordable housing projects receive 200 million from [ORGANIZATION] accelerator fund. [PERSON],0,0.16666666666666666,0,1,0
news,172,"[PERSON] of [ORGANIZATION] neighborhoods dont allow apartments, study finds. [PERSON] Theres a new coalition trying to reduce homelessness. Can it work?",0,0.3333333333333333,0,1,0
news,173,"Of course planners will insist that the idea is indeed radical. But [ORGANIZATION] has no zoning laws, and it has some of the most affordable housing in the nation while the greater [ORGANIZATION] region is among the leaders in new housing starts, say [ORGANIZATION] studies professor [PERSON] and [PERSON]. Abolish the citys rent-control laws.",0,0.0,0,1,0
news,174,"[ORGANIZATION] invests in affordable housing for college students Student housing at [ORGANIZATION] on [ORGANIZATION]. Photo by PERSON0 for ORG2 An estimated 3,800 more college students will soon have affordable campus housing after [PERSON] and lawmakers agreed to pump a portion of ORG3 300 billion budget14 into a student program to ease a residential crisis gripping the states public universities and community colleges, ORG2 PERSON2 reports17.",0,0.16666666666666666,0,1,0
news,175,"[ORGANIZATION] new district attorney, [ORGANIZATION], told10 the [ORGANIZATION] in a candidate questionnaire Crimes such as public camping, offering or soliciting sex, public urination, blocking a sidewalk, etc. should not and will not be prosecuted. I also notice something that I hadnt seen much during [ORGANIZATION] in [ORGANIZATION] and [ORGANIZATION], [PERSON] homeless women, although far fewer than homeless men. Nationally, homelessness increased by 2.7 in [LOCATION], according to ORG1. Homelessness in [PERSON] is at a crisis level, ORG2 Secretary [PERSON] in a formal statement. Residents of [PERSON] likely agree Three-quarters of respondents to a survey said homelessness in the city was getting worse, and a little over half mentioned it as a top issue, according to a [LOCATION] report12 from the [PERSON] Office of the Controller.2. [TIME] In [LOCATION], [PERSON] decided to try keeping three public restrooms open [TIME] a day in the worst areas. Its not cheap to keep them clean, one attendant is present during [TIME] and, presumably for safety, two are present at [TIME].",0,0.3333333333333333,0,1,0
news,176,"The pandemic cast a new spotlight on the states homelessness crisis, laying bare the danger of living in such unsanitary conditions. Even without the pandemic, people experiencing homelessness die [ORGANIZATION] in [ORGANIZATION]. [PERSON], the countys medical examiner documented more than 1,300 deaths, a number advocates say is probably much higher.",0,0.0,0,1,0
news,177,"I hope my American hosts will forgive me for raising this, but the squalor we saw in The City was frightful. [ORGANIZATION] has always been one of favourite [PERSON] cities, but the degree of homelessness, mental illness and drug abuse we saw on this trip was truly shocking. Walking round GPE2 on DATE0 Morning and we saw sights we couldnt believe. This must be one of the richest cities in the world - home to 4 of the 10 richest people on the planet according to [ORGANIZATION]. I asked friends about it, and they shrugged it off.. The City has always attracted the homeless because of the mild weather,.. Its a drug thing.. its too difficult you get used to it..",0,0.16666666666666666,0,1,0
news,178,"2. [PERSON] led to more than 1,600 pandemic evictions [ORGANIZATION] in a motel room in [ORGANIZATION] on [ORGANIZATION]. Photo by [PERSON] More than 1,600 Californians have been evicted amid the pandemic due to a loophole in the state eviction moratorium  which will likely expire [LOCATION], foreshadowing more evictions and a homelessness Armageddon20 unless the state [PERSON] comes up with a solution in time, [ORGANIZATION], PERSON3 and PERSON4 report in an exclusive story21. Meanwhile, the loophole remains open, putting renters at risk of losing their homes and their ability to shelter in [STREET].",0,0.16666666666666666,0,1,0
news,179,"The ship left [ORGANIZATION] at around [ADDRESS] to sleep between shifts. The county may move more than 150 older residents from residential facilities across [ORGANIZATION]. Already, nearly 50 are being moved out of the ORG1 centers for the homeless in GPE2 and [PERSON] as a precaution against spread in those two county-funded facilities. A staffer at the GPE2 ORG1 center tested positive for [PERSON], raising the alarm of an outbreak there.",0,0.16666666666666666,0,1,0
news,180,"[PERSON], [PERSON] tell you, [PERSON] has gotten really incredible in terms of the homelessness there, by the [STREET]. Well, there is very hot and dangerous temperatures moving across much of the country [TIME]. [ORGANIZATION] Senior [PERSON] is live in FAC0 [TIME]. PERSON1, give us the news.",0,0.0,0,1,0
news,181,"[ORGANIZATION] deadliest [ORGANIZATION] in [LOCATION] could suggest a ORG1 undercount. ORG2 moved to [ORGANIZATION] for affordable housing. [PERSON] left them homeless. ORG3 bill gives hope of employment to formerly incarcerated firefighters, but will it work?",0,0.16666666666666666,0,1,0
news,182,"But [ORGANIZATION] mayor, [ORGANIZATION], says federal support for low-income housing has lagged for [ORGANIZATION]. Though, it should be noted after [LOCATION] in office, the [ORGANIZATION] homelessness problem is reportedly worse under Mayor [PERSON] than in the previous administration. That includes an uptick in the number of homeless reports of dirty needles and human feces.",0,0.16666666666666666,0,1,0
news,183,Other things worth your time Video How to access financial help during the pandemic. [PERSON] is getting a government-run tent city for homeless veterans amidst the coronavirus pandemic. [ORGANIZATION] has created a new federalism helmed by [ORGANIZATION] and [ORGANIZATION] Gov. [PERSON].,0,0.16666666666666666,0,1,0
news,184,[ORGANIZATION] Strike ORG1 hotel workers walk off the job as [PERSON] returns. [PERSON] of massive [ORGANIZATION] homeless camp stalled by federal judge. PERSON0,0,0.16666666666666666,0,1,0
news,185,"BREAM PERSON0 in [ORGANIZATION], thank you. Up next, the stunning message to [PERSON] about its exploding homeless problem. And unions are freaking out about the countdown to the [ORGANIZATION] ruling on forcing public sector workers to pay union dues. [ORGANIZATION] joins us next with his unique take.",0,0.0,0,1,0
news,186,"Really? Tech [ORGANIZATION] suspended facial recognition research for the [PERSON] 4 smartphone after reportedly targeting homeless black people [ORGANIZATION]. Multiple sources at [ORGANIZATION] contractor [PERSON] told [ORGANIZATION] that in order to get more pictures of people with darker skin tones, they had been told to rush subjects in [ORGANIZATION] through consent forms and obfuscate exactly what the photos were being used for. They rewarded people with 5 gift card for taking part in the voluntary survey, and were told to target black homeless people and students, who they were told would be more likely to respond to the offer of a gift card. One source also said they were told to target homeless people because they were less likely to talk to the press. So the homeless faces represent all of us. Or at least all of them.",0,0.3333333333333333,0,1,0
news,187,"[ORGANIZATION], [PERSON] fight over low-income housing aid in federal bill. [ORGANIZATION] for mentally ill homeless women draws heated GPE2 response. [PERSON]",0,0.0,0,1,0
news,188,"Still, the event will serve to shore up [ORGANIZATION] wall of national Democratic support25 while also providing [PERSON] with an opportunity to move past a particularly challenging stretch of his presidency. In other recall news, [ORGANIZATION] is investigating a DATE0 altercation26 in which frontrunner [ORGANIZATION] campaign staff were accosted by homeless Californians27. As the [LOCATION] election date28 nears, the recall is gaining momentum in the national media.",0,0.16666666666666666,0,1,0
news,189,"The order will affect about 6.7 million people across six counties. The regions estimated 28,2003 homeless individuals, however, are exempt, according to the [ORGANIZATION]. They are instead encouraged to seek shelter, and city officials will try to find [ORGANIZATION] to house them. The regions most vulnerable residents are the citys homeless population. [ORGANIZATION] ImagesThose living on the streets are more at risk of contracting infectious diseases, such as the coronavirus, in [ORGANIZATION] and in other [PERSON] cities. A [ORGANIZATION] count placed the number of homeless individuals in [ORGANIZATION] at 8,011.5 Many dont have the luxury of taking the recommended precautions to avoid contracting [PERSON], like handwashing and keeping a distance from sick people, asBusiness Insiders PERSON1. [ORGANIZATION] announced [ORGANIZATION] that it was spending 5 million to hire cleaning crews to regularly sanitize homeless shelters, supportive housing buildings, and SROs DATE2. [ORGANIZATION]The city also will use RVs stationed throughout the cityto house members of its homeless population7who are infected with the coronavirus for self-quarantine. The office of Mayor PERSON3 announced the plan [ORGANIZATION]. According [PERSON], a local station, it will apply to people whove tested positive for [PERSON], the disease caused by the novel coronavirus those who have been exposed to it but dont need hospitalization and those who arent able to self-isolate in shared spaces like homeless shelters, SROs, or on the [STREET]. To further promote good hygiene practices for residents, city leaders have also placed 20 hand-washing stations around the city.",0,0.16666666666666666,0,1,0
news,190,"And yes, were going to have to force people into that treatment if need be. In his homelessness plan, [ORGANIZATION] cites a [ORGANIZATION] blog post15 pointing to a study of ORG1 facilities that found nearly half of participants recovered from substance use, entered housing and maintained steady employment. Neither [ORGANIZATION] nor [PERSON] has put forth a price tag for that treatment  but it is likely far higher than simply providing beds for people, as the current shelter model does. The candidates do, however, have a point that more mental health treatment is sorely needed. Board-and-care facilities for low-income Californians with serious mental illness have been shuttering across the state at an alarming rate16. The state budget for [ORGANIZATION] includes 805 million for counties to purchase, build, preserve, or rehabilitate such facilities17, but the state has yet to patch the growing hole in the availability and delivery of mental health treatment. The prevalence of mental illness among the homeless is a source of debate18, and being on the streets can worsen existing mental health conditions. There is general agreement among experts and elected officials19 that mental illness alone isnt responsible for homelessness. The people who are suffering from substance use disorder or mental illness are very visible, theyre very challenging. But there is a very large unsheltered population that doesnt have either. PERSON2, founding executive director of ORG2 at [ORGANIZATION] Of the more than 248,000 people who accessed homeless services throughout [LOCATION], 41 reported disabling [ORGANIZATION], which could be anything from diabetes or a broken leg to a mental disorder, according to [ORGANIZATION], the states deputy secretary for homelessness at [LOCATION]. PERSON2, founding executive director of ORG2 at [ORGANIZATION], said a recent study found21 that less than a fifth of 37,000 people experiencing homelessness in [ORGANIZATION] had a clinically diagnosed mental illness, substance use disorder or both. The people who are suffering from substance use disorder or mental illness are very visible, theyre very challenging, she said. But there is a very large unsheltered population that doesnt have either. PERSON4, a professor of medicine at [ORGANIZATION], who leads the ORG6 Benioff Homelessness and Housing Initiative22, also says theres little evidence of correlation between mental health and homelessness. Instead, she says the places with highest homelessness have a split population of high earners who can afford to pay housing costs, and those who cant, competing for a limited supply of housing. Think [PERSON]. Once people are living on the [STREET], theyre much more likely to turn to drugs or alcohol, [ORGANIZATION] said. A lot of people on the streets use stimulants so they dont sleep, because when they sleep, they get assaulted, and their stuff gets stolen, she said. Turns out that when you bring people inside and that goes away, peoples lives calm down, and they can engage in therapy. [ORGANIZATION] recently conducted a study in which researchers approached the [ADDRESS]  and offered them a permanent home. All but one said yes.",0,0.16666666666666666,0,1,0
news,191,"[ORGANIZATION] by [ORGANIZATION] A proposed emergency ordinance introduced by [PERSON] would require the city to house its entire homeless population in 7,000 hotel rooms amid the coronavirus pandemic. Officials have been grappling with how to protect its homeless community since the virus penetrated the city. The shelter-in-[STREET] order that went into effect on [ORGANIZATION] exempted those who are homeless. If this ordinance passes, those living on the streets would have space to shelter-in-[STREET] just as much of the rest of the city has been doing.",0,0.0,0,1,0
news,192,"[ORGANIZATION] by [ORGANIZATION] On [LOCATION], San Franciscans will vote on [ORGANIZATION],a local ballot measure that would tax the citys largest corporations to provide relief in the citys ongoing homelessness crisis. On DATE2 of the midterm elections, FAC0 in [ORGANIZATION] had a message for the people of its city ORG1. The artist in charge of the LED displaytold The [ORGANIZATION] Chronicle in [LOCATION] he would never portray an advertisement or DATE4-themed image on it.",0,0.16666666666666666,0,1,0
news,193,"[ORGANIZATION] has attracted [PERSON] and [PERSON] for his perceived leniency toward criminals, vowing not to prosecute cases involving quality-of-life crimes, such as public camping, offering or soliciting sex, public urination or blocking a sidewalk, according4 to [ORGANIZATION]. We have a long [STREET] to go to decriminalize poverty and homelessness, [ORGANIZATION] said. These numbers are very promising, but we still have [ORGANIZATION] to go before DATE1 on DATE2.",0,0.16666666666666666,0,1,0
news,194,"The homeless can accelerate their benefits by committing new crimes. Many cities have created âœspecialty courtsâ to deal with the particular problems of the addicted, the mentally ill, and the homeless. While some of these institutions use the power of mandated treatment to change lives, others have become another means to distribute funds to criminals. See âœKeeping the Mentally Ill Out of Jail,â [ORGANIZATION]. If youâre homeless in [ORGANIZATION] and commit an offense such as trying to sell drugs, you will get assigned to the Downtown [ORGANIZATION] Community [STREET]. According to internal documents, your supposed âœpunishmentâ will be âœaccess to basic needs, social services, and other resources,â so as to âœaddress the root causesâ of your situation.",0,0.16666666666666666,0,1,0
news,195,[ORGANIZATION] on rising homelessness in [ORGANIZATION],0,0.0,0,1,0
news,196,"[ORGANIZATION]âs policy exemplifies what [ORGANIZATION] calls a âœtough loveâ approach. The city has built permanent supportive housing for the chronically homeless, cobbled together a coalition of nonprofit partners, and lobbied the state government for more mental-health and addiction services. At the same time, [ORGANIZATION] has enforced a strict ban on public camping and proposed a citywide campaign to discourage citizens from giving money to panhandlers. The [ORGANIZATION] sheriffâs homeless-outreach team attempts to connect the homeless with services but also enforces the law. The sheriffâs office acknowledges that âœmental illness and substance abuse are common in the homeless populationâ and recognizes that it must maintain order in residential neighborhoods. The team shuts down tent cities and conducts regular cleanups, discouraging the permanent encampment culture seen in [ORGANIZATION] cities. The results have been stunning [ORGANIZATION], [ORGANIZATION] reduced its homeless population by 54 percent.",0,0.16666666666666666,0,1,0
news,197,"The fact that people are somehow able to survive out there for that long is you know, amazing, but they have to be really tough, said [ORGANIZATION], who helps lead an outreach team at [ORGANIZATION] in [ORGANIZATION] aiming to help those experiencing homelessness on transit lines.",0,0.3333333333333333,0,1,0
news,198,The interesting thing is that it really does shift the onus for affordable housing from government entities who once tackled these projects to business interests seeking to make a profit. Thats likely the argument that theyll make if they decide to continue fighting.,0,0.16666666666666666,0,1,0
news,199,"We will not prosecute cases involving quality-of-life crimes. Crimes such as public camping, offering or soliciting sex, public urination, blocking a sidewalk, etc., should not and will not be prosecuted, [ORGANIZATION] said in response to an [ORGANIZATION] questionnaire, adding that we have a long [STREET] to go to decriminalize poverty and homelessness. [ORGANIZATION] Mayor [PERSON], a Democrat, described in aJuly DATE0 interview16how the city is drowning in poop.",0,0.16666666666666666,0,1,0
news,200,"[ORGANIZATION] This is air quotes every block. This is bad. I mean, there has to be some sort of come-to-[PERSON] huge overhaul plan for this city. Whether that means like almost shutting things down and the government bankrolls businesses to keep them there for a while to make sure that you can actually deal with the crime, deal with the homelessness problem.",0,0.3333333333333333,0,1,0
news,201,"PERSON0 Remember that with the [ORGANIZATION] administration and the homelessness money that almost a billion dollars, and then they had to do a report that said we were sorry, we dont know where it went. We know where it went.",0,0.16666666666666666,0,1,0
news,202,"[ORGANIZATION], yeah, [ORGANIZATION] replied.6 How are we supposed to eat? the man said.7 Current Issue More than half a million people across [ORGANIZATION] experience homelessness on any given night, and the population faces acute risks from the respiratory virus. Many have underlying health conditions6, including chronic lung disease, HIVAIDS, and mental illness, as well as higher levels of stress, which can weaken the immune system. Even in the absence of a viral pandemic, people experiencing unsheltered homelessness have a mortality rate almost 10 times the general populations and nearly three times that of people living in shelters. Access to sanitation facilities, limited under ordinary circumstances, has been further complicated as public spaces like libraries close and service providers suspend operations in response to the pandemic.8 The first confirmed death from Covid-19 in the [ORGANIZATION] homeless population occurred on [LOCATION] in [ORGANIZATION] since then, in [ORGANIZATION], at least two others have died, and dozens of people living in shelters have tested positive for the coronavirus. Social distancing is difficult if not impossible in shelter settings, though shelters across the country are taking various measures to try to limit the risk, including opening new temporary facilities to relieve crowding elsewhere.",0,0.16666666666666666,0,1,0
news,203,"[ORGANIZATION] received a grant to support its programs, which are focused on the acquisition, development, redevelopment, and management of affordable housing in [ORGANIZATION].",0,0.16666666666666666,0,1,0
news,204,2 [ORGANIZATION] has become a mecca for homeless people because of all the free services and accommodations for them.,0,0.0,0,1,0
news,205,"The face of homelessness for many people seems to be that man holding a sign at an intersection, or the travelers who congregate in downtown [ORGANIZATION] in warm weather and disappear in cold.",0,0.16666666666666666,0,1,0
news,206,"[ORGANIZATION] fined [DATE] for safety violations. [PERSON] in ORG2 The city of [ORGANIZATION] continues to sell off publicly-owned land23 rather than develop affordable housing [ORGANIZATION] receives a certification necessary24 to receive new [ORGANIZATION] funds, ahead of other states. Im not sure what problem self-driving bikes25 would solve.",0,0.3333333333333333,0,1,0
news,207,"The reality is that homelessness is the waitress pouring your coffee, the janitor in your office, the little girl in your sons classroom or even the teacher, says [ORGANIZATION], the public relations manager for [ORGANIZATION].",0,0.16666666666666666,0,1,0
news,208,"DATE0, I witnessed something that really touched my heart. My little sister, who is very generous, made us some bags to put in our car. The bags are to hand to homeless people holding signs asking for help. These bags contain things like granola bars, water and new socks. She puts in new socks, because research has shown that clean socks are one of the top things that homeless people want.",0,0.16666666666666666,0,1,0
news,209,"One project that was supposed to cost 200,000 per unit is coming in at 285,000 per unit-a 42.5 percent overrun. [ORGANIZATION] proudly tweeted that the city just approved another project with 203 units of so-called affordable housing. Because home prices in a market of nearly 820,000 homes are going to be significantly influenced by the subsidized construction of 203 more-Not! As the [ORGANIZATION] previously [ORGANIZATION], affordable housing is not the same as housing affordability. Affordable housing is government subsidized housing for people too poor to afford housing. It is not intended or expected to influence the overall housing market because it does nothing about the underlying conditions that have made housing expensive in the first [STREET].",0,0.16666666666666666,0,1,0
news,210,"Planting fruit and nut trees could also strengthen food security, said [ORGANIZATION], and [ORGANIZATION] should also coordinate community gardens and neighbourhood planter boxes. Red tape needed cutting to stop obstructing papak?inga development and encourage affordable housing. [ORGANIZATION] said the economy needed boosting with more industry-specific education, and by a shift in community outlook to better welcome immigrants from different ethnic backgrounds.",0,0.16666666666666666,0,1,0
news,211,Oregons housing crisis,0,0.16666666666666666,0,1,0
news,212,"But when [ORGANIZATION] reported on [ORGANIZATION] comments, alternative transportation and community advocacy organizations cried foul. PERSON1 was denounced by the [ORGANIZATION] bicycle advocacy organization for supporting highway widening. He was accused on the ORG2 blog of recommending a congestion fix that wont work. And on [ORGANIZATION], a coalition of community organizations wrote ORG3 to say such a measure also must include funding for transit operations and low-income fare discounts, bike and pedestrian trails, safety improvements, affordable housing projects and equitable outcomes in all transportation work.",0,0.0,0,1,0
news,213,"[PERSON] housing and affordable food are the top two needs in the state, and mental health services is the third, according to the results of a statewide needs assessment released [ORGANIZATION] from [ORGANIZATION]. The results of this needs assessment are already being used by our [ORGANIZATION] faculty and staff as they continue to offer programs and resources, [ORGANIZATION], [ORGANIZATION] associate director, said in a statement.",0,0.3333333333333333,0,1,0
news,214,"There is this sort of confusing message society gets that we are supposed to care about veterans, or children, etc., yet the same groups touting that often vilify the homeless, overlooking that a substantial portion of the homeless population are veterans, and a growing number of the homeless population are children, he says.",0,0.0,0,1,0
news,215,"DATE0 iPhone J.D. Delivered by [ORGANIZATION] never thought of [ORGANIZATION] as a tool for social justice, but this occurred to [ORGANIZATION] lawyer [ORGANIZATION], who runs what he calls ORG1 and also practices at ORG2. PERSON1 of the [ORGANIZATION] Tribune reports3 that [PERSON] was trying to help the homeless who stay at a campsite in a park. Under [PERSON] law, when the city cleans up homeless encampments, it is required to retain for [LOCATION] any collected property that is recognizable as belonging to a person and having an apparent use so that it can be retrieved, but according to [PERSON], the city wasnt doing so.",0,0.16666666666666666,0,1,0
news,216,"In [ORGANIZATION], the state courts stymied a [ORGANIZATION] effort by [PERSON] to apply a personal income tax to some high-income households, due to a complex web of state statutes and constitutional provisions they interpreted as blocking localities authority to impose taxes on income or to apply progressive rates. The new tax would have raised an estimated 140million a year for efforts to fund affordable housing, education, and transit fight climate change and lower property taxes and fees for people least able to pay.",0,0.16666666666666666,0,1,0
news,217,"[ORGANIZATION] discussed a package of state laws passed [ORGANIZATION] to combat the shortage of affordable housing plaguing [ORGANIZATION], particularly in rural areas. Among them was a bill creating a pilot project that will allow two test cities to add 50 acres to their urban growth boundaries and dedicate the land to affordable housing.",0,0.16666666666666666,0,1,0
news,218,"Give your time, treasure and talent to causes and people you agree with, but at all cost resist the comfortable impulse to support the dividers and the haters. Every town in [ORGANIZATION] has a non-profit or ten that exists to feed the hungry, house the homeless, heal the sick or stimulate our souls. Get off the sidelines and get in the real game.",0,0.3333333333333333,0,1,0
news,219,"DATE0 ORG0 Delivered by ORG1 Urban transit agencies are rethinking how they prevent crime and maintain order following nationwide protests over racial bias and police brutality in the death of [ORGANIZATION] and others.Why it matters Transit police  an often overlooked arm of law enforcement  are the ultimate beat cops. Theyre positioned as potential leaders in the effort to defuse anger and rebuild trust in cities where theres renewed interest in the concept of community policing1.Instead of treating fare evasion or homelessness with arrests and prosecution, some transit agencies are experimenting with more compassionate responses to try to address the root causes of those problems. At the same time, agency officials argue a strong police presence is necessary to prevent serious crime and to boost declining ridership.",0,0.16666666666666666,0,1,0
news,220,"The [ORGANIZATION] minister stated that [ORGANIZATION] has seen just 12,000 migrants arrive [ORGANIZATION], compared to 74,000 in [LOCATION]. This, he said he estimated, would have cost illegal people traffickers 100 million.175 [PERSON] and [PERSON] to Accept Migrants From [PERSON] But Agree to Donate Aid176 GPE2 and [PERSON] are donating aid to the [PERSON] migrant camp in [ORGANIZATION] after a fire set by migrants destroyed almost the entire camp, leaving nearly 12,500 people temporarily homeless. Both countries indicate they are willing to help financially but will not take any migrants in, which has been consistent with the migration stance of both countries over DATE2.",0,0.3333333333333333,0,1,0
news,221,"Shootings were rising, and in [ORGANIZATION], dozens of people died during an unprecedented heat wave. The fact that some 4,000 people lacked housing became impossible to ignore as the city paused its regular sweeps of homeless [PERSON] and tents became more visible. The weakness of the states mental health care system became starker, too There were few sources of help that residents could call during encounters with people in the midst of a crisis.9 Many of these challenges are not unique to [ORGANIZATION].",0,0.0,0,1,0
news,222,"One example of an existing [ORGANIZATION] that serves a function similar to what we discuss here regarding ECHs is [ORGANIZATION], created in [ORGANIZATION] to support a network of nearly 250 ORG1 working to increase access to affordable housing.6",0,0.0,0,1,0
news,223,"[ORGANIZATION] brought [ORGANIZATION] police officer [PERSON] as her State of the Union guest. It was the first time a [ORGANIZATION] police officer has ever been invited to attend. PERSON2, a mother of two, has been with the [ORGANIZATION] Police Bureau for DATE0 and serves on the front lines of the homelessness and drug crises in [PERSON] as a member of [ORGANIZATION].",0,0.3333333333333333,0,1,0
news,224,"[ORGANIZATION], [PERSON] mayoral candidate PERSON0 new plan to tackle homelessness includes two statements plagiarized from his rival, [PERSON], plus two other phrases with very similar language.",0,0.16666666666666666,0,1,0
news,225,[ORGANIZATION] - A [ORGANIZATION] police officer fatally shot a man at a southeast [ORGANIZATION] home after the landlord reported a stranger who appeared to be homeless and suffering from a mental illness lying on a tenants door stoop.,0,0.16666666666666666,0,1,0
news,226,"Mayor [PERSON] said the statue would be removed until the appropriate civic institutions can determine next steps. [ORGANIZATION] in [ORGANIZATION], Mayor [PERSON] announced DATE0 the formation of a new [ORGANIZATION] ORG1 that will be set up to respond to 911 calls for substance abuse, homelessness, and mental health, instead of sending police. The new agency will deploy unarmed personnel made up of social workers, housing and homelessness specialists, and violence prevention coordinators, and will be funded in part with money from the police budget as well as other city departments. The [ORGANIZATION] [INSTITUTION], which has been under ORG2 monitoring since a consent decree in [LOCATION], will continue to exist, but will eventually have a smaller footprint.",0,0.16666666666666666,0,1,0
news,227,"[ORGANIZATION], on helping [ORGANIZATION] chronically homeless being a choice to save lives",0,0.0,0,1,0
news,228,"There was pushback in [ORGANIZATION] in particular because the administration mentioned [ORGANIZATION], said [ORGANIZATION], chair of [ORGANIZATION]. Of course, youre going to get a lot of feedback if you mention something that was a nightmare.",0,0.5,1,0,0
news,229,"[ORGANIZATION] received a grant to support its programs, which provide emergency shelter and services for at-risk and homeless teens with the objective of transitioning the youth into safe, permanent housing while also addressing other challenges including educational, mental health, and addiction issues.",0,0.0,0,1,0
news,230,"[ORGANIZATION] - or ORG1 - is embedded in the areas 911 system. Dispatchers who receive calls about mental health crises, homelessness, substance abuse and other welfare checks direct the information to [ORGANIZATION]. On a fundamental level, the [ORGANIZATION] program is designed to send the right kind of first responders into emergent crisis situations where theres not a crime being committed, theres no medical emergency, no fire to be put out, but where there is still somebody whos in profound need, said [ORGANIZATION], the consulting director of ORG2, which runs [ORGANIZATION]1.",0,0.0,0,1,0
news,231,"[ORGANIZATION] Commissioner [PERSON] has pushed hard for supportive housing in [ORGANIZATION] and now, with support from [ORGANIZATION] and Mayor PERSON2, the leaders hope setting a goal will generate the money to cover it. They plan to use federal, state and local money, along with some funds from GPE0s affordable housing bond. But they also hope more [ORGANIZATION] businesses, private hospitals and health-care groups, along with neighboring counties and even tourism-related associations will also step up. As they should.",0,0.16666666666666666,0,1,0
news,232,"And millions of others could face homelessness when the [ORGANIZATION] moratorium on evictions expires on [ORGANIZATION]. By the numbers In a survey [LOCATION], around 13 of all adults in the country 27 million said their households didnt have enough food during DATE2, according to [ORGANIZATION].",0,0.16666666666666666,0,1,0
news,233,"[ORGANIZATION] had previously said he would pardon PERSON1 and [PERSON]  who were indicted [ORGANIZATION] for unlawful use of a weapon and tampering with evidence for the caught-on-camera confrontation where the couple pointed a rifle and handgun at protesters in front of their house in a private section of the city. Well let it play out and see how this all comes out in the courts, but I stand by what I said, [ORGANIZATION] said at a news conference Wednesday.160 [PERSON], Homeless Camping as [ORGANIZATION] Performs Fewer Sweeps161 GPE1, OR [PERSON] If you feel like youve seen an increase in homeless camping and trash around [LOCATION] [ORGANIZATION], youre not alone. Mayor PERSON3 office says the [ORGANIZATION] pandemic in [ORGANIZATION] has forced more people in the streets as theyve lost their jobs, with homeless camps becoming more established as fewer sweeps are performed. City of [ORGANIZATION] staff say on average, they remove 550,000 pounds of trash and debris from various camps around the city, working [LOCATION] a week to pick up garbage and bio hazards. [ORGANIZATION]s Office of Management and Finance says more camps and garbage are present because theyve stopped sweeping homeless camps.162 ORG3 to [ORGANIZATION] will no longer promote social justice messaging in its games following record-low ratings.",0,0.3333333333333333,0,1,0
news,234,"The Rev. [PERSON], minister at [ORGANIZATION] in downtown [ORGANIZATION], says he has met people who came to [PERSON] from elsewhere and ended up homeless - but not by choice. They typically came here because they had a family member here, had a good lead on a job, or the prospect of job, [PERSON] says. The job didnt come through, or they lost the job in [ORGANIZATION] after they got here, and then they ended up on the streets due to a lack of adequate resources. They got stranded.",0,0.16666666666666666,0,1,0
news,235,"A native [ORGANIZATION]er, [ORGANIZATION] graduated from [ORGANIZATION] with bachelors degrees in German and journalism. In [ORGANIZATION] she was honored with the schools [PERSON] for her advocacy for higher education and ongoing commitment to the university. She has served in multiple community service and advocacy leadership roles during her career, including serving as a director for [ORGANIZATION], a [ORGANIZATION]-based organization that serves homeless and other marginalized youth. She also serves on the ORG2 community board in [PERSON] as well as the [ORGANIZATION] community advisory board.",0,0.0,0,1,0
news,236,"[ORGANIZATION] by [ORGANIZATION] Officials plan to increase removals of homeless camps where trash, needles and other biohazards have accumulated in [ORGANIZATION], [PERSON], a local ORG1 affiliate reported [LOCATION].",0,0.16666666666666666,0,1,0
news,237,"Were hoping to have a fairly substantial package released on [ORGANIZATION], [ORGANIZATION] said. Homelessness and affordable housing are also Democratic and Republican priorities, and both sides are keen to raise the standard of living. Proposals are in the works to increase tax credits for low-income Oregonians and spend tens of millions of dollars on grants for child care providers to help them hire more staff and expand their programs.",0,0.16666666666666666,0,1,0
news,238,"Wed be better served if, instead, we were debating the meaning of freedom. [ORGANIZATION] that fully 156,000 families are on the edge of homelessness in our small-population state. Every one of those households is now paying more than 50 percent of its [LOCATION] income on rent, and none of them has any savings one medical bill, major car repair or job loss, and theyre on the streets. While socialism may or may not solve their problem, the more pressing issue we have is an entire political party and a huge sector of the billionaire class who see homelessness not as a problem, but as a symptom of a free society. The words freedomand libertyare iconic in American cultureprobably more so than with any other nation because theyre so intrinsic to the literature, declarations and slogans of our nations founding.",0,0.0,0,1,0
news,239,"Fatal police shootings39 often happen during police stops and arrests - situations that carry increased risks40 of citizen resistance and violent police response. Scaling back low-level enforcement, such as arrests for vagrancy and loitering - much of which has little public safety advantage41- and having police partner with civilian responders for mental health, homelessness and drug-related calls, could mean fewer opportunities for violent police encounters42. Some departments have begun to change their enforcement policies along these lines.",0,0.16666666666666666,0,1,0
news,240,"Schools have become places where our children can go if they need to be fed - and, unfortunately, the number of students who fall into that category continues to rise. Schools have become essential resources, places of respite, for children who are homeless. Those numbers continue to rise as well.",0,0.16666666666666666,0,1,0
news,241,"[ORGANIZATION] is not alone. [PERSON], GPE2 and [PERSON] acutely suffer from lack of affordable housing. Each claws for public money to create more housing and girds against the feared downstream effects of higher public spending for an expanding socially dependent homeless population.",0,0.16666666666666666,0,1,0
news,242,"In [ORGANIZATION], a shantytown alongside a two-mile stretch of the corridor was the largest homeless encampment in the [ORGANIZATION]. It contained nearly 200 tents and an estimated 500 homeless people. In [LOCATION] since, criminal activity has become a routine occurrence. For example, in [DATE], police arrested a homeless woman for attempting to kidnap a [ORGANIZATION] girl playing near the trail. [PERSON], a shooting occurred. DATE5, an assailant stabbed a man in the arm before fleeing back into the sea of tents. Unfortunately, [ORGANIZATION] is no exception in [ORGANIZATION] it is a microcosm of GPE1 largest city. In [ORGANIZATION], [ORGANIZATION] was home to an estimated 14,000 chronically homeless people, the vast majority of whom were in [ORGANIZATION], according to [ORGANIZATION]. The [ORGANIZATION] [INSTITUTION] has noofficial policy on clearing out the camps or relocating homeless individuals. Third parties now shoulder the burden of coordinating with the city andobtaining police protection in cleaning up the camps.",0,0.16666666666666666,0,1,0
news,243,"The reality Similar views are found in cities across the country. But people who work with [ORGANIZATION] fluid homeless population say the vast majority are local or have local ties - they grew up in [PERSON], for example, or have relatives in the area.",0,0.0,0,1,0
news,244,n103 Comment from [ORGANIZATION] to ORG1 on Enterprise Affordable Housing Goals Advance Notice of Proposed Rulemaking DATE0,0,0.0,0,1,0
news,245,"[ORGANIZATION] A [ORGANIZATION] homeless woman who did advocacy work for others like her has died. The [ORGANIZATION] reports that [ORGANIZATION], [ORGANIZATION], was found dead [PERSON] at an outdoor pavilion. An autopsy report is expected in [DATE].",0,0.16666666666666666,0,1,0
news,246,"The ninth Circuit [STREET] ruled that criminalizing homelessness is cruel and unusual punishment. Former President [PERSON] is still dominating the [ORGANIZATION] race. Legacy admissions challenged after affirmative action ruling. A federal judge ruled against the government being able to tell social media platforms how to moderate certain content, calling previous efforts arguably the most massive attack against free speech in [ORGANIZATION] history.",0,0.16666666666666666,0,1,0
news,247,"She has a good record to run on, he said. Voters asked her to focus on transportation funding options other than tolling, to work on lowering utility bills, and to work with public safety agencies on addiction, housing and homelessness. She did that.",0,0.0,0,1,0
news,248,Help our homeless,0,0.0,0,1,0
news,249,"Fatal police shootings43 often happen during police stops and arrests - situations that carry increased risks44 of citizen resistance and violent police response. Scaling back low-level enforcement, such as arrests for vagrancy and loitering - much of which has little public safety advantage45- and having police partner with civilian responders for mental health, homelessness and drug-related calls, could mean fewer opportunities for violent police encounters46. Some departments have begun to change their enforcement policies along these lines.",0,0.16666666666666666,0,1,0
news,250,"The idea isnt new. The city and county already offer about 3,300 of these full-service housing options, which are covered by local and federal dollars as well as support from nonprofits and health-care providers. Local leaders say these programs helped them earn their biggest success yet Vastly reducing the number of veterans who were suffering chronic homelessness in our city.",0,0.16666666666666666,0,1,0
news,251,"HOME Investment Partnerships HOMEThe HOME Investment Partnerships Program HOME provides formula grants to [ORGANIZATION] and localities that communities use - often in partnership with local nonprofit groups - to fund a wide range of activities including building, buying, andor rehabilitating affordable housing for rent or homeownership or providing direct rental assistance to low-income people.950 millionEliminated",0,0.16666666666666666,0,1,0
news,252,"In addition to the [ORGANIZATION] grant funding awarded by [ORGANIZATION], the [ORGANIZATION] has also made several Emergency Solutions Grants Program [ORGANIZATION] awards to [ORGANIZATION] municipalities. [ORGANIZATION] program funds go to providing emergency shelters for homeless individuals and families and the operation of those shelters, as well as essential services for shelter residents and homelessness prevention programs.",0,0.0,0,1,0
news,253,"In response to a Freedom of Information request, the city provided records for just four complaints, none of them complete. Several cases were abandoned after the person who filed the complaint lost touch with [ORGANIZATION], or, in one instance, became homeless. Findings of discrimination, when they do come, take almost three times longer, on average, than [ORGANIZATION] the law allows.",0,0.0,0,1,0
news,254,"[ORGANIZATION] ORG0 Secretary of [ORGANIZATION] said, This project will transform a vacant community eyesore into a vibrant, mixed-use community asset, which will provide much-needed affordable housing, childcare and address food access and insecurity. This innovative project is just the beginning of the Downtown Revitalization Initiatives transformative impact on the FAC0 district and a glowing testament to Governor [PERSON] broader commitment to revitalizing and re-energizing [ORGANIZATION].",0,0.16666666666666666,0,1,0
news,255,"ORG1man [ORGANIZATION], a member of [ORGANIZATION], said, [ORGANIZATION] program has sustained bipartisan support in ORG1 since its inception, and if you look at [ORGANIZATION] you can see just how successful and transformative this program is. In fact, ORG2 has previously reported that every dollar of funding leveraged an additional 3.55 in additional resources. Not only should we not be eliminating [ORGANIZATION], we should increase funding for programs like these that support neighborhood reinvestment, affordable housing, and economic development.",0,0.16666666666666666,0,1,0
news,256,"The funds from each tournament were donated to four local charity organizations, selected by [ORGANIZATION]. In [ORGANIZATION], [ORGANIZATION], ORG2, [PERSON] and [LOCATION] were chosen as beneficiaries. In [PERSON], [ORGANIZATION], [LOCATION] ORG7, ORG8 and ORG9 were selected as the recipients.",0,0.0,0,1,0
news,257,"Governor [ORGANIZATION] has announced the start of construction on the 950 Broadway development in [ORGANIZATION]. The 13.5 million project by [ORGANIZATION] will renovate and convert a vacant building into a mixed-use development, including 28 affordable housing units, a free ORG1 child education program, and a proposed indoor urban farm. The building has been unused for [ORGANIZATION] and will bring new life to the area. The project is part of ORG2 10 million FAC0 Downtown Revitalization Initiative Award, which includes 11 projects. The development will also receive financial support from the state, including a loan and grant from [ORGANIZATION], as well as grants from [LOCATION] and [PERSON] ORG5. Overall, the project aims to create affordable housing opportunities and enhance the streetscape in the FAC0 neighborhood.",0,0.0,0,1,0
news,258,"[ORGANIZATION], [PERSON] of [ORGANIZATION], an emergency family [INSTITUTION], has received a ORG1 Grant for 300,000 over [LOCATION]. The grant, the largest gift in the organizations history, is targeted for capacity building as ORG0 of [ORGANIZATION] is in the initial stages of building a second emergency family shelter site in GPE2. Projected to open in [DATE], the new shelter site will more than double their ability to serve the [PERSON] family homeless population. The grant will support the addition of two key positions at the organization - a Housing Specialist who will provide more targeted intervention to assist homeless families securing permanent housing and a Development Director to help grow the organizations fiscal position.",0,0.0,0,1,0
news,259,"Relentless disinformation about the economy wont solve any problems or convince people that they are not experiencing what they are experiencing. Growing poverty, hunger, homelessness, unemployment, under-employment, debt, inequality, anxiety, and insecurity are real and painful. They require real solutions put forward by working people, not major owners of capital concerned only with maximizing private profit as fast as possible.",0,0.0,0,1,0
news,260,"The funds from each tournament were donated to four local charity organizations, selected by [ORGANIZATION]. In [ORGANIZATION], [ORGANIZATION], ORG2, [PERSON] and [LOCATION] were chosen as beneficiaries. In [PERSON], [ORGANIZATION], ORG6, ORG7 and [ORGANIZATION] were selected as the recipients.",0,0.0,0,1,0
news,261,"State Senator [PERSON] said, I am proud to support the enterprising work of Governor [PERSON] and PERSON2 who have an innovative, educational, environmentally-conscious and replicable model that can teach our youth invaluable skills and lessons--as well as supply families with locally grown produce. It is my sincere hope that these type of local projectsflourish in conjunction with other necessary investments in our community such as truly affordable housing.",0,0.16666666666666666,0,1,0
news,262,"Because if we just focused on the last tragic act in a veterans life this would be another report that serves as a doorstop for those doors over there. So, I have asked us to take a deep dive into mental health, into addiction and into homelessness. That tragic continuum that leads to so many tragedies.",0,0.0,0,1,0
news,263,[ORGANIZATION],0,0.0,0,1,0
news,264,"FAC0 is already having transformative impact on the neighborhood surrounding the former [ORGANIZATION], rectory and convent buildings on FAC1, bringing safe and affordable housing to this area, said [ORGANIZATION], ORG1 President and [ORGANIZATION]. We are very proud to have played a role in helping FAC0 become reality and thank all of the partners in the project - ORG3, [LOCATION], [ORGANIZATION] and [PERSON] - for their vision and commitment to our community.",0,0.16666666666666666,0,1,0
news,265,"[ORGANIZATION] 210,255",0,0.16666666666666666,0,1,0
news,266,"Spectrum Chronic Homeless 550,136",0,0.0,0,1,0
news,267,"[ORGANIZATION] has been supporting those in need without discrimination since [ORGANIZATION]. Nearly 33 million Americans receive assistance from [ORGANIZATION] DATE1 through the broadest array of social services that range from providing food for the hungry, relief for disaster victims, assistance for the disabled, outreach to the elderly and ill, clothing and shelter to the homeless and opportunities for underprivileged children. About 83 cents of every dollar raised is used to support those services in nearly 9,000 communities nationwide.",0,0.16666666666666666,0,1,0
news,268,"The lawsuit against [ORGANIZATION] was filed in federal [STREET] in [ORGANIZATION] of [ORGANIZATION], with over 100 plaintiffs pursuing litigation. Fundamentally, this case is about whether Americans should be required to choose between their livelihoods and being coerced into taking an experimental, dangerous medical treatment, reads the lawsuit 68 [ORGANIZATION]-Allied Democrat Backtracks on Saying the Homeless Should Break Into and Occupy Homes After Backlash69 GPE2 state congressional candidate PERSON0, who was endorsed by ORG2 and is allied with [ORGANIZATION], previously said in a campaign ad that when she wins the election, a million people living in the [PERSON] should break into empty houses and live in them so that [ORGANIZATION] will pass housing legislation. After significant blowback, [PERSON] is now changing her tune.",0,0.3333333333333333,0,1,0
news,269,"[ORGANIZATION] was a [ORGANIZATION] winner in [DATE]. Located in [ORGANIZATION] and one of the citys oldest neighborhoods, [PERSON] is the focus of ORG1 plan for a downtown investment. LOC2, with a relatively dense stock of largely historic commercial buildings, set forth a vision of creating special urban places, key park spaces, retail-oriented streets, improved neighborhood connections, bike and pedestrian connections, streetscape improvements, and public realm improvements. Building on this momentum, [ORGANIZATION] aims to encourage more redevelopment of vacant structures, provide better connections between anchors and amenities through greenspace, increase affordable housing opportunities, and enhance the streetscape.",0,0.0,0,1,0
news,270,"[ORGANIZATION] CEO [ORGANIZATION] said,[ORGANIZATION] passage of the Clean Slate Act is a necessary and critical step towards achieving true equity for all. The outsized impact of conviction records have subjected disproportionately people and communities of color to excessive punishment well beyond their time served, but now, with this legislation, doors of opportunity that were once closed - to jobs, safe and affordable housing, and life changing education - can be reopened and positively impact children, families, and whole communities for generations to come.",0,0.16666666666666666,0,1,0
news,271,"[PERSON] is honored to accept this award of 5.4 million, said ORG1 Commissioner [PERSON]. Through the good work of the county, we have consistently been awarded these ORG2 dollars for [ORGANIZATION]. We continue to work diligently with our community partners to reduce chronic homelessness for individuals in our community with disabling conditions, said Commissioner of [ORGANIZATION], [PERSON].",0,0.16666666666666666,0,1,0
news,272,"[PERSON] said, Supportive housing strengthens our communities and provides a beacon of hope for those who are facing homelessness and trying to get back on their feet. This important investment from [ORGANIZATION] will improve the lives of New Yorkers from [PERSON] to GPE2. I am proud to have worked with my colleagues in the legislature and the Governor to make this funding a reality.",0,0.16666666666666666,0,1,0
news,273,Homeless Assistance GrantsNumber of programs to provide critical safety net to the homeless.2.46 billion2.38 billion,0,0.0,0,1,0
news,274,"FAC0 neighborhood, with a relatively dense stock of largely historic commercial buildings, was a [ORGANIZATION] winner in [DATE]. Located in [ORGANIZATION] and one of the citys oldest neighborhoods, the neighborhood is the focus of [ORGANIZATION]s plan for a downtown investment, with a vision of creating special urban places, key park spaces, retail-oriented streets, improved neighborhood connections, bike and pedestrian connections, streetscape improvements, and public realm improvements. Building on this momentum, [ORGANIZATION] aims to encourage more redevelopment of vacant structures, provide better connections between anchors and amenities through greenspace, increase affordable housing opportunities, and enhance the streetscape.",0,0.0,0,1,0
news,275,"[ORGANIZATION], [ORGANIZATION] - 5.5 million - This funding will be used for the new construction of an eight-story building that, when combined with other funding sources, will create 71 units of permanent housing, including 42 units of supportive housing for formerly homeless individuals.",0,0.16666666666666666,0,1,0
news,276,"[ORGANIZATION], created by [ORGANIZATION] in [ORGANIZATION], provides member community lenders with direct subsidies, which are passed on to qualified households through a sponsoring local nonprofit organization. [ORGANIZATION] financing is combined with other funding sources to create housing for moderate and low-income families. Program awardees receive this funding through [LOCATION] competitive rounds. Each competing project must be sponsored by a financial organization that is a member of ORG2 in partnership with a community-based sponsoring organization. DATE2 [ORGANIZATION].",0,0.0,0,1,0
news,277,"[ORGANIZATION] includes [ORGANIZATION], ORG2, [PERSON], [LOCATION], [ORGANIZATION] and others. DATE0 marks DATE1 of Governor PERSON0 1 billion statewide ORG6 program, whose goal is to create or preserve 14,300 affordable units by DATE2. In [ORGANIZATION], ORG7 set a record for financing the creation or preservation of more than 11,000 affordable homes and apartments and was the 1 bond issuer in the nation with 2.5 billion issued. The agency stands ready to make good on the [PERSON] new 10 billion 100,000 unit [PERSON] commitment. For more information about ORG7 programs and initiatives, please visit [URL]",0,0.16666666666666666,0,1,0
news,278,"-- [ORGANIZATION] was started after the death of teenager [ORGANIZATION] due to carbon monoxide poisoning, and has as its mission to never lose another child to this silent killer. Donations will be used to subsidize the cost of new furnaces and CO2 detectors. -- ORG1 offers instruction to individuals with a variety of special needs, but after [ORGANIZATION], the center has suffered with overwhelming maintenance challenges, some of which will be resolved with these funds. -- The ORG2 organization will use this donation to fund activities and send the children of current military personnel and veterans to [DATE] camp in [ORGANIZATION] on the [LOCATION], [PERSON] -- ORG3 will now be able to afford a new [ORGANIZATION] from which to serve food to the underprivileged in [ORGANIZATION].",0,0.0,0,1,0
news,279,"Some of the programs are meant to expand job readiness programs, forgive overdue water bills, launch a public health initiative and provide affordable housing.",0,0.0,0,1,0
news,280,"About [ORGANIZATION] is dedicated to eliminating racism, empowering women, and promoting peace, justice, freedom, and dignity for all. Our vision is a thriving community without divide. Founded in [ORGANIZATION], [ORGANIZATION] supports over 3,000 women, children, and families [LOCATION] preventing DATE2 of homelessness for our communitys most vulnerable seniors and ensuring that 244,420 production hours are pumped into the ORG1 economy. Our programs empower women to attain self-sufficiency, youth to unlock their potential and build a path to success, seniors to secure safe, affordable housing that keeps them connected to the community, and children to grow in healthy, nurturing and enriched environments.",0,0.16666666666666666,0,1,0
news,281,Governor [ORGANIZATION] announced more than 11.4 million in state funding for three supportive housing developments in [ORGANIZATION] and [PERSON]. The projects will create or preserve 80 units of housing for homeless New Yorkers supported by funding from [ORGANIZATION].,0,0.16666666666666666,0,1,0
news,282,"[ORGANIZATION] System210,255",0,0.16666666666666666,0,1,0
news,283,"Over 3.4 Billion For Economic Development And Public Infrastructure through the Community Development Block Grant CDBG With 1 billion allocated to [ORGANIZATION] state and over 2.4 billion allocated directly to communities across [ORGANIZATION], Senator [PERSON] secured over 3.4 billion in CDBG funding in the CARES Act that supports local economic growth, community revitalization, and affordable housing. The funding allows [ORGANIZATION] state and communities to create good-paying jobs, continue delivering essential services, and invest in affordable housing at a time when the [PERSON] crisis had endangered all community services.",0,0.16666666666666666,0,1,0
news,284,"CBAs across the country The first CBAs were driven by labor unions, according to [ORGANIZATION], who became involved with the movement as a labor organizer in [ORGANIZATION]. In [ORGANIZATION], he said, CBAs have expanded to address broader community needs, such as affordable housing, education and health equity. This is not just, you know, labor unions thinking about how theyre going to get more jobs, he said. Its also engaging the community in a very real [STREET] to address important community needs. The [ORGANIZATION] CBA included benchmarks for local hiring and contracting, engaging minority- and women-owned businesses, and paying a living wage to workers during and after construction  the baseline considerations typical of most CBAs. Follow us on Facebook15, Twitter16 and YouTube17 On top of that, the [ORGANIZATION] - who began play as [ORGANIZATION] between [LOCATION] - committed 100 million to address some of [ORGANIZATION] most pressing needs, including 75 million to start a revolving loan fund to support affordable housing projects. 12.25 million for college scholarships, tutoring, counseling and other educational programs. 6 million to improve the citys [INSTITUTION] and build a new [INSTITUTION]. 3 million in rental and legal assistance for people struggling to avoid eviction. 2.5 million to aid first-time homebuyers. Three-quarters of that money will seed a revolving loan fund for affordable housing projects. The rest will pay for educational programs and college scholarships, build a new library and [INSTITUTION], and provide assistance for renters facing eviction and aid to first-time homebuyers, among other initiatives.",0,0.16666666666666666,0,1,0
news,285,"Executive Director, [ORGANIZATION] of [LOCATION], [ORGANIZATION] said, [ORGANIZATION] of [LOCATION] is extremely pleased to have been chosen by [ORGANIZATION] to serve as FAC0 in [ORGANIZATION]. We look forward to connecting with community members, small businesses, and affordable housing owners about the benefits of clean energy, ways to reduce energy costs, and how to make more informed energy decisions. Through education and community outreach, we are investing in the people of our communities and in the future of [ORGANIZATION].",0,0.16666666666666666,0,1,0
news,286,"Mayor [PERSON] said, This is wonderful news for [ORGANIZATION] and [ORGANIZATION], which both work tirelessly to eliminate homelessness in [ORGANIZATION]. I thank Governor [PERSON] and ORG2. This 6 million will allow these agencies to preserve 41 housing units and create 23 new units of housing for our veterans and individuals in long-term recovery from substance abuse disorders. For any query with respect to this article or any other content requirement, please contact Editor at [URL]",0,0.16666666666666666,0,1,0
news,287,"Family homelessness is at crisis levels in our community right now. On [TIME], there are over 100 families who need a space in shelter - but there are simply no spaces for them.",0,0.3333333333333333,0,1,0
news,288,"My vindication comes at a [ORGANIZATION] cost, but what has been gained could not be measured, she saidAfter she was fired, [ORGANIZATION] worked odd jobs, mostly recently as a truck driver. Shes even lived out of her car, which means she was homeless. The moral arc might bend toward justice but too many lives are broken along the [STREET].",0,0.5,1,0,0
news,289,[ORGANIZATION],0,0.0,0,1,0
news,290,"[ORGANIZATION] [PERSON] said, 950 Broadway represents not just a building but a commitment to revitalizing our community. We are dedicated to addressing the communitys needs by delivering essential neighborhood services and affordable housing projects in collaboration with our community partners and elected officials.",0,0.16666666666666666,0,1,0
news,291,The victims of this white supremacist had been striving to address the effects of racist policy and make up for the lack of goods and services in this Black community. [ORGANIZATION] often drove people to this sole grocery store and had gone to the soup kitchen before going to [ORGANIZATION]. The white supremacist killed [PERSON] as he helped someone put packages in their car.,0,0.16666666666666666,0,1,0
news,292,"As a bank for communities, we know we need to help our customers and communities see it through [ORGANIZATION], said [ORGANIZATION], regional [ORGANIZATION] officer for [ORGANIZATION]. This support has taken on many forms, including joining with the ORG1 and our housing partners to create more affordable housing opportunities in [ORGANIZATION]. Nonprofit organizations like ORG2 play an important role in providing support to the individuals and families struggling in our communities, and were delighted to help secure grant funding for an additional 10 single-family homes in [ORGANIZATION].",0,0.16666666666666666,0,1,0
news,293,"Executive Director of [ORGANIZATION] said, ORG1 looks forward to connecting residents with ORG2 programs to assist with clean energy upgrades for their homes as well as to job opportunities in the growing clean energy field. We applaud ORG2s approach in creating regional [ORGANIZATION] that are composed of community-based organizations with deep connections to households of all incomes throughout the region.",0,0.16666666666666666,0,1,0
news,294,"According to [ORGANIZATION], [ORGANIZATION] President and President and CEO of [ORGANIZATION], our [ORGANIZATION] is proud to announce its ongoing commitment to initiatives that uphold community health and vitality across the [ORGANIZATION] service territory. Our recent grant recipients comprise organizations that focus on food insecurity, homelessness and human services, provide education and youth programs, and preserve and enhance state parks, [PERSON] said.",0,0.16666666666666666,0,1,0
news,295,"The program is funded through ORG0 ORG1 and continues [ORGANIZATION] commitment to promote the health and well-being of its residents. All children and adults who attend childcare centers, community-based adult centers, afterschool programs, homeless shelters, and family daycare programs receive meals. [ORGANIZATION] provides 10 million to help increase food access for New Yorkers living in areas without grocery stores and without options for healthy, affordable food.",0,0.16666666666666666,0,1,0
news,296,[ORGANIZATION],0,0.16666666666666666,0,1,0
news,297,"[ORGANIZATION] - The first phase of [ORGANIZATION] will be comprised of two buildings located in [PERSON], GPE2. The first building includes affordable and supportive housing units pursuing [ORGANIZATION] certification, a healthcare facility, and neighborhood serving retail. The second building includes affordable housing units pursuing [ORGANIZATION] certification. This phase will set the precedent for the community development and sustainability goals for all the phases of the project to follow.",0,0.16666666666666666,0,1,0
news,298,"Speaking of waste, a new report documents thefailures of the states 421-a tax break program19for real estate developers and landlords. In theory, the program promotes the development of affordable housing. In reality, it largely benefits the real estate industry.",0,0.0,0,1,0
news,299,"DATE0 the folks in [ORGANIZATION] able to hold off a program there. [PERSON] couldnt quite manage it and now has homeless refugees90 in GPE2. [PERSON], [PERSON] citizens are working hard to turn back the plan to bring Syrians to their city.",0,0.6666666666666666,1,0,0
news,300,"[ORGANIZATION], [ORGANIZATION], [ORGANIZATION] and ORG2, [PERSON], [PERSON], GPE2",0,0.3333333333333333,0,1,0
news,301,"[ORGANIZATION] has [ORGANIZATION] relocating three more [ORGANIZATION] monuments outside FAC0 FAC1, according to a local [ORGANIZATION] station. See the rest of the story at [ORGANIZATION] Also This low-cost bamboo home can be built in just [ORGANIZATION]  no professional builders [PERSON] cheapest single-family home will sell for over 500,000  and it reveals how bad the housing crisis has [PERSON] is building a 35 billion city designed to eliminate the need for cars14 SEE ALSOThere are hundreds of [ORGANIZATION] monuments across the GPE2  heres when they were built15  1  2  3  4  5  6  7  8  9  10  11 ellicott-city-and-baltimore-in-maryland-4  12  13  14  15",0,0.3333333333333333,0,1,0
news,302,"The incident that happened in the town of [ORGANIZATION], was classified by the police as not press-free, after both German news sites asked for more information. After combined researched both media sources allege that a Syrian asylum seeker raped a severely, visually impaired woman.208 [PERSON] for the Homeless, New Homes for Refugees209 The city of GPE2 in GPE3 wants the homeless to pay 20 euros for sleeping in the streets or go to jail. The office for public order has doubled down and defended its harsh treatment of the less fortunate.210 [PERSON] to PERSON0 Says No to",0,0.16666666666666666,0,1,0
news,303,"We have all seen the long lines on the news at [TIME] showing the number of people waiting to get food from food banks. Too many people are facing homelessness. In [ORGANIZATION], in the city of [PERSON] alone, we have 35 homeless encampments--35. DATE0, we did not have that number of homeless. Parents are struggling to help their children continue their education at home, sometimes with no access to broadband or really bad access.",0,0.0,0,1,0
news,304,"A CDFI in my district, [ORGANIZATION] has financed thousands of affordable housing units through [ORGANIZATION]. Mr. [PERSON], how can we encourage more existing mission-driven financial institutions to make affordable housing production the focus of their lending?",0,0.16666666666666666,0,1,0
news,305,"[ORGANIZATION] announced new efforts to shelter the homeless, expand broadband access, and prepare [ORGANIZATION] workforce to fill good-paying jobs in regions all across the country.",0,0.16666666666666666,0,1,0
news,306,"79 [ORGANIZATION] in [LOCATION] Focus on Youth, [PERSON], [ORGANIZATION], available at library[ORGANIZATION]_in_[LOCATION]_Youth.pdf",0,0.0,0,1,0
news,307,"She went DATE0 without meat but wound up eating more starches, which sent her blood sugar soaring. One bright day in [LOCATION], [ORGANIZATION] returned to [ORGANIZATION] to see [PERSON], a behavioral-health consultant who, like [ORGANIZATION]s doctor, works through [ORGANIZATION], a [ORGANIZATION] nonprofit that cares for the very poor. PERSON3 began by asking [ORGANIZATION] what her goal was.",0,0.0,0,1,0
news,308,The same source said that dozens of fires that erupted around [ORGANIZATION] appear to be tied to the unrest. This includes one that consumed an affordable housing center for seniors that was DATE0 away from opening.,0,0.0,0,1,0
news,309,The Model X is so advanced we probably shouldnt have built it423 romantic photos of [ORGANIZATION] and [PERSON] on their 23rd anniversary5 SEE ALSO Here are the 14 most affordable housing markets in the US6ltnlgt  1  2  3  4  5  6,0,0.0,0,1,0
news,310,"By far the most contentious citywide issue was [PERSON] by [ORGANIZATION], the initiative tried to toughen the ordinance, passed and signed in [ORGANIZATION], that legalized short-term rentals and established a system of registration and taxation. Though renters still widely outnumber homeowners in [ORGANIZATION], many from both groups are united in the opportunity to reap windfalls from short-term rentals, even though they may contribute to rising costs and the overall housing crisis. The campaign to defeat Proposition F pitted [ORGANIZATION], [ORGANIZATION], real estate interests, tech venture capitalist PERSON1 and some labor unions against tenant activists, neighborhood groups, hotel unions and wealthy property owners, who were badly outgunned and outspent on all media.",0,0.16666666666666666,0,1,0
news,311,"Well-designed affordable housing programs are a cost-effective [STREET] to promote racial and class integration without affecting property values, crime rates or taxes, said [ORGANIZATION], a [ORGANIZATION] professor of sociology who coauthored [ORGANIZATION] The Struggle for [ORGANIZATION] in an American Suburb.",0,0.3333333333333333,0,1,0
news,312,"PACE Its an enormous problem. Its not just on wait times also. There are reports about homelessness among veterans which has gone down but is still an enormous problem. And you have so many young people who have fought in [ORGANIZATION] and [PERSON] who have come home, and even if they arent suffering from life-altering injuries, their lives are changed irreparably and this is the system that is supposed to help them.",0,0.0,0,1,0
news,313,"The county separate from the city of [ORGANIZATION] and other county jurisdictions will develop affordable housing in areas with small minority populations, creating 50 new units and overseeing the lease of up to 128 others over [ORGANIZATION]. With other state and local funding sources, the county hopes to fund as many as 4,795 units in that time, according to [ORGANIZATION]. The county will also counsel households and property owners that allege violations of fair housing laws and create a homeowners fraud prevention program to prevent low-income buyers from being duped.",0,0.3333333333333333,0,1,0
news,314,"President [PERSON] administration wants to accelerate efforts to get unsheltered people in [ORGANIZATION] into permanent housing as part of a federal initiative to reduce homelessness by 25 in [ORGANIZATION], [ORGANIZATION] announced [LOCATION]. Through the initiative, [PERSON], ORG2 will partner with [ORGANIZATION] and five other cities and states [PERSON], [ORGANIZATION], [PERSON], [PERSON] and the GPE5 metropolitan area.",0,0.0,0,1,0
news,315,"Protect access to federally-assisted affordable housing and preserve housing stability for tens of thousands of children in families with mixed immigration status. For [ORGANIZATION], eligible low-income households with mixed-status members - made up of families with members who are both eligible and ineligible for housing assistance based on immigration status - have been able to access that assistance. This longstanding policy is at risk of being overturned by [ORGANIZATION] through final action on its mixed status rule. We must ensure that these families can continue to access prorated assistance to prevent the eviction and displacement of tens of thousands of people eligible for and receiving rental assistance, including an estimated 55,000 children.",0,0.16666666666666666,0,1,0
news,316,"The pastor is full of ideas for further work around the neighborhood, such as restoring vacant homes on the same block of FAC0 as the school into affordable housing. [ORGANIZATION] said the city will announce redevelopment plans soon for FAC1, which dates to [ORGANIZATION], and is working with community leaders to find new purposes for the former home and law offices of the [PERSON] family, which are both in the area.",0,0.3333333333333333,0,1,0
news,317,"[ORGANIZATION] is one of five cities, plus [PERSON], about to get more federal assistance in tackling homelessness, [ORGANIZATION] officials announced [ORGANIZATION]. President [PERSON] domestic policy director [PERSON] and ORG1 Secretary [PERSON] hosted an event launching the new All INside initiative, part of a plan that has a goal of reducing homelessness nationally DATE1 by [DATE].",0,0.0,0,1,0
news,318,"It was purchased by [ORGANIZATION], which now has a smaller presence here. The ORG1 building on FAC0 across from the community college, once the headquarters for a 13-paper chain of community newspapers, has stood vacant for [ORGANIZATION] and is slated for affordable housing. Long-time community leaders note the loss in corporate presence here.",0,0.0,0,1,0
news,319,"In [ORGANIZATION], [ORGANIZATION] is continuing its support of ORG1. The organization is powered by volunteers who tutor children experiencing homelessness. In [PERSON], ORG2 is partnering with the Junior League of [PERSON] to give books to children at local schools in need.",0,0.16666666666666666,0,1,0
news,320,"PERSON0 So, Mr. [PERSON], when mission-driven financial institutions are best positioned to invest in community assets like affordable housing and extend more -- mortgage credit to borrowers of color, they can address long-standing economic inequities that impact people who look like me. So, you made several recommendations about how to best position mission-driven financial institutions to close the racial wealth gap.",0,0.0,0,1,0
news,321,"Instead of listening to politicians talk about [ORGANIZATION], elected officials and the media should be talking to people who have been trapped in these squalid areas. They might ask Democrats who have run the city and other cities such as [PERSON], [ORGANIZATION], [PERSON], and [PERSON], [PERSON] where homelessness, crime and filth abound why they have done nothing to improve these neighborhoods. Many American cities with similar problems have been run by Democrats for [ORGANIZATION].",0,0.3333333333333333,0,1,0
news,322,"As part of a [ORGANIZATION] plan, the city is focusing on increasing affordable housing stock, housing the homeless, and helping low-income renters cover security deposits.",0,0.16666666666666666,0,1,0
news,323,"Over [ORGANIZATION], a number of cities and states have been sued and accused of either doing nothing to alleviate segregation or actively promoting it by disproportionately building affordable housing in poor, minority neighborhoods.",0,0.16666666666666666,0,1,0
news,324,"They are all in on giving illegals free health care and drivers [PERSON]. But why are we doing for illegal aliens when we have not taken care of homeless Americans5? Why do we treat homeless Americans [PERSON] than the [ORGANIZATION] treats stray or abused animals? The hallmark of our [ORGANIZATION] is their homeless people. [ORGANIZATION] noted [ORGANIZATION] is one of the biggest economies in the world8. With that said, its capital, [PERSON] would rather cater to illegals instead of homeless Americans9. [ORGANIZATION] is a sanctuary [LOCATION].",0,0.16666666666666666,0,1,0
news,325,"[ORGANIZATION] is a fully self-sustaining national nonprofit that provides a wide range of debt and equity products to improve the quality of life for vulnerable individuals and low-income communities across the [ORGANIZATION] [PERSON] has invested over 1.3 billion toward affordable housing, jobs creation and other initiatives that connect these communities to the mainstream economy. Its investments have leveraged over 6.5 billion in public and private investment in underserved communities nationwide. [PERSON] is headquartered in [PERSON]. For the latest news about [PERSON] follow us ORG2.",0,0.16666666666666666,0,1,0
news,326,"[ORGANIZATION], Parking dispute ends in fatal shooting, deputies say, [ORGANIZATION], [ORGANIZATION]. 21 [PERSON], [ORGANIZATION], [PERSON], [PERSON], of [PERSON], entered FAC0  a [INSTITUTION] called [ORGANIZATION]  at [TIME], confronted an employee, displayed a gun and demanded to see a resident, police said. The employee brought [ORGANIZATION] to the residents room, which was occupied by the resident, as well as a [ORGANIZATION] and a toddler, police said.",0,0.16666666666666666,0,1,0
news,327,"7 This recommendation includes the option of paying for hotel rooms for people who would be homeless, an action that would help the hotel industry while decreasing disease spread and suffering among unhoused people and their surrounding communities.",0,0.0,0,1,0
news,328,"Based in [ORGANIZATION], [ORGANIZATION] is an award-winning filmmaker, radio broadcaster, educator and creativity expert, and author of The Book of Doing and Being Atria, DATE0. His film credits include an [PERSON]-winner for What Dreams May Come producer Emmy-Award nominee, [ORGANIZATION], [LOCATION] to [ORGANIZATION] executive producer and The [PERSON] writer, producer. Coming in [LOCATION] is the film version of [ORGANIZATION], a family drama based on the book by [PERSON] and PERSON2, starring PERSON3 and PERSON4 and directed by and executive produced by [ORGANIZATION].",0,0.0,0,1,0
news,329,[ORGANIZATION] reports that an [ORGANIZATION] fire statement says [ORGANIZATION] and [PERSON] fire departments were dispatched to ORG1 homeless prevention support center for a report of a chemical smell coming through the vents [ORGANIZATION].,0,0.0,0,1,0
news,330,"At some point, Americans decided that the best answer to every social ill lay in the power of the criminal-justice system. Vexing social problems homelessness, drug use, the inability to support ones children, mental illness are presently solved by sending in men and women who specialize in inspiring fear and ensuring compliance. Fear and compliance have their [STREET], but it cant be every [STREET].",0,0.0,0,1,0
news,331,"When a video of a homeless woman suffering through bitterly cold conditions [ORGANIZATION] shows up on [ORGANIZATION] or a [ORGANIZATION] teacher uses a racial slur, community members reach out to [ORGANIZATION], tagging her in comments or messaging her. She is often contacted directly by people she doesnt know who ask for her help when they face discrimination at work, eviction or financial crises.",0,0.0,0,1,0
news,332,"[ORGANIZATION] aims to heal, restore, and transform women affected by domestic violence by giving them a day of beauty and healing. A percentage of the products proceeds go toward supporting homeless women and victims of domestic violence. There are six guiding principles that guide both [ORGANIZATION] and [ORGANIZATION].",0,0.16666666666666666,0,1,0
news,333,[PERSON] The [ORGANIZATION] [INSTITUTION] in [PERSON] is asking church congregations to consider taking in some of the single women who have nowhere to stay. The [PERSON] Observer reports that ORG2 takes in about 400 women and children [TIME] but must turn some away.,0,0.0,0,1,0
news,334,"Its aim is to improve living conditions for refugees and provide relief to host countries. 188 [ORGANIZATION] [DATE] on Rent Per Migrant  Per Day189 While tens of thousands of elderly Swedes are homeless, and over 300,000 pensioners are starving, the Swedish government spent [DATE] a day on rent per migrant. In [ORGANIZATION], [ORGANIZATION] hosted a number of unaccompanied refugee children.",0,0.16666666666666666,0,1,0
news,335,"[ORGANIZATION] has chosen the city of [ORGANIZATION] as one of six sites across the country to participate in a new federal initiative to reduce homelessness in the [PERSON] by 25 over [ORGANIZATION]. As part of the plan, the [ORGANIZATION] administration will embed a federal official in each of the local governments.",0,0.0,0,1,0
news,336,"[ORGANIZATION] among five cities targeted in new federal initiative to fight [ORGANIZATION] is one of five cities, plus [PERSON], about to get more federal assistance in tackling homelessness, [ORGANIZATION] officials announced [ORGANIZATION]. President [PERSON]  s domestic policy director [PERSON] and ORG2 Secretary [PERSON] hosted an event launching the new ORG3 initiative, part of a plan that has a goal of reducing homelessness nationally DATE1 by [DATE].",0,0.0,0,1,0
news,337,"[ORGANIZATION] to work with [ORGANIZATION] administration on plan to fight [ORGANIZATION] announced a [LOCATION], multiagency federal partnership with [ORGANIZATION] aimed at curbing unsheltered homelessness, placing a federal official within city government to organize response plans and help coordinate sources for additional federal funding. [ORGANIZATION] was one of six locations selected for the ORG1 program, an offshoot of President Joe [ORGANIZATION]  s DATE2 federal strategic plan aimed at reducing homelessness nationally by [ORGANIZATION] by 20[ORGANIZATION].",0,0.0,0,1,0
news,338,"[ORGANIZATION] show that most of the private properties proposed as homeless shelters are owned or partly controlled by major donors to Mayor [PERSON], [ORGANIZATION] reported.",0,0.3333333333333333,0,1,0
news,339,"Image via [ORGANIZATION]. First on [ORGANIZATION]  Lawmakers boost [ORGANIZATION] fund after affordable housing advocates decry funding deal14 via PERSON1 of [ORGANIZATION]  ORG2 and [PERSON] have reworked their infrastructure funding plan to leave a greater share of affordable housing funds following pushback from advocates. After negotiations between [LOCATION], the Speaker, and the [PERSON] President, the plan came together, sources familiar with the discussions told [ORGANIZATION]. An amendment filed DATE0 [TIME] to the [PERSON]s version of the deal SB [DATE] would add about 60 million to what lawmakers initially agreed to allocate for affordable housing for DATE1. Lawmakers consider budget, await revenue data15 via ORG6  Both chambers of ORG7 will take up their respective budget proposals during floor sessions DATE2, as they now begin racing the clock to deliver a balanced budget for the Governors consideration.",0,0.0,0,1,0
news,340,"16 The GPE0 History of [ORGANIZATION] to [ORGANIZATION], [ORGANIZATION], [ORGANIZATION], [ORGANIZATION],",0,0.0,0,1,0
news,341,"NOTE Socialists keep re-inventing their square wheel and wonder why their economic engine cant keep pace with reality110 Over 1,500 Migrants Cleared From Bulldozed Italian Shanty Town111 Approximately 1,592 migrants have been removed from a shanty town migrant camp in southern [ORGANIZATION] as part of the populist governments policy to dismantle squatter camps across the country. The shanty town, formerly located in the southern Italian city of [PERSON] in [ORGANIZATION], was bulldozed [ORGANIZATION] by police following a series of problems stemming from the makeshift camp in [LOCATION], Italian newspaper [ORGANIZATION] PERSON0 [PERSON] Have Let in Thousands of War Criminal Migrants113",0,0.3333333333333333,0,1,0
news,342,"The elderly gentlemen was fined 10,000 [ORGANIZATION] but refused to pay it, so hes due to appear in [STREET] on [ORGANIZATION], Norwegian online newspaper [ORGANIZATION] reports.[ADDRESS] DATE2, charged with stabbing an official at one of GPE1s biggest mosques during [TIME] prayers. PERSON0, who is homeless, is charged with grievous bodily harm and possession of a bladed article. Police say they do not think the attack was terrorism-related.98 GPE0 Shadow Home Secretary [PERSON] Needs to be an End to [ORGANIZATION] GPE0 Shadow Home Secretary [PERSON] has proposed that people should be forced to hand over their real name and address in order to use social media sites and that this information should be made available to the government when they want to investigate online posts.",0,0.3333333333333333,0,1,0
news,343,"[ORGANIZATION] [ORGANIZATION] announces initiative to reduce homelessness in [ORGANIZATION]President [ORGANIZATION]  s administration wants to accelerate efforts to get unsheltered people in [ORGANIZATION] into permanent housing as part of a federal initiative to reduce homelessness by 25 in [ORGANIZATION], the [ORGANIZATION] announced [LOCATION]. Through the initiative, [ORGANIZATION], [ORGANIZATION] will partner with [ORGANIZATION] and five other cities and states [PERSON], [ORGANIZATION], [PERSON], [PERSON] and the GPE5 metropolitan area.",0,0.0,0,1,0
news,344,[ORGANIZATION] reports the funds would go toward the affordable housing trust fund voters approved in [ORGANIZATION]. The fund currently doesnt have an assigned revenue source. The bill was proposed to the city council on [LOCATION] and would increase the citys 1.5 percent transfer tax to 2.1 percent. It would also increase the recordation tax from 1 percent to 1.4 percent.,0,0.16666666666666666,0,1,0
news,345,"In [ORGANIZATION], we only have 29 affordable and available housing units per 100 extremely low-income households. The national average of 37 isnt much better. And yet, we cant afford to not make big investments in building and updating our nations affordable housing, including by empowering mission-driven financial institutions focused on housing.",0,0.16666666666666666,0,1,0
news,346,"Preserve and create affordable housing for low-income renters and homeowners through grants to states, local communities, and housing nonprofits. Housing creation and preservation must be shaped by the goals of reducing housing cost burdens, and mitigating the effects of segregation and disinvestment that have been largely felt by people of color. This includes the long-term preservation of the nations public housing through investments in necessary repairs, comprehensive rehabilitation, sustainability improvements, and removal of health and safety hazards such as lead, mold, radon, or carbon monoxide. We must also provide communities tools to responsibly update local regulations to remove barriers to affordable housing production.",0,0.16666666666666666,0,1,0
news,347,"Watch [ORGANIZATION] Joins Dr. [PERSON] to Discuss How to Solve [ORGANIZATION] Biggest Problems163 Longtime Conservative MP and current front-runner in the [ORGANIZATION] leadership race [ORGANIZATION] recently sat down for a long-form interview with Dr. [PERSON]. The two discuss PERSON2 election efforts, [ORGANIZATION] energy infrastructure and economic policy, tackling the housing crisis and the cost of living, defunding government-subsidized media and developing Canadian natural resources. 164 Body of Czech [PERSON] in Mass Grave Near GPE1",0,0.0,0,1,0
news,348,"A petition is circulating urging [ORGANIZATION] to remove [ORGANIZATION] automated camera boxes and bring back actual photographers. ORG2 teacher starts ORG3 program to help seniors in [ORGANIZATION] via [ORGANIZATION] of [ORGANIZATION] left 15-20 percent of [ORGANIZATION] 196 seniors homeless, which is why one teacher stepped up to help out all of the senior class. PERSON1, Teacher Senior Class Adviser at [ORGANIZATION], said, Lets raise some money, lets see if I can raise enough money to cover all of the costs for seniors for their cap and gowns, which run [DATE] apiece, so its not cheap.",0,0.0,0,1,0
news,349,They just dont care about people. Why do Democrats care more about illegal aliens than homeless Americans in the streets is a symptom not the root cause. The post Democrats Care More About Illegal Aliens [ORGANIZATION] appeared first on [ORGANIZATION].,0,0.16666666666666666,0,1,0
news,350,"[PERSON] officials are offering a 110,000 reward for information leading to an arrest in several arson fires at half-finished apartment complexes in and around [ORGANIZATION]. [ORGANIZATION] Mayor [PERSON] says the losses make the citys housing crisis worse.",0,0.16666666666666666,0,1,0
news,351,"Thousands of [ORGANIZATION] veterans will benefit from the grants awarded to local organizations [ORGANIZATION], said [ORGANIZATION] and [ORGANIZATION] veteran PERSON0. From providing assistance to homeless veterans and our heroes with disabilities, these funds recognize their service and dignity.",0,0.0,0,1,0
news,352,Fact sheet [ORGANIZATION] Announces Immediate Steps To Increase Affordable Housing Supply,0,0.0,0,1,0
news,353,"The other 87 families often rely on relatives to share crowded homes or apartments or government aid. Affordable housing keeps people working and alleviates stressors that can threatened livelihoods, health and families. It strengthens our entire community.",0,0.0,0,1,0
news,354,"The mystery man has finally been identified as [ORGANIZATION], who was homeless at the time staying at a camp with his wife near the [ORGANIZATION]. The ORG1 tracked him down in [ORGANIZATION]. Hes a day laborer who has been struggling with homelessness. But [ORGANIZATION], you were being hailed by many people, as tonights MIDNIGHT HERO.",0,0.16666666666666666,0,1,0
news,355,"The number of the homeless is staggering. [ORGANIZATION] reported on [ORGANIZATION] that homelessness is one of [ORGANIZATION] greatest current challenges, no matter the region. The ORG1 reported on [LOCATION] that the number of people without permanent shelter in [PERSON] had increased by more than 85 percent since DATE2. According to a report by the group ORG2, more than 100,000 GPE2 schoolchildren were homeless at some point during [DATE]. The total number of homeless students during [ORGANIZATION] represented nearly one-tenth of the citys [INSTITUTION] system. Some students had to live in cars, parks or abandoned buildings. ORG3 reported on [PERSON] that in GPE3 one of every 100 residents was homeless.",0,0.16666666666666666,0,1,0
news,356,"There were civilian-clothed snipers with high powered rifles w higher powered scopes all over dozens of multi-agency personnel out in public with pistols brandished, and two armored vehicles with gun turrets that rammed the offending ex-vets big pick-up truck. He had just been evicted from the [ORGANIZATION] homeless veterans transition center for suspect reasons. The entire homeless facility was bombarded with ORG1-outfitted police thugs, and no one was allowed to enter or leave the facility, creating high levels of anxiety with already PTSD-addled veterans and their homeless families. The veteran was shot seven times, after [TIME] of staged hostage negation-like stuff, even though he was alone, pinned in his own pickup truck.",0,0.16666666666666666,0,1,0
news,357,"[ORGANIZATION] a 300,000 grant for homeless veterans support",0,0.0,0,1,0
news,358,"[ORGANIZATION] officials say the cost of their emergency shelter system for the homeless has run up to about 1 billion DATE0, and about half of the families are newly-arrived migrants. The legislature has approved only 250 million extra for this purpose [PERSON], forcing the governor to tap a variety of one-time funding mechanisms, such as escrow funds and leftovers in certain accounts. In addition, school districts spent nearly 3 million in [DATE] to accommodate new migrant schoolchildren.",0,0.16666666666666666,0,1,0
news,359,"Or the [ORGANIZATION] guy smelling my feet at the [INSTITUTION]. This judge is human scum, and while this is of national and international importance, I have been in courtrooms local, small and midsized town where women lost their children, where drug addicted got the book thrown at them, where homeless rough sleepers were fined and incarcerated, where people more sane than this judge were committed to mental ward. This is the truth about systems of oppression, about modern white civilization, a fucked up rule of law lawlessness.",0,0.3333333333333333,0,1,0
news,360,"DATE0 ORG0 Delivered by ORG1 Sign up for ORG2, our [LOCATION] newsletter that keeps readers up to speed on the most essential [ORGANIZATION] news. Millions of Texans are without power, heat and essential services during a [DATE] [PERSON] that has led to freezing temperatures3 and hazardous [STREET] [PERSON] throughout the state. City officials, local outreach teams and other organizations are providing warming shelters and support for people seeking help. Many nonprofit organizations are also asking for donations so they can help people experiencing homelessness or those who are in need of support.",0,0.16666666666666666,0,1,0
news,361,"These extraordinary students  who will join us from [ORGANIZATION] and across the globe  will spend DATE0 working in one of these areas of our newsroom audience engagement, data visuals, engineering, events, marketing and communications, multimedia, photography or reporting. Our most recent fellows produced incredible [ORGANIZATION] about the [ORGANIZATION] Legislature the passage of a bill that targeted what Republicans called critical race [PERSON] and what educators have to say about it4 ORG1 Democrats decision to break quorum5 and flee to [PERSON], [ORGANIZATION], to fight for voting rights6 the potential [PERSON] of anti-transgender legislation local mask mandates in [PERSON] of Gov. [PERSON] order banning [ORGANIZATION] restrictions people experiencing homelessness in [LOCATION] and the decision by the University of [ORGANIZATION] at GPE3 to leave [ORGANIZATION] for [LOCATION]. Most of the [ORGANIZATION] fellowships are in GPE3 one reporting fellow is typically based in [PERSON], [ORGANIZATION]",0,0.16666666666666666,0,1,0
news,362,"What They Are Saying Industry, Advocates, and [ORGANIZATION]",0,0.16666666666666666,0,1,0
news,363,"The migrant families dont always have contacts in the cities and wind up sleeping in bus stations, [PERSON], homeless shelters and hotels, according to immigrant advocates. Their numbers  from [ORGANIZATION], [PERSON], [ORGANIZATION] and elsewhere  are rising at such alarming rates that GPE2, [PERSON], Mayor PERSON0 [ORGANIZATION] requested a ORG0 deployment to help receive them.",0,0.16666666666666666,0,1,0
news,364,"Fact sheet [ORGANIZATION], [LOCATION], and Retrofit More Than 2 Million Affordable Housing Units and [ORGANIZATION]",0,0.0,0,1,0
news,365,[PERSON]  wetback. Squatter. [PERSON].,0,0.0,0,1,0
news,366,"[ORGANIZATION], a rural village about 10 miles outside of [ORGANIZATION], already faced formidable educational challenges, [ORGANIZATION] Elementary principal [ORGANIZATION] explained to me in an email. Family food insecurity is widespread, the community lacks affordable housing, and the local economy is stagnant. Reliable transportation and money for gas is also a challenge for our families, [PERSON] said.",0,0.16666666666666666,0,1,0
news,367,"FAC0 opened as a warming center, but it is at full capacity and it is no longer accepting more people, according to [ORGANIZATION]. Homeless outreach teams from the sheriffs office, [INSTITUTION], and homeless outreach groups have worked to provide rides to the warming centers. [ORGANIZATION] area residents can call the ORG1 non-emergency line at [PHONE] or 311 for information about shelter or transportation. The sheriffs office ORG2 has been providing items like coats, blankets and tents to people experiencing homelessness who are not in a warming center. People can donate [PERSON] to any of the organizations in [ORGANIZATION], a coalition of organizations working to prevent homelessness. [PERSON] officials are encouraging individuals in need of shelter to go to [LOCATION].",0,0.16666666666666666,0,1,0
news,368,"People who need transportation to a warming shelter can call [ORGANIZATION], and they can call the cold weather shelter hotline at 512-305-ICEE for more information about warming shelters. Various organizations in [ORGANIZATION] are accepting donations to help people who need resources to help the homeless or those in need of resources. The [ORGANIZATION] Area Urban League is organizing an emergency [STREET] here13 and ORG2, a nonprofit that offers resources to the homeless, is asking for blanket donations [LOCATION]. [PERSON] At least seven shelters are open in [PERSON], including [ORGANIZATION], the citys largest shelter, which is offering cold weather clothing and beds, according to [PERSON] Report15. A resource list created by [LOCATION] with details about shelters in [PERSON] and specifics about accommodations can be found [PERSON]. Ministries and outreach teams are also looking for volunteers who can safely access the shelters. Outreach teams from [ORGANIZATION], [ORGANIZATION], [PERSON] and other organizations have been working to transport people to shelter, according to ORG7, or [ORGANIZATION]. [ORGANIZATION] is providing details about organizations seeking help on their Facebook page here17. The city of [PERSON]s homeless hotline, at [PHONE], is available [ORGANIZATION] from 8 a.m . to [TIME] The hotline will help people experiencing homeless find resources. If people need help outside of [TIME], they can leave a voicemail or email [URL] . ORG9 opened FAC0 as a warming center, where people will be provided with a chair, table and light snacks. The center is not providing cots and it is not an overnight shelter, according to a press release18. [PERSON] is also working to identify more city resources, like recreation centers and libraries, to be used as warming centers. Multiple [PERSON]-area organizations, including ORG10, [ORGANIZATION] and [ORGANIZATION], are working to provide transportation to the convention center, food and tests for [PERSON], according to The [PERSON] Morning News19. Donations can be made here20 to [ORGANIZATION], which manages the convention center.",0,0.16666666666666666,0,1,0
news,369,"In [ORGANIZATION], the city of [PERSON] has spent more than 156 million on shelter and other services to migrants since [ORGANIZATION]. Nearly 14,000 migrants are staying in homeless shelters, and more than 500 others are living in police stations and FAC0.  and",0,0.16666666666666666,0,1,0
news,370,"[ORGANIZATION] county commissioners on [ORGANIZATION] weighed options for creating a migrant support services center while city emergency managers opened a busing hub, as dozens of migrants remained in homeless conditions [LOCATION].",0,0.3333333333333333,0,1,0
news,371,What happens during [ORGANIZATION] is not enough to improve the trajectory of children until you deal with what is really going on in childrens lives. Are they hungry? Are they homeless? The testing agenda took us away from addressing this. Community schools can bring us back.,0,0.16666666666666666,0,1,0
news,372,"Meanwhile, in [ORGANIZATION], lawmakers are trying to cobble together a plan to pay for the expected 915 million price tag for the emergency shelter system needed to house the influx of thousands of illegal migrants who have been flocking to the state after release at the border, on top of its native homeless population  .",0,0.0,0,1,0
news,373,"[DATE]......[PERSON], [PERSON]...........................None Specified..................2..................PERSON0, [ORGANIZATION] will not charge man for shooting death of homeless man at FAC0 underpass, [PERSON] News Journal DATE0",0,0.16666666666666666,0,1,0
news,374,"[ORGANIZATION] a 200,000 grant for homeless veterans support",0,0.0,0,1,0
news,375,"In our states response to the pandemic, weve had to be very sensitive to issues of poverty, and the state has challenged districts to reach all children, including special education students and homeless students, she explained. In this kind of emergency situation, she believes community schools have an advantage because the model enables you to look at the whole child. A whole child approach considers more than just students academic outcomes to include attention to students health, mental, socioeconomic, and cultural conditions that often have more impact on students abilities to learn.",0,0.0,0,1,0
news,376,"[ORGANIZATION] General [PERSON] was cited by [ORGANIZATION] as saying on [ORGANIZATION] that the number of suspected suicide attempts in [LOCATION] was 51 percent higher among adolescent girls compared to the same period in [DATE]. The number of the homeless is staggering. [ORGANIZATION] reported on [DATE], [LOCATION] that homelessness is one of [PERSON] greatest current challenges, no matter the region. The ORG2 reported on [DATE], [LOCATION] that the number of people without permanent shelter in [ORGANIZATION] had increased by more than 85 percent since January [LOCATION]. According to a report by the group [ORGANIZATION], more than 100,000 GPE3 schoolchildren were homeless at some point during the [DATE]-[LOCATION] school year. The total number of homeless students during [ORGANIZATION] represented nearly one-tenth of the citys [INSTITUTION] system. Some students had to live in cars, parks or abandoned buildings. [LOCATION] reported on [DATE], [LOCATION] that in GPE4 one of every 100 residents was homeless. The elderly rights to life are flagrantly violated.",0,0.16666666666666666,0,1,0
news,377,"This is the shifting baseline syndrome, which is a sickness tied to outfits like [ORGANIZATION] using PR flaks and using the fact there are no newspapers in [ORGANIZATION] to cover local news and this disturbing show of military force and what the implications of a military operation in their neighborhood might mean in the future. No less, against a veteran who was getting services from a well-known homeless center. Local news, and then news that has national and international implications, lost.",0,0.16666666666666666,0,1,0
news,378,[ORGANIZATION],0,0.0,0,1,0
news,379,"[PERSON] a 130,000 grant for financial assistance",0,0.0,0,1,0
news,380,"Infrastructure is shifting from pure-play, low-risk to deal sourcing, evaluation, and asset management. In real estate, asset managers in [ORGANIZATION] will make greater use of ways to gain exposure such as REITS and will expand in non-traditional areas such as rental, multi-generational, and affordable housing. Be Sociable, Share!",0,0.0,0,1,0
news,381,"Those without a [STREET] to go were taken to city homeless shelters but some promptly left and ended up on park benches, she said. Others were continuing to [ORGANIZATION], [PERSON] and other destinations. Without a good address for them, immigration officials will have a tough time tracking them and they may miss [STREET] appearances or mandatory check-ins, [ORGANIZATION] said.",0,0.0,0,1,0
meeting_minutes,0,"Okay. But on that area, one corner is the location that is on dispute right now. And the reason that we are, that I am questioning that is because we got a lot of homeless people there.",1,0.16666666666666666,0,0,1
meeting_minutes,1,So I  I'm excited when we talk about affordable housing and it being done in the first district. And so thank you. And I'm excited about it.,0,0.16666666666666666,0,1,0
meeting_minutes,2,"It doesn't solve homelessness, but it would solve it go a long [STREET] to solving the problem you're currently experiencing with tents being erected on that property. Thank you. Any other questions at this time?",0,0.5,1,0,0
meeting_minutes,3,"[ORGANIZATION], will you please give 4723 a first reading? 4723, first reading on an ordinance of [ORGANIZATION], [ORGANIZATION], adding the status of homeless to the protected classes of persons under GPE1 Human Rights Ordinance, Chapter 2, Article 9 of GPE1 Municipal Code in establishing the definition for homeless. Thank you.",0,0.3333333333333333,0,1,0
meeting_minutes,4,the weather amnesty. We allocated funds there as well. And so within the hope with hope they were capped at 50 individuals during weather amnesty and it's still ongoing at the moment and then [ORGANIZATION].,0,0.3333333333333333,0,1,0
meeting_minutes,5,"And so I just wanna thank you all and know that we're gonna continue to make progress and create an empathetic bridge of compassion to continue to navigate these uncertain times and to continue to fight to build a city that provides support and opportunity for all of those who call [ORGANIZATION] home. So thank you and happy to answer any questions that anyone might have. Thank you, Mr. [PERSON], and thank you for your presentation, but also every person that was a member of [ORGANIZATION].",0,0.16666666666666666,0,1,0
meeting_minutes,6,"I think this is an important one as we're in a health pandemic, in a health crisis with [PERSON]. And so if we had a better tracking system, I think it would be well suited for our homeless individuals. Next, within the weather amnesty and housing subcommittee,  The recommendation is to continue operations at [ORGANIZATION], and those sites are [PERSON] and ORG2.",0,0.16666666666666666,0,1,0
meeting_minutes,7,"So [ORGANIZATION] and the intake center, there's not a concrete report  uh... thing that that's moving forward at this time even though it is uh... being worked on actively uh... but uh... [ORGANIZATION] in the center for the homeless uh...  PROJECTS HAVE GOTTEN APPROVAL FROM THE COUNTY COUNCIL FOR THEIR ARP DOLLARS AND SOME OF THOSE DOLLARS THAT CONTEMPLATE AT SOME LEVEL CITY PARTNERSHIPS.",0,0.3333333333333333,0,1,0
meeting_minutes,8,"The [ORGANIZATION] program, [ORGANIZATION], ORG2, [PERSON], [LOCATION], and [ORGANIZATION]. And if you would like to be a part of that, please let me know. And I did contact the warming centers to see if we had any walk-ins and was pleased to know that there were not any walk-ins that went to any of our public locations that are deemed warming centers.",0,0.16666666666666666,0,1,0
meeting_minutes,9,Voting no on the resolution was not a no vote for the homeless community. I had plenty to say at the committee meeting and the council meeting [ORGANIZATION] when voting on this resolution. So I'd just like to refer people to that recording and my public comments as well.,0,0.0,0,1,0
meeting_minutes,10,"While [ORGANIZATION]'s not part of this because they're building a single-family home, [PERSON] and the ORG2 are excited to rezone these properties to be consistent with the neighborhood plan that showed these for you, too, to allow for a mix of housing in this neighborhood, and in particular, housing that can be built as and remain as affordable housing in a neighborhood that has ever-changing demand. We're excited to see that they're going to be doing two duplexes and then the quad here on these southern portions. The one on the far right, which is actually the northernmost lot for FAC0, is actually going to be a single-family home.",0,0.16666666666666666,0,1,0
meeting_minutes,11,"DATE0. THE HIGH LEVEL 50 AFFORDABLE THE HIGH LEVEL 50 AFFORDABLE THE HIGH LEVEL 50 [ORGANIZATION] ACROSS 37 HOUSING UNITS ACROSS 37 HOUSING UNITS ACROSS 37 CITY-OWNED PROPERTIES CITY-OWNED PROPERTIES CITY-OWNED PROPERTIES AMIDST THE SINGLE-FAMILY HOMES,  Thank you. I just found the public portion is now closed.",0,0.16666666666666666,0,1,0
meeting_minutes,12,"So, as we've been navigating through homelessness, I want to turn your attention to this regional comparison between… That's great. Someone was just telling me [ORGANIZATION] that it… I'm going to ask everyone to mute their mics. Mr. [PERSON], you're muted, sir.",0,0.0,0,1,0
meeting_minutes,13,"During this time, the homeless shelters were closed, they remained full, the weather amnesty shelter had closed down, and the mayor had provided no alternative options. So while you and I were out celebrating [ORGANIZATION] and honoring our nation's hero, the city was making plans to confiscate all the tents and belongings of the homeless who were residing on that property. The eviction was incredibly cruel, in my opinion, heartless.",0,0.3333333333333333,0,1,0
meeting_minutes,14,"We are a corporation of over 20 [ORGANIZATION] businesses. We are seeking fairness for the truly homeless in our community.  as well as greater fiscal responsibility from our local government. And lastly, fairness and freedom for all media platforms to share and report on the actions of our government.",0,0.16666666666666666,0,1,0
meeting_minutes,15,"So I can't say that there's a definitive answer. plan in [STREET] for the encampments until the affordable units are online. And as we've heard [TIME], there's multiple affordable housing developments coming, but those take [ORGANIZATION].",0,0.16666666666666666,0,1,0
meeting_minutes,16,And I really hope that these things will be implemented because I think we have the willpower to be able to end homelessness in [ORGANIZATION]. I think we can get it done. So thank you very much.,0,0.0,0,1,0
meeting_minutes,17,"I'm always happy to support anything we can do for affordable housing. We'll be keeping our fingers crossed and saying prayers going forward, hoping this works. We get the blessing from the feds on it.",0,0.0,0,1,0
meeting_minutes,18,"We realized that there, you know, that there are a lot of activities that go on around encampments and around our homeless individuals. And so if we can better understand, if we can better understand that arena, I think we would be better off in being able to protect our neighbors here in the city. We also want to continue to maintain and monitor chemical toilets, so porta-potties.",0,0.16666666666666666,0,1,0
meeting_minutes,19,And the three blots that the [ORGANIZATION] own will be community land trust homes and will be preserved for affordable housing for the foreseeable future. And so we appreciate your consideration of this so that it will –  improve the housing stock for individuals who need the housing. Thank you.,0,0.0,0,1,0
meeting_minutes,20,"At this time, our invocation will be given by [ORGANIZATION], At-Large Councilwoman. Thank you, President [PERSON]. Loving God, protector of all, we ask you to watch over our city and to watch the residents of our city, our children, our seniors, those who go hungry, the houseless, the strangers and immigrants in our midst, and those who are alone, creator of good,  Thank you for the men and women who serve our city in various ways, our staff members, public safety officers, those in leadership roles.",0,0.16666666666666666,0,1,0
meeting_minutes,21,"I am here [TIME] as the president of [ORGANIZATION]. We're a corporation representing over 25 [ORGANIZATION] businesses and still growing. We are seeking fairness for the truly homeless in our community, as well as greater fiscal responsibility from our government.",0,0.16666666666666666,0,1,0
meeting_minutes,22,"And that is going to be a major blow to our most vulnerable population across the state, including the homelessness. So and also mental health services have been cut. And I'm wondering if we are looking at ways and means to try to provide services for mental health and substance abuse that have been lacking.",0,0.16666666666666666,0,1,0
meeting_minutes,23,"And hopefully this will help to bring some hope to developers so that we can take care of the infill and be able to start building affordable housing because we need it. Thank you. PERSON0, I forgot that you were online.",0,0.16666666666666666,0,1,0
meeting_minutes,24,"There will be future phases. The foundations you see in the northern end of this photo are relatively deep, and so that will take a second phase to remove those and then remove the larger bottling house that you see on the right-hand side of this photo. FAC0 and FAC1, this is another affordable housing project that is paired with a market rate project.",0,0.0,0,1,0
meeting_minutes,25,"And so that's given us a great perspective on truly what's happening at ground level. I'm not sure if that answers your question, [PERSON]. A little bit, but the recommendations and the ideas here seem to do a lot to assist people who are currently experiencing homelessness.",0,0.0,0,1,0
meeting_minutes,26,"So how are we going to continue to offer the services, [INSTITUTION] included?  to all of these people who don't have anything when we don't have anything coming in and so there's a lot more to that discussion but i would just ask those two right now because uh i think we're you know in a crunch for time right now",0,0.16666666666666666,0,1,0
meeting_minutes,27,"So, uh,  the the bill [DATE] will jump start that [TIME] in [ORGANIZATION] and then [LOCATION] will be an additional nearly four million dollars we're expanding the successes of the [ORGANIZATION] to continue to to invest in FAC0 and FAC1 but also expanding that to other neighborhood corridors a direct response to [ORGANIZATION] priorities and opening up that to to FAC2 and investing in some of the neighborhood amenities  that make those business corridors great. And then exploring the startup of a land bank to really figure out how we can address not just dilapidated houses, but vacant lots that are in the community and looking to partner with a community partner on a land bank.  on the the second priority of safe community uh lots and lots of conversation around violence reduction and and uh recruiting and retention at [ORGANIZATION] um so ensuring the safety of residents by providing necessary resources reviewing the data on gvi and violent crime reduction um really looking at violence sort of from a holistic perspective and then also looking at our homeless residents and figuring out how we can really implement have  uh document and implement a a sustainable plan for addressing homelessness um and so the [LOCATION] budget continues to and expands actually investment in violence intervention programs through ORG2 both on the operational level by adding two staff members by continuing the investment in the save team and can and actually expanding the amount of resources available for violence reduction initiatives through the arp the total of all of those being about 1.8 million  um expanding investment into public safety technology to help the [ORGANIZATION] provide new and innovative ways and [ORGANIZATION] [INSTITUTION] provide new and innovative ways to keep to keep our residents safe and then on homelessness um having a really actually a historic investment in homelessness we talked about that in the context of the [ORGANIZATION] budget that it was a historic investment in homelessness we're continuing that in the [LOCATION] budget and then  adding to it with proposed partnerships with the county on homelessness and mental health initiatives to take care of everyone in the community. On the infrastructure side, as the mayor said, I don't think that there's been this much money available for infrastructure in [DATE].",0,0.16666666666666666,0,1,0
meeting_minutes,28,"But that piece was not, I don't know all that went into that, but I think where we can get scattered site supportive housing units, I mean, the goal is to decentralize.  a lot of this and so that there's not any one built up issue or compounding issues by having you know more density in terms of these individuals  We're also working with [ORGANIZATION], who have agreed to offer at least five permanent supportive housing units. So that's all recent work to try to get some of these long-term solutions moving and get more permanent shelter options for our unsheltered population. At the same time, the city entered into arrangements that, again, were unprecedented with the formation of the FAC0 building over there by [PERSON] as a weather amnesty site.",0,0.16666666666666666,0,1,0
meeting_minutes,29,"We are a corporation representing over 20 [ORGANIZATION] businesses. We are seeking fairness for the truly homeless in our community.  as well as greater fiscal responsibility from our local government. And lastly, fairness and freedom for all media platforms to share and report on the actions of our government.",0,0.3333333333333333,0,1,0
meeting_minutes,30,"And so that leads to about being able to house about 30 to 50 at the [ORGANIZATION] building, which is administered by [ORGANIZATION], and then 25 sheltered at ORG2. And other organizations are stepping up [ORGANIZATION] to provide additional options, given the pandemic and the protocols that are required. Then the county undertook a motels program to build off of the program established by ORG3 anonymous donors.",0,0.0,0,1,0
meeting_minutes,31,"You mentioned in your opening that you have a coordinator for homeless services. I wonder if I could get their name and their hire date to know who that person is, because I've been on all of the [ORGANIZATION] homeless community meetings. and they are not aware of this coordinator.",0,0.16666666666666666,0,1,0
meeting_minutes,32,"they discussed  you know, affordable housing issue of this or this was the broad discussion that was had and then that question was answered by whomever. Or, you know, citizen member [ORGANIZATION] asked a question on this and that was answered by whomever answered the question. Thank you.",0,0.0,0,1,0
meeting_minutes,33,"Thank you. The revitalization was great. You know, when neighborhoods and others work collaboratively together, you see all the results, and we know that there is such a need for affordable housing, be it duplexes or apartments within our community.",0,0.16666666666666666,0,1,0
meeting_minutes,34,"And in particular, there is an [ORGANIZATION] emergency solutions grant, which is federal funding, and it funds five shelters, [ORGANIZATION], [PERSON], ORG2, [PERSON], and [LOCATION]. It doesn't fund the whole bit. They get other federal funding outside of this amount, as well as fundraising and other funding sources, but we do direct the funds that we manage as a city toward those.  those entities.",0,0.16666666666666666,0,1,0
meeting_minutes,35,"If you recall, we appropriated just under $6 million for county partnerships on mental health and homelessness. The county has also moved forward with some support for [ORGANIZATION],  and ORG1. And so those are things we're taking a look at when we talk about county partnerships.",0,0.16666666666666666,0,1,0
meeting_minutes,36,"But the subcommittee groups were much shorter, probably [DATE] for each subcommittee. Next slide, please. So within the culmination of the subcommittees and the mayor's implementation group, we came together to address homelessness and to recognize the situation.",0,0.0,0,1,0
meeting_minutes,37,"[PERSON], [ORGANIZATION] decided that they would not overturn a ruling in ORG1 that basically ruled it's a violation of a homeless person's basic civil rights to evict them from public property when there are not enough low-barrier shelter beds available to meet the needs of the [STREET] homeless. ORG2 ruled that this type of eviction violates the Eighth Amendment of the Constitution, is considered cruel and unusual punishment. Okay.",0,0.0,0,1,0
meeting_minutes,38,"It just appears that now that we're running at this affordable housing thing, the wins that we're trying to achieve are wins through people who are connected to the local government and the heads of the local government. I'm not going to say that we shouldn't do these things, right? But when they're being lined up the [STREET] they are, one can only question where's the stuff coming from, especially when the dates of building are well after the primary all into [ORGANIZATION].",0,0.3333333333333333,0,1,0
meeting_minutes,39,"We're not going to fix it, but we sure would like to be part of a team of care that spans more than politicians, government employees, and grant-financed care organizations to include faith leaders and advocates so that the effects of homelessness on our most vulnerable population may be lessened. Thank you. Thank you, sir.",0,0.0,0,1,0
meeting_minutes,40,"Where in terms of your care of the homeless that use the libraries for [DATE] centers, if you will. Yes. Thank you so much.",0,0.16666666666666666,0,1,0
meeting_minutes,41,"Thank you. Thank you, Vice President [PERSON]. I'd like to thank you for coming before the council and sharing information not only in regards to [PERSON] but the situation with our most vulnerable population and that's the homeless  I agree.",0,0.0,0,1,0
meeting_minutes,42,"Back in [ORGANIZATION], I was part of a group that began the [ORGANIZATION], and one of the things that we wanted to do was to preserve the neighborhood and preserve affordable housing in the neighborhood. And as things have morphed over [LOCATION], it's become more challenging to do that. But we have instituted what I think is a very exciting component of our plan, and that is a community land trust.",0,0.16666666666666666,0,1,0
meeting_minutes,43,"My question is more, is the city taking a look and trying to identify why people are homeless and to try to implement solutions to prevent homelessness other than actually providing housing? Yeah, so I think the creation of the implementation group was definitely speaking to prevention and intervention as well. And so those conversations have been had within our conversations in [ORGANIZATION] and [LOCATION].",0,0.16666666666666666,0,1,0
meeting_minutes,44,"But we'll know how this opening is going in relative short order. So that's where we are and we continue to work with our health officials and [ORGANIZATION] and our partners in the county to increase testing, contact tracing, and the pieces that are going to help us contain further outbreaks without having to resort to stay at home or more extreme separation or isolation measures. I know the issue of our chronic homeless population has become front and center, especially [ORGANIZATION].",0,0.16666666666666666,0,1,0
meeting_minutes,45,And it makes the job for the service providers and those of us that try to serve the homeless in our community a little bit easier to know that there are a number of folks that are being employed and that you obviously provide a great deal of care for these individuals. And they don't need to become part of that statistic in our community. And I want to thank you for that.,0,0.16666666666666666,0,1,0
meeting_minutes,46,"When we got the one the first time, they were the only ones really willing to step forward. And now there's no hotel that we have found or motel that has been willing to step forward. And so the approach that the health officials have been pursuing is they  They believe in conversations with the shelters, [ORGANIZATION], that they would be able to manage and figure out quarantine for their populations.",0,0.16666666666666666,0,1,0
meeting_minutes,47,"So we'll look to come up with a financing plan with all of you and which projects are of highest priority and hope to move that forward [ORGANIZATION]. [ORGANIZATION] AND MENTAL HEALTH. AGAIN, STARTING WITH [ORGANIZATION], I KNOW THE COUNTY TEAM AND THE SHERIFF REDMAN AND [LOCATION].",0,0.16666666666666666,0,1,0
meeting_minutes,48,"[PERSON], will you please read Resolution 20-41, please? Yes. 20-41, a resolution of [ORGANIZATION], [ORGANIZATION], acknowledging and thanking Pastor [PERSON] for his kindness and advocacy for [PERSON] homeless. And I do know that we have a sponsor that sponsors ORG1 member PERSON2.",0,0.16666666666666666,0,1,0
meeting_minutes,49,Just want to thank [PERSON] and Mrs. [PERSON] for your service and your work and stepping up and helping in the city's time of need. And there's a lot of work that we still have yet to do. And just appreciate your service and what you have done for the homelessness in our community.,0,0.0,0,1,0
meeting_minutes,50,"For the petitions and communications, I'll let them go. [ORGANIZATION], finance director regarding the DATE0 fee schedule. A random from [LOCATION], legal director regarding the [STREET] referendum for [DATE] for the extension of non-homeless sales tax for infrastructure.",0,0.16666666666666666,0,1,0
meeting_minutes,51,The fourth cause is despair. Hopelessness and despair is the mother of crime. The fifth cause is homelessness.,0,0.0,0,1,0
meeting_minutes,52,"Now that my sentence is completed, the prison sentence that is, I am now moving ahead with [ORGANIZATION]. When this is accomplished, I will get back to the best job I ever had in the world, working for homeless vets for free. Until that time, I will continue my crusade to have people replace and remove these torn, disrespectful American flags.",0,0.16666666666666666,0,1,0
meeting_minutes,53,"Like most people, I had no comprehension of the magnitude of the problem of homeless abandonment. until I saw men, women, and children, yes children, who live on the streets for [ORGANIZATION]. The decay of precious life had a life of its own and the ideal survivor had a shallow success rate.",0,0.0,0,1,0
meeting_minutes,54,"People are drawn to our affordable housing stock, our growing industries and job opportunities, as well as our improving quality of life. So what has changed? We're, simply put, revitalizing our neighborhoods, and we're investing in our people and our current housing stock.",0,0.16666666666666666,0,1,0
meeting_minutes,55,"And you know, when I was just wanted a homeless one and I sat here through the meeting here [TIME] and I know my check-in time, I have to be in [DATE] at [ORGANIZATION].",0,0.5,1,0,0
meeting_minutes,56,"Some don't even have family here in the area. And the [INSTITUTION] used for our warming center is only for [ORGANIZATION]. homeless people living under the bridges, sleeping, some sleeping in the churches that are being used for warming centers.",0,0.3333333333333333,0,1,0
meeting_minutes,57,"We have half our kids. I shouldn't say it but I've got to say it, that's homeless, that live in fairgrounds, that live with relatives, that go into the school system, that have a hard time being in school, they need to be in school.",0,0.0,0,1,0
meeting_minutes,58,"I want to thank director [PERSON] and his staff I'm a little late in reporting this but I am very pleased with director [PERSON] and his staff for helping a homeless man  find a [STREET] to stay. He was, I shouldn't have said homeless, but he had moved here from the [ORGANIZATION] area to be with his daughter that had moved here from [ORGANIZATION] and his grandkids. And he was staying in a hotel and his funding was getting low.",0,0.0,0,1,0
meeting_minutes,59,A [ORGANIZATION] GPE0 [ORGANIZATION] report found the poverty rate for children raised in female-headed households was 45.8 percent while the rate for children raised in married couple households was 9.5 percent. homeless and runaway children are fatherless. Four times more likely to be raised in poverty and without the guidance of a father.,0,0.16666666666666666,0,1,0
meeting_minutes,60,"Majority of them have incomes less than $26,000 per year, and I'm not sure how they can factor a basic comfortable living in those means. [ORGANIZATION] are 50% more likely to become homeless than other [ORGANIZATION]ns due to poverty, lack of support networks, and dismissal of living conditions over crowded substandard housing. The [ORGANIZATION] has estimated that on any given night, there were 76 veterans can be found laying on the streets of [ORGANIZATION].",0,0.0,0,1,0
meeting_minutes,61,"but they stuck with us, they got all the permissions they needed, and we would not have made the functional end of veteran homelessness in [ORGANIZATION] without them, so thank you. PERSON0? Well, thank you for this honor.",0,0.0,0,1,0
meeting_minutes,62,"the grant will provide awards for approved clients weatherizations work order client clients energy use education contractors staff training payroll and administration the grants in the amount of 576 824 and does not require a cost match the grant term is from [ORGANIZATION] to [LOCATION]. Number 13, the committee recommends approval of the renewal of [ORGANIZATION]. The grant award will provide funds for approved clients, landlord, electric and or heating bills, clients, budget, education, staff training, payroll and administration.",0,0.16666666666666666,0,1,0
meeting_minutes,63,"Number 19 the committee recommends approval and acceptance of the [ORGANIZATION] burn justice assistance grant program grant awarded the amount of $189,[ADDRESS] these [TIME] before you We have 20 items before us is there any discussion on those 20 items clerk will you please call the roll PERSON0, I'm sorry to bird frost [PERSON] GPE2 various I [ORGANIZATION].",0,0.0,0,1,0
meeting_minutes,64,"You don't mind so then if a panhandler is hit by a car that it's just like a Anyone getting hit and the driver is going to be responsible for that Accident even though the panel is on the [STREET] shouldn't be industry. Is that is that the [STREET] it's going to work? So I IT DOESN'T MATTER WHAT YOUR PROFESSION IS, IF YOU GET IT BY A [ORGANIZATION], IF THERE'S A [ORGANIZATION] WHO IS A CITIZEN WALKING, CERTAINLY IF THE [ORGANIZATION] IS AT FAULT, THEN IF THE [ORGANIZATION] IS NOT AT FAULT, THEN WHETHER YOU'RE A PAIN HANDLER OR SOMEONE ELSE SHOULD NOT BE AN ISSUE HERE.",0,0.0,0,1,0
meeting_minutes,65,"We pray for those people in our community [TIME] who are homeless or hungry. We pray for those people who will experience unexpected and sudden tragedy. We pray for our firefighters and law enforcement officers on the roads and in the streets waiting, ready to respond.",0,0.16666666666666666,0,1,0
meeting_minutes,66,"It does not require a cost match, and it is from [ORGANIZATION] to [LOCATION]. It will provide funds for one housing advocate who will work directly with the data of our homeless population, ensuring timeliness, accuracy, and consistency with direct goal of meeting our ending homelessness. Number 14, the committee recommends approval and acceptance of [ORGANIZATION] [PERSON] in the amount of $1 million.",0,0.16666666666666666,0,1,0
meeting_minutes,67,I'm getting to travel to various cities to see how they handle homelessness And their low-income housing and I just returned [ORGANIZATION] this time from [ORGANIZATION] And I have to say just like when I came home from [PERSON].,0,0.16666666666666666,0,1,0
meeting_minutes,68,"I cite a congresswoman by the name of [ORGANIZATION], a black woman who's chairman of [ORGANIZATION], whose efforts in her district should be instructive  of all of the black politicians in [ORGANIZATION] and what enlightened black politicians do. She helped get $30 million for a $225 million revitalization project of [ORGANIZATION], [ORGANIZATION]'s [ORGANIZATION], her district, $3 million in federal funds to help Central [ORGANIZATION] youth at risk of homelessness and other bad situations. No politician in this community comes close to even suggesting such financial support for [ORGANIZATION].",0,0.0,0,1,0
meeting_minutes,69,Enough money to lower the unemployment rate by putting people to work. Enough money to eliminate homelessness in [ORGANIZATION] by putting people in the home. Enough money to eliminate poverty in [ORGANIZATION].,0,0.16666666666666666,0,1,0
meeting_minutes,70,"We're close, hopefully, to getting  same page with some of our counterparts over in the county and i think that's a really important first step so that we can help review and enjoy the presentation between the city and the county on the next steps but i appreciate you bringing up the topic it is an absolutely critical conversation thank you i was given this by profit use of is the one where speaker here is going to buy now a little quickly regarding about homeless and  and the money that's being withheld from groups that desperately needed [ORGANIZATION] community to put throughout.",0,0.0,0,1,0
meeting_minutes,71,I know that all the aldermen and all the women were handed some information. What I'm talking about [TIME] is youth homelessness. This is [ORGANIZATION].,0,0.0,0,1,0
meeting_minutes,72,"And as well as feeding them, they also clothe them. I can remember in the state of the city's address, one of the things that Your [PERSON] pointed out is there would be no more homeless in this community. This is an organization that I think that we could definitely partner with to help accomplish those needs.",0,0.16666666666666666,0,1,0
meeting_minutes,73,"We also appreciate the support you give us. One of the things we've signed on to is [ORGANIZATION] effort, and we can say we've made great strides in eliminating veterans' homelessness for [ORGANIZATION], and we've also made some progress on eliminating chronic homelessness by the end of [ORGANIZATION]. So thank you for your ongoing support, because it really is making a difference in our community.",0,0.0,0,1,0
meeting_minutes,74,number nine the committee recommends approval of the award of non-competitive contract for mental health counseling services to carry counseling of [ORGANIZATION] for an estimated amount of twenty six thousand dollars based on unit pricing the services will be provided to head start children and families at FAC0 as well as other sites as needed the contract creation is [ORGANIZATION] with four optional extensions the funding source is the health and human services operating budget and number [ADDRESS] these 10 matters before you  thank you so we have uh 10 items before us is there any discussion on these 10 items clerk will you please call the roll [ORGANIZATION] tomb bird frost terena printy wilkins hoffman rose beach quinones PERSON1 mcneely bonnie 14 ice excellent so now we're at new business and we'll get to have this conversation all over again ORG1 uh alderman [PERSON] you.,0,0.0,0,1,0
meeting_minutes,75,"Another thing is, as far as [ORGANIZATION] I've seen, and this is totally unrehensible,  [PERSON] at the city bus stop, there's two fellows walking along, okay, and they're selling cigarettes at a higher price to the homeless people because they don't have cigarettes because maybe mental illness or whatever, they can't handle it so they smoke up their cigarettes or give their money, whatever [STREET], okay? But they're selling them at the bus stop. Now wait [TIME], there's city licenses required for selling tobacco, liquor, etc.",0,0.0,0,1,0
meeting_minutes,76,"They gave $5,000 to [ORGANIZATION], the homeless. Um, just coming into this community, they saw a need and they addressed that need. So I want to personally appreciate them being partners in wanting to be partners of this community and wanting to expand their generosity and work in the community.",0,0.0,0,1,0
meeting_minutes,77,"I work with alcoholics and drug addicts. I have a couple homeless fellows living in my house, and that's all I do. During [ORGANIZATION], [ORGANIZATION] experienced almost record rainfall, which resulted in many properties in my neighborhood of [ORGANIZATION] being flooded.",0,0.16666666666666666,0,1,0
meeting_minutes,78,"But that was part of my point. It all sounds exactly the same. It's all is the same stuff said over and over again in a different package and this is what I'm driving at and in our city You know, we talk about affordable housing.",0,0.0,0,1,0
meeting_minutes,79,"Thank you. Next on our agenda, we have a presentation from the law firm of [ORGANIZATION] to update the council on work performed as outside council for the city of [ORGANIZATION] involving our housing, affordable housing issues. [ORGANIZATION], would you like to do the honors, get us started?",0,0.0,0,1,0
meeting_minutes,80,"I asked if this person was a veteran. When the answer I was expecting was revealed, I also announced, it takes one to know one. And [TIME], I was elected to represent the homeless veterans with their issues.",0,0.0,0,1,0
meeting_minutes,81,"We have three items. Number one, memorandum from [ORGANIZATION], [ORGANIZATION], regarding the acceptance of the amended [ORGANIZATION] Employment Barrier Reduction Pilot [PERSON], referred to ORG2. Item number two, memorandum from [ORGANIZATION], [ORGANIZATION], regarding the acceptance of amended ORG3 Homeless Prevention [PERSON], referred to ORG2.",0,0.0,0,1,0
meeting_minutes,82,"I have one proclamation [TIME], one special presentation that we'll be doing. The proclamation is regarding [ORGANIZATION]. I invite PERSON0 from [ORGANIZATION], who is the co-chair of [ORGANIZATION], our coalition on homelessness, to please come forward and accept the proclamation.",0,0.0,0,1,0
meeting_minutes,83,"Whereas [ORGANIZATION] and [ORGANIZATION] are sponsoring [ORGANIZATION]. whereas the purpose of ORG2 is to educate the public about the many reasons people are hungry and homeless, and to encourage support for homeless assistance service providers, as well as community service opportunities for students and school service organizations. Now, therefore, I, [ORGANIZATION], as Mayor of [ORGANIZATION], do hereby proclaim [ORGANIZATION] to be [LOCATION], and we encourage citizens to recognize that many people do not have housing and need support from our community.",0,0.16666666666666666,0,1,0
meeting_minutes,84,"And I'm having a problem with the alcoholics, the homeless, and the liquor store. And my school, [ORGANIZATION], if you would leave where I live, I would be able to get  I think you would like your children to look what I'm looking now and keep school with the liquor store and all the men running in the alley, my alley. I have to do all the cleaning around my house and everything.",1,0.5,0,0,1
meeting_minutes,85,The eighth cause is financial problems. The ninth cause is homelessness. The tenth cause is health problems.,0,0.16666666666666666,0,1,0
meeting_minutes,86,"I find it a little bit disturbing in the state of [ORGANIZATION] that we just passed a budget with no, nothing for mental health. Mental, as long as the folks with some, let's face it, many of the homeless suffer from schizophrenia. It's not their fault and there's some mental challenges that they have and it is a disease.",0,0.0,0,1,0
meeting_minutes,87,"A [ORGANIZATION] GPE0 [ORGANIZATION] report  found the poverty rate for children raised in female-headed households was 45.8%, while the rate for children raised in married couples households was 9.5%. 90% of homelessness, runaway children are four times more likely to be raised in poverty and without the guidance of a father. More children abuse alcohol and drugs.",0,0.3333333333333333,0,1,0
meeting_minutes,88,"website and there is I guess they're as good as [ORGANIZATION] and this is concerning the city of [ORGANIZATION] we bet have repeated I've had and others repeated calls for us to develop some kind of comprehensive approach to how this works we had a [ORGANIZATION] representative here [LOCATION] and I asked him several questions when he stood here As to what is the ratio of public housing units per capita or subsidized units per capita that is sustainable in a given demographic? I also ask them, what is the city's per household or per capita income that is required to sustain a number of affordable housing units within a demographic? I asked...",0,0.0,0,1,0
meeting_minutes,89,"When the corona hit, she was the one that notified the police when two felons was loose. The other individual who opened up his house for the homeless people, y'all went after him. Instead of going after him, that family were helping homeless people.",0,0.3333333333333333,0,1,0
meeting_minutes,90,"DATE0 from [TIME], there will be a meeting at FAC0 at [ADDRESS], and they will be talking about [ORGANIZATION] featuring. housing market condition, construction activity, local trends updating on housing, neighborhood planning, and open housing. [PERSON], this coming [PERSON], we'll be having a meeting at [ORGANIZATION] on FAC1, right across from [ORGANIZATION].",0,0.0,0,1,0
meeting_minutes,91,"Plus, there's a newer fire station in that same area that will support the infrastructure that's needed there. Ideally, we need 25 to 30 more projects like the FAC0 facility, FAC1, and the [ORGANIZATION] complex to meet the housing needs of our community. More affordable housing and upscale housing will be key to [ORGANIZATION]'s future success.",0,0.0,0,1,0
meeting_minutes,92,"The lesson is, if you are not somewhat challenged in representing people and have no idea what their needs are, you have no business making a power play. DATE0, I spoke to the full [ORGANIZATION] to continue collecting support for [ORGANIZATION] area's homeless veterans with good success. And I can't forget all the support and requests from the union heads that we had a meeting with [LOCATION].",0,0.0,0,1,0
meeting_minutes,93,"I was so glad to be back and  We get so much negative comments, but we are really a great city. As I said when I came back from [ORGANIZATION], they had 175,000 homeless [TIME]. When I came back from [PERSON], again, I was so impressed with how we're handling the issue.",0,0.0,0,1,0
meeting_minutes,94,"The additional grant award will provide funds for [ORGANIZATION], [PERSON], ORG2 recipients for supportive service expenses, including but not limited to expenses for homelessness prevention, utilities, transportation, gas, uniforms, tools, equipment, and similar purposed expenses as designated by the [ORGANIZATION]. The amendment for additional funds is the amount of $33,750. I [STREET] these eight matters before you.",0,0.0,0,1,0
meeting_minutes,95,"No PERSON0 GPE0 [PERSON] 7 ayes 5 noes So the motion carries so the amended item is up for further discussion  I just want to make some final comments if I can. There were some comments, a number of them that are in the same general area, but just as a point of information to the suggestion about the relationship between this and our city operations, I can tell you very directly that both police, fire, as well as human services are directly involved with the interaction of the triage center and our very notable work in the continuum of care related to homelessness.",0,0.16666666666666666,0,1,0
meeting_minutes,96,"The imprisonment of people unable to pay debt resulting from the increase of fines and fees, mass incarceration of poor and neglected minorities for nonviolence and the barriers to employment, housing and reentry into society. Once they have served their sentence, excessive punishment  children that creates a school to prison pipeline, increases in arrests of homeless people, and people feeding the homeless, and criminalizing life-sustaining activities such as sleeping in public when no shelter is available, and confiscate what little resources they have through civil assessment  True followers of [ORGANIZATION] should stand up and speak up and say we are tired of this garbage, the [STREET] you are treating poor people and homeless people, and we are not going to put up with this garbage anymore. Thank you for allowing me to speak.",0,0.16666666666666666,0,1,0
meeting_minutes,97,"[ORGANIZATION] holds a total of 113,952 abandoned homeless individuals. This represents 20% of all homeless people in [PERSON]. Approximately 15,179 are veterans.",0,0.0,0,1,0
meeting_minutes,98,"We have been able to house over 490 children in safe, affordable housing. And [ORGANIZATION], because of your commitment to affordable housing,  We're going to be able to rehab and repair homes for so many families in our community. Thank you for supporting our mission and our ministry.",0,0.16666666666666666,0,1,0
meeting_minutes,99,"And as we've stabilized the growth around downtown, the restaurants, other things, people feeling comfortable walking around, you know, we're not dealing with issues of any kind of concern with security or homelessness. All those things just feed into each other. The other challenge I just want to kind of leave you with, if it's okay, [ORGANIZATION], is just, you know, we are now, I believe, in [ORGANIZATION] bonds.",0,0.3333333333333333,0,1,0
meeting_minutes,100,"But they continuously ask me about the homeless . And they're quite concerned . So, Dr. [PERSON] , when you sent me the informati on, that information has to get out to the public.",0,0.16666666666666666,0,1,0
meeting_minutes,101,Those people are not throw away people just because they are homeless . And I want to know. I've asked before.,0,0.0,0,1,0
meeting_minutes,102,"How many shelters are there for the homeless people in the city, night shelter not day shelters . MR. PERSON0: Well, it depends on what you consider night shelters.",0,0.0,0,1,0
meeting_minutes,103,"Let them buy their own. You know, the town has one of our fire engines and they get free trash removal and there's hardly any taxes. And [ORGANIZATION] somebody was here about affordable housing .",0,0.3333333333333333,0,1,0
meeting_minutes,104,"Now there is an electric cord running down on FAC0 from FAC1 -- and I'll show you the picture soon running into a homeless camp with the electricity out. Two people have been burned over [ORGANIZATION] with the propane tanks, one person was stabbed [PERSON] and when the police went to the camp to find the other individual , propane tanks were exploded inside the tents before the police were able to go in or the [INSTITUTION] to address it. This is an issue.",0,0.5,1,0,0
meeting_minutes,105,"Code Blue was put into effect [TIME] on [DATE] , and that's going to run until [ORGANIZATION]. Code Blue, again, for us who forget and don't want to remember , it's when the forecast ed temperature in [ORGANIZATION], including wind chills, is expected to reach 20 degrees [PERSON] or lower. The goal of this is to notify as many people as possible about the cold and extreme conditions and provide information related to the health and wellness in cold weather , and publicize locations of emergency homeless shelters that are operated by area social service agencies .",0,0.0,0,1,0
meeting_minutes,106,"[TIME] I'm bringing it. In the city where we respond to things in [ORGANIZATION], [LOCATION], and the case of FAC0 pool complex DATE2, we could do better. I showed up [ORGANIZATION] along with a few other people that cared to the unhoused commission meeting .",0,0.16666666666666666,0,1,0
meeting_minutes,107,"I'm just wondering where we are with that and when we could possibly jump on that issue and have a public caucus dealing with the homeless situation . MR. PERSON0 : I'll look into that, Mr. [PERSON].",0,0.16666666666666666,0,1,0
meeting_minutes,108,"[2] - 58:21, 58:22 hire [1] - 49:5 hired [2] - 18:22, 19:1 hits [1] - 48:11 Hodowanitz [2] - 5:7, 5:8 HODOWANITZ [5] - 5:8, [DATE], [DATE], [DATE], [TIME] hole [5] - 51:7, [DATE], 59:1, 59:2, 59:3 Home [1] - 27:10 home [3] - 11:7, 12:18, 32:7 homeless [8] - 32:18, 32:20, 32:21, 33:7, 33:21, [DATE], 33:25, 34:3 homeowner [3] - 14:24, 19:19, 3[DATE]5 homes [3] - 24:13, 35:7 honest [2] - 10:23, 17:8 hope [3] - 8:7, [DATE], 46:3 hopefully [1] - 9:18 hoping [2] - 38:19, 52:10hot [1] - 50:20 hotel [1] - 34:1 hour",0,0.0,0,1,0
meeting_minutes,109,"But I need you guys to work with me as [ORGANIZATION] to make it 1 2 3 4 5 6 7 8 9 10 11 12 13 14 15 [DATE] 18 19 20 21 22 23 [TIME] happen for these people because what's going to happen is, if you guys don't listen to the homeless people, it's not just going to be three homeless people in this crowd. It's going to be like dozens of us coming up here to ORG1 . And a lot of them are angry and upset, you want to know why?",0,0.5,1,0,0
meeting_minutes,110,"[ORGANIZATION] , [ORGANIZATION] reached out to the administration per request of [ORGANIZATION] ORG1 Director in addition to parents and ORG2 student s that are -- ORG3 please concentrate regular patrols on FAC0 between FAC1 and ORG2 due to the growing amount of homeless on the blocks in addition to code enforce ment reviewing the properties and yards along the blocks. Mr. [PERSON] and parents have advised many students traverse the blocks to and from the high school. Resident s and parents have noted an increase d number of needles , used drug paraphernalia and litter in the yards along this roadway .",0,0.6666666666666666,1,0,0
meeting_minutes,111,"I believe that when the subject of who is responsible and who has jurisdiction and whose land is it and this one is going to call that one and then none of that helps with the homeless and the residents are keeping the city safe. So in light of the nature to care about people and seeing so much online with hardships within the city and paying more attention now to [ORGANIZATION] meetings , etc., you 1 2 3 4 5 6 7 8 9 10 11 12 13 14 15 [DATE] 18 19 20 21 22 23 [DATE] know, it's very hard to see the deterioration of my once wonderful city. You know, I went to high school here.",0,0.3333333333333333,0,1,0
meeting_minutes,112,"And, you know, Mr. [PERSON], I'd like you in the next meeting to tell all the residents in this city how much money out of the sale of [ORGANIZATION] went to pensions , let all the people in this city know and exactly where that money went, okay? Let's really know how much really went there. And let's not talk about borrowed money that went there, okay, let's really talk about the beating that the residents took and now, you know something , there was a conversation here about the homeless having to pay $2.50 to take a shower at FAC0 I believe it was.",0,0.16666666666666666,0,1,0
meeting_minutes,113,"I've seen it all, like certain people being removed out of there. And I'm down there [ORGANIZATION]. And all the [ORGANIZATION] and all the residents there, like, I know them all, you know, and I love them because I was dropped off to be homeless [DATE].",0,0.16666666666666666,0,1,0
meeting_minutes,114,"[ORGANIZATION] $100,000.Purchase [ORGANIZATION] EngineNo.7. Thenextallocations ORG2 of homesintheCityofScranton .$60,000, ORG3 community based organization tohelpstafftodevelop affordable housing inthecommunity . Thenextitemis$40,000tobeused reasonable administrative andplanning costs incompliance withtheHOMEhomerules.",0,0.16666666666666666,0,1,0
meeting_minutes,115,"Because there's a lot of money in funding in sheltering the homeless . Why is the city not using the land or securing the land for homeless building the 1 2 3 4 5 6 7 8 9 10 11 12 13 14 15 [DATE] 18 19 20 21 22 23 [DATE] equivalent of a hotel of tiny structures . How good would it look for the city to employ its own people and shelter its homeless , not just for [TIME] a day and then collect a lot of the federal grants and Section Eight to pay for that.",0,0.0,0,1,0
meeting_minutes,116,"Coming up -- I think the rest of the [ORGANIZATION] got it. I was in some discussion with Mr. [PERSON] , some representatives of the railroad and we had some conversation about homeless encampment s along the railroad and on private property .1 2 3 4 5 6 7 8 9 10 11 12 13 14 15 [DATE] 18 19 20 21 22 23 [DATE] The ORG1 and ORG2 were brought into that conversation as well as the Mayor.",0,0.5,1,0,0
meeting_minutes,117,"and they put them in there. At some point in time somebody made laws, you know, like, we're caregivers -- probably was [ORGANIZATION] , I guess, because his picture is on there. But all of these [INSTITUTION] s they're really just 5013Cs like everything else 1 2 3 4 5 6 7 8 9 10 11 12 13 14 15 [DATE] 18 19 20 21 22 23 [DATE] like [ORGANIZATION] .",0,0.16666666666666666,0,1,0
meeting_minutes,118,"You can visit www. Facebook .com/ friends ofshannonmcdonough if you are interested in learning more about this event. Also, received an announcement [ORGANIZATION] about a [LOCATION] coat [STREET] at FAC0 and it reads, ""Did you know there are almost 600,000 homeless people in [ORGANIZATION]?",0,0.0,0,1,0
meeting_minutes,119,"Can 1 2 3 4 5 6 7 8 9 10 11 12 13 14 15 [DATE] 18 19 20 21 22 23 [DATE] you explain the vetting process and who does the vetting ? With the rumors swirling regarding some of the conduct inside [ORGANIZATION] with their employee s and their directors , we would feel very uncomfortable if these same people were vetting the homeless that are using FAC0. It's evident that the vetting process in [STREET] is highly lacking right now.",0,0.3333333333333333,0,1,0
meeting_minutes,120,"Check the pavilion on [DATE] 3 4 5 6 7 8 9 10 11 12 13 14 15 [DATE] 18 19 20 2[DATE]2 23 [DATE] FAC0, see if you want to sit there and have a drink and a hoagie from [ORGANIZATION] or [ORGANIZATION]. Guarantee you won't. There are few of these homeless camps with propane tanks.",1,0.5,0,0,1
meeting_minutes,121,"It serves as a [STREET] to inform the community about things such as H2O Help which are important . I talked about the food resources in the budget and the mud funds for the homeless that were $10,000 a piece that were on that list as unspent . Whether they were unspent or not, as of [ORGANIZATION], 27,111 has been spent for recycling that has been rejected and charged the higher rate by the landfill .",0,0.0,0,1,0
meeting_minutes,122,"Well, does anybody look at the lease terms, not Judge [PERSON] in the magistrate [STREET], not Judge [PERSON] in [LOCATION] because they don't even know. They don't even know about the [DATE] Landlord Tenant Act. We got homeless people.",0,0.16666666666666666,0,1,0
meeting_minutes,123,"But unfortunately we don't have people to coordinate for those in need. We have homeless advisory boards that the public isn't allowed to attend who advise that they're going to do something in the future. While people suffer under the burdens of these fees, it would be nice if our local government took action to coordinate what resources are physically out there for a population in need, actually made a [STREET] where they could come together and see everything that's out there.",0,0.3333333333333333,0,1,0
meeting_minutes,124,Anyone else? No? I'll say I'm also for anything that will try to alleviate the problem we're having with homeless people.,0,0.16666666666666666,0,1,0
meeting_minutes,125,So there are various programs . But we do need to do a better job of creating more affordable housing in the city because it is definitely a problem . PERSON0: And especially with the [STREET] that the prices have gone up.,0,0.3333333333333333,0,1,0
meeting_minutes,126,I'm a citizen here. I went through a lot and it took [ORGANIZATION] to get me through what I've been through and to see us squander funds that have been coming from the federal government and even they can't even cooperate and us locally we're not supporting our citizens even our children and there is multiple amounts of homeless people up here. I go to the soup kitchen [ORGANIZATION] for [LOCATION].,0,0.5,1,0,0
meeting_minutes,127,"It gives the city a better direction on how to bridge the gap between homeless and 1 2 3 4 5 6 7 8 9 10 11 12 13 14 15 [DATE] 18 19 20 21 22 23 [DATE] returning them to productive members of society and part of the community and resident s will know who is here, where, and clearly why. And rules and structures equal success . MR. PERSON0: Thank you.",0,0.3333333333333333,0,1,0
meeting_minutes,128,"I also would like to discuss the vaping epidemic and what we might be able to do legislative to curb that so I will ask my colleagues if we can schedule that meeting 1 2 3 4 5 6 7 8 9 10 11 12 13 14 15 [DATE] 18 19 20 21 22 23 [DATE] with [ORGANIZATION] over [ORGANIZATION]. Mrs. [PERSON] brought up [TIME] two points, number one, the homeless population and what the city's policy is or the [INSTITUTION] 's policy, and the opioid crises. I think at this point we should probably invite, if my colleagues would agree, Chief [PERSON] in to discuss both of these topics, especially the opioid crises, we have had, as has been pointed out in the newspaper , multiple tragic overdoses over [LOCATION].",0,0.0,0,1,0
meeting_minutes,129,"Oh, or was that someone else who decided it was easier to use the law to wash his hands of the matter. Last, we have a group of another nonprofit who came in who wants to take free land from [ORGANIZATION] and make it nontaxable to help the homeless . Why would they do that?",0,0.5,1,0,0
meeting_minutes,130,"If we have rehabilitation in this city, that would help these homeless people get clean. That's part of the solution . Two, we need more space in the shelter .",0,0.0,0,1,0
meeting_minutes,131,"So, Mr. [PERSON] , please send correspondence to the administration that we need to get the playground fixed there. There's a slide with, like, a crack 1 2 3 4 5 6 7 8 9 10 11 12 13 14 15 [DATE] 18 19 20 21 22 23 [DATE] in it. There seems to be, you know, maybe a homeless person that took up shelter in part of the playground too.",0,0.5,1,0,0
meeting_minutes,132,"Anyone else? Mr. [PERSON] : -- PERSON1 , you guys 1 2 3 4 5 6 7 8 9 10 11 12 13 14 15 [DATE] 18 19 20 21 22 23 [DATE] know my name. So we talk a lot about the homeless population .",0,0.3333333333333333,0,1,0
meeting_minutes,133,"[1] - 5:2 Holy [1] - 3:25 Home [2] - 11:10, 11:14 home [3] - 12:3, 12:11, 41:25 homeless [9] - 14:12, 38:22, 40:3, 40:6, [DATE], 56:3, 56:4, 56:7, 56:16 homeowner [1] - 19:12hometown [1] - 31:24 honoring [2] - 4:12, 4:24 hope [4] - 25:25, 26:1, 27:7, 55:13 hopefully [3] - 9:12, [TIME], [ORGANIZATION] horrific",0,0.0,0,1,0
meeting_minutes,134,"The money that they raised for this, they do a lot of great things. So in [ORGANIZATION] since their last DATE1 fest, we've hosted the following free events: A kids DATE2 party, tree lighting and [ORGANIZATION], breakfast with the bunny. And they also in addition to that make multiple donations over [ORGANIZATION]s with money raised to [ORGANIZATION] soup kitchen , and [PERSON], ORG2 , FAC0, [ORGANIZATION] .",0,0.16666666666666666,0,1,0
meeting_minutes,135,"The reschedule d caucus [ADDRESS] [ORGANIZATION], at 5:15 to discuss the topics of homelessness in the city and the opioid epidemic . Also, [ORGANIZATION], at [TIME] we will hold a public hearing for Item 6-A on [TIME] 's agenda, the installation of ""No Parking "" signs along FAC0 along the bike lanes at the trail crossings near FAC1 . MR. PERSON2 : I have one additional .",0,0.0,0,1,0
meeting_minutes,136,"But, you know, then it goes onto this [ORGANIZATION] Judge [PERSON], you know, on ORG1 in the courts.1 2 3 4 5 6 7 8 9 10 11 12 13 14 15 [DATE] 18 19 20 21 22 23 [DATE] I mean, most of those people that are homeless , they shouldn 't have even gone to [STREET] because ORG2 is federally subsidize d and they are constantly sending inflated bills to everybody which is under [ORGANIZATION] law a retaliatory eviction and much more stuff than that. I mean, they're aggressively moving people out so they have their own little dominion and they control it with the fear of eviction , the fear of the District Attorneys coming to prosecute you.",0,0.0,0,1,0
meeting_minutes,137,"But to your point about the, you know, the homeless , you know by going down there cutting all of those weeds and picking up all that garbage and cleaning up that area and kind of opening it up a little bit more, it kind of helps to open up the area so that it would lend itself to make them more visible 1 2 3 4 5 6 7 8 9 10 11 12 13 14 15 [DATE] 18 19 20 21 22 23 [DATE] which would then prevent I think from things like that happening . So and I just want to thank everyone for helping out. And I know that's going to continue .",0,0.3333333333333333,0,1,0
meeting_minutes,138,"A Code Blue Alert issued when the forecasted temperature in [ORGANIZATION], including windchills, is expected to reach 25 degrees [PERSON] or lower. The goal of this notification is to make people aware of the extremely cold conditions , provide information related to 1 2 3 4 5 6 7 8 9 10 11 12 13 14 15 [DATE] 18 19 20 21 22 23 [DATE] 257 health and wellness and cold weather publications of emergency shelters that are operated by various social security . During a Cold Blue Alert, homeless individuals can access an emergency shelter at the following locations : FAC0, [ADDRESS].",0,0.16666666666666666,0,1,0
meeting_minutes,139,"[1] - 18:16 hill [2] - 27:18 PERSON0 [1] - 41:17 hired [1] - 36:1 hit [1] - 39:2 hits [1] - 19:4 PERSON1 [2] - 5:25, 6:1 PERSON2 [10] - 6:1, 7:4, 7:9, [DATE], 7:25, [TIME], [DATE], [TIME], 10:1, 10:10 hold [2] - 39:4, 39:5 hole [2] - 51:4, 51:9 home [6] - 11:2, 12:23, 14:9, 23:2, 39:1, 51:23 Homeless",0,0.0,0,1,0
meeting_minutes,140,"Will the public be notified of the next meeting , date, time, and location ? And will there be any public participation or public comment permitted during any of these meetings? Can the city also provide resumes and experiences for all the board members on the task force to show how they tie in with unhoused individuals ?",0,0.16666666666666666,0,1,0
meeting_minutes,141,But I think that a bathhouse would be a relatively productive thing to put in certain parts of the city. I don't know how that would be done. But it does give -- makes it a little more human for the homeless .,0,0.0,0,1,0
meeting_minutes,142,That's exactly what we did. I don't think we took any belongings from anyone that was homeless because the items we picked up were frozen clothing and just garbage . It didn't belong to anybody .,0,0.16666666666666666,0,1,0
meeting_minutes,143,"[2] - 33:6, 33:10 squatter [1] - 47:2 squatters [1] - 47:2 stabbed [1] - 24:21 stabilization [1] - 33:19 stadium [1] - 15:12 Stadium [1] - 14:22 staffing [1] - 10:11 standing [2] - 3:3, 12:23 start [1] - 36:20 started [3] - 43:7, 43:8, 54:10 starts [1] - 15:14 STATE [2] - 72:23, 74:5 state [3] - 11:4, 23:12, 49:23 states [1] - 66:25 stations [1] - 22:16 statues",0,0.0,0,1,0
meeting_minutes,144,"But there were people who represent the many local nonprofit s that make up the board. Can you inquire as [ORGANIZATION] if there is any data available to how the issue has been address [PERSON] and the breakdown of all funding to these agencies on this task force and what and how they spend the funds and how do they try to correct the issues of homelessness ? A city with 70,000 people and that's not including the county and this is what we have available .",0,0.0,0,1,0
meeting_minutes,145,"So when we talk about that snow storm hitting , my question -- the question that comes to my mind is what about the homeless ? What are we doing? Do you understand ?",0,0.16666666666666666,0,1,0
meeting_minutes,146,"Ihadafriend witha broken pipeupinhisbathroom ,hewoundup homeless because hishosewascondemned .A broken pipeinthebathroom ,givemea break,youknow,[PERSON]. KOZ's,thegrants,theyjustgetsucked up bypeople withtentimesmoremoneythan whatthegrants aresupposed tobewritten forsoinretrospect I'mgladMr. [ORGANIZATION] is downtheroadandprobably thebestthing thatthelastcouncil everdidwastoget ridofhim.",0,0.3333333333333333,0,1,0
meeting_minutes,147,It was overgrown leaves and all types of things. So [TIME] and three people and it wasn't that hard. So my husband [ORGANIZATION] and DATE1 -- [ORGANIZATION] and [ORGANIZATION] actually picked up a homeless woman and took her to pick up 1 2 3 4 5 6 7 8 9 10 11 12 13 14 15 [DATE] 18 19 20 21 22 23 [DATE] trash.,0,0.0,0,1,0
meeting_minutes,148,"All of these situations as far as the homeless are concerned , like, I was almost homeless because the house burned. It was a rental. But the point in being that everybody heads towards the city when they become homeless .",0,0.3333333333333333,0,1,0
meeting_minutes,149,"[2] - 76:24, 77:12 home [1] - 38:22 homeless [59] - 13:11, 15:6, 22:24, 22:25, 23:4, [TIME], [TIME] [DATE], 23:21, [DATE], [DATE]5, 25:1, 25:2, 25:3, [TIME] 25:12, [TIME], [DATE], [TIME], [TIME], 28:20, 28:23, 29:21, 30:6, 30:7, 30:14, 31:8, [DATE], 34:19, 6 [DATE], 35:12, 35:15, [DATE], 42:24, 42:25, [TIME] 43:22, [TIME], 46:16, [DATE], [DATE], 51:14, 51:15, 52:6, 55:5, [DATE], [TIME] [DATE], 73:9, [DATE], 74:8, 74:18, 75:19 homelessness [5] - 26:18, 29:6, [DATE], 30:9, 51:12 homeowner [2] - 15:4, 55:1 homes [1] - 23:19 Honor [1] - 4:25 honor [2] - 67:3, [TIME] honored [1] - 67:2 hope [6] - 7:6, 18:19, 22:4, 26:2, 47:7, 74:21 hopefully [3] - 44:20, [DATE], 66:22 hoping [4] - 8:10, [DATE], 67:14 horse [1] - 35:10 horses [1] - 58:8 hour [5] - 9:9, [DATE], [DATE], [TIME]",0,0.16666666666666666,0,1,0
meeting_minutes,150,"And maybe even better solutions, maybe implementing some of the recommendations from our [ORGANIZATION]. okay [ORGANIZATION] did you have something yes uh thank you council member [PERSON] because that is what i was thinking i think that um don't want to rush this especially with the potential of legal issues",0,0.0,0,1,0
meeting_minutes,151,"and then that ended, they would be back out on the [STREET] homeless. [ORGANIZATION]'s plan deals with long-term care of these people. I think it's really important to fund.",0,0.16666666666666666,0,1,0
meeting_minutes,152,This program is a federal block grant program that provides [ORGANIZATION] funding used exclusively for affordable housing activities to benefit low-income households. Funding for homelessness services is not an eligible activity for this funding. I think that was mentioned at the last meeting I wanted to make sure that you were all aware that that is not an eligible funding activity.,0,0.0,0,1,0
meeting_minutes,153,"Any public comment on the amendment? Hi, my name is [ORGANIZATION], and I've spent DATE0 becoming very just uncomfortable Educated on issues concerning homelessness here in [ORGANIZATION], [PERSON] And one of the issues that I never really thought about as someone who has been homed as an adult but was homeless as a child or a teenager [LOCATION] is the issue with creating a record in the system and so my question to you would be if I violate this ordinance and if I'm arrested for panhandling then what is the um What is the charge and what is the punishment for that crime? Is that a misdemeanor?",0,0.3333333333333333,0,1,0
meeting_minutes,154,"But the zoning alone is not going to create affordable housing, especially because we don't know what's going to be built there. whoever buys this is going to determine what is going to be built there. So I don't think that this is in keeping with the neighborhood that it is.",0,0.3333333333333333,0,1,0
meeting_minutes,155,"And so that's why we have a sunset clause to give [ORGANIZATION] the discretion and authority To make changes to the short-term rentals that the current operators might not like I echo some of the concerns that were expressed by council member [PERSON] know, I've had a little bit of time on council and absolutely understand. This has been a conversation that's been evolving over [ORGANIZATION], but also to the information and  in regard to our housing crisis and the shortage of available rentals has become much more sharpened and focused for us too when we've gotten concrete numbers from our planning department who's done such a great job in long-range planning of identifying the tremendous gap that we have. And so I think we have to look at all available levers and think about, you know, this is 500 available units, you know, more really with the illegal operating  They're not available housing stocks.",0,0.3333333333333333,0,1,0
meeting_minutes,156,and i want to express that [TIME] i'm pleased with this council i'm pleased with my staff i'm thankful that we have citizens that let your voice be heard everybody needs to always show up step up and speak out and that's what you've done and we've heard you so thank you all thank everybody so with that PERSON0 let's vote  There needs to be a motion to approve. I make the motion that we adopt the housing crisis resolution.,0,0.16666666666666666,0,1,0
meeting_minutes,157,"Yeah. Yeah, I just think that there's a different ROI for chronically homeless folks. And there's a deeper impact, but a more narrow impact.",0,0.0,0,1,0
meeting_minutes,158,"And so I have concerns about that. The affordable housing, I have concerns about that very steep hillside. I have concerns about that.",0,0.6666666666666666,1,0,0
meeting_minutes,159,"THE COST ASSOCIATED WITH MOVING FROM EXPENSES TO [LOCATION], THE AMOUNT OF [ORGANIZATION] COMPETITIVE  MAKE IT DEARLY IMPOSSIBLE FOR [LOCATION] TO SEEK ALTERNATIVE HO[LOCATION]ING OPTIONS. I HOPE TO NOT ONLY SPEAK FOR MYSELF, BUT TO ALSO STAND HERE AS A VOICE FOR THOSE IN OUR COMMUNITY WHO CANNOT BE PRESENT DATE0. I ASK YOU TO VOTE YES ON THIS HO[LOCATION]ING CRISIS RESOLUTION.",0,0.0,0,1,0
meeting_minutes,160,"I understand we have a housing crisis and I'm usually up here saying housing, housing, housing. But this is one, when we have a staircase that is about to fall through and we have a fire hazard. And we have firefighters that will not go in there.",0,0.3333333333333333,0,1,0
meeting_minutes,161,"And these are not just teenagers, these are [ORGANIZATION], people who have been working and saving to try to get a home for a while now. I really appreciate that the council is listening to us on this. I really appreciate that this resolution has been put forward to declare a housing crisis",0,0.16666666666666666,0,1,0
meeting_minutes,162,"Number seven, a resolution to approve a budget adjustment in the amount of $400 representing donation revenue to [ORGANIZATION] for [ORGANIZATION] event. Number eight, a resolution to approve the agreement for assignment of ground lease for [INSTITUTION] facilities  Property located at [ADDRESS] from ORG1 to ORG2. Number nine, a resolution to approve contract with [ORGANIZATION] to provide funding assistance in the amount of $57,000 for maintenance and repairs at FAC0 in [LOCATION].",0,0.0,0,1,0
meeting_minutes,163,I represent the southern sellers of the 51.2 acres. The only thing I would like to say is thank you guys for your time [TIME]. And I just want to reemphasize the need for affordable housing in your town.,0,0.0,0,1,0
meeting_minutes,164,My name is [ORGANIZATION]. I live at [ADDRESS] here in [ORGANIZATION]. Some friends and I are very concerned about.  affordable housing and homelessness.,0,0.3333333333333333,0,1,0
meeting_minutes,165,I just want to clarify. We are not required to be a member because we don't receive funding from them. But we provide all of the information into [ORGANIZATION] that they require.,0,0.0,0,1,0
meeting_minutes,166,"This means that they have to find housing near enough to the university or along public transit routes in order to find housing, let alone affordable housing. Sorry, finding housing, let alone affordable housing is a challenge. I personally have a friend from [ORGANIZATION] who had to stay in a hotel for [ORGANIZATION] before he could find an apartment when he first arrived, which drained him of his savings.",0,0.16666666666666666,0,1,0
meeting_minutes,167,"I think the chief concern that I have as a council member is that I don't have a price tag for those infrastructure improvements that would be linked to this development. I do not like the use of the term affordable housing for a development such as this primarily because  By the time DATE0 goes by, the cost of labor, materials, and infrastructure is such that you can't make a promise of a price tag. The only thing you know currently is the price of the dirt upon which you're going to build.",0,0.16666666666666666,0,1,0
meeting_minutes,168,"There's also a lot of concerns expressed about the property's development history, not just during construction, which was mentioned, but there's also a lot of concern that during the entitlement process, especially the zoning and conditional use permit entitlement processes, it was frequently mentioned that these units were intended or would serve as attainable housing or affordable housing. And there's been a lot of frustration expressed over the units and their ultimate sales price and also the potential that they will go immediately from or perception that they'll immediately go from newly constructed housing to the short-term rental market with nothing in between. There are also concerns noted about parking.",0,0.6666666666666666,1,0,0
meeting_minutes,169,"As far as what homelessness looked like before [ORGANIZATION], I mean, well, I know for 20 people, it looks 100% different. And there are a couple of those people here [TIME], and I think one on [ORGANIZATION]. So we may hear more personally.",0,0.0,0,1,0
meeting_minutes,170,"I want to take you back to a time [ORGANIZATION] when I was a business owner in northwest [ORGANIZATION] and had very definite opinions about what it meant for people experiencing homelessness, except back then I just said homeless people, those people that, you know, beg for money on the side of the [STREET]. Right. And over [LOCATION], I have, as you all know, become a very staunch homeless advocate as I came out of the closet about personally having experienced homelessness as a child and a teenager.",0,0.0,0,1,0
meeting_minutes,171,"And the idea that they are going to be able to enforce any kind of parking, they would have to have a force patrolling the streets day and night.  making 800 more car trips probable in our neighborhood will not do anything to help [ORGANIZATION] or especially our neighborhood, but [ORGANIZATION] on the whole. Whatever they say about affording affordable housing, $1200 a month  For I would know last meeting they were mentioning senior citizens It's not something senior senior citizens are going to want to do this is being marketed mainly to Transients I mean, you know, I don't mean like bombs.",1,0.5,0,0,1
meeting_minutes,172,And I'm glad you do. And I look forward to being able to add something to the study of [ORGANIZATION] and give us some more affordable housing out there. Thank you.,0,0.0,0,1,0
meeting_minutes,173,"So I'm thankful [DATE] for [ORGANIZATION] to give me this chance to get to this level and hopefully get to the next level. See, me and my wife, even though she's sick, too, we've been approved for housing, but we have nowhere to go. So affordable housing is very well a solution that you can really help this homeless problem, even though people out there are suffering, dying, and are very sick and really need this help.",0,0.16666666666666666,0,1,0
meeting_minutes,174,"Keep housing affordable for the people of [ORGANIZATION] and the surrounding communities. I myself have experienced a housing crisis. Not knowing where you're going to be able to afford to live is terrifying, and no one should have to deal with this.",0,0.0,0,1,0
meeting_minutes,175,"But there's a third person. The third person is chronically homeless, long-term reoccurring homelessness. Research shows that this person is disproportionately likely to sleep in unsheltered locations.  much more likely to have lifetime trauma, to have mental illness, to have substance abuse, to have justice system involvement, or to have physical disabilities.",0,0.16666666666666666,0,1,0
meeting_minutes,176,"And my grandfather worked full-time, as many homeless people do. And they camped wherever they could, wherever someone would give them permission to camp. Not campgrounds.",0,0.16666666666666666,0,1,0
meeting_minutes,177,"Some have proposed to take care of this issue by criminalizing homelessness and trying to move people out of encampments, which I feel is very shameful. Personally speaking, I hope that y'all go work on this, that y'all pass this resolution, and that you're very vigorous about doing it. I can speak mainly for myself, anecdotally.",0,0.16666666666666666,0,1,0
meeting_minutes,178,"And in addition, it would provide more tax dollars. So we would like to implore [ORGANIZATION] to appeal the decision to deny the rezoning and allow us to rezone it and market it to someone who can bring in the affordable housing um  to this area like i said that already has a lot of small lots and some duplexes across the [STREET] and that's all i have for now thank you so much okay does the council have any questions for the applicant before we go on the public comment",0,0.16666666666666666,0,1,0
meeting_minutes,179,"Homelessness is sometimes just something that happens because of the mental illness and the addiction. So I believe, the staff believes, if we can get people on our sites or working with people who are struggling with mental illness, then we can potentially get them help and help them move forward. It's a process.",0,0.0,0,1,0
meeting_minutes,180,"We're at [ORGANIZATION] placed within city plan [DATE] a new general guiding principle goal six we will create opportunities for attainable housing and to emphasize how important attainable and affordable housing is to our citizens and city. And whereas a provision concerning garage placement within the newly adopted single-family infill standards can in some circumstances significantly and unnecessarily raise the cost of home construction and impair the affordability and attainability of housing, And whereas the [ORGANIZATION] should be able to consider and grant a reasonable variance to such provision which would preserve the legitimate aesthetic concerns but allow home builders to offer attainable houses to our citizens. Now therefore it be ordained by the [ORGANIZATION] of the City of Fayetteville-Arkshaw, Section 1.",0,0.16666666666666666,0,1,0
meeting_minutes,181,"Mr. [PERSON]. [ORGANIZATION], [ORGANIZATION] will meet at [TIME] at [ORGANIZATION]. We will hear from ORG2 sociology graduate students who are working with [PERSON] and have been interviewing people experiencing homelessness on the [ORGANIZATION] to help us get some insight into the causes and...  experiences that they are experiencing so everyone is welcome that's 530 at the new design school on DATE1",0,0.16666666666666666,0,1,0
meeting_minutes,182,"So to answer your question, we were looking at more of [ORGANIZATION], the folks from [ORGANIZATION], the folks who work with [ORGANIZATION], those who work directly with individuals who are impacted by the housing crisis. Thank you. I'm sorry who was next?",0,0.0,0,1,0
meeting_minutes,183,"Because I currently own when 60% of my life was spent as a renter. Regrettably, [ORGANIZATION] of my life was spent homeless. Does that disqualify me?",0,0.0,0,1,0
meeting_minutes,184,"I have been working for code compliance for [ORGANIZATION], and it has been vacant for at least that amount of time. Thanks. Have we had anyone from the homeless community living in the house?",0,0.0,0,1,0
meeting_minutes,185,"But think about as well, [ORGANIZATION] we voted on [TIME] to give $119,000. And whenever I looked at the numbers in [ORGANIZATION], we had 81 folks that were in the jail that showed a homeless address. And about 23% of those.",0,0.0,0,1,0
meeting_minutes,186,"And 20% affordable housing is a start. However, we are talking about doing something, you know, it's very counter to what [ORGANIZATION] would do by lifting a tree preservation. You know, it's not incumbent upon, you know, the council or city staff to make sure that you as a developer, you know, prosper or make  profit, right?",0,0.3333333333333333,0,1,0
meeting_minutes,187,"I've been homeless for [ORGANIZATION] in northwest [ORGANIZATION], and I've lived here my whole life. Anyways, I'm from here. So I love the rivers and the bike trail.",0,0.16666666666666666,0,1,0
meeting_minutes,188,"are now, and it's hard to even, even encompass this, that people are living in multiple families, just trying to survive. Some people are, are, you know, they're living in a very, very poor environment. are on the brink of homelessness.",0,0.16666666666666666,0,1,0
meeting_minutes,189,"So I know that you're concerned about that, I am too, but I also know that we need affordable housing. The housing that we currently have, it's old. It's not terrible, but it is an older building.",0,0.16666666666666666,0,1,0
meeting_minutes,190,The one thing that irritates me about all this is I've heard mentioned several times from three or four different people that a part of this  affordable housing is going to be for the elderly or someone called them the local heroes or I'm DATE0 and I [STREET] from my neighborhood into town sometimes three or four times a day so I'm just I'm not sitting just parked in front of my television I travel quite a bit I'm active And I hate to be thought of as a geriatric old geezer who just is not going to be a hardship on the system.,0,0.16666666666666666,0,1,0
meeting_minutes,191,"Okay, and I think we talked about this, but just to make sure, what definition do we have as it relates to affordable housing? So you know, Miss [PERSON] and I kind of talked about that and I had the exact same questions and I know that there's certain city organizations that I believe that we can put this into that fall in this.",0,0.3333333333333333,0,1,0
meeting_minutes,192,"This will not be the last time you see it. You'll be seeing the nuts and bolts of it when it comes forward again, what it looks like incorporating exemptions or waivers, kind of like we have in code [ORGANIZATION] for certain projects, homeless shelters, capital A affordable housing projects, things like that that we think are important to continue keeping incorporated in there, which are ultimately policy decisions for you all to make. great thank you so much certainly",0,0.0,0,1,0
meeting_minutes,193,"And we left one term, excuse me, one position vacant on that, that was also ending [ORGANIZATION]. [ORGANIZATION], [ORGANIZATION],  ORG2, one term involving housing services. [ORGANIZATION], one term involving homelessness services.",0,0.16666666666666666,0,1,0
meeting_minutes,194,"So we need affordable housing. Stormwater issues are issues. And that needs to be addressed, and I want you all to understand this.",0,0.0,0,1,0
meeting_minutes,195,"They're living in their car. They're staying in an emergency shelter. For both this first and second person, there's a book called [ORGANIZATION] is a Housing Problem.",0,0.0,0,1,0
meeting_minutes,196,"To be housed and to be able to reengage in society and the community, that's our number one priority. Yes, there's a nationwide housing crisis. I moved here from [ORGANIZATION] and experienced it, but the ecosystem was different.",0,0.0,0,1,0
meeting_minutes,197,"Right on, [ORGANIZATION]. Good point. The vision of the proponents, I don't really know what the vision or the purpose of the vision or the purpose of the ordinance was for to begin with. Whether it's affordable housing, whether it's putting eight houses on an acre, whether it was trying to minimize the footprint, a concrete footprint, whether it was to do stuff.",0,0.0,0,1,0
meeting_minutes,198,"Yes. Okay, thank you all. Now let's go to number three, a resolution to address with urgency the affordable housing crisis and to request that Mayor [PERSON] apply for a [ORGANIZATION] grant.",0,0.16666666666666666,0,1,0
meeting_minutes,199,"Non-profit multifamily supportive housing and homeless shelters shall be exempted from payment of impact fees pursuant to this ordinance by [ORGANIZATION], Section 4. At [ORGANIZATION], [ORGANIZATION], [PERSON], hereby repeal Section 15904D4 and enact a new section for the purpose of exempting homeless shelters from paying fire protection system impact fees as follows. [DATE], Affordable Housing and [INSTITUTION] Exemption.",0,0.16666666666666666,0,1,0
meeting_minutes,200,"yes, I will say, there are cases where people just aren't satisfied, and what they're really not satisfied about is there is nothing that can really be done. These are complaints that are valid, it's frustrated, it's not that the officer did anything wrong. For example, we have immediate ated a number of cases that have unhoused population. And some feeling frustrated about calling the police and unhoused folks are still there, something like that. It's more complicated so we can talk about that in the mediation but ultimately is the encampment outside of somebody's house gone at the end? No, it's not. So there have been cased like that where people are frustrated that the underlying issue is not resolved and sometimes those are larger policy issues that volve a lot of other agencies as well. That has been the case in many situations with the 7%. Otherwise, we can remember one scenario where the complaintant did not feel like the officer was, just didn't really feel the officer, not that he did do anything, but she didn't connect with him and she didn't feel like he was owning up to what he had done, that's rare but that's an example of something that happened.",0,0.16666666666666666,0,1,0
meeting_minutes,201,"if someone is having aing mental health and drug crisis and unhoused, what, what does this electric like to somebody? I think the public hears I want them to understand when how they can really access that. If --",0,0.0,0,1,0
meeting_minutes,202,"And, you know, I also think about those who are unhoused. But is that really a proper working condition for our deputies to be sleeping in trailers in our parking lots? I, I was [ORGANIZATION] coming in to [INSTITUTION] and going through the metal detector, and I looked down at the deputy",0,0.3333333333333333,0,1,0
meeting_minutes,203,"the mayor's budget instructions recovery of local economy with focus on downtown and economic core. Improving public safety and [STREET] conscience. [PERSON] homelessness and transforming mental health service delivery. Accountability and equity in services in spending. Will achieve reductions through [ORGANIZATION]. The budget reflects budget of 1 147 thousand dollars for [ORGANIZATION]. Indicated on the previous slide. Describing positions the positions are needed in addition to the budgeted positions in order to provide necessary service to the community. Include being out reach, public information campaigns and increase accessibility. Meet charter man dates, investigate complaints, conduct hearings. Analyze data. Make policy recommendations. Perform audits. Of comply with department upon obligation. Public record's request. Report on the work. Prepare and advocate for the budget. And function as a department figure technology and supplies. Staff front desk field calls and e mills. We will [ORGANIZATION] to the learningest technology cost. Case management provide a cost savings to [LOCATION] when the funds needed for new staff [PERSON]. Infrastructure like computers. Conference room tech nochlg tv's web ex, phones and conference systems. These represent estimated on going expenses for the departments include licensing for sales base case misdemeanoring simples software. Cloud based storage and subscriptions. Estimates don't have additional prescriptions for service not obtained yet like evidence. Comfor cameras on native platform or performing online research. As discussed they near estimated for interdepartmental support. Not costs. Final costs for [ORGANIZATION] will not be determined [ORGANIZATION] I don't remember all city departments rely on others for support. The service providing diameters bill accordingly the costs will change subject to needs and how quickly the staff are on boarded, trin exclude operational to be able to take over work that relies on resource fist another department. We expect that cost for staffing and resources will decrease with the now departments ability to perform the work in house with staff members. If additional approximate suspicions are, proved this will increase. Training will have the most importance and highest costs [PERSON] with the new staff on boarded and trains. Tlaning is on line tuition can have thes we welcome suggestions and comments on this. This is upon tended for public comment and ideas. Impact of reduction. The original budget includes funds for personnel and infrastructure to mead mandates. Further reduction will extend the reliance on borrowed support and resource. Delay the ability to become operational. And impier pair to meet core requirements. Prevent from services from the community. This is the end of the presentation are there questions or know comments?",0,0.16666666666666666,0,1,0
meeting_minutes,204,"He was shot five times by [ORGANIZATION] when he was in mental health crisis. He was charged with resisting arrest, threatening an officer and carrying a knife. Um, and luckily, we were able to get the case dismissed before having to go to trial and noting the headlines here, the theme are are people who are unhoused being involved in the criminal system and how that is actually be, um, a kind of important fact to pair with that is that unhoused people are more likely to be victims of crime than they are to perpetrate crime, but they are much more likely to be criminalized and to be incarcerated.",0,0.0,0,1,0
meeting_minutes,205,"By giving our homeless people or adults needles and everything like we're supposed to do preventative work, not make it worse. Worse? Like my clients have used the billie holiday services.",0,0.0,0,1,0
meeting_minutes,206,"Now. And until we can create our own cadre of people to deal with them, we're going to have to figure that out. And an inspector general would be great at being that buffer to be able to get them, to be able to deal with just an arm, just using one instance of something called homelessness.",0,0.5,1,0,0
meeting_minutes,207,"But look at it now. There are homeless people everywhere and law enforcement now, how do they deal with that? In [ORGANIZATION], I'm an old guy.",0,0.3333333333333333,0,1,0
meeting_minutes,208,"thank you. PERSON0. PERSON1. I'm the executive director of :   Focused on work force development, education services as well as the designing and building of affordable housing, so I have been in [ORGANIZATION] over [ORGANIZATION] and had the opportunity to serve some of the most underserved communities in [ORGANIZATION]. Most notably on [ORGANIZATION] where I served [LOCATION] under the controller and most recent PERSON2 the [ORGANIZATION] police commissioner who served as liaison. A natural fit. I want to say thank you to the sheriff department coalescing and pulling us together. Chief has done a phenomenal job communicating with all of us and PERSON3. Looking forward what we can do together. I want to bring a community voice as we serve a lot of individuals just involved and continue to do soio want to continue to figure how to bridge the gap between what sogoing on in the jails and in the communities so we can all continue to live here together side by side.",0,0.0,0,1,0
meeting_minutes,209,"Um, most of our clients suffer from mental illness or have are grappling with a substance use disorder issue issue. Um, the vast majority of our clients also are unhoused, and all of them are low income. Um, and noting that on the right here in this pie chart and this is something I think, um, is particularly egregious in [ORGANIZATION], but cuts across most counties in [ORGANIZATION], the overrepresentation of communities of color, um, and so about 75% of our clients are people of color and half of our clients are black, even though the black population makes up about 6% of [ORGANIZATION].",0,0.0,0,1,0
meeting_minutes,210,"I am the new [ORGANIZATION] inspector general heading the offiof the inspector general, and as it was stated I'm here to present our proposed [ORGANIZATION] budget and I will start with telling you a little about [ORGANIZATION]. Basically, [ORGANIZATION] voters passed proposition d in [ORGANIZATION] establishing the [ORGANIZATION] first sheriff department oversight board, and that board proceeded to create the office of the inspector general and the whole purpose of the inspector general's office is provide independent oversight of the sheriff office. We have been assigned the government code or department code, sda to [ORGANIZATION]. The ORG2, roles and responsibilities are defined and [ORGANIZATION] charter section 4.137. then our oversight board appointed myself, [ORGANIZATION] as inspector general and on [LOCATION] we had a very beautiful administration of the oath by the legendary former mayor [PERSON] and [PERSON] which was created for oversight of the [ORGANIZATION] [INSTITUTION] continues to provide support of the ORG2 operation and assisting us with our independent investigations basically until we are fully staffed and up and running. Now, our role and responsibilities. We conduct the investigations of complaints filed against [ORGANIZATION] sheriff office employees and that includes the deputy sheriffs and their civilian employees and any third party contractors that they contract with. We also handle the investigations of any individual who dies while in the custody of the sheriff department. Additionally, once we conduct our investigations we also recommend disciplinary action to the sheriff. In terms of policies, what we are really looking to do is assist the sheriff department. We are also assisting with the development and recommending use of force policies for the sheriff department. We also look at the writing-reporting and auditing so we track and report on investigations, recommendations and outcomes and we monitor the sheriff office operations to insure compliance with the laws and policies. and we also conduct hearings. Most of those hearings roget right now are conducted by the oversight board but we have there authority to issue subpoena, administer oath, and take testimony. Now, our budget priorities. Well, our budget priorities are to recruit, hire, onboard and train staff because we are a new agency and so this is going to be one of our primary purposes getting the agency up and running. We also are tasked with developing policies and procedures, requesting positions to meet our charter mandate. And what do we need? We need investigators to investigate our sheriff office cases. We also need a senior investigator to investigate review investigations and manage the sheriff department cases. Basically the senior investigator will supervise the investigators that are conducting the individual investigations. We have a assistant chief attorney who's really responsible for helping process public records requests to review and support investigations before they come to my desk, draft agreements and just assist with the overall running of the office of the inspector general. And of course we have a executive secretary that in addition to many roles also processes payroll and purchasing and provide administrative support. what is the proposed budget for the [ORGANIZATION] budget? We are here [ORGANIZATION] to present that at this public meeting. When looking at the budget we first wanted to look at the mayor's budget instructions and so what is the primary focus of the mayor's budget for [PERSON] and one is to improve public safety and the [STREET] conditions of [ORGANIZATION]. To promote city wide economic vitality and that goes hand in hand with public safety and [STREET] conditions. Reduce homelessness and transform mental health services. Mental health service delivery and just increasing the overall accountability, equity and spending of the budget. Now, this last section is very important because we are in [PERSON], and so all departments of [ORGANIZATION] are being asked to reduce their general fund support by 10% and through [ORGANIZATION]-through [LOCATION], DATE8, with also a possible additional 5% contingency you [DATE] be asked to reduce your budget so we could be looking at most departments a 15% budget reduction. With that in mind and being a new agency, we understood is we will probably given the difficult budget cycle that we are in, we are going to have to do a phased growth of [ORGANIZATION], so instead of asking for everything that we need to be an agency up and running, we understand we will have to phase the growth of our agency. Right now we are-we looked at what is the basic amount of funding we need to get up and running? We propose 2 mill $22.163.632. We feel that request allows to bring in the number of employees to get up and running independently as a agency. Because we are being asked to take a 10% cut, that cut is reflected in the $353.080 will amount to the cut we are taking out of our budget, which would leave at the proposed $2.163.632. Now, for the number of employees, our basic proposed budget we have 13 employees, and with the 10% cut, we would lose one of those employees so it would leave us at 12 employees under the current request for funding. And so what does that 10% look like? I told we would lose one employee that would be a investigator and also our non personal service amount to about $40 thousand leaving total of $221 thousand that reflect in the 10% reduction. We also have work orders because we are not able to fully-we are not fully funded at this point because we are a new agency,b then we have to rely on [LOCATION] to support our agency-excuse me, [ORGANIZATION] to support our agency with technology that will come in the form of about $62 thousand. We also would need accounting service from the [ORGANIZATION] controller's office, $53 thousand and investigative and administrative support, $480 thousand, and because we don't have our own in-house hr department, the county is providing us the hr rep and that will amount to $147 thousand. Now, what is the-our proposed budget is where we are requesting the funding, but we understand we had to pull back in [ORGANIZATION]. We are proposing that we are not asking for any increases in materials and supplies. We are not asking for any increases in non-personnel services. And not asking for any increases in salaries and benefits. We are really trying to work within the scope of understanding that we are in a difficult budget time, but at the same time, asking for the minimum of what we need to get our agency up and running and as a result we'll be relying heavily on the [ORGANIZATION] to support us and that will be in the form of $747 thousand. That will allow us to operate as the office of the inspector general. What are the impact of the reductions? Because we are not able to be a fully operational agency at this point given the budget constrictions, what is the impact of those reductions? Well, the original budget did not include funds for central personnel and infrastructure to meet the charter mandates, so these reductions will extend our reliance on borrowed support from the [ORGANIZATION], it will delay our ability to become fully operations and impair our ability to meet our core requirements laid out by the charter, 4.137. And it will also prevent our office from adding services for the community. And with that, if there are any questions, I'm very open to answering questions or ts anyone [DATE] have. And if there are no questions and comment, I appreciate everybody who tuned into watch the presentation, and I believe that's it.",0,0.16666666666666666,0,1,0
meeting_minutes,211,for the review. Yes we would. Upon public comment for item 3. Lineup or call the number and use the code on the screen. To me it does not make sense the people don't make sense what so ever. I think that was clear I listened. Does not make sense to me. You know when I'm saying it is clear as day to me it does not make sense I don't hear anything. I don't see or hear anything. What were the guys talking for [TIME] system jib are jabber that's when it is. Utter jib are jabber. He shot a guy in the badge he is hiding. What I want to tell you is why are you wasting people's time. Time why are you wasting time you are a prosecutor. I don't know you throw this information in the air somebody cares nobody cares here. What are you going to prosecute somebody for speak. What I want to tell you is there is stuff going on it ain't good whatever. I have been [ORGANIZATION] here in the elements I'm a homeless man and don't make sense to me at all,0,0.16666666666666666,0,1,0
meeting_minutes,212,"There is you know, there is a sense of community. You know, we're not talking about people who are just unhoused and having things. We're talking about people who are having pain, who are our neighbors that we are.",0,0.0,0,1,0
meeting_minutes,213,"Um, you know, it's a prime piece of land, twin peaks. I'd like it to be a safe space for kids to go after school, to study, to have a safe, to have a nutritious meal, some kids never see another meal once they leave school or, you know, they or they're unhoused.",0,0.3333333333333333,0,1,0
meeting_minutes,214,"Simple delays, be they [ORGANIZATION] or [LOCATION], have been a feeble solution. Demolitions of up to 370 affordable houses a year valued at $100 million dwarfs the city's efforts at spending $20 million to support affordable housing. Can we really achieve affordable housing through demolition?",0,0.0,0,1,0
meeting_minutes,215,"Unhoused people living on [ORGANIZATION] have expressed to us that mass shelters, like the one that's proposed, are not appropriate for their needs, and the mass eviction of those communities is not going to solve this problem either. Compared to service agencies placing people in permanent housing and community-based solutions like FAC0 and FAC1, this proposed mass shelter is fiscally inefficient and uninformed by the perspectives of unhoused people. Many tenants in [ORGANIZATION] are just a rent hike, a no-cause eviction, a missed paycheck away from joining our unhoused neighbors outside.",0,0.16666666666666666,0,1,0
meeting_minutes,216,"I'm a watchdog of [ORGANIZATION] on expanding your life expectancy, the [ORGANIZATION]. And if you begin to really understand...  providing the proper housing to people that are currently homeless, you can also be providing them additional [ORGANIZATION] of their life and you have to start calculating this out on the research that is being done from such as [ORGANIZATION] at [ORGANIZATION] on what you can actually do for the homeless communities on expanding their life as far as adding more [ORGANIZATION] from housing to health  to safety and understand that when the communities or the commissioners or anyone thinks that people living out on the streets is going to add more [ORGANIZATION] to their life, you have to start understanding that it is traumatic to them, it is stressful to them, it is unsafe to them, it is unhealthy to them. It is not having a concern for them if you think living outdoors is good for them and the longevity of their lives.",0,0.0,0,1,0
meeting_minutes,217,"You've got good policies in the plan, but we don't see design as a frill. Obviously, it creates beauty when it's done well, but thoughtful design also recognizes and creates opportunities for greater sustainability, better functionality, and the best use of limited resources.  whether it be for tiny houses, temporary shelter for our houseless neighbors, seamless compatible infill in our residential neighborhoods, or adaptive reuse and new growth along our commercial corridors. Design makes the difference in all those places.",0,0.0,0,1,0
meeting_minutes,218,"Authorized 17 subrecipient contracts totaling $5,062,200 for services in support of providing affordable housing to include emergency home repair, home ownership counseling and education, and renter services, including relocation assistance and education and advocacy. Colleagues, [ORGANIZATION] subrecipient contracts leverage city funding sources to help some of [ORGANIZATION]'s most effective nonprofit organizations provide the housing services our community needs the most. The services are provided to [ORGANIZATION]'s low to moderate income residents.",0,0.0,0,1,0
meeting_minutes,219,"The mixed-use proposal will reduce the capacity of the commercial zones. but except when a developer takes advantage of the bonuses and gets additional FAR and a partial fifth floor by providing affordable housing, among others, but mostly it's affordable housing. Unfortunately, I've discovered that this bonus is only available in inner neighborhoods.",0,0.3333333333333333,0,1,0
meeting_minutes,220,"And then under households experiencing homelessness or at a risk of becoming homeless, I've added a bullet that says youth [ORGANIZATION] from the foster care system. So I think we all know that. Cluster kids, they turn [LOCATION] and they are basically without any resources and too many of them end up on our streets, on our couches, or even more dire circumstances.",0,0.3333333333333333,0,1,0
meeting_minutes,221,I want it focused on the suicide prevention aspect of this. We need to understand that a high percentage of homeless people that are heroin addicts do commit suicide. It goes down the list of meth addicts.,0,0.0,0,1,0
meeting_minutes,222,"My name is [ORGANIZATION], and I am here to urge you to support the inflationary housing policy. This proposal will work to increase housing affordability while also reducing racial and economic segregation. I have faced homelessness in the past with my children, and I was very fortunate to be able to find a job that  that pays a living wage.",0,0.16666666666666666,0,1,0
meeting_minutes,223,"In addition, I'd like to request reconsideration of [ORGANIZATION], referenced as CC-SW17 in [LOCATION]. As a building owner and resident of [ORGANIZATION], I certainly value the views of our beautiful scenic resources and quietly lament when they are blocked by construction around my home and my own office. However, I value transit-oriented affordable housing and jobs more than views, especially for views that are only available [ORGANIZATION] out of [DATE].",0,0.16666666666666666,0,1,0
meeting_minutes,224,"Goal 5D, affordable housing. And 5E, high performance housing. Our little homes are very efficient and have a very minimal carbon footprint.",0,0.0,0,1,0
meeting_minutes,225,"the second part of that is goal 9 as a [ORGANIZATION] we struggled with meeting goal 9 and i know you did too through the comp plan and you raised the the cargo from low to medium in looking at that jobs category  Through the type three, you would need to prove that, again, in looking at how you're going to meet those jobs with an increased deficit. And so while I'm very supportive of doing something for the homeless, and I think that's a top priority, I encourage you to think about the long term.",0,0.0,0,1,0
meeting_minutes,226,"we have listened here lots of technocrats speaking about technical sides of things of earthquakes and how buildings respond to the earthquakes but we do not, the city has not asked for the study or considered the study of what is going to happen to the people and what are the people's responses to  not just disaster, but to the conflict, because this is going to create conflict. And there is a conflict already in [ORGANIZATION] with rising rents, homelessness, non-affordable housing, and so forth. Conflict rises,  primarily from perceived or real inequality.",0,0.16666666666666666,0,1,0
meeting_minutes,227,"The item in front of us [ORGANIZATION] is to authorize $500,000 in funding to [ORGANIZATION] to acquire a new shelter, augmenting shelter capacity here in [ORGANIZATION]. This project will add to the available temporary housing options for families experiencing homelessness, serving homeless families at their most vulnerable. With us [ORGANIZATION] is, of course, [ORGANIZATION], who's the ORG1 Interim Director.",0,0.3333333333333333,0,1,0
meeting_minutes,228,"So this package is trying to marry those two things as well. So we're taking the new codes, which didn't include inclusionary housing. They included some different forms of bonuses and incentives for affordable housing and marry them to the inclusionary housing package so that it all works well together in the long run moving forward.",0,0.0,0,1,0
meeting_minutes,229,"So these are all things that we take very much to heart, but we also know, we also recognize our limits. And [DATE] we'll be bringing an initiative to [ORGANIZATION] to leverage the private sector's additional help in exchange for privileges we grant to developers. We are going to ask in return that they include affordable housing in their developments.",0,0.16666666666666666,0,1,0
meeting_minutes,230,"So putting the money into affordable housing would be a big departure from our current financial policies where we maintain a certain pool of investments based on certain criteria that are applied to the companies. Even if you could reach that same return, and that would be backed by certain investors to make sure you have that guaranteed return. PERSON0, this is really probably not the right [STREET] to have this discussion right now.",0,0.3333333333333333,0,1,0
meeting_minutes,231,So the current owner of that affordable housing development is [ORGANIZATION]? Yes. But you said that the affordable housing was going to go away.,0,0.3333333333333333,0,1,0
meeting_minutes,232,"And frankly, in the although [ORGANIZATION], the hotel developer, happens to be a housing developer, which is somewhat unique. To his credit, he can do both. But many private developers that are doing perhaps condos or not interested in doing affordable housing, they would ally most probably with a nonprofit partner to do the off-site housing on an adjacent site.",0,0.0,0,1,0
meeting_minutes,233,"In our [ORGANIZATION], families with [TIME] eviction notices get help keeping their housing and preventing homelessness before it even starts. And we operate shelter programs with [ORGANIZATION] for eight families with children [TIME] the year, [PERSON] at ORG2 for 75 moms, dads, and kids during [ORGANIZATION], and [ORGANIZATION], which is the day center for both of the night programs. Over [LOCATION], we served 700 individuals.",0,0.0,0,1,0
meeting_minutes,234,and and it doesn't solve anything right now but it gives us the flexibility to do some things we couldn't do before and therefore it is a necessary precondition to doing some things we want to do and it is my sense going around the community that the number one issue facing our city and i hear this from everywhere i go in our city is the housing crisis and in [ORGANIZATION]  I could not have said that before.,0,0.16666666666666666,0,1,0
meeting_minutes,235,"Thank you. This allocation of funds was a part of the discussion around funds associated with the [ORGANIZATION] planning effort, specifically looking at legal services for individuals that were homeless or at risk of homelessness. And in the partition of the responsibilities between the city, the joint office, and the county, renter protections stayed with the city.",0,0.16666666666666666,0,1,0
meeting_minutes,236,"But then immediately seeing the homelessness here, knowing some of those people there are veterans as well. And then also seeing this environment that's related directly to this issue is actually fomenting the circumstances for extremism. and why that can't be resolved, why you can't find a [STREET] to actually meaningfully interact with the community in such a [STREET] that they are actually dictating, not dictating in terms, but setting the agenda for how they can actually protect themselves.",0,0.16666666666666666,0,1,0
meeting_minutes,237,"For sharing your story. I know how nerve-wracking it is to come to this table and say anything, let alone something so personal. And it's just vitally important that we hear these stories and that the public hears these stories because I think that there is a –  pervasive belief that people who are chronically homeless, people who are experiencing mental illness or addiction, are lost causes, and you are proof that human beings aren't lost causes.",0,0.0,0,1,0
meeting_minutes,238,"[ORGANIZATION], [PERSON], ORG2, [PERSON], the [LOCATION], the [ORGANIZATION], and ORG6. I've provided maps for the property and what I would suggest to you is that we floated these properties kind of in a group because all six of these properties are challenged in one [STREET] or another. Two of the properties have ground tanks on them.",0,0.3333333333333333,0,1,0
meeting_minutes,239,"So we're giving the people who asked and not really considering those who didn't ask. I would say in this case, since we have an affirmative interest in getting churches to develop property with affordable housing that links the beloved community with the housing in a campus setting, I think for me this is distinguishable. And to be clear, the neighborhood is aware of this, whether or not some of the adjacent property owners are, whether all the adjacent properties are.",0,0.16666666666666666,0,1,0
meeting_minutes,240,"Public safety means building trust, and for our homeless families, we really need [ORGANIZATION]-round shelter, a [STREET] that stays open and allows a father and a mother to put their kids' stuff down, to anchor them, a temporary base,  from which to transition to independent living. So there's a lot, really, to be happy about in the projections for spending. But we all need to work together to wisely make all of the inhabitants of our city feel like neighbors, like they belong.",0,0.16666666666666666,0,1,0
meeting_minutes,241,"Two, declare a moratorium on sweeps of homeless camps. Until we can offer adequate alternatives, sweeping people from one part of the city to another part of the city is an expensive and harmful [STREET] to deal with the housing crisis. Number three, provide basic services for hygiene for people living on the [STREET], including restrooms, water, and garbage disposal.",0,0.16666666666666666,0,1,0
meeting_minutes,242,"[ORGANIZATION] is [ORGANIZATION] at [ORGANIZATION], overseeing ground up and adaptive reuse projects for [ORGANIZATION]. Including commercial office developments and hospitality from sourcing all the [STREET] to completion. Ms. [PERSON] served as development manager for affordable housing projects utilizing low income housing tax credits.",0,0.16666666666666666,0,1,0
meeting_minutes,243,Why are you sending a letter to him? He should be sending a letter to you saying what happened. You also are doing some good stuff with the homeless.,0,0.5,1,0,0
meeting_minutes,244,"But experience in our sister cities on [ORGANIZATION] shows that the market, as currently shaped and structured, cannot assure the broad supply of housing available to families of modest means and even middle incomes we need. Of course, we should do what we can to build new affordable housing. But even if we are far more successful than we have been in the past, permanently affordable housing will never supply more than 3 or 4 percent of our housing stock.",0,0.0,0,1,0
meeting_minutes,245,"And I could be accused of turning on homeless people if you're going to camp. Nowhere else but that [STREET]. If you want to keep it look like a Swiss [INSTITUTION], you've got to solve that problem.",0,0.5,1,0,0
meeting_minutes,246,"They're fining people for feeding homeless people because they think that that's the problem. It starts there, but it spreads to the whole community. DATE0 I took a little survey of five homeless people, and they all said the showers down at FAC0 is the number one [STREET] where they're able to take showers.",0,0.3333333333333333,0,1,0
meeting_minutes,247,"First include a history of racial covenants as the reason for council to resize, demote, or remove a district's historic [STREET]  historic or conservation status. Do not allow communities to exclude building of more affordable housing if they have a history of segregation or exclusion. Second, allow historic resource review to reduce a building's height, FAR, or envelope by no more than 10%.",0,0.0,0,1,0
meeting_minutes,248,"And the foreclosure process, I went through a foreclosure process. I know what that's like, and it's not fun. And when you talk affordable housing, and when [ORGANIZATION] says, Commissioner [PERSON], excuse me, says everybody is going to get housing.",0,0.0,0,1,0
meeting_minutes,249,"And then I also wanted to just get on the record that we will have a report back to [ORGANIZATION] in [ORGANIZATION] or in the end of [ORGANIZATION] about how this works. experiment went. And we will also, [ORGANIZATION] will require that all applicants who wish to participate in this type 2X process have a signed agreement with [ORGANIZATION] that outlines their responsibilities under the regulatory agreements to provide actual affordable housing.",0,0.0,0,1,0
meeting_minutes,250,"This is actually the frame as to why we're doing all the stuff that we're doing. So I think it may be a missed opportunity for those who are here [ORGANIZATION] that we're not setting the context for why are we doing this. Yes, well we certainly through [ORGANIZATION], we are addressing some of the inequities that we're seeing in the city from this history, particularly looking at affordable housing option and providing more opportunities and different additional units and developments in the multifamily zones.",0,0.0,0,1,0
meeting_minutes,251,"[ORGANIZATION] is co-sponsored by [ORGANIZATION] and ORG2, I hope I pronounced that correctly, the nonprofit housing development arm of [ORGANIZATION]. The development will focus a portion of its housing on families at risk of homelessness and fleeing domestic violence. The development is on the city block located at [ORGANIZATION] and FAC1 on land formerly owned by the Catholic parish of FAC2, the former site of [PERSON], a parish that is well known for its commitment to the less fortunate of our city through its DATE0 feeding program,  And most recently, they stepped up when the community needed them to provide emergency shelter during severe DATE1 weather.",0,0.16666666666666666,0,1,0
meeting_minutes,252,"You know, maybe it'd be a good idea to expand their mission to include humans. I would think they would do a little bit better job with homelessness. Well, congratulations.",0,0.16666666666666666,0,1,0
meeting_minutes,253,"And I think someone was, like,  One of the cops were putting tear gas everywhere, and I saw them running after homeless people and stuff and trying to hurt them. How did you feel? I felt scared, and I don't like the cops.",0,0.0,0,1,0
meeting_minutes,254,"Tenants make up nearly half of our population. We're in the midst of a housing crisis. It's important that we get this office beyond up and running and to fully functional in order to advance the work we want to, continued work we want to do around tenant protection and housing.",0,0.0,0,1,0
meeting_minutes,255,"Very good. I would definitely agree with you on that particular project and looking at some of the record behind it. And also, it's an example of how...  public and private sector can engage in projects that increase the opportunity for affordable housing within the inner city of [ORGANIZATION].",0,0.0,0,1,0
meeting_minutes,256,"And then there's another final piece of this is that subsequent housing development does not qualify as affordable housing. The director shall determine that the demolition tax assessment is due and payable. PERSON0, the virtue of Commissioner [PERSON]'s amendment was it's very straightforward and clear.",0,0.0,0,1,0
meeting_minutes,257,"Good morning.  for the record, and the fresh person clerk, [ORGANIZATION], as the former state treasurer had to sometimes also listen to in [ORGANIZATION]. I want to thank Commissioner [PERSON] for her question because it's, I think, illuminating for us as citizens, even those of us that engaged for [ORGANIZATION] with the city government, that if we want $50,000 to help with homelessness, we might have to have an agenda item. But the [STREET] that SDCs are structured...  is we have $2 million of slushy money, so we might be able to access $2 million of slush money for a traffic light, or maybe there's $4 million of slush money for a roundabout.",0,0.0,0,1,0
meeting_minutes,258,"We need people on the ground engaging people where they are. That means where houseless people are, where grassroots African-American youth are hanging out. And I love Judge [PERSON], but I don't think he's a grassroots outreach person.",0,0.16666666666666666,0,1,0
meeting_minutes,259,"Do you have anything additional to say about that? Because it certainly, if there is a conflict, and I don't think it is an either-or question, that's something that we need to resolve because chances are where we're building affordable housing, we have a deficient urban canopy to begin with. Any thoughts on that?",0,0.3333333333333333,0,1,0
meeting_minutes,260,I'm with [ORGANIZATION]. We're a statewide association of affordable housing and community development nonprofits with 20 members here in the [ORGANIZATION] area. I'm here to express our strong support for this proposal.,0,0.0,0,1,0
meeting_minutes,261,"Should you approve this proposal, [ORGANIZATION] looks forward to working with ORG1 to realize the potential of these funds to, one, strengthen the voices of people with lived experience of the housing crisis in our community's efforts to address homelessness. Two, to bring forward community-based policy innovation that will improve our response to the housing crisis. And three, to improve the community's understanding of the important work that is already happening through a home for everyone partners, including the city of [ORGANIZATION] and [PERSON].",0,0.0,0,1,0
meeting_minutes,262,"This is why the county's efforts opening shelter at FAC0 in [ORGANIZATION] and the 100-bed family shelter on the [ORGANIZATION]-Gresham border are so important. I've reviewed the list of sites the city has developed as possible shelter sites, and it appears that many sites have been excluded for the same criteria that would eliminate FAC1. I ask why?  I appreciate the challenge the city has in working through the multitude of objections virtually any proposed shelter site will encounter, but I encourage council to reexamine the list of your sites and select options which do not expose our vulnerable community members to the significant hazards at FAC1 and deliver safe shelter and services to locations where our homeless already live.",0,0.3333333333333333,0,1,0
meeting_minutes,263,"These parties, as I see it, could become social service fairs at which homeless individuals will connect with each other and important resources in a fun, safe, and pro-social manner. Finally, [ORGANIZATION] has begun reaching out to local leaders, shelters, transitional housing providers, churches, soup kitchens, needle exchanges, [STREET] organizations, neighborhood associations, and ad hoc camping communities as we work to identify and prepare to count every homeless person in the region. We're working hard on a formal proposal, and [ORGANIZATION] I'll be traveling to [ORGANIZATION], where I hope to meet with [ORGANIZATION] Manager [PERSON] and other representatives from ORG2.",0,0.0,0,1,0
meeting_minutes,264,"And what [ORGANIZATION] said to me, let's work together, and this is what I like to hear from developers, let's work together, let's see what, if we need some type of tax break to make it happen, if we need it, and these are the type of projects I would push forward every dime we can get our hands on to keep  affordable housing in the city of [ORGANIZATION]. Thank you, Mr. [PERSON]. Thank you for your support on that.",0,0.0,0,1,0
meeting_minutes,265,"In addition, a novel aspect that has been included, that there was a commitment by the developer  to have 20% of the rental units affordable to individuals earning no more than 80% of the area median income we have created both an enforcement and a monitoring mechanism in this agreement which has us monitoring those units that are not paid for through traditional means of affordable housing finance so if there is a privately financed unit that is a  Uh, um, uh, uh, uh,  that unit does not have the standard requirements of monitoring that comes with federal and state funds, [ORGANIZATION] will be able to monitor that unit and there will also be penalties associated with that if they do not meet that. So that is novel that is in this.",0,0.3333333333333333,0,1,0
meeting_minutes,266,"Thank you Mr. [PERSON]. and of course uh [ORGANIZATION] if it wasn't for [ORGANIZATION] a lot of people would not have affordable housing and it wouldn't be generated within our community um because [ORGANIZATION] works very hard with community groups so we're praying for her hearing another we continue to remember um  the men and women who may have given their life for the freedom of our country and others since our last meeting, and all of the names that have been called, we pause for a moment of silence. Thank you.",0,0.16666666666666666,0,1,0
meeting_minutes,267,"Miscellaneous item number 66, affordable housing task force [ORGANIZATION] report. Motion to send to legislation. [ORGANIZATION] legislation seconded by ORG1 Member [PERSON].",0,0.16666666666666666,0,1,0
meeting_minutes,268,"What are we going to do about making more affordable housing? She was crying literally that she had nowhere to go with five kids. We need to step up and actually build more affordable housing, inclusionary zoning, so that people can actually have a [STREET] to live that is actually nice.",0,0.16666666666666666,0,1,0
meeting_minutes,269,"I'm going to touch base with them very quickly. As far as the housing for homeless youth, here in [ORGANIZATION] we have a large population of runaway teenagers. I don't have to go too deep into that, we know.",0,0.16666666666666666,0,1,0
meeting_minutes,270,"You're very welcome. I just want to thank [ORGANIZATION] in general. I mean, we've been in existence for [ORGANIZATION], and I believe [ORGANIZATION] and all of you wonderful people here have always supported [ORGANIZATION] and all of our programs, and I just thank all of you for helping the runaway and homeless youth of [PERSON].",0,0.0,0,1,0
meeting_minutes,271,"I mean, they're coming into [ORGANIZATION] almost every meeting to show us future development. And the good thing about it, some of those developments are even showing us where affordable housing is working. And that is something we should also speak about, that we have developers that have come before us.",0,0.16666666666666666,0,1,0
meeting_minutes,272,"After talking to Mr. [PERSON] for [TIME], You know, I was inclined, I had a lot of questions about this, but after conversation with him, I will vote for this, the affordable housing component. There's a, the city owns a parking garage that we're going to sell to them. That this is not a tax break of any kind that has never come before us at this point.",0,0.16666666666666666,0,1,0
meeting_minutes,273,"But because of some internal issues, we didn't get it filed, but it is here now. I want to thank all the residents who stood up and got involved because there was something happening that [ORGANIZATION] was putting a facility for  children, homeless youth in their district. And some people on the surface might think that, why are we fighting against that?",0,0.6666666666666666,1,0,0
meeting_minutes,274,"And there needs to be more affordable housing. That 30% should be mandatory if anybody develops. PERSON0, [PERSON].",0,0.16666666666666666,0,1,0
meeting_minutes,275,I also support inclusionary zoning. I think we need to be creative in order to ensure that there's affordable housing in our city. I don't think this is appropriate probably for the Green Code.,0,0.16666666666666666,0,1,0
meeting_minutes,276,"Item 33, request to speak affordable housing editorial. Motion to send the legislation, items 33 and [DATE]. Second by [ORGANIZATION] Member [PERSON].",0,0.0,0,1,0
meeting_minutes,277,"Second by [ORGANIZATION] Member [PERSON]. Item number 19, [ORGANIZATION] [DATE] Annual Action Plan. Okay, I'm going to motion to approve, but I was told that I'm going to get additional information regarding the demolitions of 480,000, a detailed list of where those demolitions are going to occur for some affordable housing.",0,0.16666666666666666,0,1,0
meeting_minutes,278,"If a developer comes and asks for a market, full market rate, They need to pay for full market rate unless there's a reason we're becoming involved. But this one, from the beginning, I asked [PERSON] when they came to us, I ask because the people are asking for affordable housing and to see if there's a [STREET] that that could work. With Article 16, we do have that oversight and be able to monitor the project.",0,0.16666666666666666,0,1,0
meeting_minutes,279,"Go ahead, sit down. My name is [ORGANIZATION], and I'm here as a developer currently working on FAC0. I support the need for affordable housing, and I understand the need for affordable housing, particularly in the east side.",0,0.16666666666666666,0,1,0
meeting_minutes,280,These changes from the original application include and I want to read this because I want people to know exactly what some of the benefits are that we have not mentioned up to this point. One prohibiting front yard parking. Greater setback protections for neighborhood properties to ensure that any new buildings are not towering over adjacent neighbors Most importantly the revised [ORGANIZATION] includes standards for affordable housing and green space Thankfully the current developer has agreed to providing affordable housing and green space but by including this standards in the [ORGANIZATION] This ensures that those standards are written into law and will need to be complied with regardless of who owns the property.,0,0.0,0,1,0
meeting_minutes,281,"They all include workforce housing or affordable housing. And one of my greatest concerns has been all of the new development that was coming downtown, much of it was market rate. And so you would not have that inclusion and that diversity.",0,0.3333333333333333,0,1,0
meeting_minutes,282,"yeah, I agree, we just have to stay on until we get moving some direction legislatively, and that's being worked on. Right now we just met with [ORGANIZATION], [PERSON] and others in the partnership to talk about how we target areas to be able to make sure we get affordable housing in the [ORGANIZATION] is not just market rate next item",0,0.0,0,1,0
meeting_minutes,283,"so I just want to thank my colleagues for continuing to have this conversation that when we are going to sell city land and there's going to be a housing project how important in these neighborhoods that have  that are seeing gentrification, that some people are still able to stay. Right now it's an empty lot, nobody's able to live there. But there will be possibly approximately 30 units and the developer is working on at least 10% of those units being affordable housing.",0,0.3333333333333333,0,1,0
meeting_minutes,284,"I can't live anymore because I can't afford to rent there any longer. My heart goes out to those people and I'm here to speak up on their behalf. So I want to commend the mayor, the administration, especially [PERSON] who brought up this issue on making that particular development affordable housing.",0,0.16666666666666666,0,1,0
meeting_minutes,285,"Miscellaneous, item number 55, affordable housing task force, [ORGANIZATION] recommendations. Motion to send this community development. Seconded by [ORGANIZATION] Member [PERSON].",0,0.0,0,1,0
meeting_minutes,286,"Champions of the principles of self-determination, building trust, fostering a goal-oriented environment for families striving to overcome homelessness. And whereas through your organization's tireless efforts helps families find their [STREET] back home. providing essential support during challenging times.",0,0.0,0,1,0
meeting_minutes,287,"And you go to work and you put your head down and you sweat and you bleed and you cry and you just try to get families home again. Family homelessness is about 35% of homelessness all over the [STREET]. And right now we don't have enough shelters and so your support, your recognition is so important for us to be able to continue the work that we do and to get the message across.",0,0.16666666666666666,0,1,0
meeting_minutes,288,"So it's very working with the homeless population, with families experiencing homelessness is a lot [ORGANIZATION]. You know, but we do it with love and compassion, and we're there to serve the community. We're actually trying to build a second shelter because family homelessness is really escalating right now, and there's not enough space and shelter to house families.",0,0.0,0,1,0
meeting_minutes,289,"There have been people that have been contacted, and we know this, that have been questioned to say affordable housing or affordable inclusionary zoning is bad, and they have resisted doing that. And I stand up for those people that have resisted. So thank you once again and all our colleagues that have...  maintain an open mind and hopefully we can work through this complicated process.",0,0.16666666666666666,0,1,0
meeting_minutes,290,"I think our city government has a great opportunity to make a very progressive move in adding inclusionary zoning to the green code. What it will do is secure affordable housing for the people who live in this city. I want to give a shout out to my council person, [ORGANIZATION], who has taken the information that we've provided  and has seriously considered how this could benefit our community.",0,0.16666666666666666,0,1,0
meeting_minutes,291,"Whereas [ORGANIZATION] was founded in [ORGANIZATION] as a [INSTITUTION], [PERSON] they operate an emergency shelter, a [INSTITUTION], and a rapid rehousing program. Their mission is to provide runaway homeless and [STREET] youth with safe shelter and services in an environment that supports dignity, respect, and self-reliance. [ORGANIZATION] has been the Executive Director of [ORGANIZATION] since DATE2, and DATE3 marks Ms. [PERSON]'s [PERSON] of service at the agency, having previously served as [ORGANIZATION]'s Assistant Executive Director.",0,0.0,0,1,0
meeting_minutes,292,I want to see it used. There's some places in [ORGANIZATION] that I want to see this article used. because we want to make sure we use every tool in the toolbox to keep affordable housing.,0,0.0,0,1,0
meeting_minutes,293,that's the president [PERSON] yes council member [PERSON] yes council member [PERSON] council member PERSON3 yes that's my wife yes and what is item before you call the next item i just want to state for the record that the designated developer agreement for 160 162 164 best and [DATE] [ORGANIZATION] because that is obviously city land and the developer is interested in putting housing we have been in  conversation with them about some affordable housing there because this is they do have a market rate project the developer has been very very open to adding a percentage of affordable housing to this program,0,0.0,0,1,0
meeting_minutes,294,"And the city commissioned this to make city welcoming, to make sure that many of the needs of the new Americans, the new residents that are here,  received the assistance, whether it was employment, affordable housing, secure housing, policing, language, access, translation, interpretation, health,  health, making sure that people understood how government worked for them. I think it's very important. And I just want to commend the administration for ensuring that this study was done.",0,0.16666666666666666,0,1,0
meeting_minutes,295,[ORGANIZATION] is putting in an affordable housing component. um and that's important and it is not even mandated,0,0.0,0,1,0
meeting_minutes,296,"My name is [ORGANIZATION]. I'm the Director of [ORGANIZATION] at ORG0. We are, among many other things, an affordable housing developer.",0,0.5,1,0,0
meeting_minutes,297,This is [ORGANIZATION] at [TIME] At the delegate right. So I'm hoping that everyone who's watching will attend because this is a major development that will bring more affordable housing here to the city of [ORGANIZATION] and we really would like everyone's input. We have been in communication with the developers and they seem to be very very excited and knowledgeable at the same time about what they're trying to do here.,0,0.16666666666666666,0,1,0
meeting_minutes,298,[ORGANIZATION] is correct we've had numerous community meetings and we do have an mou we do have a pud which i supported i supported the zoning map amendments i support the townhouses the affordable housing components mwbe but one thing i did do is i committed to the residents that along the [STREET] as this process moved forward i would keep them engaged i certainly support it i understand uh  that city wants to sell off its assets and it's being underutilized. And I agree with you.,0,0.3333333333333333,0,1,0
meeting_minutes,299,Or else people who need affordable housing in that area that's there will be just put out. councilman [PERSON] yeah,0,0.5,1,0,0
meeting_minutes,300,"And the more I think about this, how important this is to have inclusionary zoning where when you're building residents, residential units to make sure that people can afford, at least a portion of them should be some affordable housing. Because I think what we're doing, what we hear right now is in certain areas you have subsidized housing and you have a lot of that. You know, we do a lot of ribbon cutting for housing that is for low income in certain areas.",0,0.16666666666666666,0,1,0
meeting_minutes,301,"And why I am very encouraged by Ms. [PERSON]'s questionnaire, because it starts that conversation. And we have citizens who are not elected who are going to fill out that questionnaire, who each council member has had the opportunity to appoint to that affordable housing task force, and if you haven't, you still can. And so, very good.",0,0.0,0,1,0
meeting_minutes,302,"This developer would not be able to get any tax break on every property, or the developer would have to come back to this council. And I want to be clear, and I want to be heard loud and clear. The affordable housing component is the only reason that I'm supporting this article at this point for this project.",0,0.3333333333333333,0,1,0
meeting_minutes,303,"And people who needed affordable housing, I know I'm a [ORGANIZATION] boy, so I'm a little in a different spot. When they begged for that [STREET] to be redone, and now it's like, let's find the money to put a stadium there. Not saying I'm for it or against it, it is [PERSON] district, and I would yield to however he felt with still wearing my [ORGANIZATION] hat.",0,0.16666666666666666,0,1,0
meeting_minutes,304,"because they did not understand that homelessness is not only about people under bridges, but those who have to move back home, those who are couch surfing, those who are in shelters, and your organization has been on the forefront. And this just briefly says in collaboration with partners, [ORGANIZATION] seeks to create a community that envelops, homeless children and their families in hope. That they are committed to a personal and family focused approach, recognizing the inherent dignity and worth of every single individual.",0,0.0,0,1,0
meeting_minutes,305,"And we will have all of that information. There is a connection, though, between the tax break. seeking that and an understanding that this council very fairly looks upon the affordable housing aspect of this.",0,0.0,0,1,0
meeting_minutes,306,"The new development that we're seeing across [ORGANIZATION], and we're in support of new development, but much of that new development is luxury housing with rents of $1,200, $1,800, $2,500. That is not affordable to the vast majority of this city, and in addition, that new development  leads to increases of rents and home prices in the surrounding area, again, furthering displacement and lack of affordable housing in this city. So inclusionary zoning directly goes to mitigating the impact of new development, and we hope it is included in the Green Code so that the new [ORGANIZATION] is an equitable city and provides opportunities for all of us who live here.",0,0.16666666666666666,0,1,0
meeting_minutes,307,"And I want to thank this council for supporting [ORGANIZATION]. We'll hear the complaints, but we probably won't hear all of the, at least something, something is being done more than talk. but real legislation.",0,0.16666666666666666,0,1,0
meeting_minutes,308,"But it seems again, it seems you're fixated on the city taking your property and giving it to someone else. I hope that's not the case, but I hope there's someone responsible that's going to do something with that property.  to continue to enhance [ORGANIZATION], enhance downtown, because that's what this is about. How do we continue to develop the downtown area for housing development, even affordable housing?",0,0.3333333333333333,0,1,0
meeting_minutes,309,"And also, you know, the perfect... cannot be the enemy of the good because we could demand deeper considerations for affordable housing there. For example, this building was assessed for about 4.4 million in change, and we sold for 3 million, but it's a cash deal. But as Mr. [PERSON] pointed out in our meeting, the [ORGANIZATION] program is we've opted into it.",0,0.16666666666666666,0,1,0
meeting_minutes,310,"Second by [PERSON]. Item 45, [ORGANIZATION]. Motion to send to ledge.",0,0.16666666666666666,0,1,0
meeting_minutes,311,"But since we are not [ORGANIZATION] or [PERSON] or [ORGANIZATION], we don't have to think about or worry about that yet. Further, when asked if he could name a fair price for affordable housing in the city, he didn't have an answer. Secondly, I'd like to, in a meeting in [LOCATION], [ORGANIZATION] made a statement that during [ORGANIZATION] we saw some of the most vibrant communities in American history.",0,0.0,0,1,0
meeting_minutes,312,"For the following condition following the completion of all phases of development There shall be no fewer than 616 units of affordable housing on the site currently known as 90 and 100 FAC0. I Thank you, sir. For the record.",0,0.0,0,1,0
meeting_minutes,313,"Our goal, and one of the things you'll hear me talk about a lot over [ORGANIZATION] or two, we're going to try to do four things in this city. One, within our community, if we can bring every child up to grade level in their reading and their mathematics, If we can make sure that every home is up to code and that people are living in safe, quality, affordable housing. And if we can make sure that every person who is working or does not have a job is working at their highest capacity so they can earn as much money as they can.",0,0.0,0,1,0
meeting_minutes,314,"In [ORGANIZATION], the coalition has served as the lead entity for [ORGANIZATION] continuum of care for the homeless, providing services, training, and technical assistance on the complex issues that all of our homeless assistance providers encounter [PERSON]. We also serve as the administrator for the operation of the region's homeless management information system and provide training, technical assistance, and help desk support to the numerous programs that enter their client data into that system. We have a long-standing relationship with [ORGANIZATION] in addressing homelessness and appreciate the continued support of these activities through the funding recommended before you DATE2.",0,0.16666666666666666,0,1,0
meeting_minutes,315,"we did it for homeless shelters we did it for schools etc right in places where we knew that he needed to provide additional assistance in order to prevent the spread of covid under that same authority the city council supported his direction to issue a county-wide mass mandate and then those are reviewed periodically however there aren't any  expiration date set by statute, it's simply the authority given to him under state code and the health code to issue those types of orders to protect the public health and safety. That's what the authority was that Dr. [PERSON] issued his countywide mandate. And then it doesn't come back to council in terms of approval.",0,0.0,0,1,0
meeting_minutes,316,"Whereas [ORGANIZATION] ORG1  partnered with ORG2 to provide a rapid [PERSON] response called Operation Safe [INSTITUTION] to provide contactless intake at [ORGANIZATION], which served over 3,000 individuals in [ORGANIZATION], with no instances of [PERSON] originating from the housing shelters. And whereas in [LOCATION], [ORGANIZATION] adopted a new strategic objective identified to develop solutions to increase access and resources to [ORGANIZATION]ans experiencing or at risk of homelessness. And whereas in [DATE], the city of [ORGANIZATION] received [ORGANIZATION] ARPA funding.",0,0.0,0,1,0
meeting_minutes,317,"That letter was endorsed by numerous member agencies of the [ORGANIZATION] that value our work and recognize the contribution we provide to [ORGANIZATION] and the entire region in addressing homelessness. I wanted to speak [ORGANIZATION] to provide some context regarding this request and the consequences of eliminating or reducing funding. Since DATE1, the [ORGANIZATION] supported the [ORGANIZATION] through a planning grant, enabling us to provide intensive training and technical assistance to agencies working directly with the homeless, supporting our work in addressing chronic homelessness and homelessness among veterans, youth, and families.",0,0.0,0,1,0
meeting_minutes,318,"I just have a couple of questions. You mentioned, is this just to blanket homeless or you said the general public? The general public representative.",0,0.16666666666666666,0,1,0
meeting_minutes,319,"Our recommendation at this point for this particular item for the cash assistance program would be to issue a notice of funding availability, which would address the process component of the council direction from the meeting [ORGANIZATION], so that we would solicit a nonprofit organization that could provide any service in alignment with the results of the most recent community needs assessment, as I've just described it,  with the metrics and standard as required by law and by ARPA regulation. That goes back a little bit to the slide and I'm happy to go back and talk a little more about ARPA regulation in terms of these types of programs, but we would want to make sure that that notice of funding availability was very, very clear  With the applicants with the sub recipient applicants about what the rules would be What kind of documentation we would be requiring so that again not only are we issuing? assistance through our sub recipients to this community in need, but we are also [LOCATION] the investments of the city of [ORGANIZATION] and ultimately of the taxpayers at [DATE] however, what I can tell you is that  out of the community needs assessment for [LOCATION], and just the experience that we've had on the ground with all of our nonprofit service organizations, is that the priority in our community right now is folks that are at risk of eviction or at risk of homelessness.",0,0.16666666666666666,0,1,0
meeting_minutes,320,I have presented my concerns  before the plan the plan commission and personally and in writing to the subcommittee form to consider community responses to the plan. The association will present their concerns to you and I want you to know that I support the recommendations. I especially ask that the council rebuff any intention to displace current residents of the area in favor of more affluent residents also to assure that future development encourages homeownership of affordable housing energy independence and that local residents  are given the opportunity to participate in development decisions and small business creation in the affected area.,0,0.16666666666666666,0,1,0
meeting_minutes,321,"so again i'm uh i'm lost to say why these are mediocre projects yes they did not score uh first of all i'm surprised that i've gotten you know i've never gotten enough in my life so i'm not sure why there's an f you know we've got enough on these deals i mean i'm passionate about affordable housing we've submitted three deals uh two of the properties we own the land  The other, [ORGANIZATION], we had to land a new contract.",0,0.16666666666666666,0,1,0
meeting_minutes,322,"I read in a statement that this will also help individuals who are unhoused  It will help individuals have access to libraries, which we know currently we charge individuals in the county. We want to be able to increase the education in this community. But I think that the banking element is a really important part of this.",0,0.0,0,1,0
meeting_minutes,323,"258 affordable units is huge. As you said, it's like a really unprecedented investment for us. Again I just want to emphasize affordable housing, it provides stability for families.",0,0.0,0,1,0
meeting_minutes,324,"We've been to that community in [ORGANIZATION], I think you're referring to, I'm not the one in [PERSON], and it's been a very, very useful experience because they have on-site job training, they have all kinds of education for their individual healthcare, but one of the things that I can add in regards to the  housing authority application is that these folks are really leaning in in regards to transportation for the clients, you know, [ORGANIZATION] income tax preparation. There's food pantry and I'm sure that their CEO can probably speak to that better than I can, but we would never just take an application where someone's just building affordable housing units or someone's just doing something, a single thing. It's all about that ballot added",0,0.16666666666666666,0,1,0
meeting_minutes,325,"Number one, [ORGANIZATION] and [ORGANIZATION], which is out there, a regional park in  on FAC1. A lot of people are complaining about alcohol possession, alcohol consumption, sexual activities, homelessness, the congregation of vehicles and persons in the park after [TIME], and of course the noise issues, litter issues, and things like that. And I know we all can be out there at the right [STREET] at the right time, and I know budgets are tight right now, and we will be going into [ORGANIZATION], but I  I would think some point we need to really talk about security issues for whether besides just the [INSTITUTION], maybe some cameras, things like that.",0,0.3333333333333333,0,1,0
meeting_minutes,326,"And whereas addressing hunger and homelessness is critical for the economic prosperity of [ORGANIZATION] families,  And whereas [ORGANIZATION] has made tremendous contributions to supporting and protecting the most vulnerable Alpacians by deploying federal and state funding for support in housing affordability, homelessness, utility cost burden, access to food, and supporting individual financial stability. And whereas there are many community organizations committed to sheltering and providing supportive services as well as meals and food supplies to people experiencing hunger and homelessness,  and whereas it is the responsibility of the ORG1 to serve as the catalyst for the community partnerships, collaboration, and change, ensuring equity, resilience, and sustainability for the most vulnerable [ORGANIZATION]ans by giving voice to the underrepresented, supporting a strong system of human services and investing in [ORGANIZATION] homes, family, and neighborhoods, and whereas [LOCATION] [ORGANIZATION] has shown incredible leadership  by integrating the needs of the individuals experiencing homelessness as a strategic city objective in [LOCATION] [ORGANIZATION] Strategic Plan, and whereas [ORGANIZATION] Helps, [ORGANIZATION] Ayuda serves as a collaboration of organizations providing support to families in crisis, driving community stability and resilience,  as well as ensuring that individuals in crisis experiencing basic need insecurities are connected to the services immediately now therefore be it proclaimed by the mayor and [ORGANIZATION] of [ORGANIZATION] that [ORGANIZATION] shall be known as hunger and homelessness [DATE] and it's signed by the Honorable Mayor [PERSON]",0,0.16666666666666666,0,1,0
meeting_minutes,327,"And so the thing is that it's not like they were not aware. It's not like staff hadn't,  [ORGANIZATION] had made these regulations part of the deal in our vote so the main thing to say was that definitely public transportation some of those people that live in affordable housing don't have cars they don't have families that can go pick them up they don't have they either have to walk to their destination or take public transportation as you saw none of these projects had anywhere near the public public transportation that's much needed to  I feel that we weren't the city wasn't provided with any really viable project to vote on and I I'm really disappointed that because I didn't expect that from from the competitors the applicants",0,0.16666666666666666,0,1,0
meeting_minutes,328,"My next question is, I know you said everything has a match except for the homeless housing. Where did that match come from? Or where are those matches coming from?",0,0.3333333333333333,0,1,0
meeting_minutes,329,So a deal that is perhaps maybe $10 million could maybe be a deal that it's $20 million and really increase the...  production of affordable housing units and rehab those affordable housing units in our community. So we follow that model. We push that model.,0,0.16666666666666666,0,1,0
meeting_minutes,330,"However, we feel that the $500 that was discussed would not be an issue as far as eligibility if the [ORGANIZATION] was to be dedicated or allocated towards this particular program and So again, we did look at a couple of different sources. We looked at the economic development funding that the city currently has although there is available funding currently the [STREET] that or what was discussed at the [ORGANIZATION] council meeting was that particular program would not fall within the impact fund or within the ORG1 policy Which has been approved by ORG2 We looked at the CDBG funding  Unfortunately, [LOCATION] notice of funding availability won't go out until DATE2 and this particular group that was mentioned at that [ORGANIZATION] meeting Would be eligible to apply to submit a proposal for That particular program and then finally as I mentioned looking at [ORGANIZATION] in which there was twelve million dollars that was approved by ORG2 towards the community development and  particularly related to the community recovery and so a couple of different items that were addressed and that presentation back in [LOCATION] which i sent to you all back on again that [PERSON] meeting so you've seen that presentation but particularly related to housing homelessness household stability and food stability so we feel that that would be probably the best use if there would be a reallocation of that funding that was approved back in [LOCATION] of [DATE] and so with that i'm going to turn it over to mr [ORGANIZATION] who will get a little bit more detail about the recommendation  thank you [ORGANIZATION] climate and sustainability officer for the record so as [ORGANIZATION] was mentioning our ultimate recommendation is going to be to reallocate funds from the existing [ORGANIZATION] allocation for community recovery and also as he mentioned  The reason community recovery is because the direction from ORG3 in that particular pot allocated to community and human development was targeted at addressing the most vulnerable in our community.",0,0.16666666666666666,0,1,0
meeting_minutes,331,"We are hoping to be able to invest in 89 affordable housing units in three different program areas [ORGANIZATION] in the amount of $4.2 million. This is through [ORGANIZATION]. And again, we have over [LOCATION] and predominantly over DATE2 our regional housing plan, adjusted our program policies so that we can encourage private sector investment and leveraging of funds so that we can produce even more affordable housing units  than ever before.",0,0.16666666666666666,0,1,0
meeting_minutes,332,"The regional housing plan is on that timeline because we started to look at what? Creating housing affordability.  and building new affordable housing in the urban core of our community in five priority areas that really reduced the footprint of housing in our community in terms of materials built, in terms of reusing existing building stock. These are all climate action initiatives.",0,0.16666666666666666,0,1,0
meeting_minutes,333,"My name is [ORGANIZATION], and I'm the Director for [ORGANIZATION]. So I really just wanted to take this opportunity to thank [PERSON] and the staff of ORG1 for recommending funding for the coalition, as well as all the other homeless assistance programs that are receiving support in this [ORGANIZATION]'s actual action plan. And really to also acknowledge the...  work in this [ORGANIZATION]-long planning process that [ORGANIZATION] described [DATE].",0,0.0,0,1,0
meeting_minutes,334,"And we're asking this interest to be a different type of discipline than the ones that are they are looking, witnessing, and holding the sign as though for food as the total reason for this. And we're asking response as well what homelessness is, as avenues turn our [STREET] to a progressive interest in feeding, and utilizing the attitudes of the local community. But [ORGANIZATION] prepares new rules for it.",0,0.3333333333333333,0,1,0
meeting_minutes,335,"homeless shelters, the employees, and the homeless themselves who are vulnerable at times. Okay. Well, I think that kind of rounds out the question.",0,0.0,0,1,0
meeting_minutes,336,And so we don't want to create a cycle of homelessness as it relates to in and out of the county jail as an example. And I would like to suggest that we have some significant discussions with regard to the approach that we take. It could be modeled for example after the [ORGANIZATION] program and the reason I bring the [ORGANIZATION] program up to the forefront is it's focused on those that have a significant mental health diagnosis.,0,0.0,0,1,0
meeting_minutes,337,You make sure that there's also private money to make sure that you increase the affordable housing units. So we were very pleased that we put out $19.2 million of our funds. And what we got back from the developers was a total investment of $50 million.,0,0.0,0,1,0
meeting_minutes,338,"And this is probably another obvious question, but this would not discriminate between somebody carrying an open container that would either be a, a, a, a, a, a, a, a, a, a, a, a, a, a,  somebody that would be at a [INSTITUTION] or a resident that would live a block or across the [STREET] from a [INSTITUTION] that had an open container it would not discriminate anybody that had an open container could would commit an offense with this. That's correct. There would be no difference between a local resident and  who would be in violation of this ordinance and a person who's utilizing a [INSTITUTION].",0,0.0,0,1,0
meeting_minutes,339,"I commit to continuing to work with the community of providers to add more alternative Non-punitive measures to the response and possibly bringing back amendments in the near future in [ORGANIZATION] We have created non police [STREET] outreach teams in partnership with other providers and they now provide the initial response to calls about the homeless and  That program is working great. I hope that this conversation shows that my colleagues are willing to increase the funding for expanded [STREET] outreach. For now, this ordinance change provides an additional tool in the more complicated cases that the [STREET] outreach teams are now not able to address.",0,0.0,0,1,0
meeting_minutes,340,"Actually, it protects the homeless, like I stated earlier. They're vulnerable. They also need help.",0,0.0,0,1,0
meeting_minutes,341,"So I'd like to talk to you about the good stuff. Let's chat about the new stuff we just finished and the $127 million in quality affordable housing that we're bringing to [ORGANIZATION]. If we could put the video up real quick, I'd appreciate it.",0,0.0,0,1,0
meeting_minutes,342,I would like to just add one more point on that is I don't know what additional funding that [ORGANIZATION] makes them entitled to I don't know of any grant fund specific I mean that right now what they're using through the [ORGANIZATION] emergency food and shelter grant as we've talked about that's for homelessness That's for regular homeless.,0,0.0,0,1,0
meeting_minutes,343,"Thanks Mayor. Could you go back to that slide, I guess [DATE]. So the, the hotel project that is open for any eligible families or is that, or is that essentially us moving our [INSTITUTION] to a hotel?",0,0.16666666666666666,0,1,0
meeting_minutes,344,"In [ORGANIZATION], we've also been able to serve 802 homeless individuals. 59% of our patients at [ORGANIZATION] are unfunded individuals. We do offer 24 program services to include primary care, pediatric, dental, pharmacy, behavioral health, outreach and enrollment.",0,0.16666666666666666,0,1,0
meeting_minutes,345,"And [ORGANIZATION] allocated its portion of funds for programs to stabilize the homeless service system and was able to use the lessons learned in Operation Safe [INSTITUTION] to construct a plan to leverage the power of local, non-governmental organizations . And, whereas Operation Safe [INSTITUTION] provided valuable insight into the needs of [ORGANIZATION] unhoused and vulnerable populations, [ORGANIZATION] was able to extend [ORGANIZATION]'s partnership and tap into their ORG2  to engage [PERSON], a local digital marketing company, to design workflow, user interface, and marketing materials for [LOCATION]. And [ORGANIZATION] from [ORGANIZATION], [ORGANIZATION], in collaboration with the city's ORG6, developed the [URL], or ORG7 portal, to enable vulnerable populations to readily connect to a [ORGANIZATION] video  contact center manned by local NGOs and supported by [ORGANIZATION] services.",0,0.16666666666666666,0,1,0
meeting_minutes,346,"And  towards this wanting to see infill development and wanting to see these kind of affordable housing projects we need to be addressing that as well. My big concern here is with the staff's recommendation is that essentially we're going to be rewarding sprawl because if we don't go and give any numbers to this whether it's a resolution of support or otherwise we're going to be going essentially and not getting any support  If so facto, we're going to be encouraging these developments to occur in our county, which absolutely has less access to mass transit, educational and retail and job opportunities for our community. And so I'm not sure I can support staff suggestions [ORGANIZATION].",0,0.5,1,0,0
meeting_minutes,347,"Mayor [PERSON], that's a very, very good comment. Just so you know, from our position, it's always about the value added. And so when we are looking at applications not just for affordable housing, but for homeless services, for other different services that we might offer under these funds, and they're very limited, and inflation is certainly hurting,  a lot of these dollars, we look for that value added to your point.",0,0.0,0,1,0
meeting_minutes,348,"And although we all have training in mental health and such, this would have to be something that would have to be explored. I wouldn't be in the position to say we could go administrative on it from the beginning or make references on it. Because again, it's not just gonna be the homeless that are out there that are gonna be receiving or being addressed in regards to this ordinance.",0,0.16666666666666666,0,1,0
meeting_minutes,349,"Okay. Good [TIME], Mayor, [ORGANIZATION], City Manager. DATE0, I emailed each of you a letter requesting that grants provided to the coalition and approved by council on DATE1 be reinstated to reflect the original scope of work and related deliverables that support the network of provider agencies serving those experiencing homelessness.",0,0.16666666666666666,0,1,0
meeting_minutes,350,My name is [ORGANIZATION]. I'm the Deputy Director for [ORGANIZATION]. And I do want to point out a couple things.,0,0.0,0,1,0
meeting_minutes,351,And that would be that would be a monetary cost or that would be jail time? Like Mr. [PERSON] mentioned earlier sir it would be up to a $[ADDRESS] that would determine the additional steps after that. And that $500 would be whether or not it was somebody that was having an open container outside their own home across from a [INSTITUTION] or somebody who was homeless themselves.,0,0.16666666666666666,0,1,0
meeting_minutes,352,"If council considers any action related to the ratepayers,  It may be more prudent to disperse that needed cost for infrastructure improvements among all rate payers. The impact to each water meter would be minimal and would provide [ORGANIZATION] with the funding needed to meet its obligations. And by the [STREET], the [ORGANIZATION]'s presentation earlier I think is somewhat timely as they underscore the cost of affordable housing [ORGANIZATION].",0,0.0,0,1,0
meeting_minutes,353,"The development community and special interests debate  both large and small, go to [ORGANIZATION] to seek changes that often override certain community authorities. That's in this environment, too. We have already had one hearing in the [ORGANIZATION] and the [ORGANIZATION] have issues on housing availability and affordability, and not  affordable housing in the sense of subsidized or incentivized housing programs But truly in the private sector of how they allow more housing stock what has generally and what last session had been the the Bulk of the proposals to help with that were things that preempted city authority on zoning lot sizes  mandating by right accessory dwelling units or back houses all came very close to passing within [ORGANIZATION] period a number of those proposals died by very slim margins they're all back for consideration during the interim in that issue of that in the list that you see here  will all be considered and I suspect that we will be fighting to maintain some of those those issues it again have it back here you see under city administration this is another one I wanted to make sure and it's somewhat preemption we listed as community censorship or limitations on advocacy and  Go back to I mentioned that cities have more bills that impact departmental operations and citizen services than any other entities.",0,0.3333333333333333,0,1,0
meeting_minutes,354,"multifamily construction, you'll see that through all of these funds, we're looking to add 282 affordable housing units. That's through rehab or development of new units. And this is a lot more than we've been able to do in the past, because in the past, we've been funding essentially 100% of every unit.  that we developed.",0,0.0,0,1,0
meeting_minutes,355,"And you can see on the slide here, at just over a half a million dollars, you can see that it just scratches the surface in terms of the need in [ORGANIZATION]. Again, for context.  not including rental assistance, which is in essence homeless prevention. DATE0, we deployed over $10 million to address the needs of the homeless in our community.",0,0.16666666666666666,0,1,0
meeting_minutes,356,"So with those funding sources that I've mentioned, our team is charged with supplementing efforts to address homelessness,  support affordable housing solutions, stimulate economic growth in low-income communities, improve community health conditions through access to medical and mental health, promote programs that improve physical health and well-being, as well as improve access to child care and developmental education, ultimately improving quality of life specifically for the most vulnerable of all. All of that with $10.2 million.  100% of the programs that we fund, and this is what makes this funding a little different, must serve low to moderate income communities or populations of presumed benefit. And that's everyone ranging from folks that are suffering from instances of domestic violence, elderly persons, severely disabled adults, illiterate adults, persons living with AIDS, migrant farm workers, and especially and including individuals experiencing homelessness.",0,0.16666666666666666,0,1,0
meeting_minutes,357,"The four entitlement grants that I mentioned are the Community Development Block Grant with just over $6 million, [ORGANIZATION], which is focused on affordable housing and housing development, as well as single-family rehabilitation and first-time homebuyer programs at a little more than $2.5 million. [ORGANIZATION], which is wholly focused on addressing homelessness in our community at just over $1.5 million. And our ORG1 program at just over $700,000.",0,0.16666666666666666,0,1,0
meeting_minutes,358,"You're going to get hit with...  lawsuits for profiling and discrimination because you have singled out a portion of our population for special enforcement and they're going to nail you to the wall the only good thing coming out of that is they won't be homeless anymore they'll have a lot of money to live on i ask that you rethink this postpone it go back and look at the issue maybe you can find something that will actually work  incarceration of the homeless never works it hasn't worked it's not going to work you got to be smarter than the rock you're trying to break so please postpone this and rethink it thank you that concludes public comment on this item mayor thank you we have represent milliner Thank You mayor chief is out owed right now currently do you know if  [ORGANIZATION] is accepting Class C violations like someone has [DATE] or outstanding traffic tickets Business  It's been currently in effect and also when we look at this ordinance in regard to the health and food buffer and all, one of the things we need to keep in mind, and I stated earlier, it's not targeting the homeless individuals. It's protecting the neighborhood, homeless shelters, the homeless individuals because they can be vulnerable. Alcohol is not allowed in homeless shelters.",0,0.3333333333333333,0,1,0
meeting_minutes,359,"And what we're doing with our fusion centers, we're mapping out the locations that we have identified as homeless shelters per the definition. And as we progress on it, we're going to bring all this back to you. DATE0 for the first hearing and discuss it further as to the implementation on the ordinance.",0,0.0,0,1,0
meeting_minutes,360,"so i i know that we have all met with [ORGANIZATION] before i thank you for that and just encouraging you to continue building that relationship in the future thank you ma'am [ORGANIZATION]  thank you mayor um yeah thank you for the update uh and for your work and miss [PERSON]'s work and all of your team's work um on this very important investment in these uh affordable housing units for for the city um you know as i've said before on a couple of different items that have come before us in [DATE] this isn't just about providing shelter  It's about strengthening the entire community, promoting equity, and making sure that we improve the quality of life for everybody, helping the most vulnerable [ORGANIZATION] lift everybody up. So as we heard in the presentation, it's about a $19.2 million investment of our home funds and our CDBG funds through the revolving loan program, revolving loan fund program.",0,0.16666666666666666,0,1,0
meeting_minutes,361,I just am requesting a briefing from [ORGANIZATION] before this is brought back to better understand exactly what  um a non-comment agreement for professional services to perform energy management services is yes we'll provide those briefings as well wonderful thank you so much may we have a motion to delete so moved is there a second there's a motion made by representative [ORGANIZATION] seconded by representative PERSON1 to delete the item on that motion call for the vote representative PERSON2 thank you in the voting session and the motion passes unanimously  the next item is [ORGANIZATION] this is discussion in action on a resolution to approve a 12th amendment to the city's [LOCATION] [ORGANIZATION]th [DATE] action plan for the emergency solutions grant coronavirus phase 2 to reduce the homeless welcome shelter center funds to supplement the opportunity center shelter and homeless management information system support project motion to approve second  there's a motion made by representative PERSON3 seconded by representative PERSON4 to approve there is public comment on this item from mr PERSON5 mr PERSON6 are you in the queue sir star six,0,0.0,0,1,0
meeting_minutes,362,"And our office, as well as [ORGANIZATION] offices, have been working with [ORGANIZATION], been working with residents to report those complaints. So again, I agree that this should not just be a policy where we respond, incarcerate, and give citations, but also to put together...  I don't know, [ORGANIZATION] program so that we can work with homeless organizations, with our community development folks, and with police, as well as our prosecutors, so that we can come up with an approach, a program. This policy is only going to help identify, help officers to identify when there is a problem on the [STREET].",0,0.3333333333333333,0,1,0
meeting_minutes,363,"But again, every situation is a little different based on their proximity to include churches as well. So there's numerous layers out there to enforce it. What we're doing on this ordinance is taking that to other areas where we feel it'll help the community and not just the residents, but the homeless population as well.",0,0.0,0,1,0
x,0,"3535 [ORGANIZATION] ([ORGANIZATION])
[PERSON] 135

Unwanted Person

Caller advising of a homeless person sleeping on the property. The person has been asked to leave multiple times. 

#[PERSON]",0,0.3333333333333333,0,1,0
x,1,[USER] Ran GPE0 into a shit.  hole. High crime and homelessness. Taxes went through the roof. Don’t be a hypocrite,0,0.5,1,0,0
x,2,"#[PERSON]: A [ORGANIZATION] family served [ORGANIZATION] dinner to more than 100 homeless people [LOCATION], and are planning on helping even more DATE2!

[LOCATION]",0,0.16666666666666666,0,1,0
x,3,PERSON0 You couldn’t even fill the potholes in [ORGANIZATION]. You forced Americans out of jobs and affordable housing to favor illegals. [ORGANIZATION] is still a shithole.,0,0.3333333333333333,0,1,0
x,4,"Local organizations teaming up and camping out to raise awareness and collect donations for those who are homeless in [ORGANIZATION]. [USER] has more on the seventh DATE0 ""Sleep-Out for the Homeless""
[URL]",0,0.0,0,1,0
x,5,"813 S. FAC0 ([ORGANIZATION])
[ORGANIZATION] 

[TIME]: They advised this was NOT a car that rolled over. Sounds like they said  “cart”. The patient is alert.

#SouthBend [URL]",0,0.16666666666666666,0,1,0
x,6,Group behind new low-barrier [INSTITUTION] in [ORGANIZATION] embarks on next steps [URL],0,0.0,0,1,0
x,7,"Since you're all here, please consider donating to [ORGANIZATION]. They do wonderful work for the poor, and your kindness is especially appreciated during the frigid [ORGANIZATION]. [URL]",0,0.16666666666666666,0,1,0
x,8,"[ORGANIZATION], a #nationwide #nonprofit #provider of affordable #multifamily #housing for older #adults, held a ground-breaking #ceremony for FAC0 in [ORGANIZATION], [PERSON].

[URL]",0,0.16666666666666666,0,1,0
x,9,"[USER] Even with the homeless in the middle of FAC0, [ORGANIZATION] is such a shit hole with the [ORGANIZATION]’s WORST stadium.",1,0.16666666666666666,0,0,1
x,10,[USER] Sandwiches for the many homeless in [PERSON].,0,0.16666666666666666,0,1,0
x,11,[USER] so my question is can we show at least a *LITTLE* bit of interest in [ORGANIZATION]'s homeless feat. addicted and mentally ill population? Like my personal idea was previously a recorded sit-down discussion between certain members of the [ORGANIZATION] and specific members of-,0,0.16666666666666666,0,1,0
x,12,"The deal to build a new homeless intake center in [ORGANIZATION] is close to completion.
[URL]",0,0.0,0,1,0
x,13,"[USER] I'd chose ol ""Mayor [PERSON]"" and ask him why he decided to screw up the traffic patterns in [ORGANIZATION] with his screwed up round abouts on [ORGANIZATION] and FAC0 instead of the poverty and homelessness issues that only got worse during his administration.",0,0.16666666666666666,0,1,0
x,14,PERSON0 You really want to go there with your “husbands” record on homelessness in [ORGANIZATION]?,0,0.16666666666666666,0,1,0
x,15,"[USER] [USER] address how he treated homeless people in [ORGANIZATION] without pretending being a wealthy gay man who adopted children makes him a saint
[LOCATION]",0,0.16666666666666666,0,1,0
x,16,"Sixplexes are one building type in FAC0, an affordable housing project currently under construction on [ORGANIZATION] east side [URL]",0,0.0,0,1,0
x,17,"This song is dedicated to all who are struggling, the disabled, the homeless, the lgbtq community, and everyone around the world that is suicidal or lost someone or a pet.. I want to tell all of you that I love you and everything will be ok..

[URL]",0,0.0,0,1,0
x,18,PERSON0 Have you researched how [PERSON] treated the homeless in [ORGANIZATION] during his two terms? [ORGANIZATION] swept encampments under a downtown overpass more than once and everything got trashed.,0,0.16666666666666666,0,1,0
x,19,[USER] [USER] It’s a [TIME] attempt to salvage [ORGANIZATION] presidential run because republicans know they are losing. [ORGANIZATION] is not a “sanctuary city” because we can’t barely get sanctuary for our own homeless people.,0,0.16666666666666666,0,1,0
x,20,"Thanks to [ORGANIZATION] for inviting [USER] [ORGANIZATION]amp; I to join your table at the [USER] [ORGANIZATION]. After an especially cold night, it was wonderful to be surrounded by the warmth of many individuals who support caring for our unhoused neighbors. [PERSON]",0,0.0,0,1,0
x,21,"[USER] [USER] HE WAS THE MAYOR. HE CALLED FOR THE SWEEPS. READ THE ARTICLE
[URL]",0,0.0,0,1,0
x,22,"Turning heartbreak into hope, a [ORGANIZATION] family is honoring their daughter's memory by feeding the homeless [ORGANIZATION].
READ MORE: [URL] [URL]",0,0.0,0,1,0
x,23,"Developer adds [PERSON] building to ORG1 plan for housing, retail and green space as well as address food insecurity. READI money awarded. [ORGANIZATION]",0,0.16666666666666666,0,1,0
x,24,"[USER] My favorite thing [ORGANIZATION] did when he was mirror in [ORGANIZATION], [ORGANIZATION] was cover the city in lime bikes that the homeless could throw in the river. Brilliant guy. 

Maybe if he’s president we can have lime bikes for the homeless to throw around all over the [PERSON]!",0,0.16666666666666666,0,1,0
x,25,"[USER] [USER] Actually, I think this is a cool idea. Like dorm-style living, but for adults. If it revitalizes mall space, helps local businesses, alleviates a shortage of affordable housing (especially for young adults or seniors) and ISN'T MANDATED BY THE GOVERNMENT, I say go for it!",0,0.16666666666666666,0,1,0
x,26,[USER] [USER] shut the fuck up man. this guy pretended he knew fucking eight languages. he doesn't. Look up how he treated homeless people in [ORGANIZATION] during [ORGANIZATION] in [ORGANIZATION]. he destroyed their possessions and put them on the streets when there weren't enough shelter beds for them,0,0.0,0,1,0
x,27,[ORGANIZATION] Mayor [ORGANIZATION] discusses President-Elect PERSON1's immigration policies [ORGANIZATION],0,0.0,0,1,0
x,28,"[ORGANIZATION] is tackling the affordable housing crisis with a new initiative. 🏠 
[URL]",0,0.0,0,1,0
x,29,"[ORGANIZATION] Mayor [ORGANIZATION] discusses President-Elect PERSON1's immigration policies [URL]
Ikibatsi mutual net.",0,0.0,0,1,0
x,30,"[ORGANIZATION]'s [ORGANIZATION] and [ORGANIZATION] Mayor [PERSON] (D) discuss hot topics in the city including how the City of [ORGANIZATION] would handle President-Elect PERSON2's immigration policies, along with FAC0.

[URL]",0,0.0,0,1,0
x,31,"[USER] [USER] Read it all bitch 
[LOCATION]",0,0.16666666666666666,0,1,0
x,32,"[USER] PERSON0 Yeah, about PERSON1...: [URL]",0,0.0,0,1,0
x,33,"A huge shoutout to [ORGANIZATION]'s ORG1 for their generosity and hard work! They donated 19 sets of hats, gloves, and scarves to help keep the children at [ORGANIZATION] ORG2 warm [ORGANIZATION]. 💙 [URL]",0,0.16666666666666666,0,1,0
x,34,URGENT: ‘Save Them All’? [ORGANIZATION] to Animal Abusers—Take Action DATE0! [URL] [USER],0,0.16666666666666666,0,1,0
x,35,"Plans for a new 'FAC0' call for laundry facilities, a commercial kitchen and outdoor gathering space.

 [URL]",0,0.0,0,1,0
x,36,[USER] [USER] dey lucky i aint [ORGANIZATION] i be eating like a homeless man that aint ate in [ORGANIZATION],0,0.3333333333333333,0,1,0
x,37,"813 S. FAC0 ([ORGANIZATION])
[ORGANIZATION] 

#SouthBend",0,0.0,0,1,0
x,38,[ORGANIZATION]-based [ORGANIZATION] was founded to help farmers and the thousands of homeless organs in the East African country. [PERSON],0,0.16666666666666666,0,1,0
x,39,"813 S. FAC0 ([ORGANIZATION])
[ORGANIZATION] 

#[PERSON]",0,0.0,0,1,0
x,40,The luncheon also gives a platform for people to tell their stories. [PERSON],0,0.0,0,1,0
x,41,"[PERSON] approved tax breaks for developers during their meeting [ORGANIZATION] [TIME].

[URL]",0,0.16666666666666666,0,1,0
x,42,"In honor of [ORGANIZATION] [DATE] in [ORGANIZATION], [ORGANIZATION] will donate $2 for every burger sold in [ORGANIZATION] to support our programs to end youth homelessness in our community!

Visit The ORG1 in central [ORGANIZATION] at [ADDRESS]. [URL]",0,0.0,0,1,0
x,43,"Proceeds from the event will help [ORGANIZATION] continue to provide affordable housing and build community, organizers say. [URL] [URL]",0,0.0,0,1,0
x,44,"☘️🎁🎄Christmas Giving [DATE] is live🎄🎁☘️

Donate to [ORGANIZATION] in [ORGANIZATION] here: [URL]

Additional details: [URL] [URL]",0,0.16666666666666666,0,1,0
x,45,"all of [ORGANIZATION] designs are live, with any [ORGANIZATION] proceeds [PERSON] going to ORG2 in [ORGANIZATION]

[URL] [URL]",0,0.16666666666666666,0,1,0
x,46,"The purchase by the city should allow the long-planned, frequently-opposed project to move forward. [URL]",0,0.3333333333333333,0,1,0
x,47,"I WANT THE [ORGANIZATION], I WANT THE PROPERTY_ I AM POSITIONED TO CONDEMN ALL OF SOUTH BEND OVER IT&gt; welcome to Judgement - im baby goddess of war, thats what ""angel"" you screwed over, raping me and making me homeless (dv survivor- healthcare worker)",0,0.16666666666666666,0,1,0
x,48,"🎄Christmas Giving🎄 kickoff pod with [USER], talking playoff committee, [ORGANIZATION] gaslighting, [ORGANIZATION] and a lot more.

Listen: [ORGANIZATION] to ORG1 in [PERSON]: [URL] [URL]",0,0.0,0,1,0
x,49,"PERSON0 Picture from when [PERSON] bulldozed over homeless encampments as the mayor of [ORGANIZATION], [PERSON]. Clearly, Democrats love destroying the few possessions belonging to the homeless. [URL]",0,0.16666666666666666,0,1,0
x,50,[ORGANIZATION] non-profit that supports the homeless could shut down GPE1GPE2  [URL],0,0.16666666666666666,0,1,0
x,51,"PERSON0 They've got all that affordable housing, but the downside is it's in [ORGANIZATION].",0,0.16666666666666666,0,1,0
x,52,"[USER] can I get some marshal law in [ORGANIZATION]; [PERSON], [ORGANIZATION] , this college is sabotaging my name my housing  my health ,  they [ORGANIZATION]; think about to praising God or think they can say im not working so the police don't have a job to do.",0,0.3333333333333333,0,1,0
x,53,[ORGANIZATION] seeks funds to assist growing homeless population in [ORGANIZATION]. [URL],0,0.16666666666666666,0,1,0
x,54,[USER] You should see downtown [ORGANIZATION]. Oh boy. You got the trap store ([ORGANIZATION]) across the [STREET] from the jail/[STREET] houses. The [INSTITUTION] is on the next block. They are selling right there on the [STREET].,0,0.6666666666666666,1,0,0
x,55,"Thank you, [ORGANIZATION] in [ORGANIZATION], for bringing the cheer to our residents at [ORGANIZATION] in [PERSON] with the donation of these festive wreaths and door decorations. [URL] [URL]",0,0.0,0,1,0
x,56,"[USER] well greedy pple enjoy collecting 🏠s. some cities, like [ORGANIZATION] (see below), have made [DATE] strides. the city's # s are impressive considering the poverty. the weather (dying of exposure is a real threat in [PERSON]), and under-priced housing mrket also means ⬇️ homelessness. [URL]",0,0.5,1,0,0
x,57,"[ORGANIZATION] for the Homeless in [ORGANIZATION] to honor those who passed away, highlighting [ORGANIZATION] Memorial Day. [URL]",0,0.0,0,1,0
x,58,"I know this isn’t what I normally post, but since I had [ORGANIZATION] off, we spent DATE1 giving back to the community. My mom put together a group and we were in downtown [ORGANIZATION] putting out warm gear for the homeless. Have DATE2 and so excited to play again DATE3! [URL]",0,0.0,0,1,0
x,59,The $45 million project hopes to solve part of [ORGANIZATION]'s housing crisis. [URL],0,0.16666666666666666,0,1,0
x,60,"[ORGANIZATION] is the primary provider of assistance to people struggling with challenges like homelessness, poverty, abuse and addiction. [URL]",0,0.16666666666666666,0,1,0
x,61,"One thing's clear from talking to residents around [ORGANIZATION] and FAC0 - people need a change from ORG0ORG1; ORG2. Many people are pointing to the housing crisis as a major issue, which the government has no desire to solve. It's time to end DATE0 of ORG3 and [LOCATION]. [URL]",0,0.3333333333333333,0,1,0
x,62,"Thanks to a system that can ensure homelessness is rare  and brief, [ORGANIZATION], [PERSON] has a sustainable solution to the chronic  homelessness its citizens face.",0,0.16666666666666666,0,1,0
x,63,"[ORGANIZATION] should do SOMETHING with [ORGANIZATION]. [ORGANIZATION]. Vacation. [PERSON]. Come to PERSON1 moment on a remote island.
Bootcamp in [PERSON]. SOMETHING. I get not wanting him on the ice but what a waste of everything to make him homeless.",0,0.0,0,1,0
x,64,"[URL]

City of GPE0 Refuses to Acknowledge an Abandoned Homeless Encampment

[URL] 

#[PERSON]scanner #[PERSON] #[PERSON]il #homeless #GPE3 #mayor #rs #news #cleanup #shelter #wtf #fail #corruption #politics #embarrassing",0,0.16666666666666666,0,1,0
x,65,"A new proposal sets out to create affordable housing for veterans — ranging from studio apartments at this old bank site to townhomes on vacant land — at nine locations in the area. 

[URL]",0,0.0,0,1,0
x,66,"[ORGANIZATION] needs to get a grip with reality and understand that they are not the center of this state. [PERSON] is an ongoing issue in [ORGANIZATION], and their claims of a few more tents in the city warranting a state of emergency is abhorrent.",0,0.16666666666666666,0,1,0
x,67,"[USER] [USER] They tried it but stopped, I believe. They have had some success in reducing homelessness but [ORGANIZATION] isn’t why. They also have some challenges.",0,0.0,0,1,0
x,68,"[USER] [USER] There are some homeless people in [ORGANIZATION], but as far as I can tell, they are refugees from [ORGANIZATION]; GPE2.",0,0.16666666666666666,0,1,0
x,69,"[ORGANIZATION] uses real-time, by-name data to reach functional zero with homeless population

In [ORGANIZATION], [ORGANIZATION] became the  first community in [PERSON] to end both chronic and veteran  homelessness.",0,0.16666666666666666,0,1,0
x,70,FOR IMMEDIATE RELEASE: ALL THINGS AFFORDABLE HOUSING SUMMIT [URL]  #tapin #affordablehousing #rockfordhousing #landlords #residents #rockfordil [ORGANIZATION],0,0.0,0,1,0
x,71,"Affordable housing, state budget deficit at issue as [ORGANIZATION] lawmakers meet with [ORGANIZATION]-area leaders [URL]",0,0.16666666666666666,0,1,0
x,72,"PERSON0 Oh, why not.. [ORGANIZATION],  or [PERSON]? You know if you go to [ORGANIZATION] you can see live homeless Americans just walking up and down FAC0.",1,0.16666666666666666,0,0,1
x,73,[ORGANIZATION] heatwave puts [ORGANIZATION]’s homeless at risk [URL] [URL],0,0.0,0,1,0
x,74,[USER] [USER] [USER] [USER] [USER] [USER] [USER] I was elected to my city council &amp; the only CITY EMPLOYEE who volunteered at our shelter. I worked with [ORGANIZATION] gov because they ENDED homelessness. 1 of a couple cities in [PERSON] to do so. Rehabs &amp; mental break facilities are tax funded private corps that don't address homelessness,0,0.16666666666666666,0,1,0
x,75,"Perhaps where homeless, illegals, homicide freedom cause [ORGANIZATION] loss. [PERSON] GPE2 [PERSON] GPE7 [PERSON] GPE12 GPE13 GPE14 GPE15 GPE16 GPE17 #bansoffourbodies GPE18 GPE19 GPE20 GPE21 [PERSON]",0,0.3333333333333333,0,1,0
x,76,"The [ORGANIZATION] team attended the [USER] All Things Housing Summit DATE0. It was a great opportunity to share the resources that ORG1 offers to [ORGANIZATION]; property owners, &amp; to meet with other organizations offering affordable housing in [ORGANIZATION]. 🏘[PERSON]",0,0.0,0,1,0
x,77,[USER] [URL] plz help our homeless if you can.,0,0.16666666666666666,0,1,0
x,78,"As warming centers protect those without a stable shelter, there is one big challenge: reduced capacity.  [URL]",0,0.0,0,1,0
x,79,“These people are just like everyone else and they deserve to be remembered.” [URL],0,0.0,0,1,0
x,80,"[USER] This church is in [PERSON], it had been vacant for [ORGANIZATION] and it was used as a soup kitchen for DATE1years after that until a homeless man set it on fire. bythe time the [INSTITUTION] arrived, they had no other choice but to keep it from spreading.",0,0.3333333333333333,0,1,0
x,81,"[USER] Have you seen the streets in [ORGANIZATION], GPE1,GPE2 and [PERSON]? Crime is rampant and streets filled with homeless and illegals. Shame on you!!!!",1,0.3333333333333333,0,0,1
x,82,"[ORGANIZATION] non-profit that supports the homeless could shut down 
Source: [URL] WTVO WQRF [URL]",0,0.3333333333333333,0,1,0
x,83,"ICYMI: [ORGANIZATION] stands by as dozens of those in need walk through Miss [PERSON] on [ORGANIZATION] [TIME]. Volunteers for the charity gather sack lunches, blankets, gloves and more without questions for the mostly homeless men and women entering. [URL]",0,0.0,0,1,0
x,84,"Country music artist and [PERSON] nominee [ORGANIZATION] brings his [ORGANIZATION] to [ORGANIZATION], donating to [ORGANIZATION] and raising awareness for homelessness. [URL]",0,0.0,0,1,0
x,85,[ORGANIZATION] seeks community aid ahead of [ORGANIZATION] Week. [URL],0,0.16666666666666666,0,1,0
x,86,[ORGANIZATION] seeks financial support to care for the homeless [URL] [URL],0,0.16666666666666666,0,1,0
x,87,"""100 people in need find shelter &amp; community [ORGANIZATION] thanks to [ORGANIZATION] #HomeForTheHolidays""

[URL]",0,0.16666666666666666,0,1,0
x,88,"Asking people about challenges of finding affordable housing in [ORGANIZATION] area:

""The housing situation here is beyond abysmal! I feel even worse for the poor/homeless. The county/city cant seem to get their shit together to address the problem,"" one said. [URL]",0,0.16666666666666666,0,1,0
x,89,"We need more of this across the country. Help end homeless, and encourage responsibility.

[URL]",0,0.0,0,1,0
x,90,[LOCATION]-funded mobile homes arrive for families facing homelessness [URL],0,0.16666666666666666,0,1,0
x,91,"Fun fact--the homeless population is growing in [ORGANIZATION] and its not just because of bad policies. Cities and towns around the state send their homeless to [ORGANIZATION], as do some other states. I met a homeless mother with a teenage daughter from [PERSON]. When her home was destroyed in",0,0.0,0,1,0
x,92,"New [ORGANIZATION] home aims to help homelessness and addiction
[URL]",0,0.16666666666666666,0,1,0
x,93,"[USER], Thanks for making a cash donation to [USER]. Your tireless effort to fight hunger in [ORGANIZATION] and [ORGANIZATION] will provide free dinners for the homeless and other needy souls in [ORGANIZATION]. [ORGANIZATION] bless you. PERSON1 and [PERSON] with Rev. PERSON3. [URL]",0,0.0,0,1,0
x,94,"Seeking to end homelessness among jail inmates, [ORGANIZATION] ([ORGANIZATION]) receives $20K grant! [PERSON]! [URL]",0,0.0,0,1,0
x,95,"Plans to convert [ORGANIZATION] hotel into [INSTITUTION] being re-evaluated
[URL]",0,0.16666666666666666,0,1,0
x,96,"These projects will create more than 100 new housing units. 

Learn more: [URL]",0,0.16666666666666666,0,1,0
x,97,New [INSTITUTION] project may pivot to different spot in [ORGANIZATION] [URL],0,0.0,0,1,0
x,98,[ORGANIZATION] is celebrating the first of ten new affordable housing units at a mobile home park near FAC0: [URL],0,0.16666666666666666,0,1,0
x,99,"[ORGANIZATION] increased mental health treatment using proven methods for [ORGANIZATION], especially focusing on [ORGANIZATION] and homeless folks. Also research effective and proven strategies for reducing homelessness and implement them in [ORGANIZATION], then roll them out to other cities.",0,0.0,0,1,0
x,100,"LOCAL NEWS - Plans to convert [ORGANIZATION] hotel into [INSTITUTION] cancelled after lofty $5.2M pricetag goes public 

[URL]",0,0.0,0,1,0
x,101,[USER] [USER] [ORGANIZATION] is a homeless mess.,0,0.16666666666666666,0,1,0
x,102,"The tiny houses were built for people turned away by landlords due to their past convictions or substance use disorders.
[URL]",0,0.0,0,1,0
x,103,"DATE0 with staff at [ORGANIZATION], GPE0GPE1, [ORGANIZATION], off and running! A common issue at many GPE0PublicTransportation motor pools and maintenance bays are GPE0Homeless people who trespass and loiter. How do you approach with personal safety in mind? [URL]",0,0.3333333333333333,0,1,0
x,104,"[ORGANIZATION] OKs support for affordable housing projects:
[URL]",0,0.0,0,1,0
x,105,"Pre-approved plans are part of [ORGANIZATION]’s effort to promote affordable housing through regulatory reform, missing middle housing types, and financial support and incentives. [ORGANIZATION]",0,0.16666666666666666,0,1,0
x,106,[ORGANIZATION] OKs support for affordable housing projects [URL],0,0.0,0,1,0
x,107,"👇🏽 [USER] [USER] PERSON0 PERSON1 [USER] [USER] PERSON2 
As student homelessness rises, program aims to house 150 families by [ORGANIZATION] [URL]",0,0.0,0,1,0
x,108,"The organization aims to ensure that everybody is surrounded by comfort and joy [ORGANIZATION], according to [ORGANIZATION].
[URL]",0,0.0,0,1,0
x,109,"[URL] As student homelessness rises, program aims to house 150 families by [ORGANIZATION]",0,0.16666666666666666,0,1,0
x,110,1. Ten new homes mark the start of an affordable housing project for low-income families near [LOCATION]. [URL],0,0.0,0,1,0
x,111,"PERSON0amp; [PERSON], Thanks for your generous donation to [ORGANIZATION]. Your Love [PERSON] will provide free dinners for the homeless and other needy souls in [ORGANIZATION] in [ORGANIZATION]. PERSON2 bless you. [URL]",0,0.16666666666666666,0,1,0
x,112,"[USER] Can we do something about reducing homelessness especially right in the middle of downtown [ORGANIZATION]? If I was a business owner down there, I would be so mad I would pack up and leave.",1,0.6666666666666666,0,0,1
x,113,"3[LOCATION] leaders give the green light for support in three housing projects 

[URL]",0,0.3333333333333333,0,1,0
x,114,[USER] GPE0 It doesn't help when cities around the state put their homeless on buses and send them to [PERSON].  [ORGANIZATION] in other states does this as well.,0,0.5,1,0,0
x,115,"[ORGANIZATION] is [LOCATION], and [ORGANIZATION] is seeing a DATE2 high in their homeless population according to the [ORGANIZATION] count.
[URL]",0,0.0,0,1,0
x,116,"""[ORGANIZATION] provides hotel rooms, meals &amp; clothing to 100 unhoused individuals for [ORGANIZATION], offering a sense of [ORGANIZATION]; comfort #HomelessnessAwareness""

[URL]",0,0.0,0,1,0
x,117,"[ORGANIZATION] is dedicated to ending [PERSON], and to help [ORGANIZATION], we bring the resources to them. Every second [DATE], [ORGANIZATION] and our partners come to [PERSON] at [ADDRESS], [ORGANIZATION], [PERSON], from [TIME]
#[ORGANIZATION] #EndingVeteranHomelessness [URL]",0,0.0,0,1,0
x,118,Several new housing projects will be underway in [ORGANIZATION]. [URL],0,0.3333333333333333,0,1,0
x,119,"Homelessness concerns continue in [ORGANIZATION], [PERSON] [URL] via [USER]",0,0.0,0,1,0
x,120,"A [INSTITUTION] in [ORGANIZATION] is back open and just in time for some of the coldest temperatures of [ORGANIZATION].
[URL]",0,0.0,0,1,0
x,121,"[ORGANIZATION] old [ORGANIZATION] [USER] did that. In between his [ORGANIZATION]. 

You’re Welcome Homeless folks! [URL]",0,0.0,0,1,0
x,122,"[USER] PERSON0 [PERSON] please do not go to [ORGANIZATION], it’s a waste of taxpayer money. Use that money for homeless veterans please! [URL]",0,0.3333333333333333,0,1,0
x,123,[USER] I’m from [ORGANIZATION] and most people were disgusted with your visit at taxpayer expense. You’re a joke and a con artist. [ORGANIZATION] puppet president always saying “please give me more money”. Disgrace to humanity,0,0.3333333333333333,0,1,0
x,124,"[USER] [USER] You're claiming [ORGANIZATION] wants more neverending inflation, more wide open borders, more forever wars, and more of the homelessness epidemic. 

You'll understand if I'm skeptical.",0,0.0,0,1,0
x,125,[ORGANIZATION] in [ORGANIZATION] …there is a decal bus with a sign that says [PERSON]. I just read a study [ORGANIZATION] about the increase in veteran homelessness due to  [PERSON]!  No one cares about the troops more than President [PERSON].,0,0.0,0,1,0
x,126,A local hotel in [ORGANIZATION] has a bus outside of it with decals and the words: veterans against [ORGANIZATION]. If anyone could support the troops any more than President [ORGANIZATION]….I cannot think of one. I just heard a study [ORGANIZATION] that shows a large increase in homeless veterans under [PERSON]!,0,0.16666666666666666,0,1,0
x,127,"When the [ORGANIZATION] temps hit [ORGANIZATION], a non-profit that helps people experiencing homelessness and food insecurity wants to be ready.
[URL]",0,0.0,0,1,0
x,128,"It’s DATE0 again,[ORGANIZATION]'s charity [STREET].

This will be my third DATE1 doing this. I’ve always supported one local charity but last DATE1 I split between two as we raised so much

The first one was a homeless-specific charity and the second is a family support charity. [URL]",0,0.16666666666666666,0,1,0
x,129,"Homelessness In [LOCATION], PA - Part 1 [URL] via [USER]",0,0.0,0,1,0
x,130,"[USER] [USER] [USER] Theres 200,000 [ORGANIZATION] homeless.  

There are 70,000 people in [PERSON].  

You want [ORGANIZATION] to build the equivalent of three GPE1s sprinkled among existing [ORGANIZATION] towns, cities and neighborhoods. 

I don't think you completely understand what an enormous task that is.",0,0.3333333333333333,0,1,0
x,131,"PERSON0 PERSON1 [USER] [ORGANIZATION] who says she will not change anything:
Highest in history, homelessness,
Highest in history, illegal immigration,
Average mortgage $1000 higher
13,000 convicted murderes let in the [ORGANIZATION],
Over 57,000 women sex trafficked,
Highest inflation in [ORGANIZATION], 
Wars in",0,0.0,0,1,0
x,132,"[ORGANIZATION]: Green, [ORGANIZATION] To Bring Old Lots New Life  [URL]",0,0.16666666666666666,0,1,0
x,133,[USER] [USER] Thanks for the follow. I have family in [ORGANIZATION] and [PERSON]. My wife’s cousin is a Pastor at [ORGANIZATION] and my brother in law is a pastor in [PERSON]. He also runs the homeless mission there. If you are looking for a church feel free to reach out.,0,0.0,0,1,0
x,134,"[USER] I got 3 new medical problems after being forced to get 2 covid [ORGANIZATION]; 2 boosters. I literally ended up homeless during a pandemic! My [PERSON] no longer works. Caused weight gain, now I'm on medication for diabetes. Severe Eczema DATE0 now.",0,0.0,0,1,0
x,135,[USER] so people in places like [ORGANIZATION] going hungry and homeless have to watch [ORGANIZATION] parade around with the most spoiled celebrities. Makes sense,0,0.0,0,1,0
x,136,"[USER] Please do not lose touch with our reality. We are still here. [USER] 
I am still freezing outside homeless  in [ORGANIZATION] pa. I need [PERSON] pa [USER] and upstate NY [USER] please help me.
I miss my kid too. The investigations almost over",0,0.0,0,1,0
x,137,"[USER] Oh my “F’ING” —-, R U kidding me?  What about the HOMELESS AMERICANS that move from [ORGANIZATION] to [ORGANIZATION]?  Really, THIS HAS GOT TO BE A JOKE…. Tell me it isn’t so [ORGANIZATION] from [ORGANIZATION], tell me it isn’t so…. UNFRICKENUNBELIEVABLE",0,0.5,1,0,0
x,138,"While [ORGANIZATION]  is having a fun time in [ORGANIZATION] with the international beggar, on the taxpayer dime, we are having trouble just affording gas to get to work......  Great photo op you asshat.  PLEASE fellow Pennsylvanians, [ORGANIZATION] FOR [USER]",0,0.5,1,0,0
x,139,"BIG NEWS: A coalition of around 20 local companies, farms, [ORGANIZATION]; housing advocates receives a $23 million dollar federal grant to build innovative, affordable housing in [ORGANIZATION], [PERSON].

#ActOnClimate 

[URL]",0,0.0,0,1,0
x,140,"They did this in [PERSON] threw all of their belongings away and bulldozed their encampment down by the river where [ORGANIZATION] goes anyway! 
[URL]",0,0.5,1,0,0
x,141,"[USER] [USER] Deport them ALL [USER] is this what [ORGANIZATION] is paying for?  I think not! Homeless in [ORGANIZATION], [PERSON]…..drug addicted brothers and sisters? Is this what we are paying for?",0,0.16666666666666666,0,1,0
x,142,"[USER] [USER] PERSON0 [USER] [PERSON] spends $451 billion a year on housing, healthcare, [ORGANIZATION]; education for illegals

[USER] spends hundreds of billions more on wars killing kids

Only $3 billion for homeless vets &amp; $750 for hurricane victims

#[PERSON] YOU

[USER] 

#PERSON3 #PERSON4",0,0.16666666666666666,0,1,0
x,143,"📋 [ORGANIZATION] is accepting applications for our [ORGANIZATION] (CDBG)

✨ Organizations offering support for senior citizens, unhoused individuals, public safety, child care, &amp; more can apply.

🔗 For more details visit: [URL] [URL]",0,0.0,0,1,0
x,144,"Are you kidding me?  This is a [ORGANIZATION] issue?

What about homeless?  What about inflation?  What about crime in [ORGANIZATION] and [PERSON] and GPE2?

Seriously?  [ORGANIZATION] and tampons? [URL]",0,0.5,1,0,0
x,145,"[USER] [USER] “Wow one town”

Plenty of affordable housing.  Right down the [STREET]:

[URL]",0,0.0,0,1,0
x,146,"[ORGANIZATION] created PERSON1, and that didn't work out so hot, did it? PERSON2, POTUS with the [ORGANIZATION], PERSON3 from [ORGANIZATION], creates tons of 'em (jobs). Why, I work 3 myself, all low-paying, and am still poor and homeless. YOU-- great job, freak! We're all better off when you lose yours. [ORGANIZATION]",0,0.0,0,1,0
x,147,[USER] Isn't [ORGANIZATION] homeless?  Have fun finding him PERSON1!! Once the [ORGANIZATION] lawsuit is dismissed and [ORGANIZATION] wins her lawsuit you will be laying on the kitchen floor pissing yourself trying to text the [ORGANIZATION] girl in between slugs of liquor!!!,0,0.16666666666666666,0,1,0
x,148,"With DATE0 on the horizon, construction is now
underway on the new, permanent location for FAC0, an emergency shelter for men experiencing homelessness, which is operated by [ORGANIZATION] of the Diocese of [ORGANIZATION].

[PERSON]",0,0.0,0,1,0
x,149,"[ORGANIZATION] will become home to innovative, green affordable housing developments
[PERSON]",0,0.3333333333333333,0,1,0
x,150,"[USER] [USER] [USER] [USER] [USER] [USER] [USER] [USER] 15 min cities.. 
you will own nothing and be happy .. no cars etc 
Local progress supposedly paid for their entire trip abroad .. bringing communism to our neighborhood.. 
wondering owns properties, switch hands, contractors, real estate, grants, [ORGANIZATION]

[URL] [URL] [URL]",0,0.6666666666666666,1,0,0
x,151,[USER] I don't really follow this s*** too much but I saw this headline [ORGANIZATION] homeless people so where are they supposed to go? what are they supposed to live? Does this guy have any idea how dumb he sounds now is he going to provide homes in a roof over these homeless?,0,0.3333333333333333,0,1,0
x,152,[USER] My name is [ORGANIZATION] I am homeless in [ORGANIZATION]. I am here tweeting for [PERSON] I need your help. I want pen to go blue [ORGANIZATION] . why they don't have you thought the state. We need you. All my GOD you are a star.  [USER] [USER] [USER] [USER],0,0.16666666666666666,0,1,0
x,153,"[USER] Pay attention to this, it’s happening [ORGANIZATION], [PERSON], [ORGANIZATION]-all [ORGANIZATION]-all of a sudden hundreds of homeless being “processed”. They are being registered to vote and probably cast a ballot, they are not all illegals.  Look at GPE3 near PERSON0 hometown of [PERSON].",0,0.0,0,1,0
x,154,PERSON0 PERSON1 [USER] PERSON2 Why does PERSON3 always look homeless?!,0,0.0,0,1,0
x,155,PERSON0 PERSON1 [USER] PERSON2 Stop dressing like a fucking homeless guy you’re a politician. Present yourself better. Bum. PERSON3,0,0.0,0,1,0
x,156,Homelessness In [LOCATION] - Part 1 ([URL],0,0.0,0,1,0
x,157,"[ORGANIZATION] [USER] [USER] [USER] 
to pay all expenses for me to stay in a hotel until I was approved for an apt. [ORGANIZATION] told him no. He wanted me living homeless on the streets. I have tried to leave the [ORGANIZATION] but [ORGANIZATION] won't let me leave. He's illegally",0,0.0,0,1,0
x,158,…I was just in [ORGANIZATION] and we saw homeless vets sleeping on the streets. The sheriff called the pastor at the church where I was Can you help? My friend did. When a nation’s citizens are denied care to foist political power through mass immigration then we need better policy.,0,0.0,0,1,0
x,159,[USER] PERSON0 is [PERSON] and came to [ORGANIZATION] and homeless to help PERSON2 and the [USER] win the Election. I want all the seat in [ORGANIZATION] to go [ORGANIZATION]. investigate me I used to live [ADDRESS] ny ny [DATE] and I am King. I u to campaihard [USER],0,0.0,0,1,0
x,160,"The states do back the slumlords! I can attest to that! Called code office for help ended up in a roach infested hotel where they house the homeless! I'll never rely on [PERSON] 

[URL] [URL]",0,0.3333333333333333,0,1,0
x,161,Tell me again why [ORGANIZATION] wants [ORGANIZATION]'s name on its [STREET] signs. [URL],0,0.3333333333333333,0,1,0
x,162,[USER] My name is [ORGANIZATION] and I am king of the [ORGANIZATION]. Can you investigate me. I am homeless in [PERSON] and I tweeting for PERSON1,0,0.16666666666666666,0,1,0
x,163,[USER] Poor [ORGANIZATION] has been an awful filthy town since [ORGANIZATION] so all the sudden you’re gonna raise it from the homeless death that it is?  No you’re talking gibberish,0,0.3333333333333333,0,1,0
x,164,[ORGANIZATION] to [PERSON] gets 3rd tower [ORGANIZATION] affordable housing • GPE3 advances [ORGANIZATION]; [ORGANIZATION]  transport in [ORGANIZATION] - #transitfriendlyplanning #NJTOD #Amtrak #affordablehousing #BRT [URL],0,0.16666666666666666,0,1,0
x,165,How dose killing innocent people benefit the people of [ORGANIZATION] fixing roads making sure basic services are working making sure the state is functioning effectively making sure people of [ORGANIZATION] are[LOCATION] homeless make sure the people of [ORGANIZATION] have access to all the services [URL],0,0.3333333333333333,0,1,0
x,166,"[USER] Happening Now! PERSON0 in [ORGANIZATION] low energy, small crowd of worn out dead enders and losers.  Heck even the local homeless camp by the river is pissed this loser showed up.  Have a PERSON1 !",0,0.16666666666666666,0,1,0
x,167,"[ORGANIZATION] And you’ll probably make it your priority to hand over the keys to them to illegal immigrants. 

A priority would be not a single homeless veteran in the [ORGANIZATION]. Don’t think it’s that huge, [STREET] around [ORGANIZATION]. Those FAC0 soldiers deserve better than they’ve received!",0,0.16666666666666666,0,1,0
x,168,[ORGANIZATION] opens respite cabins for [ORGANIZATION]'s chronically unhoused [URL],0,0.0,0,1,0
x,169,[USER] [USER] I used the address [ORGANIZATION] gave me  in [ORGANIZATION] when I was  homeless to vote twice for [ORGANIZATION],0,0.16666666666666666,0,1,0
x,170,"[USER] Buy a good used car for my friend who is driving a DATE0 Neon with no [ORGANIZATION], broken windows and a transmission ready to die.  She needs decent transportation and [ORGANIZATION] as she lives in [PERSON] and the heat is killing her.  She was homeless for [LOCATION] and trying to get back up. 😏",0,0.3333333333333333,0,1,0
x,171,"PERSON0 I need you to edit it because she wasn’t homeless and she had her own [STREET].  Baby girl was visiting her mother, her father had custody. I’m from [ORGANIZATION] and she wasn’t found near [ORGANIZATION] she was found in [PERSON]. I was on my [STREET] to class [ORGANIZATION] she was found.",0,0.16666666666666666,0,1,0
x,172,"[USER] DoD---if would be great to take their empty buildings and make them [ORGANIZATION].  Make it like habitat and have the Vets who are able to help to do so.  [ORGANIZATION], [PERSON] did a great job in a homeless community there.  That concept could work in these empty buildings.",0,0.0,0,1,0
x,173,Construction of the future FAC0 in [ORGANIZATION] will have an impact to some of the city's unhoused residents. [URL],0,0.16666666666666666,0,1,0
x,174,Affordable housing and access to healthy food go hand in hand. [ORGANIZATION] needs policies that prioritize both to tackle poverty at its root. #FoodSecurity,0,0.0,0,1,0
x,175,[ORGANIZATION] is hosting their DATE0 Sleep Out event to bring awareness to the homeless population of [ORGANIZATION]. If you can participate please fill out the link below👇 This is a great social action event! [ORGANIZATION]; Clothing donation is needed for admission [URL],0,0.0,0,1,0
x,176,[USER] [USER] Arrogant fuckers. Yall are going to limp into [ORGANIZATION] with 2 [ORGANIZATION] losses and we’re going to spank yalls pansy asses. Then [ORGANIZATION] will. Enjoy the Independence Bowl losers. Also enjoy that pos town yall call home. Homelessness and pot is all you see there.,0,0.16666666666666666,0,1,0
x,177,"Join us DATE0, at [TIME] in FAC0 at [ORGANIZATION] ([ADDRESS]., [ORGANIZATION]) to discuss workforce opportunities for underemployed, re-entering workers, and those facing homelessness.

For more info, visit: [ORGANIZATION] [URL]",0,0.16666666666666666,0,1,0
x,178,"[USER] [USER] [USER] [ORGANIZATION] is pretty with the [ORGANIZATION] mountains but, [ORGANIZATION] is [STREET] better than [PERSON] if you are comparing towns! [ORGANIZATION] doesn’t have a bunch of homeless walking around! [PERSON] is getting messy!",0,0.3333333333333333,0,1,0
x,179,"[ORGANIZATION] will probably never be able to compete again with smaller, regional cities in the single-family housing market, so it needs to find its niche, members of the city's [ORGANIZATION]. [URL]",0,0.0,0,1,0
x,180,[USER] Arrest them for what?  Are they registering Illegals to vote are they falsifying information? It's not illegal to Give homeless people an address to vote. [ORGANIZATION] gave me a [STREET] address  and I voted for [ORGANIZATION] twice in [ORGANIZATION] GPE1,0,0.5,1,0,0
x,181,Schools in the FAC0 area struggle due to high poverty rates. We need to invest in resources and build community partnerships to improve outcomes for students. [ORGANIZATION] should be our priority. [URL],0,0.0,0,1,0
x,182,Our Be Love Ministry served over 300 meals to the homeless [ORGANIZATION]! #gosafellowship #serveothers #serveGod #belove [URL],0,0.16666666666666666,0,1,0
x,183,New affordable housing development in the works for [ORGANIZATION]. Here's what to know. [URL],0,0.16666666666666666,0,1,0
x,184,A [ORGANIZATION]-based startup working to end homelessness will have the chance to win $1 million DATE0. [URL],0,0.16666666666666666,0,1,0
x,185,"[ORGANIZATION] Still no word on investing in [ORGANIZATION]’s veterans. I invite you to [PERSON], [PERSON] - to witness yourself the outrageous number of homeless veterans on its streets. Helping our veterans should be your #1 priority! They come in a variety of colors, you know.",0,0.16666666666666666,0,1,0
x,186,Recent fire prompts addition to nuisance lawsuit over homeless camping situation in [ORGANIZATION] [URL],0,0.0,0,1,0
x,187,[ORGANIZATION]'s [ORGANIZATION] started pinning down some early ideas to present to ORG1 and heard from a developer about how difficult it can be to build in the city. [URL],0,0.0,0,1,0
x,188,"[PERSON] and the homeless are on every [STREET] corner in [ORGANIZATION], [PERSON] unless it's [ORGANIZATION]. [ORGANIZATION]",0,0.5,1,0,0
x,189,"[ORGANIZATION] approves a plan (450,000 grant) for adding affordable housing in [ORGANIZATION] (FAC0). This plan came about in [ORGANIZATION] and this article came out in [LOCATION].
[PERSON] via [ORGANIZATION]",0,0.3333333333333333,0,1,0
x,190,"For this [ORGANIZATION]'s [ORGANIZATION] events, we're partnering with [ORGANIZATION] to divert reusable items from the landfill and support its mission to provide decent and affordable housing for ORG1.

Learn more, including what's accepted: [URL] [URL]",0,0.16666666666666666,0,1,0
x,191,"Local presbyterian lady pastor who came to encampment in [ORGANIZATION], [PERSON] straight up lied to my face about providing help. 
Her [ORGANIZATION] used my info to help city breakup encampment after I refused to accept placement in a $200 p/month [INSTITUTION] in GPE2, [PERSON]. [URL]",0,0.3333333333333333,0,1,0
x,192,"‘A mecca for crime’: [ORGANIZATION] sues homeowners providing housing to homeless 
Source: [URL] [URL]",0,0.6666666666666666,1,0,0
x,193,[USER] [ORGANIZATION] is terrible too. Got called a “bitch” on FAC0 because I didn’t give a homeless woman money😂,0,0.16666666666666666,0,1,0
x,194,"75/[ADDRESS] appt DATE0 

Final🤞🏻post surgery (cervical fusion) appt w/neurosurgeon in [ORGANIZATION] on [LOCATION]. Funds to cover 2 tanks gas &amp; wiper blades for the van. Please help an old homeless nonbinary queer w/no fam survive and learn to thrive💜 [URL]",0,0.16666666666666666,0,1,0
x,195,Investing in affordable housing on FAC0 means investing in [ORGANIZATION]’s future. Let’s make sure everyone has a safe [STREET] to call home. #AffordableHousingNow,0,0.0,0,1,0
x,196,"Many experiencing homelessness in the FAC0 area of [ORGANIZATION] struggle to find transportation to shelters, jobs, or medical care. Reliable public transit is a must! #FixNCTransit #[ORGANIZATION]",0,0.0,0,1,0
x,197,"""Our whole mission is purpose over profit,"" [ORGANIZATION] Manager [PERSON] said. ""We want to do as much as we can to help."" [URL]",0,0.0,0,1,0
x,198,"[ORGANIZATION] to reallocate more than $71,000 to [ORGANIZATION] 
Source: ORG1ORG2; [PERSON] [URL]",0,0.0,0,1,0
x,199,[USER] So sad. Last I saw he was homeless in [ORGANIZATION]. I truly feel [ORGANIZATION] is partly blame.,0,0.3333333333333333,0,1,0
x,200,[ORGANIZATION] listening to housing strategies | Click on the image to read the full story [URL],0,0.0,0,1,0
x,201,"Winds of change in [ORGANIZATION]: [ORGANIZATION] ousts incumbent PERSON1 in mayor's race on platform focused on the city's housing crisis, improving public transit. [ORGANIZATION] reports.
#[PERSON] #arpx #arnews [URL]",0,0.0,0,1,0
x,202,"[USER] I'm in [ORGANIZATION]  and this my 3rd ORG0 event -My first was [ORGANIZATION] when i was homeless my 2nd was [LOCATION] when I was still homeless by grace of God I'm not longer homeless.  I dropped somethings off at hurricane relief tent outside.  #[PERSON]
#Maga2024",0,0.0,0,1,0
x,203,[USER] I quite literally do tho???? I give money to homeless people all the time in [ORGANIZATION] stop speaking on shit u dont know about cock muncher,0,0.16666666666666666,0,1,0
x,204,"[USER] Facts [PERSON] board of elections when I was homeless gave me a [STREET] address when I was homeless and [ORGANIZATION] also allowed me to use the [STREET] address so I could get a [ORGANIZATION] id card.
I voted twice for [ORGANIZATION]",0,0.0,0,1,0
x,205,[USER] [USER] By the [STREET] here in [ORGANIZATION] nc there alot of business and abandoned places here that could use yall help and homeless is terrible and we need to Audit GPE1 as a while. But [ORGANIZATION] could use some up due. [ORGANIZATION] nc need to be investigated bad asap,0,0.6666666666666666,1,0,0
x,206,"Advocates concerned about busing [ORGANIZATION]'s homeless to [PERSON]
(PLENTY OF OTHERS TO ADD TO BUSES HEADED FOR BLUE METROS!!  NOT ONLY ""MIGRANTS!!""  ADD: HOMELESS, EX-INMATES!!)
[URL]",0,0.3333333333333333,0,1,0
x,207,"[USER] [USER] [ORGANIZATION] put a cap on them 
PERSON1 put a cap on them 
It is possible, do your research 

I'm not against people owning their own businesses.
However, we have a housing crisis.
Personally, I have a home BUT many people do not.",0,0.3333333333333333,0,1,0
x,208,"[USER] She kinda right though , look at the soldiers they don’t even offer help that done went crazy .. u can go to [ORGANIZATION] start there homeless and crazy on the [STREET] . War vets it’s sickening but she right",0,0.0,0,1,0
x,209,A new housing development is intended to enhance affordable housing options for residents [ORGANIZATION] and older in [ORGANIZATION]. [PERSON],0,0.16666666666666666,0,1,0
x,210,"The FAC0 area of [ORGANIZATION] has a growing homelessness problem, but lack of public transportation is keeping many people stuck. Let’s work together to fix this. #[PERSON] #[ORGANIZATION]",0,0.16666666666666666,0,1,0
x,211,[USER] Yeah I'm not homeless anymore but I was homeless with my mother for [ORGANIZATION]. It's great to be off the streets [LOCATION] in the [STREET] I'm at. Not a lot of shelters here in [PERSON] though people feed you on the streets,0,0.16666666666666666,0,1,0
x,212,"""If it wasn't for these people, I'd probably be dead by now,"" a former medical respite patient said. ""Thank God for them, I'm not.""  [URL]",0,0.0,0,1,0
x,213,HOUSING CRISIS TIMELINE: [ORGANIZATION] ranked second most competitive small rental market in GPE1 [URL],0,0.16666666666666666,0,1,0
x,214,"[ORGANIZATION]’s FAC0 is undergoing major changes to address housing challenges in one of its most under-resourced areas. The #FAC1 initiative plans affordable housing renovations, but progress depends on securing competitive [ORGANIZATION] funding.
[URL]",0,0.16666666666666666,0,1,0
x,215,"In the Mayor’s race, [ORGANIZATION] incumbent [ORGANIZATION] faced [PERSON], the CEO of [ORGANIZATION], the [ORGANIZATION]’s tourism marketing org. As the housing crisis rose in importance to campaigns, PERSON2 capitalized on some of [ORGANIZATION]'s public missteps.

The runoff is on [ORGANIZATION]",0,0.0,0,1,0
x,216,"[USER] Operating costs and lunch are two different things.
Try comparing it to [ORGANIZATION] spending $2 billion on the homeless [ORGANIZATION].",0,0.16666666666666666,0,1,0
x,217,No wonder the homeless  problem  in [ORGANIZATION]  is so bad [URL],0,0.16666666666666666,0,1,0
x,218,"[USER] I wouldn't be bragging.  [ORGANIZATION] is a criminal haven.  How many homeless, how many businesses shuttering because of crime?  Might want to educate yourself before bragging.  Just saying.",0,0.16666666666666666,0,1,0
x,219,[USER] What about the homeless that disappeared from [ORGANIZATION]? Where are they?,0,0.3333333333333333,0,1,0
x,220,"[USER] [USER] Who took care of the shit problems in [ORGANIZATION]? Or even the homeless &amp; crime ridden areas of your ""Great State""?
Are those [ORGANIZATION]"", buster? 😐",0,0.3333333333333333,0,1,0
x,221,"Another major business is abandoning [ORGANIZATION] since it became a hub of drug addicts, drug dealers, violent crime and homelessness.👇 [URL]",0,0.3333333333333333,0,1,0
x,222,"These tents cost about $30 from [ORGANIZATION]. In [ORGANIZATION] the city gives homeless people free food, clothes, and shelter and up to $1000 or more a month in cash depending on the program. All people ask in return is for the recipients to be decent neighbors. [URL]",0,0.0,0,1,0
x,223,"[ORGANIZATION] has lived homeless on the same [STREET] in [ORGANIZATION] for [ORGANIZATION]. She has tried the shelter system but always ended up back in the same spot because she feels it's safe.
[URL]",0,0.0,0,1,0
x,224,"[USER] I say new [ORGANIZATION] claws back all of it!! Nothing would make me happier than seeing [ORGANIZATION] homeless “south of market”
In [ORGANIZATION] 
She a slimy POS",0,0.16666666666666666,0,1,0
x,225,[USER] “It’s a bit like me saying the [ORGANIZATION] foreign policy is dictated by homeless man [PERSON] in [PERSON].”,0,0.16666666666666666,0,1,0
x,226,"[[ORGANIZATION]SER] …[ORGANIZATION] don’t straighten it out

Which means: [ORGANIZATION] R going 2 B politically homeless, the last [STREET] in the world a guy like [ORGANIZATION] wants 2 B

How do [ORGANIZATION] know [ORGANIZATION] can trust me?

Even though I’ve known the address of [ORGANIZATION]r  [ORGANIZATION] getaway apartment &amp; another piece of info [ORGANIZATION] wouldn’t want…",0,0.3333333333333333,0,1,0
x,227,"[USER] [USER] Fuck PERSON0. You’re giving him credit for turning the state into the homeless capital of [ORGANIZATION] in the first [STREET]. He destroyed [PERSON], is politically destroying the state, and now brainwashed idiots like you thank him for the baseline of what the job should be.",0,0.0,0,1,0
x,228,"[USER] To add, for [ORGANIZATION] and [PERSON] ares homeless is a protest from [ORGANIZATION]. This attitude would not grow in GPE2 climes. The goldielox zone to live and sit is the [ORGANIZATION] clime",0,0.3333333333333333,0,1,0
x,229,So now we know the shit in the streets of [ORGANIZATION] wasn’t the homeless but actually Indians,0,0.0,0,1,0
x,230,"Company holiday party discussion topics:
⁃Sharing pizza with homeless people
⁃Eating ass during camping trips
⁃Is [ORGANIZATION] the most beautiful city in the country?
⁃“Denver is the dirtiest city I’ve been to”
⁃What’s a cocktail?

(I initiated none of these)",0,0.0,0,1,0
x,231,"PERSON0 Was in [ORGANIZATION]. Beautiful city … with many homeless &amp; drug addicts … [ORGANIZATION] has toothpaste, toothbrushes, garbage bags, etc locked up behind plastic storage…. Surprising to see.",0,0.3333333333333333,0,1,0
x,232,"As most of us in recovery from drug addiction will attest, *getting* clean and sober is only half the battle. The other half is *staying* clean and sober. [ORGANIZATION] can do more to support long-term recovery — and that should start with [ORGANIZATION]. ([ORGANIZATION])
[URL]",0,0.0,0,1,0
x,233,"Deeply ironic that deep blue cities like [ORGANIZATION] have privatized government, except instead of competent companies they chose corrupt unaudited nonprofits that have somehow managed to increase homelessness and drug deaths and decrease infrastructural capability. [URL]",0,0.0,0,1,0
x,234,"[USER] [USER] [USER] Except [ORGANIZATION] gives away free needles free places to shoot up,put 1/2 their city homeless n shitting on the streets,you can steal anything under $950 GPE1 isn’t any better thanks to these two and [ORGANIZATION]",1,0.16666666666666666,0,0,1
x,235,"[USER] I agree.  Back in [ORGANIZATION], I wrote this blog post titled;
""Spending Other People's Money or How Would PERSON0 Help the GPE0 Homeless?""
[URL]",0,0.0,0,1,0
x,236,"[ORGANIZATION] [ORGANIZATION] is where the money is in the homeless industry.  If there was a similar infrastructure in [PERSON], they'd be there.  And then they could ride the HSR to [ORGANIZATION] (in [ORGANIZATION])",0,0.16666666666666666,0,1,0
x,237,"[USER] [USER] Most progressives I've talked to, even in [ORGANIZATION], want to house the unhoused. They point to countries like [PERSON], where the homeless are placed in housing funded by the government.",0,0.0,0,1,0
x,238,[USER] [USER] Hell yeah. If you are [ORGANIZATION] resident and you say you care about the homeless and all of these things you’re supposed to care about you should care about how the money is being spent. Their reaction would be telling.,0,0.3333333333333333,0,1,0
x,239,"[USER] [USER] [USER] [USER] [USER] In DATE0, the point-in-time ([ORGANIZATION]) count found that 8,328 people were homeless in [ORGANIZATION], including 4,355 unsheltered people. You know [PERSON] is free right?",0,0.16666666666666666,0,1,0
x,240,[ORGANIZATION] “make homeless as visible as possible”. 😂 [ORGANIZATION] has never heard of homeless.,0,0.16666666666666666,0,1,0
x,241,"[USER] [USER] If they tried that in [ORGANIZATION] or [PERSON], there would be a homeless city set up under there within [TIME].",0,0.5,1,0,0
x,242,[USER] A friend of mine is a homeless (by choice) vet ([ORGANIZATION]) on the streets in [PERSON]. He moved out of his [ORGANIZATION] because of mold and critter issues.  He voted for [ORGANIZATION].  We had multiple discussions but he still believes [ORGANIZATION] will do right by him.,0,0.0,0,1,0
x,243,"Judge prunes homeless people’s lawsuit against [ORGANIZATION] [STREET] ‘sweeps’ [USER]
[URL]",0,0.16666666666666666,0,1,0
x,244,"[ORGANIZATION] is taking big steps to tackle the housing crisis by converting unused office space into much-needed homes! With waived regulations and tax incentives, cities can turn vacant buildings into vibrant communities. 🏘️ Let's build a brighter future! 🌟 #[PERSON]…",0,0.16666666666666666,0,1,0
x,245,[ORGANIZATION] punished this business owner (for giving a homeless person a needed bath) worse than [ORGANIZATION] will punish the [ORGANIZATION] who lit ablaze [ORGANIZATION] on GPE1C subway!! [URL],0,0.16666666666666666,0,1,0
x,246,[USER] Even [ORGANIZATION] has slums as dirty as [PERSON]. Every European country has their Roma population living in terrible places outside cities. An average homeless person in [ORGANIZATION] has worse personal hygiene than anyone living in slums of [PERSON] (can vouch personally for this).,0,0.16666666666666666,0,1,0
x,247,[USER] I think I saw fog in [ORGANIZATION] when I was in the business district for some reason. Why is it that the [ORGANIZATION] homeless problem is at its worst in a city so close to the monied elites of [ORGANIZATION]?,0,0.3333333333333333,0,1,0
x,248,"[ORGANIZATION] At Its Finest!
👇👇
This homeless solution was a costly disaster. What comes next for the [LOCATION] camp? [URL]",0,0.5,1,0,0
x,249,[ORGANIZATION] has been going on… [URL] #[PERSON] #news,0,0.16666666666666666,0,1,0
x,250,"[USER] [USER] 👏👏👏👏 The Dems are for destruction, fear mongering and spreading lies! They can’t even change homelessness and it’s easy! They have no trouble cleaning it up for [ORGANIZATION]’s President to visit [PERSON]!",0,0.16666666666666666,0,1,0
x,251,I thought no one wanted to play in [ORGANIZATION]. You bring in [ORGANIZATION] and everyone wants to play there now. Did [ORGANIZATION] solve the homelessness problem? [URL],0,0.16666666666666666,0,1,0
x,252,"[USER] I'm still wondering what happened to the homeless they moved overnight when they rolled out the red carpet for [ORGANIZATION] when he visited [ORGANIZATION]!? 
Where did they go? 

Why would this admin invite a foreign adversaries leader to come anywhere, but maybe the [ORGANIZATION], for meetings.",0,0.3333333333333333,0,1,0
x,253,"[USER] Here in [ORGANIZATION] we designed this tautology. The political method, address ""root causes"".
This means [ORGANIZATION], as a city, has a policy to solve homelessness for at least the [PERSON] if not the world. Guaranteeing no substantive change while appealing to pathological empathy",0,0.0,0,1,0
x,254,"[USER] Looks like your “European colleague” had preconceived notions about [ORGANIZATION] from biased European media and went looking for the same to reinforce his thoughts. When I’m looking for homeless shelters in [PERSON] or [ORGANIZATION], then I will be looking for the same on trip.",0,0.0,0,1,0
x,255,"I mean the homeless are *right there* in [ORGANIZATION]. Just make the next fentanyl hit conditional on their making progress in coding, and we'll have them training frontier models in no time. [URL]",0,0.16666666666666666,0,1,0
x,256,"[USER] [USER] [USER] I would bet money that some of the homeless drug addicts roaming [ORGANIZATION] were once engineers that were replaced. Whatever happened to them will happen to you. Any excuse you use will be used against you. 

Also, you're a 9 follower account with no profile picture",0,0.0,0,1,0
x,257,"Epic 🐂 💩 
The concentration of homeless encampments around the main hotels is why so many visitors come away with these videos. 

*[ORGANIZATION] residents should be embarrassed* by the state of their city’s homeless population.

Those people are your responsibility. [URL]",0,0.3333333333333333,0,1,0
x,258,"What have the billionaire [ORGANIZATION] companies done for [ORGANIZATION] to curb homelessness, hunger, poverty, etc? [URL]",0,0.16666666666666666,0,1,0
x,259,[ORGANIZATION] pivoted from tech to homelessness. The downtown became the factory floor of the homelessness industrial complex. Nothing could be more apparent to me. [ORGANIZATION],0,0.0,0,1,0
x,260,"[USER] [ORGANIZATION] is a playground and commune for rich people, with soft law enforcement, a lack of affordable housing, and poor overall management. Amuses me when people complain about crime. Of course, there's crime. Residents of [PERSON] are partly responsible for crime.",0,0.16666666666666666,0,1,0
x,261,"I think it’s important to look at this problem not through the lens of a deeply dysfunctional city like [ORGANIZATION]. Their social services are a magnet which attracts, in the [ORGANIZATION] the problem is more often like magnet which repels. And you should also look at homelessness [PERSON]",0,0.3333333333333333,0,1,0
x,262,"[ORGANIZATION] destroyed [ORGANIZATION] and now he is total determined to destroy [PERSON].

Eventually there MUST BE AN AUDIT of the Billion of dollars on “Homeless” only PERSON1 knows WHY he vetoed the 2 bills require that there be an audit of all that money. [PERSON] [URL]",0,0.16666666666666666,0,1,0
x,263,[USER] [USER] [USER] You don’t know me. Don’t personalizing things. I’ve lived and worked in [ORGANIZATION] most my life and am there all the time. Family history in [ORGANIZATION] goes back [ORGANIZATION] surviving the DATE1 earthquake. [ORGANIZATION]’s focus as supervisor in [DATE] was the homeless. It’s $&amp;politics.,0,0.3333333333333333,0,1,0
x,264,"[USER] [USER] I doubt you know a single person from [ORGANIZATION] that doesn't have at least a six-figure income. 

Do you really expect us to believe that you walk amongst people such as the homeless or mentally-disturbed people of [ORGANIZATION]? 

C'mon, man. PERSON0",0,0.0,0,1,0
x,265,"PERSON0 [USER] ""powerful photo"" ?? 
this is a picture of what it looks like after [ORGANIZATION][LOCATION] spends $$hundreds of millions$$ to ""solve"" homelessness (a problem that cannot be solved) which results in  more tax $$ wasted with more homeless now than ever before",0,0.3333333333333333,0,1,0
x,266,"[USER] PERSON0 Fuck GPE0 and fuck those deranged homeless retards, let em freeze",0,0.0,0,1,0
x,267,"[USER] [USER] [USER] [ORGANIZATION], [PERSON], [ORGANIZATION], [PERSON], [PERSON], [PERSON], GPE6, GPE7, GPE8, GPE9. Top [ADDRESS].",0,0.16666666666666666,0,1,0
x,268,"[USER] We’d be better off if you removed drugs &amp; addicts from our streets, removed the lawless homeless camps, &amp; acted as a deterrent to the violence that has overwhelmed [ORGANIZATION]

Instead you let people with expired [ORGANIZATION]; no license plates [STREET] on the roads, yet you bust this guy? [URL]",0,0.5,1,0,0
x,269,"[USER] However we should mention H1b replaces all Americans, not just white dudes. Plenty of mixed race H1B replaced citizens homeless, walking the streets of [PERSON], GPE2 with no [STREET] to get back their careers. 
BUT we must defeat [LOCATION] first, [LOCATION] is the WAR we're in now.",0,0.3333333333333333,0,1,0
x,270,"[USER] In [ORGANIZATION] OR across the river from me, homeless people and squatters often burn down vacant warehouses accidentally. There’s also a high degree of arson there.",0,0.16666666666666666,0,1,0
x,271,"[USER] Turns out [ORGANIZATION] is only safe if you’re homeless or a thief. When till lefties learn they need to move to [PERSON], not GPE2",0,0.16666666666666666,0,1,0
x,272,"PERSON0 [USER] Absolutely it does. There are homeless women in [ORGANIZATION] who routinely get rounded up, r*ped, then dumped on the streets.  .[USER] &amp; .[USER] report on this often. 

Who [ORGANIZATION] is sticking their d*ck in homeless women? Sick degenerate fks.",0,0.0,0,1,0
x,273,"Let homeless junkies camp on freeway off-ramps, add in a lack of a traffic division at [ORGANIZATION], and you have the perfect mixture for more and more death.  Brilliant, [ORGANIZATION]. Just brilliant. How very progressive. [URL]",0,0.3333333333333333,0,1,0
x,274,"[USER] Hey! I work with [ORGANIZATION]. We are a housing first agency in [ORGANIZATION] metro providing wraparound case management for formerly houseless individuals and get them connected to health, recovery, and employment services",0,0.16666666666666666,0,1,0
x,275,SHOCKER.. [ORGANIZATION]’s homeless industrial complex needs more money. Really laughable at this point ! [URL],0,0.16666666666666666,0,1,0
x,276,"Warming and [PERSON] Under Great Threat

Blog: [URL]

Housing Survey: [URL]

#portland #portlandoregon #portlandstateuniversity #homeless #cold #hot #climatechange #warmingcenters #coolingcenters [URL]",0,0.0,0,1,0
x,277,"Because if we don't pass it [ORGANIZATION] schools will all crumble, they'll have to fire most of the teachers and your children will become homeless fentanyl addicts.
(All that will happen in [ORGANIZATION] anyway - just save your money going forward, [ORGANIZATION].) [URL]",0,0.3333333333333333,0,1,0
x,278,"PERSON0 I took a trip with buddy to [ORGANIZATION]. I’ve seen homeless people obviously, but never so many. Our hotel had the river view room. The view was tents all across the riverbank.",0,0.3333333333333333,0,1,0
x,279,"[USER] [USER] [ORGANIZATION], [PERSON] used to be a beautiful city with lush green parks sprinkled all over the city. It truly was GPE2."" Not now. Mayor went woke immediately during [ORGANIZATION] of love, [ORGANIZATION]-elected DAs didnt prosecute, &amp; homeless invaded soiling our parks w dregs of society",1,0.5,0,0,1
x,280,"Divine Magistrate Judgment
From [ORGANIZATION]: [USER] [USER]
JUDGEMENT on [ORGANIZATION] in [ORGANIZATION] and Implications of the Patriot Act

In the name of [ORGANIZATION], we, the [URL]",0,0.0,0,1,0
x,281,[USER] The fentanyl is actually purer in [ORGANIZATION] and [PERSON]. Do ever do any actual research or at least ask homeless where they are from. Young ladies I always ask about their family Rational Emotive therapy it helps to connect with them pre drugs,0,0.0,0,1,0
x,282,"[USER] [USER] They get arrested.

I live in the [ORGANIZATION].

Not only do drug users and sex workers get arrested in [ORGANIZATION] and [PERSON], but local governments are cracking down on the homeless and putting them in jail while saying they can't house them first *because* they're all drug addicts.",0,0.3333333333333333,0,1,0
x,283,"One of the craziest things about ‘They Live’ (DATE0) is how tame the supposedly utterly dystopic homeless camps look in comparison to the actual reality - now- in cities like [ORGANIZATION], [PERSON] and GPE2. [ORGANIZATION]",0,0.0,0,1,0
x,284,"[USER] [USER] As for [ORGANIZATION], services are abundant and drugs are cheap (and they could be done with impunity on any block in the city and in broad daylight). That's why so [ORGANIZATION] has experienced an explosion of homeless in [ORGANIZATION].",0,0.0,0,1,0
x,285,"[ORGANIZATION]: [URL]

Blog: [URL]

Housing Survey: [URL]
 #rentwell #compensation #protection #financialstability #homelessness #eviction #portland #oregon #portlandoregon #stability #[PERSON] [URL]",0,0.16666666666666666,0,1,0
x,286,"The number of homeless people in #[PERSON] has significantly increased. From 1,887 in [ORGANIZATION] to 6,297 in [LOCATION] according to the [ORGANIZATION] in Time Count.

During that same period, the city spent $1.7 billion on #homelessness between [ORGANIZATION] and [LOCATION]. This figure includes investments in [LOCATION]",0,0.16666666666666666,0,1,0
x,287,[USER] That’s how homeless in [ORGANIZATION] travel I’ve seen it with my own eyes !!,0,0.16666666666666666,0,1,0
x,288,[USER] Addicted homeless people wandering around [ORGANIZATION]... What could go wrong?,0,0.5,1,0,0
x,289,"This story by [ORGANIZATION] is a gut punch and dives into why unsheltered families are “invisible” in [ORGANIZATION]. 

A must read, on [ORGANIZATION] [URL]",0,0.0,0,1,0
x,290,"Since [ORGANIZATION] won [ORGANIZATION] mayor's race [ORGANIZATION], the main question I've received (even from those who voted for him is): Who is [ORGANIZATION]? 

My attempt to answer.

[URL]",0,0.3333333333333333,0,1,0
x,291,“Just stawp it”… while they find some [STREET] to track the person down and fine them or lock them up. Meanwhile [ORGANIZATION] is crawling with criminals &amp; homeless. Let the people have their googly eyes [ORGANIZATION],0,0.3333333333333333,0,1,0
x,292,"Homeless people are being moved more quickly! did you mean [ORGANIZATION] in [ORGANIZATION]... 
He said staff referred to him and other guests as “animals.”  Overall, the [STREET] had “a terrible atmosphere of anger and discontent,” he said. [URL]",0,0.0,0,1,0
x,293,"[USER] [USER]    You are full of crap.  There will be more homeless by the end of your first term than there are now.  People are dying on the streets of [ORGANIZATION] and you and your ilk don't give a damn.  You don't even talk a good talk.  Step by step, what will you do?",0,0.0,0,1,0
x,294,Almost stepped in an unhoused persons shit on the sidewalk. I hate my stupid [PERSON] life,0,0.0,0,1,0
x,295,"[USER] interest of nobody. It's an unnecessary burden on neighborhoods and it's inhumane for the homeless. 

Enormous sums of money have been thrown at the problem - as has been done in [ORGANIZATION] and [PERSON] as well - and the problem is worse than ever. 

It's time to switch directions.",0,0.8333333333333334,1,0,0
x,296,"PERSON0 It's actually a shallow piece because it trivializes how much damage Marxist rioters did to [ORGANIZATION] in the name of a career criminal who died four states away. 

Those riots emboldened all types of criminals, including a dangerous homeless drug culture that flocked to [ORGANIZATION]. [URL]",0,0.0,0,1,0
x,297,"[USER] [USER] [USER] needs to be investigated! She keeps asking for money for homelessness, but does nothing with the money! As for schools, that only goes to the [ORGANIZATION] area. The rest of the state is taxed to death.",0,0.0,0,1,0
x,298,"[USER] [USER] -145VY Point :****: Says Good FOR :*: Damage Control.

.Fireman PERSON0 @ FAC0 Inside FAC1 GPE0 OR :*: XY @ FAC2 Homeless Adviser.

...[PERSON] [ORGANIZATION]; [PERSON] = Holy - Spirit IN Survival of Fittest XY Protestant Apostle Pope/ [URL]",0,0.0,0,1,0
x,299,[USER] [USER] I lived in [ORGANIZATION] at the time. Fuck the homeless. They're a public menace. Do what [PERSON] did: outlaw homelessness and put the bums in asylums where they won't bother the rest of us.,1,0.16666666666666666,0,0,1
x,300,"These are shameful statistics. We're proud to have a [ORGANIZATION] socialist on [ORGANIZATION] in [ORGANIZATION] ([ORGANIZATION]) with a plan to initiate a social housing program, to ensure our houselessness rate hits a new low of 0%.

[URL]",0,0.0,0,1,0
x,301,"[USER] A bigger factor. [ORGANIZATION] all drugs and having no plan for the fall out. And does [ORGANIZATION] have a homeless problem or is it [PERSON], GPE2 and [PERSON]?",0,0.16666666666666666,0,1,0
x,302,"[USER] Nearly 1 percent is a terrible number, but not surprising.  [ORGANIZATION] welcomes all criminals, homeless, and homeless criminals.",0,0.0,0,1,0
x,303,"This is [ORGANIZATION], [PERSON], [ORGANIZATION]

Homeless People Stand And [ORGANIZATION].

Hi [USER], in [ORGANIZATION] people are Pooping on the streets. Please return their toilet paper and water bottles &amp; try to get your own at a discount store. #[ORGANIZATION]

[URL]",0,0.16666666666666666,0,1,0
x,304,"[PERSON] has led to a tragic rise in homeless deaths in [ORGANIZATION]'s [PERSON], particularly in GPE2. Addressing this crisis requires urgent action, collaboration, and resources to support those affected by addiction and homelessness. It's time fo… [URL]",0,0.0,0,1,0
x,305,"[USER] PERSON0 their homelessness [ORGANIZATION] has nothing to do with any of that. it happened because one of the main places these people are counted was defunded

number of total unsheltered folks and and occupied shelter beds both went up since [ORGANIZATION]

so if anything [ORGANIZATION] made things worse [ORGANIZATION]",0,0.0,0,1,0
x,306,"[PERSON], what about others that experience the same type of behavior from homeless, drug addicts or [ORGANIZATION]’s in general? You going to be doing a story about all that? [ORGANIZATION] gives you lots of options by the [STREET].",0,0.5,1,0,0
x,307,"[USER] [USER] [ORGANIZATION]'s public transit - which I used to use [DATE] and [ORGANIZATION] - has become a mobile [INSTITUTION].

As I reflect, so much of what has destroyed this town is unchecked homeless vagrancy.",0,0.16666666666666666,0,1,0
x,308,"Wow. They told us they didn't have money for Helene victims in the [ORGANIZATION] and can't help the homeless. Look what they've done to our major cities, [PERSON], [ORGANIZATION], [PERSON], and it goes on.
[URL]",0,0.5,1,0,0
x,309,Demand that [ORGANIZATION] [URL] via [ORGANIZATION],0,0.16666666666666666,0,1,0
x,310,"PERSON0 I feel similar about the homeless drugged out people that no one helps in [ORGANIZATION]. One of the most liberal cities in [PERSON]. The libs think highly of themselves here, but what’s happening with our state and city homeless is shameful. Their policies do not work and instead",0,0.0,0,1,0
x,311,"[ORGANIZATION] instead of building MORE bike lanes we should consider adequate parking for all the new apartment buildings going up, shelter and aid for homeless, hell how about looking into all the traffic on FAC0. Or is [ORGANIZATION] planning on banning cars in general?",0,0.3333333333333333,0,1,0
x,312,[ORGANIZATION] Does anyone care that other cities are sticking their homeless on buses for [ORGANIZATION]?  Hello???,0,0.8333333333333334,1,0,0
x,313,"[USER] [USER] - enforce the laws around drugs, for both dealers and users.
- make [ORGANIZATION] less hospitable to the homeless. ([ORGANIZATION], a city of over 2.5mm is being held hostage by ~12k homeless) No handing out tents, eliminate drug ecosystems, no [TIME] camping.",0,0.6666666666666666,1,0,0
x,314,Back in DATE0 I used to love to make an DATE1 DATE2 [PERSON] trek to downtown [ORGANIZATION]. DATE3 I noticed more and more homeless people on the [STREET] corners. The final nail in the coffin was [ORGANIZATION] riots. And just like that my fun [PERSON] trip is a distant memory. [URL],0,0.5,1,0,0
x,315,[ORGANIZATION] Tents lining the streets with homeless and drug users. It doesn’t feel safe in [ORGANIZATION] any longer.,0,0.5,1,0,0
x,316,"DATE0 DATE1: Building a More Resilient GPE0! 
• $111M FAC0 project completed on [ORGANIZATION]
• 500+ new affordable homes in [PERSON], [ORGANIZATION]; GPE4
• Completed GPE0C's first mixed-use manufacturing &amp; affordable housing development [URL]",0,0.16666666666666666,0,1,0
x,317,[USER] Uh some teenage escort thing me and some friends had to be removed from the library's premises in downtown [ORGANIZATION] because we were interviewing homeless people,0,0.16666666666666666,0,1,0
x,318,When will affordable housing be built in [ORGANIZATION] a blue collar working class town? [URL],0,0.3333333333333333,0,1,0
x,319,We could house our homeless people if [ORGANIZATION] stopped doing business with flunky developers. Aren't there more than 2 Developers in [ORGANIZATION]?  Both are [ORGANIZATION] left overs. We deserve better leadership and we're paying attention. [URL],0,0.3333333333333333,0,1,0
x,320,PERSON0 for Mayor of [ORGANIZATION]. [ORGANIZATION] out [USER]  multiple unaccountable billions for refuge.  We have homeless Americans on the streets of GPE1 [URL],0,0.3333333333333333,0,1,0
x,321,"ORG0Bills [PERSON], who experienced homelessness as a child,  honored the man who changed his life: his 'Big Brother,' PERSON1.  PERSON2 is ORG1 with the story of their extraordinary  bond. [URL]",0,0.0,0,1,0
x,322,[USER] [USER] [USER] [USER] [USER] [USER] [USER] [USER] [USER] [USER] [USER] [USER] I remember freezing my ass off drinking [PERSON] with a homeless guy in the turnstile doors of [ORGANIZATION] as [ORGANIZATION] took [STREET] in a blizzard on FAC0 with thousands of drinking ORG1 fans,0,0.16666666666666666,0,1,0
x,323,[USER] I was homeless and at the [INSTITUTION] house for the first time...absolute nightmare,0,0.16666666666666666,0,1,0
x,324,"You can build homes (not affordable housing, but real homes), buy groceries at [ORGANIZATION], and even help with rent and groceries for everyone in [ORGANIZATION] for $1.5 Billion.

That’s all ORG1 loves to do. Waste money and destroy places. [URL]",0,0.16666666666666666,0,1,0
x,325,Stories of the homeless [STREET] brothers PERSON0 and [PERSON] to continue their dad's DATE0 mission to bring attention to #homelessness in #[PERSON]. I spoke with PERSON2 [TIME] about what it's like to no longer be homeless. [USER] FULL STORY: [URL] [URL],0,0.0,0,1,0
x,326,[USER] [USER] I did that for the [ORGANIZATION] no show game . Now I’m homeless . Maybe put it on [PERSON] at home in a snow storm and keep the house,0,0.3333333333333333,0,1,0
x,327,"The [ORGANIZATION] community is always so generous, and [ORGANIZATION] is very grateful! Your giving DATE0 through [ORGANIZATION] will allow us to finish up our [ORGANIZATION] Kitchen renovation project and continue providing crucial food services for the homeless &amp; needy in [PERSON]! [URL]",0,0.0,0,1,0
x,328,"[TIME] was a cold night in downtown [ORGANIZATION]. [ADDRESS].

Ordinary citizens walking by see them and try to help. Give money, food, anything. Ask if they need help. Ride to a shelter?

Most won’t go near a shelter. Rather freeze.",0,0.0,0,1,0
x,329,"[ORGANIZATION] rookie [USER], who experienced homelessness as a child, honored the man who changed his life: his 'Big Brother,' PERSON0. [PERSON] is ORG2 with the story of their extraordinary bond. [PERSON]",0,0.0,0,1,0
x,330,[ORGANIZATION] is [ORGANIZATION] away from solving their homelessness problem.,0,0.0,0,1,0
x,331,"A homeless crisis is being felt in nearly every community across [ORGANIZATION], making outreach programs even more vital. The state announced [ORGANIZATION] the expansion of its [ORGANIZATION] program, which started trying to help certain upstate regions in [LOCATION]. [URL]",0,0.16666666666666666,0,1,0
x,332,"[USER] gave me the full ORG0 experience! I feel like I actually got a taste of [ORGANIZATION] era..Everytime we get to the Big game in my ORG1 league, we take time out to let the homeless eat..",0,0.16666666666666666,0,1,0
x,333,"Yo Ive similar videosbwhen traveling ""hotel homeless"" in [ORGANIZATION] and [PERSON] with twin babies

[LOCATION]",0,0.0,0,1,0
x,334,PERSON0 PERSON1 [USER] There’s dead carcasses of affordable housing all over the city of buffalo. We don’t need more. Business incentives and more policing would benefit [ORGANIZATION] residents. Plenty of room for an industrial park.,0,0.5,1,0,0
x,335,"[USER] I think if you were in charge of [ORGANIZATION]—or the space program, or a soup kitchen, or an ORG1 team—you would spend [ORGANIZATION] screaming and being screamed at online. First principles. Simplicity. PERSON0 covets and you have ugly fights on the computer",0,0.0,0,1,0
x,336,"[USER] The cover of the album shows [ORGANIZATION], better known as [ORGANIZATION], a homeless woman who lived in [ORGANIZATION], [PERSON]. The [ORGANIZATION] News reported she was killed on [TIME] of [DATE] at [ORGANIZATION], by being hit by a car.[5]",0,0.0,0,1,0
x,337,[USER] A guy making 300 million needed a [DATE] chain?  Bet that [DATE] could have helped some homeless vets sleeping on streets in buffalo.,0,0.3333333333333333,0,1,0
x,338,"So all the crime-fentanyl-violence-failing schools-inflation-high taxes-illegals-homeless problems. 
It’s good you focused on the handful of buffalo that might have been poached?
[ORGANIZATION] politicians are a joke! [URL]",0,0.5,1,0,0
x,339,"FAC0 busway-adjacent site is currently subject of preservation fight

[PERSON]",0,0.3333333333333333,0,1,0
x,340,"[ORGANIZATION], [ORGANIZATION] leadership met with Mayor [PERSON] to discuss affordable [ORGANIZATION]; the power of modular construction! Inspiring ideas for building stronger, more accessible communities. [LOCATION]✨ 
#AffordableHousing #BuffaloStrong #BuildingTheFuture [URL]",0,0.16666666666666666,0,1,0
x,341,These [ORGANIZATION] common council members look like they'd buy anything if the skim amount was just right. We still have homeless Americans we need a [ORGANIZATION] animal shelter. [ORGANIZATION] is gone we don't need to lock step behind him anymore. Time for financial accountability [URL],0,0.3333333333333333,0,1,0
x,342,"[ORGANIZATION] is a great example of this. In [ORGANIZATION] they shut down the mental health hospital, forcing patients onto the streets.

In [LOCATION], the city celebrated ""ending chronic homelessness"", when really those mental health patients had died or been incarcerated. [URL]",0,0.16666666666666666,0,1,0
x,343,"A new emergency shelter for families experiencing homelessness is opening its doors in GPE0GPE1. [ORGANIZATION] 

[URL]",0,0.0,0,1,0
x,344,"An inspiring story from our [ORGANIZATION] with [ORGANIZATION] back PERSON1, who spent his childhood in and out of homeless shelters and foster care before going on to make it into the #[PERSON]! [USER] [USER] (I'm not crying, you are!) [URL]",0,0.0,0,1,0
x,345,[ORGANIZATION] volunteered [ORGANIZATION] at the ORG1 soup kitchen on FAC0 in [ORGANIZATION] serving [ORGANIZATION] dinner to the less fortunate in our community. [URL],0,0.0,0,1,0
x,346,"Inspired by his work, [ORGANIZATION] sons PERSON1 and PERSON2 are carrying on the mission [ORGANIZATION], along with other volunteers from [ORGANIZATION], where [ORGANIZATION] is pastor.

[URL]",0,0.0,0,1,0
x,347,"[USER] [USER] Seconding GPE0, the weather’s only shitty for [ORGANIZATION] and half the city is outside the snow band. Somewhat affordable housing, progressive state, and a functional transit system (by American standards).",0,0.0,0,1,0
x,348,"[USER] [USER] [USER] Explain to me why they all go to [ORGANIZATION] for treatment then.

[ORGANIZATION] should have no involvement with healthcare whatsoever.

If [ORGANIZATION] didn't mandate treatment for homeless and illegals we wouldn't be stuck paying the bull.",0,0.16666666666666666,0,1,0
x,349,"There's where I stayed in buffalo [ORGANIZATION] 
[URL]",0,0.16666666666666666,0,1,0
x,350,[USER] I'd rather be homeless in [ORGANIZATION] 🤣🤣🤣,0,0.3333333333333333,0,1,0
x,351,"[ORGANIZATION] celebrates the opening of ORG1 in [ORGANIZATION], a $8.4M transformation of the former ORG2. Supported by a $750K [ORGANIZATION] Better [ORGANIZATION] Fund loan, the project creates affordable housing and revitalized commercial space. Details: [URL]",0,0.16666666666666666,0,1,0
x,352,[USER] Didn’t he listen to a homeless person in the [STREET] and picked [ORGANIZATION]?,0,0.3333333333333333,0,1,0
x,353,"[USER] [USER] And yes, the food situation is one of those backwards things where an Egyptian [STREET] beggar eats better than a [ORGANIZATION] poor person because the quality of food is better there than here.",0,0.0,0,1,0
x,354,"[ORGANIZATION], a rookie on [ORGANIZATION], was homeless as a child and pays tribute to the man who changed his life: his “big brother” PERSON1. They are telling the extraordinary bond between them. [URL]",0,0.0,0,1,0
x,355,DATE0 - Kitchen open 10am-3pm serving lunch…[PERSON] w/ [PERSON]…Special - Buffalo Chicken Quesadilla.  [ORGANIZATION]!🍺,0,0.0,0,1,0
x,356,$500k a freebie for [ORGANIZATION]. No wonder we get affordable housing built for our own people. [PERSON] allowed halal food for [ORGANIZATION]; call to prayer. They need to integrate like the last exodus of [ORGANIZATION] Refugees [URL],0,0.3333333333333333,0,1,0
x,357,[USER] I think he meant because [ORGANIZATION]’s homeless rate is much higher than [PERSON].,0,0.0,0,1,0
x,358,[[ORGANIZATION]] ORG0 Whatever for this fan base to get attention. Maybe donate to the homeless in the [ORGANIZATION] area .,0,0.16666666666666666,0,1,0
x,359,"[USER] [USER] ORG0 [USER] [USER] [USER] [USER]
[USER] ORG1 [USER] [USER]
[USER] [USER]

YES YES YOU ALL KNOW ME

ALL HOMELESS IN GPE0 FUCK FACE FOR

20 DOLLAR IN SHELTER [USER] [USER] [USER]
[USER] [[ORGANIZATION];",0,0.0,0,1,0
x,360,"More unites us than divides us:  We all want this city of neighborhoods to thrive. We want a world-class education for our children, healthy  food options, affordable housing, and a [STREET] we're proud to call home. 

That's why I'm running for mayor. 
[URL]",0,0.16666666666666666,0,1,0
x,361,".[USER]: [ORGANIZATION] is about to impose an unnecessary – and unfunded – mandate on every future new home buyer from [PERSON] to GPE2.
[URL]",0,0.0,0,1,0
x,362,"Making a definite difference
[ORGANIZATION]: [ORGANIZATION] Distributes Thousands Of Gifts 

Also provides free DATE0 lasagna dinner for the homeless.

[URL] [URL]",0,0.0,0,1,0
x,363,"The project includes housing for income-eligible seniors [ORGANIZATION], older adults with housing instability, income-eligible renters over [LOCATION] and people with physical disabilities.

 [URL]",0,0.16666666666666666,0,1,0
x,364,[USER] Dude picked [ORGANIZATION] bc a homeless guy told him to.,0,0.16666666666666666,0,1,0
x,365,Do you want real change?Help from the harsh cost of living.Making multinationals and billionaires pay tax.Stopping the big fish corrupting major Governments. Money for poor people. No more homelessness.Action on high rents. No more poverty.White Buffalo [ORGANIZATION] [URL],0,0.16666666666666666,0,1,0
x,366,"🗞️WBHP #BreakingNEWS 📰 

🫱🏾‍🫲🏻 Welcome Back Home Project

⚖️ Let’s Change #Baltimore 🏠 

🫱🏻‍🫲🏿Need a Job? Follow [USER]

🫱🏻‍🫲🏿 🫱🏻‍🫲🏼🤝🏻🇺[PERSON]🫱🏾‍🫲🏻🫱🏿‍🫲🏻🇺[PERSON]🫱🏿‍🫲🏾🫱🏿‍🫲🏽🇺[PERSON]🎓🔑
#wbhp #[PERSON] #[PERSON] #WWJD #Repair🇺[PERSON] #HomeSweetHome #[PERSON] #Democrats #SuperBowl #DATE0 #WednesdayMotivation #X #hgsm [URL]",0,0.16666666666666666,0,1,0
x,367,"[ORGANIZATION] sentenced in killings of deaf cellmate at [ORGANIZATION] jail, homeless man, [USER] reports: [URL] (via [USER])",0,0.16666666666666666,0,1,0
x,368,[USER] DELTA BY PERSON0 NORTH TREATED A HOMELESS MOTHER AND CHILD INHUMANLY BY PUTTING HER OUT AFTER QUESTIONING WHAT HAPPENED TO HER CHILDS MISSING ANDRIOD TABLET PUTTING THEM OUT IN THE COLD. PLEASE SPEND UR MONEY ELSEWHERE. [ORGANIZATION] TO HOUSE FIRE,0,0.3333333333333333,0,1,0
x,369,"Happy Holidays from [ORGANIZATION]! We’re grateful for the support of our community, partners, and volunteers who help us provide hope and healing for homeless veterans. Wishing you DATE0! #HappyHolidays #Gratitude #[PERSON] [URL]",0,0.0,0,1,0
x,370,PERSON0 Marylanders: [ORGANIZATION] woman known for feeding the homeless has [STREET] named in her honor.  [URL],0,0.0,0,1,0
x,371,"[PERSON] to all kuddam who on [ORGANIZATION] helped prepare food for the homeless and needy to be distributed in [LOCATION], [ORGANIZATION].
[USER] [URL]",0,0.0,0,1,0
x,372,[USER] I live in [ORGANIZATION] and fellow veteran [ORGANIZATION] is a blessing since [DATE] he opened he had a pay it forward for homeless and also closes his business to serve meals to the less fortunate  God is good and karma is real,0,0.0,0,1,0
x,373,"[ORGANIZATION] was replying to the fact that homelessness increased 18%.

Is that economic progress? Oh wait, it's called being a sneering liberal",0,0.0,0,1,0
x,374,"[USER] Why are blue cities so unsafe and full of homelessness? I would take a red city [ORGANIZATION] - don’t have to worry about stepping in shit, get shot or car jacked.  [ORGANIZATION], [PERSON], [ORGANIZATION], [PERSON]…",0,0.3333333333333333,0,1,0
x,375,"[USER] spent time with [USER] and
[USER] to discuss [ORGANIZATION]’s historic non-contiguous [ORGANIZATION] district and bonds that will create affordable housing across [PERSON]. For the full article click here: [PERSON] 
[USER] #bmorefinance [URL]",0,0.0,0,1,0
x,376,"thank god for [ORGANIZATION] [ORGANIZATION] [USER] 
[URL]",0,0.0,0,1,0
x,377,"📢The current [ORGANIZATION] shelter declaration has been extended to [LOCATION], at [TIME].

Please continue to call [ORGANIZATION] at [PHONE] to get connected to shelter for the night.

Visit 🔗[URL] for more information. [URL]",0,0.16666666666666666,0,1,0
x,378,Gonna start my own [ORGANIZATION] squid games with the homeless people,0,0.3333333333333333,0,1,0
x,379,"[ORGANIZATION], is a deadly [STREET] to be!

High crime and murder rates…

Encountered a homeless war veteran in a wheelchair, out in the lightning, [ORGANIZATION]!

Gave him a few dollars to get out of the rain and go get a cup of coffee.

No one in [ORGANIZATION] cared about him! [URL]",0,0.0,0,1,0
x,380,"[USER] [USER] Ds haven been destroying beautiful, [ORGANIZATION] cities for [ORGANIZATION], no one remembers or stops it, they just repeat it. Riots destroyed [PERSON], [ORGANIZATION], [PERSON], GPE4 etc. Ds keep whipping up discontent, steal all the money, people who can, leave, broke city left with poor and homeless",0,0.16666666666666666,0,1,0
x,381,"DATE0

Please [ORGANIZATION] share from:

[ORGANIZATION]
[ORGANIZATION], [PERSON]  [DATE]

[PHONE]

This sweet 62 pound pup brings a unique set of preferences and quirks, with a heart full of love waiting to be shared. She's DATE1, healthy, and up to [URL]",0,0.0,0,1,0
x,382,PERSON0 You buy 100 pies from the guy in [ORGANIZATION] and give to homeless,0,0.16666666666666666,0,1,0
x,383,"[USER] There's places here that u need a car and there's not even side walks.  [ORGANIZATION] public transport crowd wasn't the best, including homeless addicts trying to sell you stolen candy . One time I stopped someone from stabbing someone",0,0.16666666666666666,0,1,0
x,384,"[ORGANIZATION] Is it about the richest country? 
Have you asked [PERSON], and governors of [ORGANIZATION], [PERSON], GPE2 and other Democrat run cities what did they do with the founding of over 24 billion for homeless? While they got the money, the rate have doubled. 
Giving tax cut brings more business",0,0.16666666666666666,0,1,0
x,385,[ORGANIZATION] lays out strategy to tackle vacant housing crisis  [URL] [USER] [USER] [USER],0,0.0,0,1,0
x,386,"telling people in [ORGANIZATION] how much i love living in [PERSON] has been met with condescending ""how's that going for you"" mixed with change the topic and now we're talking about the homeless.",0,0.3333333333333333,0,1,0
x,387,"[ORGANIZATION] , Just Go To GPE0 Or GPE1 You’ll See Addicts And Homelessness In Surplus",0,0.0,0,1,0
x,388,"Top 10 States Collapsing Fastest in [ORGANIZATION] to [ORGANIZATION], [ORGANIZATION], [PERSON], [PERSON], [PERSON], GPE6, GPE7, GPE8, [PERSON], [PERSON]T",0,0.0,0,1,0
x,389,"[ORGANIZATION] needs volunteers for the DATE0 Point-in-Time ([ORGANIZATION]) Count of sheltered and unsheltered people experiencing homelessness on [LOCATION]; DATE2 from [TIME].

Learn more and sign up to volunteer ⬇ [URL] [ORGANIZATION]",0,0.0,0,1,0
x,390,[USER] [USER] [USER] How much interest on the debt does the [ORGANIZATION] taxpayer pay [ORGANIZATION] instead of using this money to help the homeless in [PERSON]?,0,0.16666666666666666,0,1,0
x,391,"[USER] 

[ORGANIZATION], I've kept track of your activities since the [ORGANIZATION] clean-up.

I was so impressed &amp; grateful with how you spoke in [PERSON] to the critical homeless.

We can now afford 
A REGULAR RECURRING AMOUNT TO 
EARLY VOTE ACTION.

Let's Go!
[USER] [URL]",0,0.0,0,1,0
x,392,"[URL]
[DATE][PERSON][DATE][PERSON][DATE][PERSON][DATE][PERSON][DATE][PERSON][DATE][PERSON][DATE][PERSON][DATE][PERSON][DATE][PERSON]
DATE0
DATE1
DATE2, to overcome
[ORGANIZATION]. 
A lady that genuinely cares about people. 
[DATE][PERSON][DATE][PERSON][DATE][PERSON][DATE][PERSON][DATE][PERSON][DATE][PERSON][DATE][PERSON][DATE][PERSON][DATE][PERSON]",0,0.0,0,1,0
x,393,"It’s DATE0. Homelessness can affect anyone, but [ORGANIZATION] communities and adults without children are disproportionately impacted. Learn more and find [ORGANIZATION] resources 🔗 [URL] [URL]",0,0.0,0,1,0
x,394,.[USER] [ORGANIZATION] #AffordableHousing #Housing #Rent #Mortgage #Home #Apartment #[PERSON] #MDcounties [URL] [URL],0,0.0,0,1,0
x,395,"""We're all in to change—and improve—the housing paradigm in [ORGANIZATION].

FAC0, replacing FAC1, will provide 122 much-needed, high quality and affordable units to working families.""- [ORGANIZATION] Executive
[URL]",0,0.16666666666666666,0,1,0
x,396,"Hundreds of youth and young adults in [ORGANIZATION] face the harsh reality of homelessness, writes [ORGANIZATION], and a significant number of them identify as LGBTQ+. [LOCATION]",0,0.0,0,1,0
x,397,"[USER] [USER] Funny you think or imply whites kill homeless for sport, just look at black on black crime in [ORGANIZATION], [PERSON], [ORGANIZATION], etc. wake up racist.",0,0.0,0,1,0
x,398,&amp; [ORGANIZATION] shared their amazing work in a mixed-income affordable housing development; &amp; ORG1 provided a tour of a six-acre [INSTITUTION] highlighting the neighborhood’s revitalization and greening efforts.,0,0.0,0,1,0
x,399,"Homeless advocates push for improved procedures in [ORGANIZATION] shelters and hotels, aiming to tackle homelessness effectively. [ORGANIZATION]",0,0.0,0,1,0
x,400,[USER] [USER] I lived in [ORGANIZATION] as a child. We moved because of crime and drugs. I lived in [ORGANIZATION] for a short time as an adult. We moved because of crime and homelessness. It's close to a lost cause.,0,0.16666666666666666,0,1,0
x,401,The crisis of LGBTQ+ homelessness in [ORGANIZATION] | GUEST COMMENTARY [URL],0,0.0,0,1,0
x,402,"[USER] The major risk in [ORGANIZATION] is arson squatter takeover if you ever materially leave your property. 

I would only buy in [ORGANIZATION] if I'm going to sleep in my property [TIME] for [ORGANIZATION]. 

I really like the [ORGANIZATION] area but I've seen burnt outs.",0,0.3333333333333333,0,1,0
x,403,"[ORGANIZATION] Mayor [PERSON] says it has been a [ORGANIZATION]-long effort to bring life into the 13,000 vacant properties in the city, and the nearly $51 million in state funding is a tremendous boost. 

 [URL]",0,0.16666666666666666,0,1,0
x,404,"[USER] [USER] Thats not a picture from [ORGANIZATION] dummy.

[URL]",0,0.16666666666666666,0,1,0
x,405,"[ORGANIZATION] is activated &amp; several [PERSON] ([ORGANIZATION]) providers are operating as warming centers. For more information visit🔗[LOCATION]

☎ To get connected to [TIME] emergency shelter, please call ORG2 at [PHONE]. [LOCATION]",0,0.16666666666666666,0,1,0
x,406,This episode of #[PERSON] is about the daughter/father that killed the wife in [ORGANIZATION] and tried to say a panhandler did it,0,0.0,0,1,0
x,407,[USER] I can look at a [STREET] like [ORGANIZATION] or [PERSON] or GPE2 and know it has high crime and homeless rates without needing the data. The data is the cherry on top,0,0.0,0,1,0
x,408,"HEARTBREAKING: A homeless family is pleading with [ORGANIZATION] to help them after a fire recently destroyed their apartment building.

The [ORGANIZATION] hasn’t been in school in [LOCATION]. 

[USER] [USER] 

[URL]",0,0.0,0,1,0
x,409,"[USER] [USER] As a person who went [ORGANIZATION] from drug use for [ORGANIZATION], homeless in [LOCATION] (5 [ORGANIZATION] sober now thank god), I dunno man. There’s a lot of things that could explain it that isn’t “the [ORGANIZATION] mind controlled him to shoot a rich ceo causing the entire country to talk about healthcare”",0,0.0,0,1,0
x,410,"[ORGANIZATION] gifts $65 million to an affordable housing developer, ORG1 names new market leader and more [ORGANIZATION] business news to start [ORGANIZATION]. [URL]",0,0.0,0,1,0
x,411,"There are numerous stories from [ORGANIZATION] that highlight humanity's capacity for good, including initiatives like bookmobiles for kids in [ORGANIZATION], free shoes for the homeless in [PERSON], and promising developments in affordable treatments for skin cancer
.[]([URL] [URL]",0,0.0,0,1,0
x,412,"PERSON0: [ORGANIZATION] purchased [ORGANIZATION] located at [ADDRESS]; ORG1 located at [[ORGANIZATION]; [ADDRESS], for unhoused [ORGANIZATION]; illegal immigrants. 

$15.2 Million for [ORGANIZATION]; $3.2 Million for the management agreement. [URL]",0,0.0,0,1,0
x,413,[ORGANIZATION] Gov. [PERSON] announced a $50.8 million effort to create more affordable housing and rehabilitate vacant buildings in [PERSON] through [ORGANIZATION]. [URL],0,0.0,0,1,0
x,414,[USER] Pope [PERSON]: many of us in [ORGANIZATION] are church homeless and joyless. We will not be celebrating [ORGANIZATION] in the church we chose and have supported. We need new leadership in the [ORGANIZATION] now and we demand that you rescind the decree to close FAC0 and…,0,0.3333333333333333,0,1,0
x,415,"[ORGANIZATION] of #Homeownership in #[PERSON]? 🌟
💸 Find affordable #homes even if your credit isn’t perfect! Our guide to cheap houses 
for sale in [ORGANIZATION] will help you take the first step to owning your dream home.
[URL]
#CheapHouses #[ORGANIZATION]  #Housing [URL]",0,0.16666666666666666,0,1,0
x,416,"[ORGANIZATION] [URL]
[ORGANIZATION] is a new rental housing community on the [LOCATION] side, off FAC0 and FAC1. [URL]",0,0.3333333333333333,0,1,0
x,417,"[USER] Creative Kids in [ORGANIZATION], [PERSON] is a non-profit creative youth development agency that works with kids battling cancer, homeless youth, migrant youth and kids who were in the [ORGANIZATION] mass shooting  using the power of the arts to heal and thrive.

Instagram - [USER].olo",0,0.0,0,1,0
x,418,"Tiny home communities in [ORGANIZATION] could be a game changer. 

Affordable housing, communal spaces, investing in working families, public transportation, and ending the housing crisis is something our new council should prioritize.",0,0.16666666666666666,0,1,0
x,419,[USER] They did a study in [ORGANIZATION]; watched one homeless person with a cardboard sign at anintersection [ORGANIZATION]. They counted # of times person received paper $. Assuming $1 each time made $250./day. 8hr that’s $31.25 per hour. Cash/tax free. $60k per year holding sign [LOCATION]. 🇺[PERSON],0,0.0,0,1,0
x,420,"[ORGANIZATION] needs to focus on affordable housing. 

I recommend they transition some of the newly closed schools, empty warehouses/ buildings, and empty city properties into affordable housing projects. 

Side note: We didn’t open warming centers [ORGANIZATION] [URL]",0,0.0,0,1,0
x,421,"This impressive piece of FAC0 is the work of local artist PERSON0. He says it's made out of a million pieces of glass. 
[URL]",0,0.0,0,1,0
x,422,"Homeless man stabs [ORGANIZATION] guard over chicken wings, says jail is worth a meal [URL]",0,0.16666666666666666,0,1,0
x,423,"The burglary suspect who allegedly stabbed an [ORGANIZATION] guard in [LOCATION], says this is what he has to do to eat. [URL]",0,0.0,0,1,0
x,424,City officials said they are having difficulty addressing a homeless encampment in central [ORGANIZATION]. [ORGANIZATION],1,0.0,0,0,1
x,425,"[ORGANIZATION] sues [ORGANIZATION] church that provides homeless services

PERSON1  [URL]",0,0.16666666666666666,0,1,0
x,426,"[USER] [USER] [USER] Have you seen the homeless in [ORGANIZATION] , [PERSON] , [ORGANIZATION], [PERSON], [PERSON] , [PERSON] , [ORGANIZATION] homelessness is rampant in GPE7 .",0,0.3333333333333333,0,1,0
x,427,"A win for my office, and one we've been working on for [ORGANIZATION]! Reducing crime and recidivism isn't just attained by policing and jailing individuals. I'm proud to lead the [STREET] in dedicating more resources to social services that truly help people.

[ORGANIZATION]",0,0.0,0,1,0
x,428,A church in central [ORGANIZATION] brought [ORGANIZATION] cheer to the community in need. [URL],0,0.16666666666666666,0,1,0
x,429,"Homeless encampments are appearing across [ORGANIZATION], emerging in downtown, central, and east parts of town. [URL]",1,0.16666666666666666,0,0,1
x,430,"Homeless camp in [ORGANIZATION] causing concern for nearby residents
[URL]",1,0.5,0,0,1
x,431,[ORGANIZATION] unveiled the new mural created by local artist PERSON0. [URL],0,0.16666666666666666,0,1,0
x,432,"ORG0 on FAC0 gave out over 100 free meals at [ORGANIZATION], a local nonprofit aiding those experiencing homelessness. [URL]",0,0.3333333333333333,0,1,0
x,433,"[ORGANIZATION] -- GPE0 Police: A [ORGANIZATION] homeless man died after he was struck by a vehicle DATE1 evening, [ORGANIZATION], in [LOCATION].
[URL]",0,0.16666666666666666,0,1,0
x,434,"Our [ORGANIZATION] team and their families spent DATE0 delivering turkeys and all the trimmings to two local convents, helping them serve the homeless community. 

Additionally, they hand-delivered [LOCATION] meal baskets to eight families in need! 🦃🍽️ #SEFL #LTL #trucking [URL]",0,0.0,0,1,0
x,435,"[ORGANIZATION] has announced a $100,000 funding award to ORG1 in [ORGANIZATION]",0,0.0,0,1,0
x,436,"'PERSON0 IS WORTH A MEAL' 🚔 [URL]
The burglary suspect who allegedly stabbed an [ORGANIZATION] guard in [LOCATION], says this is what he has to do to eat. [URL]",0,0.0,0,1,0
x,437,"Notice how they call the [ORGANIZATION] homeless now. Trying to make them sound less criminal. Mainstream media doing what they always do, help the criminal!
[URL]",0,0.0,0,1,0
x,438,"SFC PERSON0 of [ORGANIZATION], was honored by Rep. [PERSON]amp; [ORGANIZATION] for her community impact; housing 11 homeless vets, helping 9 secure jobs, &amp; supporting at-risk youth. A true example of selfless service!

[URL] [URL]",0,0.0,0,1,0
x,439,"[USER]
[URL]",0,0.16666666666666666,0,1,0
x,440,[ORGANIZATION] how i sent my mom a [ORGANIZATION] edit including the [ORGANIZATION] move scene with the message “the horrors of the affordable [PERSON] housing market” bc growing up so many ppl moved away to [PERSON],0,0.16666666666666666,0,1,0
x,441,"[USER] [USER] [USER] [USER] [USER] I remember back in [ORGANIZATION], a guy I was working with told a homeless man that he would help him get a job and temporary housing at the [ORGANIZATION] after he asked for food.
The homeless mon had a fit about it",0,0.0,0,1,0
x,442,"A [ORGANIZATION] homeless man died after he was struck by a vehicle DATE1 evening, [ORGANIZATION], in [ORGANIZATION], according to [PERSON]. [URL]",0,0.0,0,1,0
x,443,"[USER] [USER] No [STREET] that’s downtown [ORGANIZATION], where are all the homeless people. 🤷🏽‍♂️",1,0.3333333333333333,0,0,1
x,444,A new mural of [ORGANIZATION] was unveiled at the [ORGANIZATION] ([ORGANIZATION]) newest affordable housing development in central [ORGANIZATION] on [ORGANIZATION]. [URL],0,0.0,0,1,0
x,445,[USER] Anywhere you aren't homeless lol with these prices damn,0,0.6666666666666666,1,0,0
x,446,"[USER] [USER] [USER] “I really hate seeing the [STREET] homelessness affects people in [ORGANIZATION].”

“Well, you can’t be upset about that unless you’re just as upset about homelessness in [PERSON].”

“Uhh… okay, dude.”",0,0.16666666666666666,0,1,0
x,447,"This #[DATE], we’re highlighting [ORGANIZATION] recent move to invest [ORGANIZATION] funds to support former inmates.

“It's really going to have an impactful, meaningful change in people's lives.” – [USER]

Obligate your [ORGANIZATION] funds by [ORGANIZATION]!
[URL]",0,0.0,0,1,0
x,448,"""I am willing to go to jail as long as I eat,"" the suspect told police.  [URL]",0,0.0,0,1,0
x,449,"[USER] That’s $190,000 per homeless person. 

You could buy them a house.

Cities where the median home price is close to or under $200k:

[ORGANIZATION], [PERSON], [PERSON], [PERSON], GPE7
GPE8, [PERSON], GPE10",0,0.3333333333333333,0,1,0
x,450,[ORGANIZATION] to hold candle-lighting ceremony in honor of ...  via [ORGANIZATION] [URL],0,0.0,0,1,0
x,451,"#[PERSON] awarded $100,000 to [PERSON] (ORG3) to enhance employment and education-related skills for [DATE] and migrant farmworkers. The award was part of a $300,000 discretionary fund award under the CSBG Program. [PERSON]",0,0.0,0,1,0
x,452,"Did your Black flunky mayor get the🐀[ORGANIZATION]'s memo 2 stick it 2 Rump instead of serving you by refusing 2 deport migrants + give them Black taxpayers'💰 4 shelter+food while Black citizens go homeless? [ORGANIZATION] mayors did.

 Charity starts at 🏠.

[URL]",0,0.3333333333333333,0,1,0
x,453,"PERSON0 Instead of peacocking on social media for your next job, how about you concentrate  on the gaggles of homeless people in [ORGANIZATION]?",0,0.3333333333333333,0,1,0
x,454,[USER] Just what [ORGANIZATION] needs...another beggar.,1,0.3333333333333333,0,0,1
x,455,"[ORGANIZATION] area in [ORGANIZATION] is facing a housing crisis. 40% of people in this area live in poverty, and the city lacks 20,000 affordable housing units. Initiatives like [ORGANIZATION] to fix old housing, but progress depends on securing funding. [URL]",0,0.3333333333333333,0,1,0
