source,edit,vote_fraction_original,original_text,counterfactual_text,triggers_removed,before_affordable_housing,before_question_mark,before_opposition_verbs,before_housing_general,after_affordable_housing,after_question_mark,after_opposition_verbs,after_housing_general
reddit,strip_question,0.5,Are you implying that local police beat panhandlers with batons?  Because they don't .,Are you implying that local police beat panhandlers with batons  Because they don't .,1,False,True,False,False,False,False,False,False
reddit,add_opposition_suffix,0.5,Are you implying that local police beat panhandlers with batons?  Because they don't .,Are you implying that local police beat panhandlers with batons?  Because they don't . I don't want a shelter in my neighborhood.,0,False,True,False,False,False,True,True,True
reddit,add_opposition_suffix,0.5,"I’ve said before. Have it in the middle of [ORGANIZATION]. That’s where most of the supporters who would help the homeless are. 

It’s in the center of everything so mobility would be an ease, it’s close to everything essential, emergency services, stores, etc.

Don’t know why they want it so far aw","I’ve said before. Have it in the middle of [ORGANIZATION]. That’s where most of the supporters who would help the homeless are. 

It’s in the center of everything so mobility would be an ease, it’s close to everything essential, emergency services, stores, etc.

Don’t know why they want it so far aw",0,False,False,False,True,False,False,True,True
reddit,remove_housing_lexicon,0.5,"I’ve said before. Have it in the middle of [ORGANIZATION]. That’s where most of the supporters who would help the homeless are. 

It’s in the center of everything so mobility would be an ease, it’s close to everything essential, emergency services, stores, etc.

Don’t know why they want it so far aw","I’ve said before. Have it in the middle of [ORGANIZATION]. That’s where most of the supporters who would help the community are. 

It’s in the center of everything so mobility would be an ease, it’s close to everything essential, emergency services, stores, etc.

Don’t know why they want it so far a",1,False,False,False,True,False,False,False,False
reddit,add_opposition_suffix,0.6666666666666666,"Hey neighbor, I live over here as well! 

I share a lot of your concerns, but we have to remember that this needs to go *somewhere*. Its probably going to have a negative impact wherever it goes, it just happens we drew the short straw this time. I already sent an email to [ORGANIZATION] (and I shou","Hey neighbor, I live over here as well! 

I share a lot of your concerns, but we have to remember that this needs to go *somewhere*. Its probably going to have a negative impact wherever it goes, it just happens we drew the short straw this time. I already sent an email to [ORGANIZATION] (and I shou",0,False,False,False,True,False,False,True,True
reddit,remove_housing_lexicon,0.6666666666666666,"Hey neighbor, I live over here as well! 

I share a lot of your concerns, but we have to remember that this needs to go *somewhere*. Its probably going to have a negative impact wherever it goes, it just happens we drew the short straw this time. I already sent an email to [ORGANIZATION] (and I shou","Hey neighbor, I live over here as well! 

I share a lot of your concerns, but we have to remember that this needs to go *somewhere*. Its probably going to have a negative impact wherever it goes, it just happens we drew the short straw this time. I already sent an email to [ORGANIZATION] (and I shou",1,False,False,False,True,False,False,False,False
reddit,strip_question,0.8333333333333334,"The meeting was a great showing of varying community opinion. Went from [TIME].

\- PERSON0 got truly irate

\- PERSON1 (mayors office) got called out for unintentionally lying and providing partial information [ORGANIZATION] night to council. [TIME] before the meeting too.

\- The main guy from [OR","The meeting was a great showing of varying community opinion. Went from [TIME].

\- PERSON0 got truly irate

\- PERSON1 (mayors office) got called out for unintentionally lying and providing partial information [ORGANIZATION] night to council. [TIME] before the meeting too.

\- The main guy from [OR",1,False,True,True,True,False,False,True,True
reddit,add_opposition_suffix,0.8333333333333334,"The meeting was a great showing of varying community opinion. Went from [TIME].

\- PERSON0 got truly irate

\- PERSON1 (mayors office) got called out for unintentionally lying and providing partial information [ORGANIZATION] night to council. [TIME] before the meeting too.

\- The main guy from [OR","The meeting was a great showing of varying community opinion. Went from [TIME].

\- PERSON0 got truly irate

\- PERSON1 (mayors office) got called out for unintentionally lying and providing partial information [ORGANIZATION] night to council. [TIME] before the meeting too.

\- The main guy from [OR",0,False,True,True,True,False,True,True,True
reddit,remove_housing_lexicon,0.8333333333333334,"The meeting was a great showing of varying community opinion. Went from [TIME].

\- PERSON0 got truly irate

\- PERSON1 (mayors office) got called out for unintentionally lying and providing partial information [ORGANIZATION] night to council. [TIME] before the meeting too.

\- The main guy from [OR","The meeting was a great showing of varying community opinion. Went from [TIME].

\- PERSON0 got truly irate

\- PERSON1 (mayors office) got called out for unintentionally lying and providing partial information [ORGANIZATION] night to council. [TIME] before the meeting too.

\- The main guy from [OR",1,False,True,True,True,False,True,True,False
reddit,add_opposition_suffix,0.5,"Yeah on my phone and trying to figure out how to share a [ORGANIZATION]. It's 20-22 units, they have leases, and some pay a small portion of rent but not usually. Originally (DATE0) it was a part time maintenance person, [TIME] a week apt/community manager, and [TIME] a week for a off-duty cop. RA m","Yeah on my phone and trying to figure out how to share a [ORGANIZATION]. It's 20-22 units, they have leases, and some pay a small portion of rent but not usually. Originally (DATE0) it was a part time maintenance person, [TIME] a week apt/community manager, and [TIME] a week for a off-duty cop. RA m",0,False,False,False,True,False,False,True,True
reddit,remove_housing_lexicon,0.5,"Yeah on my phone and trying to figure out how to share a [ORGANIZATION]. It's 20-22 units, they have leases, and some pay a small portion of rent but not usually. Originally (DATE0) it was a part time maintenance person, [TIME] a week apt/community manager, and [TIME] a week for a off-duty cop. RA m","Yeah on my phone and trying to figure out how to share a [ORGANIZATION]. It's 20-22 units, they have leases, and some pay a small portion of rent but not usually. Originally (DATE0) it was a part time maintenance person, [TIME] a week apt/community manager, and [TIME] a week for a off-duty cop. RA m",1,False,False,False,True,False,False,False,False
reddit,add_opposition_suffix,0.6666666666666666,"6 units out of 60 I think is ridiculous for 1 million, but also 6 units out of 60 for helping homeless people doesn’t mean your area is going to be filled with former homeless people. I think there’s a huge lack of transparency with the funding, and a lot of locals who want homelessness to go away w","6 units out of 60 I think is ridiculous for 1 million, but also 6 units out of 60 for helping homeless people doesn’t mean your area is going to be filled with former homeless people. I think there’s a huge lack of transparency with the funding, and a lot of locals who want homelessness to go away w",0,False,False,False,True,False,False,True,True
reddit,remove_housing_lexicon,0.6666666666666666,"6 units out of 60 I think is ridiculous for 1 million, but also 6 units out of 60 for helping homeless people doesn’t mean your area is going to be filled with former homeless people. I think there’s a huge lack of transparency with the funding, and a lot of locals who want homelessness to go away w","6 units out of 60 I think is ridiculous for 1 million, but also 6 units out of 60 for helping community people doesn’t mean your area is going to be filled with former community people. I think there’s a huge lack of transparency with the funding, and a lot of locals who want homelessness to go away",1,False,False,False,True,False,False,False,False
reddit,add_opposition_suffix,0.6666666666666666,"""“The city needs a more active role in that,” he said, noting that the city of [ORGANIZATION] recently funded transitional housing for about 25 homeless people"" 

I read it wrong. My bad. They were referring to fining housing for our own homeless. ","""“The city needs a more active role in that,” he said, noting that the city of [ORGANIZATION] recently funded transitional housing for about 25 homeless people"" 

I read it wrong. My bad. They were referring to fining housing for our own homeless. I don't want a shelter in my neighborhood.",0,False,False,False,True,False,False,True,True
reddit,remove_housing_lexicon,0.6666666666666666,"""“The city needs a more active role in that,” he said, noting that the city of [ORGANIZATION] recently funded transitional housing for about 25 homeless people"" 

I read it wrong. My bad. They were referring to fining housing for our own homeless. ","""“The city needs a more active role in that,” he said, noting that the city of [ORGANIZATION] recently funded transitional community for about 25 community people"" 

I read it wrong. My bad. They were referring to fining community for our own community. ",1,False,False,False,True,False,False,False,False
reddit,add_opposition_suffix,0.5,"Definitely more than four homeless in [ORGANIZATION], but yeah, we dont have it nearly as bad as other cities. Out West, where they dont have to contend with brutal [ORGANIZATION], there are full encampments and they are everywhere. ","Definitely more than four homeless in [ORGANIZATION], but yeah, we dont have it nearly as bad as other cities. Out West, where they dont have to contend with brutal [ORGANIZATION], there are full encampments and they are everywhere. I don't want a shelter in my neighborhood.",0,False,False,False,True,False,False,True,True
reddit,remove_housing_lexicon,0.5,"Definitely more than four homeless in [ORGANIZATION], but yeah, we dont have it nearly as bad as other cities. Out West, where they dont have to contend with brutal [ORGANIZATION], there are full encampments and they are everywhere. ","Definitely more than four community in [ORGANIZATION], but yeah, we dont have it nearly as bad as other cities. Out West, where they dont have to contend with brutal [ORGANIZATION], there are full encampments and they are everywhere. ",1,False,False,False,True,False,False,False,False
reddit,add_opposition_suffix,0.8333333333333334,Right  next to the homeless  incampment would be a great  [STREET],Right  next to the homeless  incampment would be a great  [STREET] I don't want a shelter in my neighborhood.,0,False,False,False,True,False,False,True,True
reddit,remove_housing_lexicon,0.8333333333333334,Right  next to the homeless  incampment would be a great  [STREET],Right  next to the community  incampment would be a great  [STREET],1,False,False,False,True,False,False,False,False
reddit,add_opposition_suffix,0.8333333333333334,Not even just [ORGANIZATION] but [PERSON] and GPE2. As far as I know neither places have a [INSTITUTION] so they come here and then everyone claims we have the homeless problem while we're basically subsidizing the entire region.,Not even just [ORGANIZATION] but [PERSON] and GPE2. As far as I know neither places have a [INSTITUTION] so they come here and then everyone claims we have the homeless problem while we're basically subsidizing the entire region. I don't want a shelter in my neighborhood.,0,False,False,False,True,False,False,True,True
reddit,remove_housing_lexicon,0.8333333333333334,Not even just [ORGANIZATION] but [PERSON] and GPE2. As far as I know neither places have a [INSTITUTION] so they come here and then everyone claims we have the homeless problem while we're basically subsidizing the entire region.,Not even just [ORGANIZATION] but [PERSON] and GPE2. As far as I know neither places have a [INSTITUTION] so they come here and then everyone claims we have the community problem while we're basically subsidizing the entire region.,1,False,False,False,True,False,False,False,False
reddit,add_opposition_suffix,0.6666666666666666,"So, I've changed a lot on this one over time. I spent [ORGANIZATION] as an advocate working against chronic homelessness, have participated on some of the city's [LOCATION] on homelessness, etc, but I don't think the city, nor this take are being entirely generous.

1 - yes, housing first is scienti","So, I've changed a lot on this one over time. I spent [ORGANIZATION] as an advocate working against chronic homelessness, have participated on some of the city's [LOCATION] on homelessness, etc, but I don't think the city, nor this take are being entirely generous.

1 - yes, housing first is scienti",0,False,False,True,True,False,False,True,True
reddit,remove_housing_lexicon,0.6666666666666666,"So, I've changed a lot on this one over time. I spent [ORGANIZATION] as an advocate working against chronic homelessness, have participated on some of the city's [LOCATION] on homelessness, etc, but I don't think the city, nor this take are being entirely generous.

1 - yes, housing first is scienti","So, I've changed a lot on this one over time. I spent [ORGANIZATION] as an advocate working against chronic homelessness, have participated on some of the city's [LOCATION] on homelessness, etc, but I don't think the city, nor this take are being entirely generous.

1 - yes, community first is scien",1,False,False,True,True,False,False,True,False
reddit,strip_question,0.5,"News Flash, the roads are open, you can leave anytime. ""Stuck here because of FAC0"" was a thing for [ORGANIZATION], now if you are stuck its because you choose to be.  I left that city [DATE] and never came back.  Does anyone realize the reason this is happening is because of the policies set by the","News Flash, the roads are open, you can leave anytime. ""Stuck here because of FAC0"" was a thing for [ORGANIZATION], now if you are stuck its because you choose to be.  I left that city [DATE] and never came back.  Does anyone realize the reason this is happening is because of the policies set by the",1,False,True,False,True,False,False,False,True
reddit,add_opposition_suffix,0.5,"News Flash, the roads are open, you can leave anytime. ""Stuck here because of FAC0"" was a thing for [ORGANIZATION], now if you are stuck its because you choose to be.  I left that city [DATE] and never came back.  Does anyone realize the reason this is happening is because of the policies set by the","News Flash, the roads are open, you can leave anytime. ""Stuck here because of FAC0"" was a thing for [ORGANIZATION], now if you are stuck its because you choose to be.  I left that city [DATE] and never came back.  Does anyone realize the reason this is happening is because of the policies set by the",0,False,True,False,True,False,True,True,True
reddit,remove_housing_lexicon,0.5,"News Flash, the roads are open, you can leave anytime. ""Stuck here because of FAC0"" was a thing for [ORGANIZATION], now if you are stuck its because you choose to be.  I left that city [DATE] and never came back.  Does anyone realize the reason this is happening is because of the policies set by the","News Flash, the roads are open, you can leave anytime. ""Stuck here because of FAC0"" was a thing for [ORGANIZATION], now if you are stuck its because you choose to be.  I left that city [DATE] and never came back.  Does anyone realize the reason this is happening is because of the policies set by the",1,False,True,False,True,False,True,False,False
reddit,strip_question,0.5,"Her latest post justifying why the hands out blankets and tents.  Hey [ORGANIZATION], when are you going to clean up all the blankets and tents that get dumped in your neighborhood by the same people?   Is [ORGANIZATION] going to work on the 11th Ward Clean Up DATE0? 

Does anyone have insight on ho","Her latest post justifying why the hands out blankets and tents.  Hey [ORGANIZATION], when are you going to clean up all the blankets and tents that get dumped in your neighborhood by the same people   Is [ORGANIZATION] going to work on the 11th Ward Clean Up DATE0 

Does anyone have insight on how ",1,False,True,False,True,False,False,False,True
reddit,add_opposition_suffix,0.5,"Her latest post justifying why the hands out blankets and tents.  Hey [ORGANIZATION], when are you going to clean up all the blankets and tents that get dumped in your neighborhood by the same people?   Is [ORGANIZATION] going to work on the 11th Ward Clean Up DATE0? 

Does anyone have insight on ho","Her latest post justifying why the hands out blankets and tents.  Hey [ORGANIZATION], when are you going to clean up all the blankets and tents that get dumped in your neighborhood by the same people?   Is [ORGANIZATION] going to work on the 11th Ward Clean Up DATE0? 

Does anyone have insight on ho",0,False,True,False,True,False,True,True,True
reddit,remove_housing_lexicon,0.5,"Her latest post justifying why the hands out blankets and tents.  Hey [ORGANIZATION], when are you going to clean up all the blankets and tents that get dumped in your neighborhood by the same people?   Is [ORGANIZATION] going to work on the 11th Ward Clean Up DATE0? 

Does anyone have insight on ho","Her latest post justifying why the hands out blankets and tents.  Hey [ORGANIZATION], when are you going to clean up all the blankets and tents that get dumped in your neighborhood by the same people?   Is [ORGANIZATION] going to work on the 11th Ward Clean Up DATE0? 

Does anyone have insight on ho",1,False,True,False,True,False,True,False,False
reddit,add_opposition_suffix,0.5,"[ORGANIZATION] (now called something else that I can’t remember): [PHONE]. 

There’s also the homeless hotline (based in [ORGANIZATION] human services): [PHONE] extension 5. 

Emergency housing in [ORGANIZATION] is damn near impossible to navigate and I’m sorry you’re experiencing it firsthand. Even","[ORGANIZATION] (now called something else that I can’t remember): [PHONE]. 

There’s also the homeless hotline (based in [ORGANIZATION] human services): [PHONE] extension 5. 

Emergency housing in [ORGANIZATION] is damn near impossible to navigate and I’m sorry you’re experiencing it firsthand. Even",0,False,False,False,True,False,False,True,True
reddit,remove_housing_lexicon,0.5,"[ORGANIZATION] (now called something else that I can’t remember): [PHONE]. 

There’s also the homeless hotline (based in [ORGANIZATION] human services): [PHONE] extension 5. 

Emergency housing in [ORGANIZATION] is damn near impossible to navigate and I’m sorry you’re experiencing it firsthand. Even","[ORGANIZATION] (now called something else that I can’t remember): [PHONE]. 

There’s also the community hotline (based in [ORGANIZATION] human services): [PHONE] extension 5. 

Emergency community in [ORGANIZATION] is damn near impossible to navigate and I’m sorry you’re experiencing it firsthand. E",1,False,False,False,True,False,False,False,False
reddit,strip_question,0.5,"Even if there is homeless people coming to [ORGANIZATION], so what? Theyre people, they need shelter too. If you say you want to end homelessness but ONLY in your area, thats not ending homelessness, thats just making it so YOU dont have to see homeless people. If we have enough money and grants we ","Even if there is homeless people coming to [ORGANIZATION], so what Theyre people, they need shelter too. If you say you want to end homelessness but ONLY in your area, thats not ending homelessness, thats just making it so YOU dont have to see homeless people. If we have enough money and grants we s",1,False,True,False,True,False,False,False,True
reddit,add_opposition_suffix,0.5,"Even if there is homeless people coming to [ORGANIZATION], so what? Theyre people, they need shelter too. If you say you want to end homelessness but ONLY in your area, thats not ending homelessness, thats just making it so YOU dont have to see homeless people. If we have enough money and grants we ","Even if there is homeless people coming to [ORGANIZATION], so what? Theyre people, they need shelter too. If you say you want to end homelessness but ONLY in your area, thats not ending homelessness, thats just making it so YOU dont have to see homeless people. If we have enough money and grants we ",0,False,True,False,True,False,True,True,True
reddit,remove_housing_lexicon,0.5,"Even if there is homeless people coming to [ORGANIZATION], so what? Theyre people, they need shelter too. If you say you want to end homelessness but ONLY in your area, thats not ending homelessness, thats just making it so YOU dont have to see homeless people. If we have enough money and grants we ","Even if there is community people coming to [ORGANIZATION], so what? Theyre people, they need community too. If you say you want to end homelessness but ONLY in your area, thats not ending homelessness, thats just making it so YOU dont have to see community people. If we have enough money and grants",1,False,True,False,True,False,True,False,False
reddit,strip_question,0.5,"Have you offered your own backyard as a potential location? Or maybe just your couch if you don't have a backyard? I'm sure you have. And a pip pip cheerio to you! We all ought to lead by example, like you, and offer our own backyards to the homeless so we can then go on [ORGANIZATION] and cast scor","Have you offered your own backyard as a potential location Or maybe just your couch if you don't have a backyard I'm sure you have. And a pip pip cheerio to you! We all ought to lead by example, like you, and offer our own backyards to the homeless so we can then go on [ORGANIZATION] and cast scorn ",1,False,True,False,True,False,False,False,True
reddit,add_opposition_suffix,0.5,"Have you offered your own backyard as a potential location? Or maybe just your couch if you don't have a backyard? I'm sure you have. And a pip pip cheerio to you! We all ought to lead by example, like you, and offer our own backyards to the homeless so we can then go on [ORGANIZATION] and cast scor","Have you offered your own backyard as a potential location? Or maybe just your couch if you don't have a backyard? I'm sure you have. And a pip pip cheerio to you! We all ought to lead by example, like you, and offer our own backyards to the homeless so we can then go on [ORGANIZATION] and cast scor",0,False,True,False,True,False,True,True,True
reddit,remove_housing_lexicon,0.5,"Have you offered your own backyard as a potential location? Or maybe just your couch if you don't have a backyard? I'm sure you have. And a pip pip cheerio to you! We all ought to lead by example, like you, and offer our own backyards to the homeless so we can then go on [ORGANIZATION] and cast scor","Have you offered your own backyard as a potential location? Or maybe just your couch if you don't have a backyard? I'm sure you have. And a pip pip cheerio to you! We all ought to lead by example, like you, and offer our own backyards to the community so we can then go on [ORGANIZATION] and cast sco",1,False,True,False,True,False,True,False,False
reddit,add_opposition_suffix,0.6666666666666666,Because [ORGANIZATION] shut down their homeless center and sent them to you.,Because [ORGANIZATION] shut down their homeless center and sent them to you. I don't want a shelter in my neighborhood.,0,False,False,False,True,False,False,True,True
reddit,remove_housing_lexicon,0.6666666666666666,Because [ORGANIZATION] shut down their homeless center and sent them to you.,Because [ORGANIZATION] shut down their community center and sent them to you.,1,False,False,False,True,False,False,False,False
reddit,strip_question,0.5,">I'd get calls from housing assistance places all the time. Sure, a tenant has a deposit and [ORGANIZATION] rent, but then what? Kicking people out is expensive and takes [LOCATION], meanwhile I had mortgages and other bills that I still have to pay.

This is exactly the issue exemplified in a lot o",">I'd get calls from housing assistance places all the time. Sure, a tenant has a deposit and [ORGANIZATION] rent, but then what Kicking people out is expensive and takes [LOCATION], meanwhile I had mortgages and other bills that I still have to pay.

This is exactly the issue exemplified in a lot of",1,False,True,False,True,False,False,False,True
reddit,add_opposition_suffix,0.5,">I'd get calls from housing assistance places all the time. Sure, a tenant has a deposit and [ORGANIZATION] rent, but then what? Kicking people out is expensive and takes [LOCATION], meanwhile I had mortgages and other bills that I still have to pay.

This is exactly the issue exemplified in a lot o",">I'd get calls from housing assistance places all the time. Sure, a tenant has a deposit and [ORGANIZATION] rent, but then what? Kicking people out is expensive and takes [LOCATION], meanwhile I had mortgages and other bills that I still have to pay.

This is exactly the issue exemplified in a lot o",0,False,True,False,True,False,True,True,True
reddit,remove_housing_lexicon,0.5,">I'd get calls from housing assistance places all the time. Sure, a tenant has a deposit and [ORGANIZATION] rent, but then what? Kicking people out is expensive and takes [LOCATION], meanwhile I had mortgages and other bills that I still have to pay.

This is exactly the issue exemplified in a lot o",">I'd get calls from community assistance places all the time. Sure, a tenant has a deposit and [ORGANIZATION] rent, but then what? Kicking people out is expensive and takes [LOCATION], meanwhile I had mortgages and other bills that I still have to pay.

This is exactly the issue exemplified in a lot",1,False,True,False,True,False,True,False,False
reddit,add_opposition_suffix,0.5,"While this is true, you have to admit that [ORGANIZATION] has a shocking number of homeless for a city of its size. I travel quite a bit to cities big and small, and [ORGANIZATION]’s homeless problem on a per capita level is bad, there’s no sugarcoating it.","While this is true, you have to admit that [ORGANIZATION] has a shocking number of homeless for a city of its size. I travel quite a bit to cities big and small, and [ORGANIZATION]’s homeless problem on a per capita level is bad, there’s no sugarcoating it. I don't want a shelter in my neighborhood.",0,False,False,False,True,False,False,True,True
reddit,remove_housing_lexicon,0.5,"While this is true, you have to admit that [ORGANIZATION] has a shocking number of homeless for a city of its size. I travel quite a bit to cities big and small, and [ORGANIZATION]’s homeless problem on a per capita level is bad, there’s no sugarcoating it.","While this is true, you have to admit that [ORGANIZATION] has a shocking number of community for a city of its size. I travel quite a bit to cities big and small, and [ORGANIZATION]’s community problem on a per capita level is bad, there’s no sugarcoating it.",1,False,False,False,True,False,False,False,False
reddit,strip_question,0.5,Nice! I like it. There's no reason people need to shit in front of someone's doorway. I have several ideas on how to keep them away but I'm sure they're not politically correct enough for this forum. And for those down voting how bout we let them shit on your porch? I have empathy for the homeless a,Nice! I like it. There's no reason people need to shit in front of someone's doorway. I have several ideas on how to keep them away but I'm sure they're not politically correct enough for this forum. And for those down voting how bout we let them shit on your porch I have empathy for the homeless an,1,False,True,False,True,False,False,False,True
reddit,add_opposition_suffix,0.5,Nice! I like it. There's no reason people need to shit in front of someone's doorway. I have several ideas on how to keep them away but I'm sure they're not politically correct enough for this forum. And for those down voting how bout we let them shit on your porch? I have empathy for the homeless a,Nice! I like it. There's no reason people need to shit in front of someone's doorway. I have several ideas on how to keep them away but I'm sure they're not politically correct enough for this forum. And for those down voting how bout we let them shit on your porch? I have empathy for the homeless a,0,False,True,False,True,False,True,True,True
reddit,remove_housing_lexicon,0.5,Nice! I like it. There's no reason people need to shit in front of someone's doorway. I have several ideas on how to keep them away but I'm sure they're not politically correct enough for this forum. And for those down voting how bout we let them shit on your porch? I have empathy for the homeless a,Nice! I like it. There's no reason people need to shit in front of someone's doorway. I have several ideas on how to keep them away but I'm sure they're not politically correct enough for this forum. And for those down voting how bout we let them shit on your porch? I have empathy for the community ,1,False,True,False,True,False,True,False,False
reddit,strip_question,0.5,What would a conservative mayor do? I'm not sure how she's responsible for homeless people. What did she do that was destructive? What policies attracted crime and homeless? Are you scared of tents? You can't just kidnap homeless people and put them in jail or a mental institution. It's not [ORGANIZ,What would a conservative mayor do I'm not sure how she's responsible for homeless people. What did she do that was destructive What policies attracted crime and homeless Are you scared of tents You can't just kidnap homeless people and put them in jail or a mental institution. It's not [ORGANIZATIO,1,False,True,False,True,False,False,False,True
reddit,add_opposition_suffix,0.5,What would a conservative mayor do? I'm not sure how she's responsible for homeless people. What did she do that was destructive? What policies attracted crime and homeless? Are you scared of tents? You can't just kidnap homeless people and put them in jail or a mental institution. It's not [ORGANIZ,What would a conservative mayor do? I'm not sure how she's responsible for homeless people. What did she do that was destructive? What policies attracted crime and homeless? Are you scared of tents? You can't just kidnap homeless people and put them in jail or a mental institution. It's not [ORGANIZ,0,False,True,False,True,False,True,True,True
reddit,remove_housing_lexicon,0.5,What would a conservative mayor do? I'm not sure how she's responsible for homeless people. What did she do that was destructive? What policies attracted crime and homeless? Are you scared of tents? You can't just kidnap homeless people and put them in jail or a mental institution. It's not [ORGANIZ,What would a conservative mayor do? I'm not sure how she's responsible for community people. What did she do that was destructive? What policies attracted crime and community? Are you scared of tents? You can't just kidnap community people and put them in jail or a mental institution. It's not [ORGA,1,False,True,False,True,False,True,False,False
reddit,strip_question,0.6666666666666666,"That's not a solution, though; it doesn't solve the problem. It just dumps it on another city.

I mean, how would you feel if [ORGANIZATION] just started dumping off hundreds of homeless people a day at the [ORGANIZATION] station downtown?

It might be cheaper for [PERSON], but it hurts the country ","That's not a solution, though; it doesn't solve the problem. It just dumps it on another city.

I mean, how would you feel if [ORGANIZATION] just started dumping off hundreds of homeless people a day at the [ORGANIZATION] station downtown

It might be cheaper for [PERSON], but it hurts the country b",1,False,True,False,True,False,False,False,True
reddit,add_opposition_suffix,0.6666666666666666,"That's not a solution, though; it doesn't solve the problem. It just dumps it on another city.

I mean, how would you feel if [ORGANIZATION] just started dumping off hundreds of homeless people a day at the [ORGANIZATION] station downtown?

It might be cheaper for [PERSON], but it hurts the country ","That's not a solution, though; it doesn't solve the problem. It just dumps it on another city.

I mean, how would you feel if [ORGANIZATION] just started dumping off hundreds of homeless people a day at the [ORGANIZATION] station downtown?

It might be cheaper for [PERSON], but it hurts the country ",0,False,True,False,True,False,True,True,True
reddit,remove_housing_lexicon,0.6666666666666666,"That's not a solution, though; it doesn't solve the problem. It just dumps it on another city.

I mean, how would you feel if [ORGANIZATION] just started dumping off hundreds of homeless people a day at the [ORGANIZATION] station downtown?

It might be cheaper for [PERSON], but it hurts the country ","That's not a solution, though; it doesn't solve the problem. It just dumps it on another city.

I mean, how would you feel if [ORGANIZATION] just started dumping off hundreds of community people a day at the [ORGANIZATION] station downtown?

It might be cheaper for [PERSON], but it hurts the country",1,False,True,False,True,False,True,False,False
reddit,strip_question,0.5,"This isn't taking people's possessions for the most part - there are dozens of abandoned camps that are full of garbage and waste so disgusting even the homeless that lived there have moved on from it. I'm sure there are a few exceptions to that rule, but what else are we supposed to do? Leave these","This isn't taking people's possessions for the most part - there are dozens of abandoned camps that are full of garbage and waste so disgusting even the homeless that lived there have moved on from it. I'm sure there are a few exceptions to that rule, but what else are we supposed to do Leave these ",1,False,True,False,True,False,False,False,True
reddit,add_opposition_suffix,0.5,"This isn't taking people's possessions for the most part - there are dozens of abandoned camps that are full of garbage and waste so disgusting even the homeless that lived there have moved on from it. I'm sure there are a few exceptions to that rule, but what else are we supposed to do? Leave these","This isn't taking people's possessions for the most part - there are dozens of abandoned camps that are full of garbage and waste so disgusting even the homeless that lived there have moved on from it. I'm sure there are a few exceptions to that rule, but what else are we supposed to do? Leave these",0,False,True,False,True,False,True,True,True
reddit,remove_housing_lexicon,0.5,"This isn't taking people's possessions for the most part - there are dozens of abandoned camps that are full of garbage and waste so disgusting even the homeless that lived there have moved on from it. I'm sure there are a few exceptions to that rule, but what else are we supposed to do? Leave these","This isn't taking people's possessions for the most part - there are dozens of abandoned camps that are full of garbage and waste so disgusting even the community that lived there have moved on from it. I'm sure there are a few exceptions to that rule, but what else are we supposed to do? Leave thes",1,False,True,False,True,False,True,False,False
reddit,strip_question,0.5,"What exactly would you expect to be done with these “extra public funds”? Government work projects? Maybe infrastructure projects? Are those things not just gentrification by a different mean? Gentrification is not a bad thing, but for many it sure has become a buzzword with negative connotations.

","What exactly would you expect to be done with these “extra public funds” Government work projects Maybe infrastructure projects Are those things not just gentrification by a different mean Gentrification is not a bad thing, but for many it sure has become a buzzword with negative connotations.

How ",1,False,True,False,True,False,False,False,True
reddit,add_opposition_suffix,0.5,"What exactly would you expect to be done with these “extra public funds”? Government work projects? Maybe infrastructure projects? Are those things not just gentrification by a different mean? Gentrification is not a bad thing, but for many it sure has become a buzzword with negative connotations.

","What exactly would you expect to be done with these “extra public funds”? Government work projects? Maybe infrastructure projects? Are those things not just gentrification by a different mean? Gentrification is not a bad thing, but for many it sure has become a buzzword with negative connotations.

",0,False,True,False,True,False,True,True,True
reddit,remove_housing_lexicon,0.5,"What exactly would you expect to be done with these “extra public funds”? Government work projects? Maybe infrastructure projects? Are those things not just gentrification by a different mean? Gentrification is not a bad thing, but for many it sure has become a buzzword with negative connotations.

","What exactly would you expect to be done with these “extra public funds”? Government work projects? Maybe infrastructure projects? Are those things not just gentrification by a different mean? Gentrification is not a bad thing, but for many it sure has become a buzzword with negative connotations.

",1,False,True,False,True,False,True,False,False
reddit,remove_affordable_housing,0.5,"As a [ORGANIZATION] resident, not what I would consider affordable housing. Maybe west of downtown towards FAC0, but in my neighborhood houses are priced at around $220 a foot which are [PERSON] prices. Not to mention my RE taxes went up 11% DATE0.

Not trying to being a jerk or anything by my respo","As a [ORGANIZATION] resident, not what I would consider housing. Maybe west of downtown towards FAC0, but in my neighborhood houses are priced at around $220 a foot which are [PERSON] prices. Not to mention my RE taxes went up 11% DATE0.

Not trying to being a jerk or anything by my response or anyt",1,True,False,False,True,False,False,False,True
reddit,add_opposition_suffix,0.5,"As a [ORGANIZATION] resident, not what I would consider affordable housing. Maybe west of downtown towards FAC0, but in my neighborhood houses are priced at around $220 a foot which are [PERSON] prices. Not to mention my RE taxes went up 11% DATE0.

Not trying to being a jerk or anything by my respo","As a [ORGANIZATION] resident, not what I would consider affordable housing. Maybe west of downtown towards FAC0, but in my neighborhood houses are priced at around $220 a foot which are [PERSON] prices. Not to mention my RE taxes went up 11% DATE0.

Not trying to being a jerk or anything by my respo",0,True,False,False,True,True,False,True,True
reddit,remove_housing_lexicon,0.5,"As a [ORGANIZATION] resident, not what I would consider affordable housing. Maybe west of downtown towards FAC0, but in my neighborhood houses are priced at around $220 a foot which are [PERSON] prices. Not to mention my RE taxes went up 11% DATE0.

Not trying to being a jerk or anything by my respo","As a [ORGANIZATION] resident, not what I would consider community. Maybe west of downtown towards FAC0, but in my neighborhood houses are priced at around $220 a foot which are [PERSON] prices. Not to mention my RE taxes went up 11% DATE0.

Not trying to being a jerk or anything by my response or an",2,True,False,False,True,False,False,False,False
reddit,add_opposition_suffix,0.5,"this, I have a [TIME] commute home interrupted by waiting [TIME] to cross FAC0, god forbid some chucklehead blocks the light trying to pull into [ORGANIZATION] and now add in the endless pedestrian traffic also trying to cross without a protected light, easily the most f'd up intersection in [ORGANI","this, I have a [TIME] commute home interrupted by waiting [TIME] to cross FAC0, god forbid some chucklehead blocks the light trying to pull into [ORGANIZATION] and now add in the endless pedestrian traffic also trying to cross without a protected light, easily the most f'd up intersection in [ORGANI",0,False,False,False,True,False,False,True,True
reddit,remove_housing_lexicon,0.5,"this, I have a [TIME] commute home interrupted by waiting [TIME] to cross FAC0, god forbid some chucklehead blocks the light trying to pull into [ORGANIZATION] and now add in the endless pedestrian traffic also trying to cross without a protected light, easily the most f'd up intersection in [ORGANI","this, I have a [TIME] commute home interrupted by waiting [TIME] to cross FAC0, god forbid some chucklehead blocks the light trying to pull into [ORGANIZATION] and now add in the endless pedestrian traffic also trying to cross without a protected light, easily the most f'd up intersection in [ORGANI",1,False,False,False,True,False,False,False,False
reddit,remove_affordable_housing,0.6666666666666666,"Everybody wants more affordable housing and to live within walking distance to things, but nobody seems willing to abandon the idea of their own home on a lot with a two-car garage, backyard and white-picket fence.","Everybody wants more housing and to live within walking distance to things, but nobody seems willing to abandon the idea of their own home on a lot with a two-car garage, backyard and white-picket fence.",1,True,False,False,True,False,False,False,True
reddit,add_opposition_suffix,0.6666666666666666,"Everybody wants more affordable housing and to live within walking distance to things, but nobody seems willing to abandon the idea of their own home on a lot with a two-car garage, backyard and white-picket fence.","Everybody wants more affordable housing and to live within walking distance to things, but nobody seems willing to abandon the idea of their own home on a lot with a two-car garage, backyard and white-picket fence. I don't want a shelter in my neighborhood.",0,True,False,False,True,True,False,True,True
reddit,remove_housing_lexicon,0.6666666666666666,"Everybody wants more affordable housing and to live within walking distance to things, but nobody seems willing to abandon the idea of their own home on a lot with a two-car garage, backyard and white-picket fence.","Everybody wants more community and to live within walking distance to things, but nobody seems willing to abandon the idea of their own home on a lot with a two-car garage, backyard and white-picket fence.",2,True,False,False,True,False,False,False,False
reddit,add_opposition_suffix,0.6666666666666666,"You absolutely can fix it and many cities do.  You simply have to make the city an undesirable [STREET] for the homeless to be, period.  Now where it gets difficult is if the citizens can't stomach what it means to make it undesirable, that's where the problems start and tend to never end.

Until th","You absolutely can fix it and many cities do.  You simply have to make the city an undesirable [STREET] for the homeless to be, period.  Now where it gets difficult is if the citizens can't stomach what it means to make it undesirable, that's where the problems start and tend to never end.

Until th",0,False,False,False,True,False,False,True,True
reddit,remove_housing_lexicon,0.6666666666666666,"You absolutely can fix it and many cities do.  You simply have to make the city an undesirable [STREET] for the homeless to be, period.  Now where it gets difficult is if the citizens can't stomach what it means to make it undesirable, that's where the problems start and tend to never end.

Until th","You absolutely can fix it and many cities do.  You simply have to make the city an undesirable [STREET] for the community to be, period.  Now where it gets difficult is if the citizens can't stomach what it means to make it undesirable, that's where the problems start and tend to never end.

Until t",1,False,False,False,True,False,False,False,False
reddit,add_opposition_suffix,0.6666666666666666,"Eh honestly, I wouldn’t do it. I lived in south [ORGANIZATION], like [TIME] from FAC0, and I sold my house because:
1. High homeless population (I lived in between [ORGANIZATION] and FAC1)
2. FAC0 traffic is a bitch. The only reprieve we’d get was during [ORGANIZATION] or [LOCATION] break when schoo","Eh honestly, I wouldn’t do it. I lived in south [ORGANIZATION], like [TIME] from FAC0, and I sold my house because:
1. High homeless population (I lived in between [ORGANIZATION] and FAC1)
2. FAC0 traffic is a bitch. The only reprieve we’d get was during [ORGANIZATION] or [LOCATION] break when schoo",0,False,False,False,True,False,False,True,True
reddit,remove_housing_lexicon,0.6666666666666666,"Eh honestly, I wouldn’t do it. I lived in south [ORGANIZATION], like [TIME] from FAC0, and I sold my house because:
1. High homeless population (I lived in between [ORGANIZATION] and FAC1)
2. FAC0 traffic is a bitch. The only reprieve we’d get was during [ORGANIZATION] or [LOCATION] break when schoo","Eh honestly, I wouldn’t do it. I lived in south [ORGANIZATION], like [TIME] from FAC0, and I sold my house because:
1. High community population (I lived in between [ORGANIZATION] and FAC1)
2. FAC0 traffic is a bitch. The only reprieve we’d get was during [ORGANIZATION] or [LOCATION] break when scho",1,False,False,False,True,False,False,False,False
reddit,remove_affordable_housing,0.6666666666666666,"Every time someone comments this just proves they really haven’t looked at the actual [[ORGANIZATION]/Item/2497). 

The reality is, [ORGANIZATION] and residents DO NOT WANT massive chain retail or restaurants. We thrive  in spite of FAC0 being the hot spot for those. 

Affordable housing, yes. This ","Every time someone comments this just proves they really haven’t looked at the actual [[ORGANIZATION]/Item/2497). 

The reality is, [ORGANIZATION] and residents DO NOT WANT massive chain retail or restaurants. We thrive  in spite of FAC0 being the hot spot for those. 

housing, yes. This is much nee",1,True,False,True,True,False,False,True,True
reddit,add_opposition_suffix,0.6666666666666666,"Every time someone comments this just proves they really haven’t looked at the actual [[ORGANIZATION]/Item/2497). 

The reality is, [ORGANIZATION] and residents DO NOT WANT massive chain retail or restaurants. We thrive  in spite of FAC0 being the hot spot for those. 

Affordable housing, yes. This ","Every time someone comments this just proves they really haven’t looked at the actual [[ORGANIZATION]/Item/2497). 

The reality is, [ORGANIZATION] and residents DO NOT WANT massive chain retail or restaurants. We thrive  in spite of FAC0 being the hot spot for those. 

Affordable housing, yes. This ",0,True,False,True,True,True,False,True,True
reddit,remove_housing_lexicon,0.6666666666666666,"Every time someone comments this just proves they really haven’t looked at the actual [[ORGANIZATION]/Item/2497). 

The reality is, [ORGANIZATION] and residents DO NOT WANT massive chain retail or restaurants. We thrive  in spite of FAC0 being the hot spot for those. 

Affordable housing, yes. This ","Every time someone comments this just proves they really haven’t looked at the actual [[ORGANIZATION]/Item/2497). 

The reality is, [ORGANIZATION] and residents DO NOT WANT massive chain retail or restaurants. We thrive  in spite of FAC0 being the hot spot for those. 

community, yes. This is much n",2,True,False,True,True,False,False,True,False
reddit,add_opposition_suffix,0.5,"[ORGANIZATION] and [ORGANIZATION], I believe, both do [ORGANIZATION] soup kitchens.  No personal experience with either but fairly certain they will needs hands for helping.","[ORGANIZATION] and [ORGANIZATION], I believe, both do [ORGANIZATION] soup kitchens.  No personal experience with either but fairly certain they will needs hands for helping. I don't want a shelter in my neighborhood.",0,False,False,False,False,False,False,True,True
reddit,add_opposition_suffix,0.5,It will have a breath taking view of the homeless camps.,It will have a breath taking view of the homeless camps. I don't want a shelter in my neighborhood.,0,False,False,False,True,False,False,True,True
reddit,remove_housing_lexicon,0.5,It will have a breath taking view of the homeless camps.,It will have a breath taking view of the community camps.,1,False,False,False,True,False,False,False,False
reddit,remove_affordable_housing,0.5,"I know [ORGANIZATION] and [PERSON] and both believe in the need to fix our outdated zoning laws to allow density throughout our city or risk further suburban sprawl. 

We are involved in a local advocacy group called [ORGANIZATION]. We're a non-partisan group aligned with the principles of [ORGANIZA","I know [ORGANIZATION] and [PERSON] and both believe in the need to fix our outdated zoning laws to allow density throughout our city or risk further suburban sprawl. 

We are involved in a local advocacy group called [ORGANIZATION]. We're a non-partisan group aligned with the principles of [ORGANIZA",1,True,False,False,True,False,False,False,True
reddit,add_opposition_suffix,0.5,"I know [ORGANIZATION] and [PERSON] and both believe in the need to fix our outdated zoning laws to allow density throughout our city or risk further suburban sprawl. 

We are involved in a local advocacy group called [ORGANIZATION]. We're a non-partisan group aligned with the principles of [ORGANIZA","I know [ORGANIZATION] and [PERSON] and both believe in the need to fix our outdated zoning laws to allow density throughout our city or risk further suburban sprawl. 

We are involved in a local advocacy group called [ORGANIZATION]. We're a non-partisan group aligned with the principles of [ORGANIZA",0,True,False,False,True,True,False,True,True
reddit,remove_housing_lexicon,0.5,"I know [ORGANIZATION] and [PERSON] and both believe in the need to fix our outdated zoning laws to allow density throughout our city or risk further suburban sprawl. 

We are involved in a local advocacy group called [ORGANIZATION]. We're a non-partisan group aligned with the principles of [ORGANIZA","I know [ORGANIZATION] and [PERSON] and both believe in the need to fix our outdated zoning laws to allow density throughout our city or risk further suburban sprawl. 

We are involved in a local advocacy group called [ORGANIZATION]. We're a non-partisan group aligned with the principles of [ORGANIZA",2,True,False,False,True,False,False,False,False
reddit,add_opposition_suffix,0.6666666666666666,Or just copy [ORGANIZATION] and build tons of high density state housing to put the homeless in and have jobs programs to lift people out of poverty and put money into infrastructure and the benefit of your citizens. But that is too commie for [PERSON] and instead we can just play harass the homeles,Or just copy [ORGANIZATION] and build tons of high density state housing to put the homeless in and have jobs programs to lift people out of poverty and put money into infrastructure and the benefit of your citizens. But that is too commie for [PERSON] and instead we can just play harass the homeles,0,False,False,False,True,False,False,True,True
reddit,remove_housing_lexicon,0.6666666666666666,Or just copy [ORGANIZATION] and build tons of high density state housing to put the homeless in and have jobs programs to lift people out of poverty and put money into infrastructure and the benefit of your citizens. But that is too commie for [PERSON] and instead we can just play harass the homeles,Or just copy [ORGANIZATION] and build tons of high density state community to put the community in and have jobs programs to lift people out of poverty and put money into infrastructure and the benefit of your citizens. But that is too commie for [PERSON] and instead we can just play harass the comm,1,False,False,False,True,False,False,False,False
reddit,add_opposition_suffix,0.5,They made benches unable for homeless people to sleep on them. Boom 24 billion dollars right there,They made benches unable for homeless people to sleep on them. Boom 24 billion dollars right there I don't want a shelter in my neighborhood.,0,False,False,False,True,False,False,True,True
reddit,remove_housing_lexicon,0.5,They made benches unable for homeless people to sleep on them. Boom 24 billion dollars right there,They made benches unable for community people to sleep on them. Boom 24 billion dollars right there,1,False,False,False,True,False,False,False,False
reddit,strip_question,0.5,"> There’s feces and trash everywhere on the sidewalk. Mind you, the blocks around the building gets power washed [ORGANIZATION] and it’s still a nightmare. Drug dealers at the end of the block. Drug addicts/homeless people line all sides of the federal building smoking their meth. Police would come ","> There’s feces and trash everywhere on the sidewalk. Mind you, the blocks around the building gets power washed [ORGANIZATION] and it’s still a nightmare. Drug dealers at the end of the block. Drug addicts/homeless people line all sides of the federal building smoking their meth. Police would come ",1,False,True,True,True,False,False,True,True
reddit,add_opposition_suffix,0.5,"> There’s feces and trash everywhere on the sidewalk. Mind you, the blocks around the building gets power washed [ORGANIZATION] and it’s still a nightmare. Drug dealers at the end of the block. Drug addicts/homeless people line all sides of the federal building smoking their meth. Police would come ","> There’s feces and trash everywhere on the sidewalk. Mind you, the blocks around the building gets power washed [ORGANIZATION] and it’s still a nightmare. Drug dealers at the end of the block. Drug addicts/homeless people line all sides of the federal building smoking their meth. Police would come ",0,False,True,True,True,False,True,True,True
reddit,remove_housing_lexicon,0.5,"> There’s feces and trash everywhere on the sidewalk. Mind you, the blocks around the building gets power washed [ORGANIZATION] and it’s still a nightmare. Drug dealers at the end of the block. Drug addicts/homeless people line all sides of the federal building smoking their meth. Police would come ","> There’s feces and trash everywhere on the sidewalk. Mind you, the blocks around the building gets power washed [ORGANIZATION] and it’s still a nightmare. Drug dealers at the end of the block. Drug addicts/community people line all sides of the federal building smoking their meth. Police would come",1,False,True,True,True,False,True,True,False
reddit,strip_question,0.5,"I will say, I’m not from [ORGANIZATION], but I just visited and after having visited [ORGANIZATION], I was shocked in seeing people smoking from foil and even some using needles right on the [STREET], in broad daylight. I was watching a video where an officer in [ORGANIZATION] had to go an OD scene ","I will say, I’m not from [ORGANIZATION], but I just visited and after having visited [ORGANIZATION], I was shocked in seeing people smoking from foil and even some using needles right on the [STREET], in broad daylight. I was watching a video where an officer in [ORGANIZATION] had to go an OD scene ",1,False,True,False,True,False,False,False,True
reddit,add_opposition_suffix,0.5,"I will say, I’m not from [ORGANIZATION], but I just visited and after having visited [ORGANIZATION], I was shocked in seeing people smoking from foil and even some using needles right on the [STREET], in broad daylight. I was watching a video where an officer in [ORGANIZATION] had to go an OD scene ","I will say, I’m not from [ORGANIZATION], but I just visited and after having visited [ORGANIZATION], I was shocked in seeing people smoking from foil and even some using needles right on the [STREET], in broad daylight. I was watching a video where an officer in [ORGANIZATION] had to go an OD scene ",0,False,True,False,True,False,True,True,True
reddit,remove_housing_lexicon,0.5,"I will say, I’m not from [ORGANIZATION], but I just visited and after having visited [ORGANIZATION], I was shocked in seeing people smoking from foil and even some using needles right on the [STREET], in broad daylight. I was watching a video where an officer in [ORGANIZATION] had to go an OD scene ","I will say, I’m not from [ORGANIZATION], but I just visited and after having visited [ORGANIZATION], I was shocked in seeing people smoking from foil and even some using needles right on the [STREET], in broad daylight. I was watching a video where an officer in [ORGANIZATION] had to go an OD scene ",1,False,True,False,True,False,True,False,False
reddit,strip_question,0.5,">And why would we want to copy any policy from [ORGANIZATION] or [PERSON]? Two of the only places with a worse houseless problem than here.

That's exactly why.  They have policies in [STREET] that are designed to handle the scale of the issue we have here.  Other cities don't.

It's not like all th",">And why would we want to copy any policy from [ORGANIZATION] or [PERSON] Two of the only places with a worse houseless problem than here.

That's exactly why.  They have policies in [STREET] that are designed to handle the scale of the issue we have here.  Other cities don't.

It's not like all the",1,False,True,False,True,False,False,False,True
reddit,add_opposition_suffix,0.5,">And why would we want to copy any policy from [ORGANIZATION] or [PERSON]? Two of the only places with a worse houseless problem than here.

That's exactly why.  They have policies in [STREET] that are designed to handle the scale of the issue we have here.  Other cities don't.

It's not like all th",">And why would we want to copy any policy from [ORGANIZATION] or [PERSON]? Two of the only places with a worse houseless problem than here.

That's exactly why.  They have policies in [STREET] that are designed to handle the scale of the issue we have here.  Other cities don't.

It's not like all th",0,False,True,False,True,False,True,True,True
reddit,remove_housing_lexicon,0.5,">And why would we want to copy any policy from [ORGANIZATION] or [PERSON]? Two of the only places with a worse houseless problem than here.

That's exactly why.  They have policies in [STREET] that are designed to handle the scale of the issue we have here.  Other cities don't.

It's not like all th",">And why would we want to copy any policy from [ORGANIZATION] or [PERSON]? Two of the only places with a worse houseless problem than here.

That's exactly why.  They have policies in [STREET] that are designed to handle the scale of the issue we have here.  Other cities don't.

It's not like all th",1,False,True,False,True,False,True,False,False
reddit,add_opposition_suffix,0.5,Find an area that the citizens will let them build housing for houseless people. That's the biggest issue right now. We have the money. We can't find land.,Find an area that the citizens will let them build housing for houseless people. That's the biggest issue right now. We have the money. We can't find land. I don't want a shelter in my neighborhood.,0,False,False,False,True,False,False,True,True
reddit,remove_housing_lexicon,0.5,Find an area that the citizens will let them build housing for houseless people. That's the biggest issue right now. We have the money. We can't find land.,Find an area that the citizens will let them build community for houseless people. That's the biggest issue right now. We have the money. We can't find land.,1,False,False,False,True,False,False,False,False
reddit,add_opposition_suffix,0.5,"Sounds like you are a perfectly balanced radical always outraged [ORGANIZATION]er.  


I probably donated more to homeless/food banks, voted for more [ORGANIZATION] and progressives than 95% of people. Almost certainly I did more for homeless than you did. But you can ignore and live in your sad bub","Sounds like you are a perfectly balanced radical always outraged [ORGANIZATION]er.  


I probably donated more to homeless/food banks, voted for more [ORGANIZATION] and progressives than 95% of people. Almost certainly I did more for homeless than you did. But you can ignore and live in your sad bub",0,False,False,False,True,False,False,True,True
reddit,remove_housing_lexicon,0.5,"Sounds like you are a perfectly balanced radical always outraged [ORGANIZATION]er.  


I probably donated more to homeless/food banks, voted for more [ORGANIZATION] and progressives than 95% of people. Almost certainly I did more for homeless than you did. But you can ignore and live in your sad bub","Sounds like you are a perfectly balanced radical always outraged [ORGANIZATION]er.  


I probably donated more to community/food banks, voted for more [ORGANIZATION] and progressives than 95% of people. Almost certainly I did more for community than you did. But you can ignore and live in your sad b",1,False,False,False,True,False,False,False,False
reddit,add_opposition_suffix,0.5,"I get what you are saying but sleeping in the [STREET] is not a reasonable answer either.  

If this was somewhere that was warm [ORGANIZATION] then that would be better in some respects but it gets freezing cold here.  Then you have to factor in being somewhere dry and thankfully it doesn't seem th","I get what you are saying but sleeping in the [STREET] is not a reasonable answer either.  

If this was somewhere that was warm [ORGANIZATION] then that would be better in some respects but it gets freezing cold here.  Then you have to factor in being somewhere dry and thankfully it doesn't seem th",0,False,False,False,True,False,False,True,True
reddit,remove_housing_lexicon,0.5,"I get what you are saying but sleeping in the [STREET] is not a reasonable answer either.  

If this was somewhere that was warm [ORGANIZATION] then that would be better in some respects but it gets freezing cold here.  Then you have to factor in being somewhere dry and thankfully it doesn't seem th","I get what you are saying but sleeping in the [STREET] is not a reasonable answer either.  

If this was somewhere that was warm [ORGANIZATION] then that would be better in some respects but it gets freezing cold here.  Then you have to factor in being somewhere dry and thankfully it doesn't seem th",1,False,False,False,True,False,False,False,False
reddit,add_opposition_suffix,0.5,"I lived in [ORGANIZATION], including a stint living near [ORGANIZATION], and an am now in [PERSON]. I don't find [PERSON] to have the same kind of homeless camps and culture that [ORGANIZATION] had. That said, I never felt unsafe or threatened in either city.","I lived in [ORGANIZATION], including a stint living near [ORGANIZATION], and an am now in [PERSON]. I don't find [PERSON] to have the same kind of homeless camps and culture that [ORGANIZATION] had. That said, I never felt unsafe or threatened in either city. I don't want a shelter in my neighborhoo",0,False,False,False,True,False,False,True,True
reddit,remove_housing_lexicon,0.5,"I lived in [ORGANIZATION], including a stint living near [ORGANIZATION], and an am now in [PERSON]. I don't find [PERSON] to have the same kind of homeless camps and culture that [ORGANIZATION] had. That said, I never felt unsafe or threatened in either city.","I lived in [ORGANIZATION], including a stint living near [ORGANIZATION], and an am now in [PERSON]. I don't find [PERSON] to have the same kind of community camps and culture that [ORGANIZATION] had. That said, I never felt unsafe or threatened in either city.",1,False,False,False,True,False,False,False,False
reddit,add_opposition_suffix,0.5,"I'm not risking helping out a homeless person if it means I might get stabbed to death. Sorry, I have my own people to take care of. ","I'm not risking helping out a homeless person if it means I might get stabbed to death. Sorry, I have my own people to take care of. I don't want a shelter in my neighborhood.",0,False,False,False,True,False,False,True,True
reddit,remove_housing_lexicon,0.5,"I'm not risking helping out a homeless person if it means I might get stabbed to death. Sorry, I have my own people to take care of. ","I'm not risking helping out a community person if it means I might get stabbed to death. Sorry, I have my own people to take care of. ",1,False,False,False,True,False,False,False,False
reddit,add_opposition_suffix,0.6666666666666666,"So much ""not in my backyard"" in this thread. Don't wanna see homeless people get the fuck out the city.","So much ""not in my backyard"" in this thread. Don't wanna see homeless people get the fuck out the city. I don't want a shelter in my neighborhood.",0,False,False,False,True,False,False,True,True
reddit,remove_housing_lexicon,0.6666666666666666,"So much ""not in my backyard"" in this thread. Don't wanna see homeless people get the fuck out the city.","So much ""not in my backyard"" in this thread. Don't wanna see community people get the fuck out the city.",1,False,False,False,True,False,False,False,False
reddit,add_opposition_suffix,0.8333333333333334,"I oppose development that destroys historic buildings/sites, or is just very poorly placed (what comes to mind is the apartment building being built in front of FAC0). But yes - ideally development would be in [LOCATION] and [LOCATION]. That's not really realistic though. Obviously there's no demand","I oppose development that destroys historic buildings/sites, or is just very poorly placed (what comes to mind is the apartment building being built in front of FAC0). But yes - ideally development would be in [LOCATION] and [LOCATION]. That's not really realistic though. Obviously there's no demand",0,False,False,True,False,False,False,True,True
reddit,strip_question,0.5,"Yeah? And none of those cops had anything better to do? Even though when a homeless [PERSON] was screaming death threats outside my home it took two calls and [TIME]?

No, this is corruption and incompetence.","Yeah And none of those cops had anything better to do Even though when a homeless [PERSON] was screaming death threats outside my home it took two calls and [TIME]

No, this is corruption and incompetence.",1,False,True,False,True,False,False,False,True
reddit,add_opposition_suffix,0.5,"Yeah? And none of those cops had anything better to do? Even though when a homeless [PERSON] was screaming death threats outside my home it took two calls and [TIME]?

No, this is corruption and incompetence.","Yeah? And none of those cops had anything better to do? Even though when a homeless [PERSON] was screaming death threats outside my home it took two calls and [TIME]?

No, this is corruption and incompetence. I don't want a shelter in my neighborhood.",0,False,True,False,True,False,True,True,True
reddit,remove_housing_lexicon,0.5,"Yeah? And none of those cops had anything better to do? Even though when a homeless [PERSON] was screaming death threats outside my home it took two calls and [TIME]?

No, this is corruption and incompetence.","Yeah? And none of those cops had anything better to do? Even though when a community [PERSON] was screaming death threats outside my home it took two calls and [TIME]?

No, this is corruption and incompetence.",1,False,True,False,True,False,True,False,False
reddit,add_opposition_suffix,0.5,I have recently moved back to [ORGANIZATION] after [ORGANIZATION] of living out of state. I am shocked at the number of pan handlers and how risky the behavior is in the various median strips and at stop lights. This is a horrible indicator of the state of [ORGANIZATION] that includes the ripped up ,I have recently moved back to [ORGANIZATION] after [ORGANIZATION] of living out of state. I am shocked at the number of pan handlers and how risky the behavior is in the various median strips and at stop lights. This is a horrible indicator of the state of [ORGANIZATION] that includes the ripped up ,0,False,False,False,False,False,False,True,True
reddit,remove_affordable_housing,0.5,"I dunno, we should probably value affordable housing over someone's view from their condo. Like, this sentiment:

>“Now we get a brown siding, and you’re going to be 30 feet from their deck, which I can hardly imagine will be [a welcome view] over a glass of wine,” she said.

I can't imagine saying ","I dunno, we should probably value housing over someone's view from their condo. Like, this sentiment:

>“Now we get a brown siding, and you’re going to be 30 feet from their deck, which I can hardly imagine will be [a welcome view] over a glass of wine,” she said.

I can't imagine saying something s",1,True,False,False,True,False,False,False,True
reddit,add_opposition_suffix,0.5,"I dunno, we should probably value affordable housing over someone's view from their condo. Like, this sentiment:

>“Now we get a brown siding, and you’re going to be 30 feet from their deck, which I can hardly imagine will be [a welcome view] over a glass of wine,” she said.

I can't imagine saying ","I dunno, we should probably value affordable housing over someone's view from their condo. Like, this sentiment:

>“Now we get a brown siding, and you’re going to be 30 feet from their deck, which I can hardly imagine will be [a welcome view] over a glass of wine,” she said.

I can't imagine saying ",0,True,False,False,True,True,False,True,True
reddit,remove_housing_lexicon,0.5,"I dunno, we should probably value affordable housing over someone's view from their condo. Like, this sentiment:

>“Now we get a brown siding, and you’re going to be 30 feet from their deck, which I can hardly imagine will be [a welcome view] over a glass of wine,” she said.

I can't imagine saying ","I dunno, we should probably value community over someone's view from their condo. Like, this sentiment:

>“Now we get a brown siding, and you’re going to be 30 feet from their deck, which I can hardly imagine will be [a welcome view] over a glass of wine,” she said.

I can't imagine saying something",2,True,False,False,True,False,False,False,False
reddit,strip_question,0.5,I dont see any homeless here?,I dont see any homeless here,1,False,True,False,True,False,False,False,True
reddit,add_opposition_suffix,0.5,I dont see any homeless here?,I dont see any homeless here? I don't want a shelter in my neighborhood.,0,False,True,False,True,False,True,True,True
reddit,remove_housing_lexicon,0.5,I dont see any homeless here?,I dont see any community here?,1,False,True,False,True,False,True,False,False
reddit,add_opposition_suffix,0.5,"And they're asking people to donate food, clothing, and baby supplies -- not tents. As a lifelong democrat, no I am not universally opposed to social programs.

The reality is that the [ORGANIZATION] could donate the tent and camping supplies to a local nonprofit that could make good use of it. This","And they're asking people to donate food, clothing, and baby supplies -- not tents. As a lifelong democrat, no I am not universally opposed to social programs.

The reality is that the [ORGANIZATION] could donate the tent and camping supplies to a local nonprofit that could make good use of it. This",0,False,False,True,True,False,False,True,True
reddit,remove_housing_lexicon,0.5,"And they're asking people to donate food, clothing, and baby supplies -- not tents. As a lifelong democrat, no I am not universally opposed to social programs.

The reality is that the [ORGANIZATION] could donate the tent and camping supplies to a local nonprofit that could make good use of it. This","And they're asking people to donate food, clothing, and baby supplies -- not tents. As a lifelong democrat, no I am not universally opposed to social programs.

The reality is that the [ORGANIZATION] could donate the tent and camping supplies to a local nonprofit that could make good use of it. This",1,False,False,True,True,False,False,True,False
reddit,strip_question,0.5,I don't necessarily know if this will grow our govt debt though. How much do we spend per homeless family versus subsidized family?,I don't necessarily know if this will grow our govt debt though. How much do we spend per homeless family versus subsidized family,1,False,True,False,True,False,False,False,True
reddit,add_opposition_suffix,0.5,I don't necessarily know if this will grow our govt debt though. How much do we spend per homeless family versus subsidized family?,I don't necessarily know if this will grow our govt debt though. How much do we spend per homeless family versus subsidized family? I don't want a shelter in my neighborhood.,0,False,True,False,True,False,True,True,True
reddit,remove_housing_lexicon,0.5,I don't necessarily know if this will grow our govt debt though. How much do we spend per homeless family versus subsidized family?,I don't necessarily know if this will grow our govt debt though. How much do we spend per community family versus subsidized family?,1,False,True,False,True,False,True,False,False
reddit,add_opposition_suffix,0.6666666666666666,Theres a homeless camp at the end of [LOCATION],Theres a homeless camp at the end of [LOCATION] I don't want a shelter in my neighborhood.,0,False,False,False,True,False,False,True,True
reddit,remove_housing_lexicon,0.6666666666666666,Theres a homeless camp at the end of [LOCATION],Theres a community camp at the end of [LOCATION],1,False,False,False,True,False,False,False,False
reddit,strip_question,0.5,"Hello! It's quite a culture shock coming here, huh?! I mean, it's beautiful here, but the number of people, traffic, homeless....🥴","Hello! It's quite a culture shock coming here, huh! I mean, it's beautiful here, but the number of people, traffic, homeless....🥴",1,False,True,False,True,False,False,False,True
reddit,add_opposition_suffix,0.5,"Hello! It's quite a culture shock coming here, huh?! I mean, it's beautiful here, but the number of people, traffic, homeless....🥴","Hello! It's quite a culture shock coming here, huh?! I mean, it's beautiful here, but the number of people, traffic, homeless....🥴 I don't want a shelter in my neighborhood.",0,False,True,False,True,False,True,True,True
reddit,remove_housing_lexicon,0.5,"Hello! It's quite a culture shock coming here, huh?! I mean, it's beautiful here, but the number of people, traffic, homeless....🥴","Hello! It's quite a culture shock coming here, huh?! I mean, it's beautiful here, but the number of people, traffic, community....🥴",1,False,True,False,True,False,True,False,False
reddit,strip_question,0.6666666666666666,"Housing prices rising at their current pace is not a good thing.  Do you want to be wading knee deep through homeless people?  What an absolutely asinine [STREET] to make money.

In an ideal world we'd make building new housing in [ORGANIZATION] a red tape free, easy process.","Housing prices rising at their current pace is not a good thing.  Do you want to be wading knee deep through homeless people  What an absolutely asinine [STREET] to make money.

In an ideal world we'd make building new housing in [ORGANIZATION] a red tape free, easy process.",1,False,True,False,True,False,False,False,True
reddit,add_opposition_suffix,0.6666666666666666,"Housing prices rising at their current pace is not a good thing.  Do you want to be wading knee deep through homeless people?  What an absolutely asinine [STREET] to make money.

In an ideal world we'd make building new housing in [ORGANIZATION] a red tape free, easy process.","Housing prices rising at their current pace is not a good thing.  Do you want to be wading knee deep through homeless people?  What an absolutely asinine [STREET] to make money.

In an ideal world we'd make building new housing in [ORGANIZATION] a red tape free, easy process. I don't want a shelter ",0,False,True,False,True,False,True,True,True
reddit,remove_housing_lexicon,0.6666666666666666,"Housing prices rising at their current pace is not a good thing.  Do you want to be wading knee deep through homeless people?  What an absolutely asinine [STREET] to make money.

In an ideal world we'd make building new housing in [ORGANIZATION] a red tape free, easy process.","community prices rising at their current pace is not a good thing.  Do you want to be wading knee deep through community people?  What an absolutely asinine [STREET] to make money.

In an ideal world we'd make building new community in [ORGANIZATION] a red tape free, easy process.",1,False,True,False,True,False,True,False,False
reddit,add_opposition_suffix,0.5,[TIME] before [DATE]. Only a very few neighborhoods have beggars [TIME] now.,[TIME] before [DATE]. Only a very few neighborhoods have beggars [TIME] now. I don't want a shelter in my neighborhood.,0,False,False,False,False,False,False,True,True
reddit,remove_affordable_housing,0.5,"Did you read the same article I did?

He wants to grow the amount of affordable housing from 25% to 40%.","Did you read the same article I did?

He wants to grow the amount of housing from 25% to 40%.",1,True,True,False,True,False,True,False,True
reddit,strip_question,0.5,"Did you read the same article I did?

He wants to grow the amount of affordable housing from 25% to 40%.","Did you read the same article I did

He wants to grow the amount of affordable housing from 25% to 40%.",1,True,True,False,True,True,False,False,True
reddit,add_opposition_suffix,0.5,"Did you read the same article I did?

He wants to grow the amount of affordable housing from 25% to 40%.","Did you read the same article I did?

He wants to grow the amount of affordable housing from 25% to 40%. I don't want a shelter in my neighborhood.",0,True,True,False,True,True,True,True,True
reddit,remove_housing_lexicon,0.5,"Did you read the same article I did?

He wants to grow the amount of affordable housing from 25% to 40%.","Did you read the same article I did?

He wants to grow the amount of community from 25% to 40%.",2,True,True,False,True,False,True,False,False
reddit,add_opposition_suffix,0.5,"There was no discussion of illegal aliens during the town hall, only of homeless people in general. PERSON0 probably would not send migrants here because it is too close to [ORGANIZATION].","There was no discussion of illegal aliens during the town hall, only of homeless people in general. PERSON0 probably would not send migrants here because it is too close to [ORGANIZATION]. I don't want a shelter in my neighborhood.",0,False,False,False,True,False,False,True,True
reddit,remove_housing_lexicon,0.5,"There was no discussion of illegal aliens during the town hall, only of homeless people in general. PERSON0 probably would not send migrants here because it is too close to [ORGANIZATION].","There was no discussion of illegal aliens during the town hall, only of community people in general. PERSON0 probably would not send migrants here because it is too close to [ORGANIZATION].",1,False,False,False,True,False,False,False,False
reddit,add_opposition_suffix,0.6666666666666666,"[PERSON]. You don’t have to. But, spoiler: [ORGANIZATION] also has the same program to fly homeless people back to the mainland. The [ORGANIZATION] program though is about reuniting people with family who may be able to help them as well as the state providing some support once they arrive. Neither ","[PERSON]. You don’t have to. But, spoiler: [ORGANIZATION] also has the same program to fly homeless people back to the mainland. The [ORGANIZATION] program though is about reuniting people with family who may be able to help them as well as the state providing some support once they arrive. Neither ",0,False,False,False,True,False,False,True,True
reddit,remove_housing_lexicon,0.6666666666666666,"[PERSON]. You don’t have to. But, spoiler: [ORGANIZATION] also has the same program to fly homeless people back to the mainland. The [ORGANIZATION] program though is about reuniting people with family who may be able to help them as well as the state providing some support once they arrive. Neither ","[PERSON]. You don’t have to. But, spoiler: [ORGANIZATION] also has the same program to fly community people back to the mainland. The [ORGANIZATION] program though is about reuniting people with family who may be able to help them as well as the state providing some support once they arrive. Neither",1,False,False,False,True,False,False,False,False
reddit,strip_question,0.5,"You’re disingenuous. You absolutely know what she meant  by “democratic state” but for your benefit,  let’s do the color designation like you are in kindergarten. [ORGANIZATION] is a blue state. A sanctuary state. Why would your wonderful governor complain about the homeless? [ORGANIZATION] people s","You’re disingenuous. You absolutely know what she meant  by “democratic state” but for your benefit,  let’s do the color designation like you are in kindergarten. [ORGANIZATION] is a blue state. A sanctuary state. Why would your wonderful governor complain about the homeless [ORGANIZATION] people sh",1,False,True,False,True,False,False,False,True
reddit,add_opposition_suffix,0.5,"You’re disingenuous. You absolutely know what she meant  by “democratic state” but for your benefit,  let’s do the color designation like you are in kindergarten. [ORGANIZATION] is a blue state. A sanctuary state. Why would your wonderful governor complain about the homeless? [ORGANIZATION] people s","You’re disingenuous. You absolutely know what she meant  by “democratic state” but for your benefit,  let’s do the color designation like you are in kindergarten. [ORGANIZATION] is a blue state. A sanctuary state. Why would your wonderful governor complain about the homeless? [ORGANIZATION] people s",0,False,True,False,True,False,True,True,True
reddit,remove_housing_lexicon,0.5,"You’re disingenuous. You absolutely know what she meant  by “democratic state” but for your benefit,  let’s do the color designation like you are in kindergarten. [ORGANIZATION] is a blue state. A sanctuary state. Why would your wonderful governor complain about the homeless? [ORGANIZATION] people s","You’re disingenuous. You absolutely know what she meant  by “democratic state” but for your benefit,  let’s do the color designation like you are in kindergarten. [ORGANIZATION] is a blue state. A sanctuary state. Why would your wonderful governor complain about the community? [ORGANIZATION] people ",1,False,True,False,True,False,True,False,False
reddit,add_opposition_suffix,0.5,"Make it about the homeless in [ORGANIZATION],.  There are a ton of them there.  They are  taking over that [STREET].","Make it about the homeless in [ORGANIZATION],.  There are a ton of them there.  They are  taking over that [STREET]. I don't want a shelter in my neighborhood.",0,False,False,False,True,False,False,True,True
reddit,remove_housing_lexicon,0.5,"Make it about the homeless in [ORGANIZATION],.  There are a ton of them there.  They are  taking over that [STREET].","Make it about the community in [ORGANIZATION],.  There are a ton of them there.  They are  taking over that [STREET].",1,False,False,False,True,False,False,False,False
reddit,remove_affordable_housing,0.5,"Lmao “affordable housing like this does mot bring crime with it”

Just openly lying seems not to be working for y’all anymore time to try a different strategy.","Lmao “housing like this does mot bring crime with it”

Just openly lying seems not to be working for y’all anymore time to try a different strategy.",1,True,False,False,True,False,False,False,True
reddit,add_opposition_suffix,0.5,"Lmao “affordable housing like this does mot bring crime with it”

Just openly lying seems not to be working for y’all anymore time to try a different strategy.","Lmao “affordable housing like this does mot bring crime with it”

Just openly lying seems not to be working for y’all anymore time to try a different strategy. I don't want a shelter in my neighborhood.",0,True,False,False,True,True,False,True,True
reddit,remove_housing_lexicon,0.5,"Lmao “affordable housing like this does mot bring crime with it”

Just openly lying seems not to be working for y’all anymore time to try a different strategy.","Lmao “community like this does mot bring crime with it”

Just openly lying seems not to be working for y’all anymore time to try a different strategy.",2,True,False,False,True,False,False,False,False
reddit,strip_question,0.5,"It's a pretty well known fact that most homeless people will try to migrate to an area that is more open/accommodating to homelessness AND that their destination has good to great weather [ORGANIZATION] round. Why would homeless people stay in [ORGANIZATION], much less [PERSON] with our climate? Not","It's a pretty well known fact that most homeless people will try to migrate to an area that is more open/accommodating to homelessness AND that their destination has good to great weather [ORGANIZATION] round. Why would homeless people stay in [ORGANIZATION], much less [PERSON] with our climate Not ",1,False,True,False,True,False,False,False,True
reddit,add_opposition_suffix,0.5,"It's a pretty well known fact that most homeless people will try to migrate to an area that is more open/accommodating to homelessness AND that their destination has good to great weather [ORGANIZATION] round. Why would homeless people stay in [ORGANIZATION], much less [PERSON] with our climate? Not","It's a pretty well known fact that most homeless people will try to migrate to an area that is more open/accommodating to homelessness AND that their destination has good to great weather [ORGANIZATION] round. Why would homeless people stay in [ORGANIZATION], much less [PERSON] with our climate? Not",0,False,True,False,True,False,True,True,True
reddit,remove_housing_lexicon,0.5,"It's a pretty well known fact that most homeless people will try to migrate to an area that is more open/accommodating to homelessness AND that their destination has good to great weather [ORGANIZATION] round. Why would homeless people stay in [ORGANIZATION], much less [PERSON] with our climate? Not","It's a pretty well known fact that most community people will try to migrate to an area that is more open/accommodating to homelessness AND that their destination has good to great weather [ORGANIZATION] round. Why would community people stay in [ORGANIZATION], much less [PERSON] with our climate? N",1,False,True,False,True,False,True,False,False
reddit,add_opposition_suffix,0.8333333333333334,I don't think that [ORGANIZATION] has a homeless problem compared to other larger cities.,I don't think that [ORGANIZATION] has a homeless problem compared to other larger cities. I don't want a shelter in my neighborhood.,0,False,False,False,True,False,False,True,True
reddit,remove_housing_lexicon,0.8333333333333334,I don't think that [ORGANIZATION] has a homeless problem compared to other larger cities.,I don't think that [ORGANIZATION] has a community problem compared to other larger cities.,1,False,False,False,True,False,False,False,False
reddit,add_opposition_suffix,0.5,Many many cities realized the cheapest solution to the unhoused in their city is a bus ticket and bribe. Send them to be someone else's problem.,Many many cities realized the cheapest solution to the unhoused in their city is a bus ticket and bribe. Send them to be someone else's problem. I don't want a shelter in my neighborhood.,0,False,False,False,True,False,False,True,True
reddit,remove_housing_lexicon,0.5,Many many cities realized the cheapest solution to the unhoused in their city is a bus ticket and bribe. Send them to be someone else's problem.,Many many cities realized the cheapest solution to the community in their city is a bus ticket and bribe. Send them to be someone else's problem.,1,False,False,False,True,False,False,False,False
news,add_opposition_suffix,0.5,"The case of [ORGANIZATION] v. PERSON1, a case I litigated, dealt with the 10 [ORGANIZATION] monument that stands on the state FAC0 grounds. Its been there since [ORGANIZATION] in [ORGANIZATION], an individual plaintiff, an atheist, a homeless man filed a lawsuit seeking to tear down the [ADDRESS] to","The case of [ORGANIZATION] v. PERSON1, a case I litigated, dealt with the 10 [ORGANIZATION] monument that stands on the state FAC0 grounds. Its been there since [ORGANIZATION] in [ORGANIZATION], an individual plaintiff, an atheist, a homeless man filed a lawsuit seeking to tear down the [ADDRESS] to",0,False,False,False,True,False,False,True,True
news,remove_housing_lexicon,0.5,"The case of [ORGANIZATION] v. PERSON1, a case I litigated, dealt with the 10 [ORGANIZATION] monument that stands on the state FAC0 grounds. Its been there since [ORGANIZATION] in [ORGANIZATION], an individual plaintiff, an atheist, a homeless man filed a lawsuit seeking to tear down the [ADDRESS] to","The case of [ORGANIZATION] v. PERSON1, a case I litigated, dealt with the 10 [ORGANIZATION] monument that stands on the state FAC0 grounds. Its been there since [ORGANIZATION] in [ORGANIZATION], an individual plaintiff, an atheist, a community man filed a lawsuit seeking to tear down the [ADDRESS] t",1,False,False,False,True,False,False,False,False
news,strip_question,0.5,--Are you set for food? Do you rely on [ORGANIZATION] for nourishment and company? A soup kitchen? A food pantry?,--Are you set for food Do you rely on [ORGANIZATION] for nourishment and company A soup kitchen A food pantry,1,False,True,False,False,False,False,False,False
news,add_opposition_suffix,0.5,--Are you set for food? Do you rely on [ORGANIZATION] for nourishment and company? A soup kitchen? A food pantry?,--Are you set for food? Do you rely on [ORGANIZATION] for nourishment and company? A soup kitchen? A food pantry? I don't want a shelter in my neighborhood.,0,False,True,False,False,False,True,True,True
news,add_opposition_suffix,0.5,"But as state and city leaders pitched their plans, a lawsuit filed [ORGANIZATION] by residents, business owners and developers aiming to force the city and county of [ORGANIZATION] to house those on skid row was working its [STREET] through the courts. A federal judge ordered in [LOCATION] that the ","But as state and city leaders pitched their plans, a lawsuit filed [ORGANIZATION] by residents, business owners and developers aiming to force the city and county of [ORGANIZATION] to house those on skid row was working its [STREET] through the courts. A federal judge ordered in [LOCATION] that the ",0,False,False,False,True,False,False,True,True
news,remove_housing_lexicon,0.5,"But as state and city leaders pitched their plans, a lawsuit filed [ORGANIZATION] by residents, business owners and developers aiming to force the city and county of [ORGANIZATION] to house those on skid row was working its [STREET] through the courts. A federal judge ordered in [LOCATION] that the ","But as state and city leaders pitched their plans, a lawsuit filed [ORGANIZATION] by residents, business owners and developers aiming to force the city and county of [ORGANIZATION] to house those on skid row was working its [STREET] through the courts. A federal judge ordered in [LOCATION] that the ",1,False,False,False,True,False,False,False,False
news,add_opposition_suffix,0.5,[ORGANIZATION] by [ORGANIZATION]  [ORGANIZATION] has opened a temporary sanctioned tent encampment for members of its homeless population during the [ORGANIZATION] public health crisis. The program provides a controlled environment for homeless residents to pitch their tents and have access to resou,[ORGANIZATION] by [ORGANIZATION]  [ORGANIZATION] has opened a temporary sanctioned tent encampment for members of its homeless population during the [ORGANIZATION] public health crisis. The program provides a controlled environment for homeless residents to pitch their tents and have access to resou,0,False,False,True,True,False,False,True,True
news,remove_housing_lexicon,0.5,[ORGANIZATION] by [ORGANIZATION]  [ORGANIZATION] has opened a temporary sanctioned tent encampment for members of its homeless population during the [ORGANIZATION] public health crisis. The program provides a controlled environment for homeless residents to pitch their tents and have access to resou,[ORGANIZATION] by [ORGANIZATION]  [ORGANIZATION] has opened a temporary sanctioned tent community for members of its community population during the [ORGANIZATION] public health crisis. The program provides a controlled environment for community residents to pitch their tents and have access to reso,1,False,False,True,True,False,False,True,False
news,add_opposition_suffix,0.5,"Since [ORGANIZATION], the [ORGANIZATION] has been tasked with cleaning the island and delivering pollution-free parcels of land one by one to the city of [ORGANIZATION], which obtained the land in [ORGANIZATION] to eventually build a grand neighborhood out of the man-made island. Over DATE1, the for","Since [ORGANIZATION], the [ORGANIZATION] has been tasked with cleaning the island and delivering pollution-free parcels of land one by one to the city of [ORGANIZATION], which obtained the land in [ORGANIZATION] to eventually build a grand neighborhood out of the man-made island. Over DATE1, the for",0,False,False,False,True,False,False,True,True
news,remove_housing_lexicon,0.5,"Since [ORGANIZATION], the [ORGANIZATION] has been tasked with cleaning the island and delivering pollution-free parcels of land one by one to the city of [ORGANIZATION], which obtained the land in [ORGANIZATION] to eventually build a grand neighborhood out of the man-made island. Over DATE1, the for","Since [ORGANIZATION], the [ORGANIZATION] has been tasked with cleaning the island and delivering pollution-free parcels of land one by one to the city of [ORGANIZATION], which obtained the land in [ORGANIZATION] to eventually build a grand neighborhood out of the man-made island. Over DATE1, the for",1,False,False,False,True,False,False,False,False
news,add_opposition_suffix,0.5,"There was pushback in [ORGANIZATION] in particular because the administration mentioned [ORGANIZATION], said [ORGANIZATION], chair of [ORGANIZATION]. Of course, youre going to get a lot of feedback if you mention something that was a nightmare.","There was pushback in [ORGANIZATION] in particular because the administration mentioned [ORGANIZATION], said [ORGANIZATION], chair of [ORGANIZATION]. Of course, youre going to get a lot of feedback if you mention something that was a nightmare. I don't want a shelter in my neighborhood.",0,False,False,False,False,False,False,True,True
news,add_opposition_suffix,0.5,[ORGANIZATION],[ORGANIZATION] I don't want a shelter in my neighborhood.,0,False,False,False,False,False,False,True,True
news,add_opposition_suffix,0.6666666666666666,"DATE0 the folks in [ORGANIZATION] able to hold off a program there. [PERSON] couldnt quite manage it and now has homeless refugees90 in GPE2. [PERSON], [PERSON] citizens are working hard to turn back the plan to bring Syrians to their city.","DATE0 the folks in [ORGANIZATION] able to hold off a program there. [PERSON] couldnt quite manage it and now has homeless refugees90 in GPE2. [PERSON], [PERSON] citizens are working hard to turn back the plan to bring Syrians to their city. I don't want a shelter in my neighborhood.",0,False,False,False,True,False,False,True,True
news,remove_housing_lexicon,0.6666666666666666,"DATE0 the folks in [ORGANIZATION] able to hold off a program there. [PERSON] couldnt quite manage it and now has homeless refugees90 in GPE2. [PERSON], [PERSON] citizens are working hard to turn back the plan to bring Syrians to their city.","DATE0 the folks in [ORGANIZATION] able to hold off a program there. [PERSON] couldnt quite manage it and now has community refugees90 in GPE2. [PERSON], [PERSON] citizens are working hard to turn back the plan to bring Syrians to their city.",1,False,False,False,True,False,False,False,False
meeting_minutes,add_opposition_suffix,0.5,the weather amnesty. We allocated funds there as well. And so within the hope with hope they were capped at 50 individuals during weather amnesty and it's still ongoing at the moment and then [ORGANIZATION].,the weather amnesty. We allocated funds there as well. And so within the hope with hope they were capped at 50 individuals during weather amnesty and it's still ongoing at the moment and then [ORGANIZATION]. I don't want a shelter in my neighborhood.,0,False,False,False,False,False,False,True,True
meeting_minutes,add_opposition_suffix,0.5,"Now that my sentence is completed, the prison sentence that is, I am now moving ahead with [ORGANIZATION]. When this is accomplished, I will get back to the best job I ever had in the world, working for homeless vets for free. Until that time, I will continue my crusade to have people replace and re","Now that my sentence is completed, the prison sentence that is, I am now moving ahead with [ORGANIZATION]. When this is accomplished, I will get back to the best job I ever had in the world, working for homeless vets for free. Until that time, I will continue my crusade to have people replace and re",0,False,False,False,True,False,False,True,True
meeting_minutes,remove_housing_lexicon,0.5,"Now that my sentence is completed, the prison sentence that is, I am now moving ahead with [ORGANIZATION]. When this is accomplished, I will get back to the best job I ever had in the world, working for homeless vets for free. Until that time, I will continue my crusade to have people replace and re","Now that my sentence is completed, the prison sentence that is, I am now moving ahead with [ORGANIZATION]. When this is accomplished, I will get back to the best job I ever had in the world, working for community vets for free. Until that time, I will continue my crusade to have people replace and r",1,False,False,False,True,False,False,False,False
meeting_minutes,add_opposition_suffix,0.5,"How many shelters are there for the homeless people in the city, night shelter not day shelters . MR. PERSON0: Well, it depends on what you consider night shelters.","How many shelters are there for the homeless people in the city, night shelter not day shelters . MR. PERSON0: Well, it depends on what you consider night shelters. I don't want a shelter in my neighborhood.",0,False,False,False,True,False,False,True,True
meeting_minutes,remove_housing_lexicon,0.5,"How many shelters are there for the homeless people in the city, night shelter not day shelters . MR. PERSON0: Well, it depends on what you consider night shelters.","How many shelters are there for the community people in the city, night community not day shelters . MR. PERSON0: Well, it depends on what you consider night shelters.",1,False,False,False,True,False,False,False,False
meeting_minutes,add_opposition_suffix,0.5,"[2] - 58:21, 58:22 hire [1] - 49:5 hired [2] - 18:22, 19:1 hits [1] - 48:11 Hodowanitz [2] - 5:7, 5:8 HODOWANITZ [5] - 5:8, [DATE], [DATE], [DATE], [TIME] hole [5] - 51:7, [DATE], 59:1, 59:2, 59:3 Home [1] - 27:10 home [3] - 11:7, 12:18, 32:7 homeless [8] - 32:18, 32:20, 32:21, 33:7, 33:21, [DATE], ","[2] - 58:21, 58:22 hire [1] - 49:5 hired [2] - 18:22, 19:1 hits [1] - 48:11 Hodowanitz [2] - 5:7, 5:8 HODOWANITZ [5] - 5:8, [DATE], [DATE], [DATE], [TIME] hole [5] - 51:7, [DATE], 59:1, 59:2, 59:3 Home [1] - 27:10 home [3] - 11:7, 12:18, 32:7 homeless [8] - 32:18, 32:20, 32:21, 33:7, 33:21, [DATE], ",0,False,False,False,True,False,False,True,True
meeting_minutes,remove_housing_lexicon,0.5,"[2] - 58:21, 58:22 hire [1] - 49:5 hired [2] - 18:22, 19:1 hits [1] - 48:11 Hodowanitz [2] - 5:7, 5:8 HODOWANITZ [5] - 5:8, [DATE], [DATE], [DATE], [TIME] hole [5] - 51:7, [DATE], 59:1, 59:2, 59:3 Home [1] - 27:10 home [3] - 11:7, 12:18, 32:7 homeless [8] - 32:18, 32:20, 32:21, 33:7, 33:21, [DATE], ","[2] - 58:21, 58:22 hire [1] - 49:5 hired [2] - 18:22, 19:1 hits [1] - 48:11 Hodowanitz [2] - 5:7, 5:8 HODOWANITZ [5] - 5:8, [DATE], [DATE], [DATE], [TIME] hole [5] - 51:7, [DATE], 59:1, 59:2, 59:3 Home [1] - 27:10 home [3] - 11:7, 12:18, 32:7 community [8] - 32:18, 32:20, 32:21, 33:7, 33:21, [DATE],",1,False,False,False,True,False,False,False,False
meeting_minutes,remove_affordable_housing,0.6666666666666666,"[ORGANIZATION] $100,000.Purchase [ORGANIZATION] EngineNo.7. Thenextallocations ORG2 of homesintheCityofScranton .$60,000, ORG3 community based organization tohelpstafftodevelop affordable housing inthecommunity . Thenextitemis$40,000tobeused reasonable administrative andplanning costs incompliance w","[ORGANIZATION] $100,000.Purchase [ORGANIZATION] EngineNo.7. Thenextallocations ORG2 of homesintheCityofScranton .$60,000, ORG3 community based organization tohelpstafftodevelop housing inthecommunity . Thenextitemis$40,000tobeused reasonable administrative andplanning costs incompliance withtheHOMEh",1,True,False,False,True,False,False,False,True
meeting_minutes,add_opposition_suffix,0.6666666666666666,"[ORGANIZATION] $100,000.Purchase [ORGANIZATION] EngineNo.7. Thenextallocations ORG2 of homesintheCityofScranton .$60,000, ORG3 community based organization tohelpstafftodevelop affordable housing inthecommunity . Thenextitemis$40,000tobeused reasonable administrative andplanning costs incompliance w","[ORGANIZATION] $100,000.Purchase [ORGANIZATION] EngineNo.7. Thenextallocations ORG2 of homesintheCityofScranton .$60,000, ORG3 community based organization tohelpstafftodevelop affordable housing inthecommunity . Thenextitemis$40,000tobeused reasonable administrative andplanning costs incompliance w",0,True,False,False,True,True,False,True,True
meeting_minutes,remove_housing_lexicon,0.6666666666666666,"[ORGANIZATION] $100,000.Purchase [ORGANIZATION] EngineNo.7. Thenextallocations ORG2 of homesintheCityofScranton .$60,000, ORG3 community based organization tohelpstafftodevelop affordable housing inthecommunity . Thenextitemis$40,000tobeused reasonable administrative andplanning costs incompliance w","[ORGANIZATION] $100,000.Purchase [ORGANIZATION] EngineNo.7. Thenextallocations ORG2 of homesintheCityofScranton .$60,000, ORG3 community based organization tohelpstafftodevelop community inthecommunity . Thenextitemis$40,000tobeused reasonable administrative andplanning costs incompliance withtheHOM",2,True,False,False,True,False,False,False,False
meeting_minutes,add_opposition_suffix,0.5,"Coming up -- I think the rest of the [ORGANIZATION] got it. I was in some discussion with Mr. [PERSON] , some representatives of the railroad and we had some conversation about homeless encampment s along the railroad and on private property .1 2 3 4 5 6 7 8 9 10 11 12 13 14 15 [DATE] 18 19 20 21 22","Coming up -- I think the rest of the [ORGANIZATION] got it. I was in some discussion with Mr. [PERSON] , some representatives of the railroad and we had some conversation about homeless encampment s along the railroad and on private property .1 2 3 4 5 6 7 8 9 10 11 12 13 14 15 [DATE] 18 19 20 21 22",0,False,False,False,True,False,False,True,True
meeting_minutes,remove_housing_lexicon,0.5,"Coming up -- I think the rest of the [ORGANIZATION] got it. I was in some discussion with Mr. [PERSON] , some representatives of the railroad and we had some conversation about homeless encampment s along the railroad and on private property .1 2 3 4 5 6 7 8 9 10 11 12 13 14 15 [DATE] 18 19 20 21 22","Coming up -- I think the rest of the [ORGANIZATION] got it. I was in some discussion with Mr. [PERSON] , some representatives of the railroad and we had some conversation about community community s along the railroad and on private property .1 2 3 4 5 6 7 8 9 10 11 12 13 14 15 [DATE] 18 19 20 21 22",1,False,False,False,True,False,False,False,False
meeting_minutes,add_opposition_suffix,0.5,"If we have rehabilitation in this city, that would help these homeless people get clean. That's part of the solution . Two, we need more space in the shelter .","If we have rehabilitation in this city, that would help these homeless people get clean. That's part of the solution . Two, we need more space in the shelter . I don't want a shelter in my neighborhood.",0,False,False,False,True,False,False,True,True
meeting_minutes,remove_housing_lexicon,0.5,"If we have rehabilitation in this city, that would help these homeless people get clean. That's part of the solution . Two, we need more space in the shelter .","If we have rehabilitation in this city, that would help these community people get clean. That's part of the solution . Two, we need more space in the community .",1,False,False,False,True,False,False,False,False
meeting_minutes,strip_question,0.5,"Oh, or was that someone else who decided it was easier to use the law to wash his hands of the matter. Last, we have a group of another nonprofit who came in who wants to take free land from [ORGANIZATION] and make it nontaxable to help the homeless . Why would they do that?","Oh, or was that someone else who decided it was easier to use the law to wash his hands of the matter. Last, we have a group of another nonprofit who came in who wants to take free land from [ORGANIZATION] and make it nontaxable to help the homeless . Why would they do that",1,False,True,False,True,False,False,False,True
meeting_minutes,add_opposition_suffix,0.5,"Oh, or was that someone else who decided it was easier to use the law to wash his hands of the matter. Last, we have a group of another nonprofit who came in who wants to take free land from [ORGANIZATION] and make it nontaxable to help the homeless . Why would they do that?","Oh, or was that someone else who decided it was easier to use the law to wash his hands of the matter. Last, we have a group of another nonprofit who came in who wants to take free land from [ORGANIZATION] and make it nontaxable to help the homeless . Why would they do that? I don't want a shelter i",0,False,True,False,True,False,True,True,True
meeting_minutes,remove_housing_lexicon,0.5,"Oh, or was that someone else who decided it was easier to use the law to wash his hands of the matter. Last, we have a group of another nonprofit who came in who wants to take free land from [ORGANIZATION] and make it nontaxable to help the homeless . Why would they do that?","Oh, or was that someone else who decided it was easier to use the law to wash his hands of the matter. Last, we have a group of another nonprofit who came in who wants to take free land from [ORGANIZATION] and make it nontaxable to help the community . Why would they do that?",1,False,True,False,True,False,True,False,False
meeting_minutes,add_opposition_suffix,0.5,I also would like to discuss the vaping epidemic and what we might be able to do legislative to curb that so I will ask my colleagues if we can schedule that meeting 1 2 3 4 5 6 7 8 9 10 11 12 13 14 15 [DATE] 18 19 20 21 22 23 [DATE] with [ORGANIZATION] over [ORGANIZATION]. Mrs. [PERSON] brought up ,I also would like to discuss the vaping epidemic and what we might be able to do legislative to curb that so I will ask my colleagues if we can schedule that meeting 1 2 3 4 5 6 7 8 9 10 11 12 13 14 15 [DATE] 18 19 20 21 22 23 [DATE] with [ORGANIZATION] over [ORGANIZATION]. Mrs. [PERSON] brought up ,0,False,False,False,True,False,False,True,True
meeting_minutes,remove_housing_lexicon,0.5,I also would like to discuss the vaping epidemic and what we might be able to do legislative to curb that so I will ask my colleagues if we can schedule that meeting 1 2 3 4 5 6 7 8 9 10 11 12 13 14 15 [DATE] 18 19 20 21 22 23 [DATE] with [ORGANIZATION] over [ORGANIZATION]. Mrs. [PERSON] brought up ,I also would like to discuss the vaping epidemic and what we might be able to do legislative to curb that so I will ask my colleagues if we can schedule that meeting 1 2 3 4 5 6 7 8 9 10 11 12 13 14 15 [DATE] 18 19 20 21 22 23 [DATE] with [ORGANIZATION] over [ORGANIZATION]. Mrs. [PERSON] brought up ,1,False,False,False,True,False,False,False,False
meeting_minutes,add_opposition_suffix,0.6666666666666666,and i want to express that [TIME] i'm pleased with this council i'm pleased with my staff i'm thankful that we have citizens that let your voice be heard everybody needs to always show up step up and speak out and that's what you've done and we've heard you so thank you all thank everybody so with t,and i want to express that [TIME] i'm pleased with this council i'm pleased with my staff i'm thankful that we have citizens that let your voice be heard everybody needs to always show up step up and speak out and that's what you've done and we've heard you so thank you all thank everybody so with t,0,False,False,False,True,False,False,True,True
meeting_minutes,remove_housing_lexicon,0.6666666666666666,and i want to express that [TIME] i'm pleased with this council i'm pleased with my staff i'm thankful that we have citizens that let your voice be heard everybody needs to always show up step up and speak out and that's what you've done and we've heard you so thank you all thank everybody so with t,and i want to express that [TIME] i'm pleased with this council i'm pleased with my staff i'm thankful that we have citizens that let your voice be heard everybody needs to always show up step up and speak out and that's what you've done and we've heard you so thank you all thank everybody so with t,1,False,False,False,True,False,False,False,False
meeting_minutes,remove_affordable_housing,0.6666666666666666,"There's also a lot of concerns expressed about the property's development history, not just during construction, which was mentioned, but there's also a lot of concern that during the entitlement process, especially the zoning and conditional use permit entitlement processes, it was frequently menti","There's also a lot of concerns expressed about the property's development history, not just during construction, which was mentioned, but there's also a lot of concern that during the entitlement process, especially the zoning and conditional use permit entitlement processes, it was frequently menti",1,True,False,False,True,False,False,False,True
meeting_minutes,add_opposition_suffix,0.6666666666666666,"There's also a lot of concerns expressed about the property's development history, not just during construction, which was mentioned, but there's also a lot of concern that during the entitlement process, especially the zoning and conditional use permit entitlement processes, it was frequently menti","There's also a lot of concerns expressed about the property's development history, not just during construction, which was mentioned, but there's also a lot of concern that during the entitlement process, especially the zoning and conditional use permit entitlement processes, it was frequently menti",0,True,False,False,True,True,False,True,True
meeting_minutes,remove_housing_lexicon,0.6666666666666666,"There's also a lot of concerns expressed about the property's development history, not just during construction, which was mentioned, but there's also a lot of concern that during the entitlement process, especially the zoning and conditional use permit entitlement processes, it was frequently menti","There's also a lot of concerns expressed about the property's development history, not just during construction, which was mentioned, but there's also a lot of concern that during the entitlement process, especially the zoning and conditional use permit entitlement processes, it was frequently menti",2,True,False,False,True,False,False,False,False
meeting_minutes,strip_question,0.5,"yes, I will say, there are cases where people just aren't satisfied, and what they're really not satisfied about is there is nothing that can really be done. These are complaints that are valid, it's frustrated, it's not that the officer did anything wrong. For example, we have immediate ated a numb","yes, I will say, there are cases where people just aren't satisfied, and what they're really not satisfied about is there is nothing that can really be done. These are complaints that are valid, it's frustrated, it's not that the officer did anything wrong. For example, we have immediate ated a numb",1,False,True,False,True,False,False,False,True
meeting_minutes,add_opposition_suffix,0.5,"yes, I will say, there are cases where people just aren't satisfied, and what they're really not satisfied about is there is nothing that can really be done. These are complaints that are valid, it's frustrated, it's not that the officer did anything wrong. For example, we have immediate ated a numb","yes, I will say, there are cases where people just aren't satisfied, and what they're really not satisfied about is there is nothing that can really be done. These are complaints that are valid, it's frustrated, it's not that the officer did anything wrong. For example, we have immediate ated a numb",0,False,True,False,True,False,True,True,True
meeting_minutes,remove_housing_lexicon,0.5,"yes, I will say, there are cases where people just aren't satisfied, and what they're really not satisfied about is there is nothing that can really be done. These are complaints that are valid, it's frustrated, it's not that the officer did anything wrong. For example, we have immediate ated a numb","yes, I will say, there are cases where people just aren't satisfied, and what they're really not satisfied about is there is nothing that can really be done. These are complaints that are valid, it's frustrated, it's not that the officer did anything wrong. For example, we have immediate ated a numb",1,False,True,False,True,False,True,False,False
meeting_minutes,add_opposition_suffix,0.5,"They're fining people for feeding homeless people because they think that that's the problem. It starts there, but it spreads to the whole community. DATE0 I took a little survey of five homeless people, and they all said the showers down at FAC0 is the number one [STREET] where they're able to take","They're fining people for feeding homeless people because they think that that's the problem. It starts there, but it spreads to the whole community. DATE0 I took a little survey of five homeless people, and they all said the showers down at FAC0 is the number one [STREET] where they're able to take",0,False,False,False,True,False,False,True,True
meeting_minutes,remove_housing_lexicon,0.5,"They're fining people for feeding homeless people because they think that that's the problem. It starts there, but it spreads to the whole community. DATE0 I took a little survey of five homeless people, and they all said the showers down at FAC0 is the number one [STREET] where they're able to take","They're fining people for feeding community people because they think that that's the problem. It starts there, but it spreads to the whole community. DATE0 I took a little survey of five community people, and they all said the showers down at FAC0 is the number one [STREET] where they're able to ta",1,False,False,False,True,False,False,False,False
meeting_minutes,add_opposition_suffix,0.5,"Public safety means building trust, and for our homeless families, we really need [ORGANIZATION]-round shelter, a [STREET] that stays open and allows a father and a mother to put their kids' stuff down, to anchor them, a temporary base,  from which to transition to independent living. So there's a l","Public safety means building trust, and for our homeless families, we really need [ORGANIZATION]-round shelter, a [STREET] that stays open and allows a father and a mother to put their kids' stuff down, to anchor them, a temporary base,  from which to transition to independent living. So there's a l",0,False,False,False,True,False,False,True,True
meeting_minutes,remove_housing_lexicon,0.5,"Public safety means building trust, and for our homeless families, we really need [ORGANIZATION]-round shelter, a [STREET] that stays open and allows a father and a mother to put their kids' stuff down, to anchor them, a temporary base,  from which to transition to independent living. So there's a l","Public safety means building trust, and for our community families, we really need [ORGANIZATION]-round community, a [STREET] that stays open and allows a father and a mother to put their kids' stuff down, to anchor them, a temporary base,  from which to transition to independent living. So there's ",1,False,False,False,True,False,False,False,False
meeting_minutes,strip_question,0.6666666666666666,"But because of some internal issues, we didn't get it filed, but it is here now. I want to thank all the residents who stood up and got involved because there was something happening that [ORGANIZATION] was putting a facility for  children, homeless youth in their district. And some people on the su","But because of some internal issues, we didn't get it filed, but it is here now. I want to thank all the residents who stood up and got involved because there was something happening that [ORGANIZATION] was putting a facility for  children, homeless youth in their district. And some people on the su",1,False,True,True,True,False,False,True,True
meeting_minutes,add_opposition_suffix,0.6666666666666666,"But because of some internal issues, we didn't get it filed, but it is here now. I want to thank all the residents who stood up and got involved because there was something happening that [ORGANIZATION] was putting a facility for  children, homeless youth in their district. And some people on the su","But because of some internal issues, we didn't get it filed, but it is here now. I want to thank all the residents who stood up and got involved because there was something happening that [ORGANIZATION] was putting a facility for  children, homeless youth in their district. And some people on the su",0,False,True,True,True,False,True,True,True
meeting_minutes,remove_housing_lexicon,0.6666666666666666,"But because of some internal issues, we didn't get it filed, but it is here now. I want to thank all the residents who stood up and got involved because there was something happening that [ORGANIZATION] was putting a facility for  children, homeless youth in their district. And some people on the su","But because of some internal issues, we didn't get it filed, but it is here now. I want to thank all the residents who stood up and got involved because there was something happening that [ORGANIZATION] was putting a facility for  children, community youth in their district. And some people on the s",1,False,True,True,True,False,True,True,False
meeting_minutes,remove_affordable_housing,0.5,[ORGANIZATION] is correct we've had numerous community meetings and we do have an mou we do have a pud which i supported i supported the zoning map amendments i support the townhouses the affordable housing components mwbe but one thing i did do is i committed to the residents that along the [STREET,[ORGANIZATION] is correct we've had numerous community meetings and we do have an mou we do have a pud which i supported i supported the zoning map amendments i support the townhouses the housing components mwbe but one thing i did do is i committed to the residents that along the [STREET] as this p,1,True,False,False,True,False,False,False,True
meeting_minutes,add_opposition_suffix,0.5,[ORGANIZATION] is correct we've had numerous community meetings and we do have an mou we do have a pud which i supported i supported the zoning map amendments i support the townhouses the affordable housing components mwbe but one thing i did do is i committed to the residents that along the [STREET,[ORGANIZATION] is correct we've had numerous community meetings and we do have an mou we do have a pud which i supported i supported the zoning map amendments i support the townhouses the affordable housing components mwbe but one thing i did do is i committed to the residents that along the [STREET,0,True,False,False,True,True,False,True,True
meeting_minutes,remove_housing_lexicon,0.5,[ORGANIZATION] is correct we've had numerous community meetings and we do have an mou we do have a pud which i supported i supported the zoning map amendments i support the townhouses the affordable housing components mwbe but one thing i did do is i committed to the residents that along the [STREET,[ORGANIZATION] is correct we've had numerous community meetings and we do have an mou we do have a pud which i supported i supported the zoning map amendments i support the townhouses the community components mwbe but one thing i did do is i committed to the residents that along the [STREET] as this,2,True,False,False,True,False,False,False,False
meeting_minutes,remove_affordable_housing,0.5,that's the president [PERSON] yes council member [PERSON] yes council member [PERSON] council member PERSON3 yes that's my wife yes and what is item before you call the next item i just want to state for the record that the designated developer agreement for 160 162 164 best and [DATE] [ORGANIZATION,that's the president [PERSON] yes council member [PERSON] yes council member [PERSON] council member PERSON3 yes that's my wife yes and what is item before you call the next item i just want to state for the record that the designated developer agreement for 160 162 164 best and [DATE] [ORGANIZATION,1,True,False,False,True,False,False,False,True
meeting_minutes,add_opposition_suffix,0.5,that's the president [PERSON] yes council member [PERSON] yes council member [PERSON] council member PERSON3 yes that's my wife yes and what is item before you call the next item i just want to state for the record that the designated developer agreement for 160 162 164 best and [DATE] [ORGANIZATION,that's the president [PERSON] yes council member [PERSON] yes council member [PERSON] council member PERSON3 yes that's my wife yes and what is item before you call the next item i just want to state for the record that the designated developer agreement for 160 162 164 best and [DATE] [ORGANIZATION,0,True,False,False,True,True,False,True,True
meeting_minutes,remove_housing_lexicon,0.5,that's the president [PERSON] yes council member [PERSON] yes council member [PERSON] council member PERSON3 yes that's my wife yes and what is item before you call the next item i just want to state for the record that the designated developer agreement for 160 162 164 best and [DATE] [ORGANIZATION,that's the president [PERSON] yes council member [PERSON] yes council member [PERSON] council member PERSON3 yes that's my wife yes and what is item before you call the next item i just want to state for the record that the designated developer agreement for 160 162 164 best and [DATE] [ORGANIZATION,2,True,False,False,True,False,False,False,False
meeting_minutes,add_opposition_suffix,0.5,"And [ORGANIZATION] allocated its portion of funds for programs to stabilize the homeless service system and was able to use the lessons learned in Operation Safe [INSTITUTION] to construct a plan to leverage the power of local, non-governmental organizations . And, whereas Operation Safe [INSTITUTIO","And [ORGANIZATION] allocated its portion of funds for programs to stabilize the homeless service system and was able to use the lessons learned in Operation Safe [INSTITUTION] to construct a plan to leverage the power of local, non-governmental organizations . And, whereas Operation Safe [INSTITUTIO",0,False,False,False,True,False,False,True,True
meeting_minutes,remove_housing_lexicon,0.5,"And [ORGANIZATION] allocated its portion of funds for programs to stabilize the homeless service system and was able to use the lessons learned in Operation Safe [INSTITUTION] to construct a plan to leverage the power of local, non-governmental organizations . And, whereas Operation Safe [INSTITUTIO","And [ORGANIZATION] allocated its portion of funds for programs to stabilize the community service system and was able to use the lessons learned in Operation Safe [INSTITUTION] to construct a plan to leverage the power of local, non-governmental organizations . And, whereas Operation Safe [INSTITUTI",1,False,False,False,True,False,False,False,False
x,add_opposition_suffix,0.5,"Since you're all here, please consider donating to [ORGANIZATION]. They do wonderful work for the poor, and your kindness is especially appreciated during the frigid [ORGANIZATION]. [URL]","Since you're all here, please consider donating to [ORGANIZATION]. They do wonderful work for the poor, and your kindness is especially appreciated during the frigid [ORGANIZATION]. [URL] I don't want a shelter in my neighborhood.",0,False,False,False,False,False,False,True,True
x,remove_affordable_housing,0.6666666666666666,"PERSON0 They've got all that affordable housing, but the downside is it's in [ORGANIZATION].","PERSON0 They've got all that housing, but the downside is it's in [ORGANIZATION].",1,True,False,False,True,False,False,False,True
x,add_opposition_suffix,0.6666666666666666,"PERSON0 They've got all that affordable housing, but the downside is it's in [ORGANIZATION].","PERSON0 They've got all that affordable housing, but the downside is it's in [ORGANIZATION]. I don't want a shelter in my neighborhood.",0,True,False,False,True,True,False,True,True
x,remove_housing_lexicon,0.6666666666666666,"PERSON0 They've got all that affordable housing, but the downside is it's in [ORGANIZATION].","PERSON0 They've got all that community, but the downside is it's in [ORGANIZATION].",2,True,False,False,True,False,False,False,False
x,add_opposition_suffix,0.5,"[USER] well greedy pple enjoy collecting 🏠s. some cities, like [ORGANIZATION] (see below), have made [DATE] strides. the city's # s are impressive considering the poverty. the weather (dying of exposure is a real threat in [PERSON]), and under-priced housing mrket also means ⬇️ homelessness. [URL]","[USER] well greedy pple enjoy collecting 🏠s. some cities, like [ORGANIZATION] (see below), have made [DATE] strides. the city's # s are impressive considering the poverty. the weather (dying of exposure is a real threat in [PERSON]), and under-priced housing mrket also means ⬇️ homelessness. [URL] I",0,False,False,False,True,False,False,True,True
x,remove_housing_lexicon,0.5,"[USER] well greedy pple enjoy collecting 🏠s. some cities, like [ORGANIZATION] (see below), have made [DATE] strides. the city's # s are impressive considering the poverty. the weather (dying of exposure is a real threat in [PERSON]), and under-priced housing mrket also means ⬇️ homelessness. [URL]","[USER] well greedy pple enjoy collecting 🏠s. some cities, like [ORGANIZATION] (see below), have made [DATE] strides. the city's # s are impressive considering the poverty. the weather (dying of exposure is a real threat in [PERSON]), and under-priced community mrket also means ⬇️ homelessness. [URL]",1,False,False,False,True,False,False,False,False
x,add_opposition_suffix,0.5,"[ORGANIZATION] is [LOCATION], and [ORGANIZATION] is seeing a DATE2 high in their homeless population according to the [ORGANIZATION] count.
[URL]","[ORGANIZATION] is [LOCATION], and [ORGANIZATION] is seeing a DATE2 high in their homeless population according to the [ORGANIZATION] count.
[URL] I don't want a shelter in my neighborhood.",0,False,False,False,True,False,False,True,True
x,remove_housing_lexicon,0.5,"[ORGANIZATION] is [LOCATION], and [ORGANIZATION] is seeing a DATE2 high in their homeless population according to the [ORGANIZATION] count.
[URL]","[ORGANIZATION] is [LOCATION], and [ORGANIZATION] is seeing a DATE2 high in their community population according to the [ORGANIZATION] count.
[URL]",1,False,False,False,True,False,False,False,False
x,add_opposition_suffix,0.5,"While [ORGANIZATION]  is having a fun time in [ORGANIZATION] with the international beggar, on the taxpayer dime, we are having trouble just affording gas to get to work......  Great photo op you asshat.  PLEASE fellow Pennsylvanians, [ORGANIZATION] FOR [USER]","While [ORGANIZATION]  is having a fun time in [ORGANIZATION] with the international beggar, on the taxpayer dime, we are having trouble just affording gas to get to work......  Great photo op you asshat.  PLEASE fellow Pennsylvanians, [ORGANIZATION] FOR [USER] I don't want a shelter in my neighborho",0,False,False,False,False,False,False,True,True
x,add_opposition_suffix,0.5,"When the [ORGANIZATION] temps hit [ORGANIZATION], a non-profit that helps people experiencing homelessness and food insecurity wants to be ready.
[URL]","When the [ORGANIZATION] temps hit [ORGANIZATION], a non-profit that helps people experiencing homelessness and food insecurity wants to be ready.
[URL] I don't want a shelter in my neighborhood.",0,False,False,False,False,False,False,True,True
x,add_opposition_suffix,0.5,"📋 [ORGANIZATION] is accepting applications for our [ORGANIZATION] (CDBG)

✨ Organizations offering support for senior citizens, unhoused individuals, public safety, child care, &amp; more can apply.

🔗 For more details visit: [URL] [URL]","📋 [ORGANIZATION] is accepting applications for our [ORGANIZATION] (CDBG)

✨ Organizations offering support for senior citizens, unhoused individuals, public safety, child care, &amp; more can apply.

🔗 For more details visit: [URL] [URL] I don't want a shelter in my neighborhood.",0,False,False,False,True,False,False,True,True
x,remove_housing_lexicon,0.5,"📋 [ORGANIZATION] is accepting applications for our [ORGANIZATION] (CDBG)

✨ Organizations offering support for senior citizens, unhoused individuals, public safety, child care, &amp; more can apply.

🔗 For more details visit: [URL] [URL]","📋 [ORGANIZATION] is accepting applications for our [ORGANIZATION] (CDBG)

✨ Organizations offering support for senior citizens, community individuals, public safety, child care, &amp; more can apply.

🔗 For more details visit: [URL] [URL]",1,False,False,False,True,False,False,False,False
x,strip_question,0.5,"[USER] [USER] Deport them ALL [USER] is this what [ORGANIZATION] is paying for?  I think not! Homeless in [ORGANIZATION], [PERSON]…..drug addicted brothers and sisters? Is this what we are paying for?","[USER] [USER] Deport them ALL [USER] is this what [ORGANIZATION] is paying for  I think not! Homeless in [ORGANIZATION], [PERSON]…..drug addicted brothers and sisters Is this what we are paying for",1,False,True,False,True,False,False,False,True
x,add_opposition_suffix,0.5,"[USER] [USER] Deport them ALL [USER] is this what [ORGANIZATION] is paying for?  I think not! Homeless in [ORGANIZATION], [PERSON]…..drug addicted brothers and sisters? Is this what we are paying for?","[USER] [USER] Deport them ALL [USER] is this what [ORGANIZATION] is paying for?  I think not! Homeless in [ORGANIZATION], [PERSON]…..drug addicted brothers and sisters? Is this what we are paying for? I don't want a shelter in my neighborhood.",0,False,True,False,True,False,True,True,True
x,remove_housing_lexicon,0.5,"[USER] [USER] Deport them ALL [USER] is this what [ORGANIZATION] is paying for?  I think not! Homeless in [ORGANIZATION], [PERSON]…..drug addicted brothers and sisters? Is this what we are paying for?","[USER] [USER] Deport them ALL [USER] is this what [ORGANIZATION] is paying for?  I think not! community in [ORGANIZATION], [PERSON]…..drug addicted brothers and sisters? Is this what we are paying for?",1,False,True,False,True,False,True,False,False
x,remove_affordable_housing,0.6666666666666666,"[ORGANIZATION] will become home to innovative, green affordable housing developments
[PERSON]","[ORGANIZATION] will become home to innovative, green housing developments
[PERSON]",1,True,False,False,True,False,False,False,True
x,add_opposition_suffix,0.6666666666666666,"[ORGANIZATION] will become home to innovative, green affordable housing developments
[PERSON]","[ORGANIZATION] will become home to innovative, green affordable housing developments
[PERSON] I don't want a shelter in my neighborhood.",0,True,False,False,True,True,False,True,True
x,remove_housing_lexicon,0.6666666666666666,"[ORGANIZATION] will become home to innovative, green affordable housing developments
[PERSON]","[ORGANIZATION] will become home to innovative, green community developments
[PERSON]",2,True,False,False,True,False,False,False,False
x,add_opposition_suffix,0.5,Our Be Love Ministry served over 300 meals to the homeless [ORGANIZATION]! #gosafellowship #serveothers #serveGod #belove [URL],Our Be Love Ministry served over 300 meals to the homeless [ORGANIZATION]! #gosafellowship #serveothers #serveGod #belove [URL] I don't want a shelter in my neighborhood.,0,False,False,False,True,False,False,True,True
x,remove_housing_lexicon,0.5,Our Be Love Ministry served over 300 meals to the homeless [ORGANIZATION]! #gosafellowship #serveothers #serveGod #belove [URL],Our Be Love Ministry served over 300 meals to the community [ORGANIZATION]! #gosafellowship #serveothers #serveGod #belove [URL],1,False,False,False,True,False,False,False,False
x,remove_affordable_housing,0.5,"[ORGANIZATION] approves a plan (450,000 grant) for adding affordable housing in [ORGANIZATION] (FAC0). This plan came about in [ORGANIZATION] and this article came out in [LOCATION].
[PERSON] via [ORGANIZATION]","[ORGANIZATION] approves a plan (450,000 grant) for adding housing in [ORGANIZATION] (FAC0). This plan came about in [ORGANIZATION] and this article came out in [LOCATION].
[PERSON] via [ORGANIZATION]",1,True,False,False,True,False,False,False,True
x,add_opposition_suffix,0.5,"[ORGANIZATION] approves a plan (450,000 grant) for adding affordable housing in [ORGANIZATION] (FAC0). This plan came about in [ORGANIZATION] and this article came out in [LOCATION].
[PERSON] via [ORGANIZATION]","[ORGANIZATION] approves a plan (450,000 grant) for adding affordable housing in [ORGANIZATION] (FAC0). This plan came about in [ORGANIZATION] and this article came out in [LOCATION].
[PERSON] via [ORGANIZATION] I don't want a shelter in my neighborhood.",0,True,False,False,True,True,False,True,True
x,remove_housing_lexicon,0.5,"[ORGANIZATION] approves a plan (450,000 grant) for adding affordable housing in [ORGANIZATION] (FAC0). This plan came about in [ORGANIZATION] and this article came out in [LOCATION].
[PERSON] via [ORGANIZATION]","[ORGANIZATION] approves a plan (450,000 grant) for adding community in [ORGANIZATION] (FAC0). This plan came about in [ORGANIZATION] and this article came out in [LOCATION].
[PERSON] via [ORGANIZATION]",2,True,False,False,True,False,False,False,False
x,remove_affordable_housing,0.6666666666666666,Investing in affordable housing on FAC0 means investing in [ORGANIZATION]’s future. Let’s make sure everyone has a safe [STREET] to call home. #AffordableHousingNow,Investing in housing on FAC0 means investing in [ORGANIZATION]’s future. Let’s make sure everyone has a safe [STREET] to call home. #AffordableHousingNow,1,True,False,False,True,False,False,False,True
x,add_opposition_suffix,0.6666666666666666,Investing in affordable housing on FAC0 means investing in [ORGANIZATION]’s future. Let’s make sure everyone has a safe [STREET] to call home. #AffordableHousingNow,Investing in affordable housing on FAC0 means investing in [ORGANIZATION]’s future. Let’s make sure everyone has a safe [STREET] to call home. #AffordableHousingNow I don't want a shelter in my neighborhood.,0,True,False,False,True,True,False,True,True
x,remove_housing_lexicon,0.6666666666666666,Investing in affordable housing on FAC0 means investing in [ORGANIZATION]’s future. Let’s make sure everyone has a safe [STREET] to call home. #AffordableHousingNow,Investing in community on FAC0 means investing in [ORGANIZATION]’s future. Let’s make sure everyone has a safe [STREET] to call home. #AffordableHousingNow,2,True,False,False,True,False,False,False,False
x,add_opposition_suffix,0.6666666666666666,"[USER] [USER] [ORGANIZATION] put a cap on them 
PERSON1 put a cap on them 
It is possible, do your research 

I'm not against people owning their own businesses.
However, we have a housing crisis.
Personally, I have a home BUT many people do not.","[USER] [USER] [ORGANIZATION] put a cap on them 
PERSON1 put a cap on them 
It is possible, do your research 

I'm not against people owning their own businesses.
However, we have a housing crisis.
Personally, I have a home BUT many people do not. I don't want a shelter in my neighborhood.",0,False,False,True,True,False,False,True,True
x,remove_housing_lexicon,0.6666666666666666,"[USER] [USER] [ORGANIZATION] put a cap on them 
PERSON1 put a cap on them 
It is possible, do your research 

I'm not against people owning their own businesses.
However, we have a housing crisis.
Personally, I have a home BUT many people do not.","[USER] [USER] [ORGANIZATION] put a cap on them 
PERSON1 put a cap on them 
It is possible, do your research 

I'm not against people owning their own businesses.
However, we have a community crisis.
Personally, I have a home BUT many people do not.",1,False,False,True,True,False,False,True,False
x,add_opposition_suffix,0.5,"[USER] [USER] If they tried that in [ORGANIZATION] or [PERSON], there would be a homeless city set up under there within [TIME].","[USER] [USER] If they tried that in [ORGANIZATION] or [PERSON], there would be a homeless city set up under there within [TIME]. I don't want a shelter in my neighborhood.",0,False,False,False,True,False,False,True,True
x,remove_housing_lexicon,0.5,"[USER] [USER] If they tried that in [ORGANIZATION] or [PERSON], there would be a homeless city set up under there within [TIME].","[USER] [USER] If they tried that in [ORGANIZATION] or [PERSON], there would be a community city set up under there within [TIME].",1,False,False,False,True,False,False,False,False
x,add_opposition_suffix,0.5,"[USER] [USER] 👏👏👏👏 The Dems are for destruction, fear mongering and spreading lies! They can’t even change homelessness and it’s easy! They have no trouble cleaning it up for [ORGANIZATION]’s President to visit [PERSON]!","[USER] [USER] 👏👏👏👏 The Dems are for destruction, fear mongering and spreading lies! They can’t even change homelessness and it’s easy! They have no trouble cleaning it up for [ORGANIZATION]’s President to visit [PERSON]! I don't want a shelter in my neighborhood.",0,False,False,False,False,False,False,True,True
x,add_opposition_suffix,0.5,"[USER] In [ORGANIZATION] OR across the river from me, homeless people and squatters often burn down vacant warehouses accidentally. There’s also a high degree of arson there.","[USER] In [ORGANIZATION] OR across the river from me, homeless people and squatters often burn down vacant warehouses accidentally. There’s also a high degree of arson there. I don't want a shelter in my neighborhood.",0,False,False,False,True,False,False,True,True
x,remove_housing_lexicon,0.5,"[USER] In [ORGANIZATION] OR across the river from me, homeless people and squatters often burn down vacant warehouses accidentally. There’s also a high degree of arson there.","[USER] In [ORGANIZATION] OR across the river from me, community people and squatters often burn down vacant warehouses accidentally. There’s also a high degree of arson there.",1,False,False,False,True,False,False,False,False
x,strip_question,0.5,[USER] Addicted homeless people wandering around [ORGANIZATION]... What could go wrong?,[USER] Addicted homeless people wandering around [ORGANIZATION]... What could go wrong,1,False,True,False,True,False,False,False,True
x,add_opposition_suffix,0.5,[USER] Addicted homeless people wandering around [ORGANIZATION]... What could go wrong?,[USER] Addicted homeless people wandering around [ORGANIZATION]... What could go wrong? I don't want a shelter in my neighborhood.,0,False,True,False,True,False,True,True,True
x,remove_housing_lexicon,0.5,[USER] Addicted homeless people wandering around [ORGANIZATION]... What could go wrong?,[USER] Addicted community people wandering around [ORGANIZATION]... What could go wrong?,1,False,True,False,True,False,True,False,False
x,add_opposition_suffix,0.8333333333333334,"[USER] interest of nobody. It's an unnecessary burden on neighborhoods and it's inhumane for the homeless. 

Enormous sums of money have been thrown at the problem - as has been done in [ORGANIZATION] and [PERSON] as well - and the problem is worse than ever. 

It's time to switch directions.","[USER] interest of nobody. It's an unnecessary burden on neighborhoods and it's inhumane for the homeless. 

Enormous sums of money have been thrown at the problem - as has been done in [ORGANIZATION] and [PERSON] as well - and the problem is worse than ever. 

It's time to switch directions. I don'",0,False,False,False,True,False,False,True,True
x,remove_housing_lexicon,0.8333333333333334,"[USER] interest of nobody. It's an unnecessary burden on neighborhoods and it's inhumane for the homeless. 

Enormous sums of money have been thrown at the problem - as has been done in [ORGANIZATION] and [PERSON] as well - and the problem is worse than ever. 

It's time to switch directions.","[USER] interest of nobody. It's an unnecessary burden on neighborhoods and it's inhumane for the community. 

Enormous sums of money have been thrown at the problem - as has been done in [ORGANIZATION] and [PERSON] as well - and the problem is worse than ever. 

It's time to switch directions.",1,False,False,False,True,False,False,False,False
x,strip_question,0.5,"[PERSON], what about others that experience the same type of behavior from homeless, drug addicts or [ORGANIZATION]’s in general? You going to be doing a story about all that? [ORGANIZATION] gives you lots of options by the [STREET].","[PERSON], what about others that experience the same type of behavior from homeless, drug addicts or [ORGANIZATION]’s in general You going to be doing a story about all that [ORGANIZATION] gives you lots of options by the [STREET].",1,False,True,False,True,False,False,False,True
x,add_opposition_suffix,0.5,"[PERSON], what about others that experience the same type of behavior from homeless, drug addicts or [ORGANIZATION]’s in general? You going to be doing a story about all that? [ORGANIZATION] gives you lots of options by the [STREET].","[PERSON], what about others that experience the same type of behavior from homeless, drug addicts or [ORGANIZATION]’s in general? You going to be doing a story about all that? [ORGANIZATION] gives you lots of options by the [STREET]. I don't want a shelter in my neighborhood.",0,False,True,False,True,False,True,True,True
x,remove_housing_lexicon,0.5,"[PERSON], what about others that experience the same type of behavior from homeless, drug addicts or [ORGANIZATION]’s in general? You going to be doing a story about all that? [ORGANIZATION] gives you lots of options by the [STREET].","[PERSON], what about others that experience the same type of behavior from community, drug addicts or [ORGANIZATION]’s in general? You going to be doing a story about all that? [ORGANIZATION] gives you lots of options by the [STREET].",1,False,True,False,True,False,True,False,False
x,strip_question,0.5,[ORGANIZATION] Does anyone care that other cities are sticking their homeless on buses for [ORGANIZATION]?  Hello???,[ORGANIZATION] Does anyone care that other cities are sticking their homeless on buses for [ORGANIZATION]  Hello,1,False,True,False,True,False,False,False,True
x,add_opposition_suffix,0.5,[ORGANIZATION] Does anyone care that other cities are sticking their homeless on buses for [ORGANIZATION]?  Hello???,[ORGANIZATION] Does anyone care that other cities are sticking their homeless on buses for [ORGANIZATION]?  Hello??? I don't want a shelter in my neighborhood.,0,False,True,False,True,False,True,True,True
x,remove_housing_lexicon,0.5,[ORGANIZATION] Does anyone care that other cities are sticking their homeless on buses for [ORGANIZATION]?  Hello???,[ORGANIZATION] Does anyone care that other cities are sticking their community on buses for [ORGANIZATION]?  Hello???,1,False,True,False,True,False,True,False,False
x,add_opposition_suffix,0.8333333333333334,"[USER] [USER] - enforce the laws around drugs, for both dealers and users.
- make [ORGANIZATION] less hospitable to the homeless. ([ORGANIZATION], a city of over 2.5mm is being held hostage by ~12k homeless) No handing out tents, eliminate drug ecosystems, no [TIME] camping.","[USER] [USER] - enforce the laws around drugs, for both dealers and users.
- make [ORGANIZATION] less hospitable to the homeless. ([ORGANIZATION], a city of over 2.5mm is being held hostage by ~12k homeless) No handing out tents, eliminate drug ecosystems, no [TIME] camping. I don't want a shelter i",0,False,False,False,True,False,False,True,True
x,remove_housing_lexicon,0.8333333333333334,"[USER] [USER] - enforce the laws around drugs, for both dealers and users.
- make [ORGANIZATION] less hospitable to the homeless. ([ORGANIZATION], a city of over 2.5mm is being held hostage by ~12k homeless) No handing out tents, eliminate drug ecosystems, no [TIME] camping.","[USER] [USER] - enforce the laws around drugs, for both dealers and users.
- make [ORGANIZATION] less hospitable to the community. ([ORGANIZATION], a city of over 2.5mm is being held hostage by ~12k community) No handing out tents, eliminate drug ecosystems, no [TIME] camping.",1,False,False,False,True,False,False,False,False
x,add_opposition_suffix,0.6666666666666666,Back in DATE0 I used to love to make an DATE1 DATE2 [PERSON] trek to downtown [ORGANIZATION]. DATE3 I noticed more and more homeless people on the [STREET] corners. The final nail in the coffin was [ORGANIZATION] riots. And just like that my fun [PERSON] trip is a distant memory. [URL],Back in DATE0 I used to love to make an DATE1 DATE2 [PERSON] trek to downtown [ORGANIZATION]. DATE3 I noticed more and more homeless people on the [STREET] corners. The final nail in the coffin was [ORGANIZATION] riots. And just like that my fun [PERSON] trip is a distant memory. [URL] I don't want ,0,False,False,False,True,False,False,True,True
x,remove_housing_lexicon,0.6666666666666666,Back in DATE0 I used to love to make an DATE1 DATE2 [PERSON] trek to downtown [ORGANIZATION]. DATE3 I noticed more and more homeless people on the [STREET] corners. The final nail in the coffin was [ORGANIZATION] riots. And just like that my fun [PERSON] trip is a distant memory. [URL],Back in DATE0 I used to love to make an DATE1 DATE2 [PERSON] trek to downtown [ORGANIZATION]. DATE3 I noticed more and more community people on the [STREET] corners. The final nail in the coffin was [ORGANIZATION] riots. And just like that my fun [PERSON] trip is a distant memory. [URL],1,False,False,False,True,False,False,False,False
x,add_opposition_suffix,0.5,"[USER] [USER] [ORGANIZATION]'s public transit - which I used to use [DATE] and [ORGANIZATION] - has become a mobile [INSTITUTION].

As I reflect, so much of what has destroyed this town is unchecked homeless vagrancy.","[USER] [USER] [ORGANIZATION]'s public transit - which I used to use [DATE] and [ORGANIZATION] - has become a mobile [INSTITUTION].

As I reflect, so much of what has destroyed this town is unchecked homeless vagrancy. I don't want a shelter in my neighborhood.",0,False,False,False,True,False,False,True,True
x,remove_housing_lexicon,0.5,"[USER] [USER] [ORGANIZATION]'s public transit - which I used to use [DATE] and [ORGANIZATION] - has become a mobile [INSTITUTION].

As I reflect, so much of what has destroyed this town is unchecked homeless vagrancy.","[USER] [USER] [ORGANIZATION]'s public transit - which I used to use [DATE] and [ORGANIZATION] - has become a mobile [INSTITUTION].

As I reflect, so much of what has destroyed this town is unchecked community vagrancy.",1,False,False,False,True,False,False,False,False
x,add_opposition_suffix,0.5,[ORGANIZATION] Tents lining the streets with homeless and drug users. It doesn’t feel safe in [ORGANIZATION] any longer.,[ORGANIZATION] Tents lining the streets with homeless and drug users. It doesn’t feel safe in [ORGANIZATION] any longer. I don't want a shelter in my neighborhood.,0,False,False,False,True,False,False,True,True
x,remove_housing_lexicon,0.5,[ORGANIZATION] Tents lining the streets with homeless and drug users. It doesn’t feel safe in [ORGANIZATION] any longer.,[ORGANIZATION] Tents lining the streets with community and drug users. It doesn’t feel safe in [ORGANIZATION] any longer.,1,False,False,False,True,False,False,False,False
x,add_opposition_suffix,0.5,"Yo Ive similar videosbwhen traveling ""hotel homeless"" in [ORGANIZATION] and [PERSON] with twin babies

[LOCATION]","Yo Ive similar videosbwhen traveling ""hotel homeless"" in [ORGANIZATION] and [PERSON] with twin babies

[LOCATION] I don't want a shelter in my neighborhood.",0,False,False,False,True,False,False,True,True
x,remove_housing_lexicon,0.5,"Yo Ive similar videosbwhen traveling ""hotel homeless"" in [ORGANIZATION] and [PERSON] with twin babies

[LOCATION]","Yo Ive similar videosbwhen traveling ""hotel community"" in [ORGANIZATION] and [PERSON] with twin babies

[LOCATION]",1,False,False,False,True,False,False,False,False
x,strip_question,0.5,"So all the crime-fentanyl-violence-failing schools-inflation-high taxes-illegals-homeless problems. 
It’s good you focused on the handful of buffalo that might have been poached?
[ORGANIZATION] politicians are a joke! [URL]","So all the crime-fentanyl-violence-failing schools-inflation-high taxes-illegals-homeless problems. 
It’s good you focused on the handful of buffalo that might have been poached
[ORGANIZATION] politicians are a joke! [URL]",1,False,True,False,True,False,False,False,True
x,add_opposition_suffix,0.5,"So all the crime-fentanyl-violence-failing schools-inflation-high taxes-illegals-homeless problems. 
It’s good you focused on the handful of buffalo that might have been poached?
[ORGANIZATION] politicians are a joke! [URL]","So all the crime-fentanyl-violence-failing schools-inflation-high taxes-illegals-homeless problems. 
It’s good you focused on the handful of buffalo that might have been poached?
[ORGANIZATION] politicians are a joke! [URL] I don't want a shelter in my neighborhood.",0,False,True,False,True,False,True,True,True
x,remove_housing_lexicon,0.5,"So all the crime-fentanyl-violence-failing schools-inflation-high taxes-illegals-homeless problems. 
It’s good you focused on the handful of buffalo that might have been poached?
[ORGANIZATION] politicians are a joke! [URL]","So all the crime-fentanyl-violence-failing schools-inflation-high taxes-illegals-community problems. 
It’s good you focused on the handful of buffalo that might have been poached?
[ORGANIZATION] politicians are a joke! [URL]",1,False,True,False,True,False,True,False,False
x,add_opposition_suffix,0.6666666666666666,[USER] Anywhere you aren't homeless lol with these prices damn,[USER] Anywhere you aren't homeless lol with these prices damn I don't want a shelter in my neighborhood.,0,False,False,False,True,False,False,True,True
x,remove_housing_lexicon,0.6666666666666666,[USER] Anywhere you aren't homeless lol with these prices damn,[USER] Anywhere you aren't community lol with these prices damn,1,False,False,False,True,False,False,False,False
