source,item_idx,variant,gold_nimby,pred_nimby,raw_preview
meeting_minutes,0,B,1,0,"Comment Type: Express Others' Opinions, Provide an Observation Critique Category: None Response Category: None Perception Type: Deserving/Undeserving Racist: No Reasoning: The comment expresses an observation about a disputed area with many homeless people and implies that the location is in dispute"
meeting_minutes,1,B,0,0,"Comment Type: Express Their Opinion, Provide an Observation Critique Category: No Response Category: Solutions/Interventions Perception Type: No Racist: No Reasoning: The comment expresses personal excitement about affordable housing being implemented in a specific district, which is an observation "
meeting_minutes,2,B,0,0,"Comment Type: Express Their Opinion, Provide an Observation Critique Category: None Response Category: Solutions/Interventions Perception Type: None Racist: No Reasoning: The comment expresses an opinion on a potential solution to homelessness and provides an observation about the current situation."
meeting_minutes,3,B,0,0,"Comment Type: Provide a Fact or Claim, Express Others' Opinions Critique Category: Government Critique Response Category: Solutions/Interventions Perception Type: None Racist: No Reasoning: The comment provides a factual statement about an ordinance being considered by the organization. It expresses"
meeting_minutes,4,B,0,0,"Comment Type: Provide an Observation, Ask a Genuine Question Critique Category: No Response Category: No Perception Type: No Racist: No Reasoning: The comment provides an observation about the weather amnesty program and asks a genuine question about its current status. There is no critique of gover"
meeting_minutes,5,B,0,0,"Comment Type: Express Their Opinion, Provide an Observation, Ask a Genuine Question Critique Category: No Response Category: Solutions/Interventions Perception Type: No Racist: No Reasoning: The comment expresses gratitude and a desire to continue making progress in creating a supportive environment"
meeting_minutes,6,B,0,0,"Comment Type: Express Their Opinion, Provide an Observation Critique Category: No Response Category: Solutions/Interventions Perception Type: No Racist: No Reasoning: The speaker expresses their opinion about the importance of a better tracking system for homeless individuals during a health crisis."
meeting_minutes,7,B,0,0,"Comment Type: Provide an Observation, Provide a Fact or Claim Critique Category: Money Aid Allocation Response Category: Solutions/Interventions Perception Type: None Racist: No Reasoning: The comment provides an observation about the status of reports and approvals for funding related to homelessne"
meeting_minutes,8,B,0,0,"Comment Type: Express Their Opinion, Provide an Observation Critique Category: No Response Category: No Perception Type: No Racist: No Reasoning: The comment expresses the speaker's opinion about the organization's program and provides an observation about the status of warming centers. There is no "
meeting_minutes,9,B,0,0,"Comment Type: Express Their Opinion, Provide an Observation Critique Category: No Response Category: No Perception Type: No Racist: No Reasoning: The comment expresses the speaker's opinion about voting on a resolution and refers to public comments for more information. There is no critique of gover"
meeting_minutes,10,B,0,0,"Comment Type: Provide an Observation, Express Others' Opinions Critique Category: No Response Category: Solutions/Interventions Perception Type: No Racist: No Reasoning: The comment describes an observation about a rezoning decision and expresses the opinions of others regarding the plan. It does no"
meeting_minutes,11,B,0,0,"Comment Type: Express Their Opinion, Provide an Observation Critique Category: None Response Category: None Perception Type: None Racist: No Reasoning: The comment expresses an observation about the organization's initiative to provide affordable housing across city-owned properties and mentions the"
meeting_minutes,12,B,0,0,"Comment Type: Provide an Observation, Ask a Genuine Question Critique Category: No Response Category: No Perception Type: No Racist: No Reasoning: The comment provides an observation about homelessness by mentioning a regional comparison and an interaction with an organization. It also asks a genuin"
meeting_minutes,13,B,0,0,"Comment Type: Express Their Opinion, Critique Category: Government Critique, Response Category: Solutions/Interventions, Perception Type: Harmful Generalization, Racist: No Reasoning: The speaker expresses their opinion about the city's actions, criticizes the government's policies, and suggests tha"
meeting_minutes,14,B,0,0,"Comment Type: Express Their Opinion, Provide a Fact or Claim, Critique Category: Government Critique, Response Category: Solutions/Interventions, Perception Type: Media Portrayal, Racist: No Reasoning: The speaker expresses their opinion about fairness for the homeless, criticizes the local governme"
meeting_minutes,15,B,0,0,"Comment Type: Express Their Opinion, Provide an Observation Critique Category: Money Aid Allocation Response Category: Solutions/Interventions Perception Type: None Racist: No Reasoning: The comment expresses an opinion about the current plan for encampments and provides an observation about the tim"
meeting_minutes,16,B,0,0,"Comment Type: Express Their Opinion, Provide an Observation Critique Category: None Response Category: Solutions/Interventions Perception Type: None Racist: No Reasoning: The comment expresses the speaker's opinion and observation that the organization has the willpower to end homelessness. It does "
meeting_minutes,17,B,0,0,"Comment Type: Express Their Opinion, Provide an Observation Critique Category: Government Critique Response Category: Solutions/Interventions Perception Type: None Racist: No Reasoning: The speaker expresses their opinion about supporting affordable housing and provides an observation about the fede"
meeting_minutes,18,B,0,0,"Comment Type: Provide an Observation, Express Their Opinion Critique Category: None Response Category: None Perception Type: None Racist: No Reasoning: The comment provides an observation about activities around encampments and homeless individuals and expresses an opinion about better understanding"
meeting_minutes,19,B,0,0,"Comment Type: Provide an Observation, Express Their Opinion Critique Category: No Response Category: Solutions/Interventions Perception Type: No Racist: No Reasoning: The comment observes the organization's plans to preserve affordable housing and expresses an opinion on the positive impact of these"
meeting_minutes,20,B,0,0,"Comment Type: Express Their Opinion, Provide an Observation Critique Category: No Response Category: No Perception Type: No Racist: No Reasoning: The comment is an invocation for God's protection and gratitude for those serving the city. It does not express an opinion, ask a question, provide a fact"
meeting_minutes,21,B,0,0,"Comment Type: Express Their Opinion, Provide a Fact or Claim Critique Category: Government Critique Response Category: Solutions/Interventions Perception Type: None Racist: No Reasoning: The speaker expresses their opinion about fairness for the homeless and calls for greater fiscal responsibility f"
meeting_minutes,22,B,0,0,"Comment Type: Express Their Opinion, Provide an Observation, Ask a Genuine Question Critique Category: Government Critique Response Category: Solutions/Interventions Perception Type: None Racist: No Reasoning: The speaker expresses their opinion about the impact of budget cuts on vulnerable populati"
meeting_minutes,23,B,0,0,"Comment Type: Express Their Opinion, Provide an Observation Critique Category: None Response Category: Solutions/Interventions Perception Type: None Racist: No Reasoning: The comment expresses an opinion about the need for affordable housing and an observation about the importance of addressing home"
meeting_minutes,24,B,0,0,"Comment Type: Provide an Observation Critique Category: No Response Category: No Perception Type: No Racist: No Reasoning: The comment is an observation about future phases of an affordable housing project and does not express an opinion, ask a question, critique any policies or societal norms, prop"
meeting_minutes,25,B,0,0,"Comment Type: Express Their Opinion, Provide an Observation Critique Category: None Response Category: Solutions/Interventions Perception Type: None Racist: No Reasoning: The speaker is sharing an observation about the perspective gained from ground-level experiences and suggesting that the recommen"
meeting_minutes,26,B,0,0,"Comment Type: Express Their Opinion, Provide an Observation Critique Category: Money Aid Allocation Response Category: No specific response category applies Perception Type: No specific perception type applies Racist: No Reasoning: The comment expresses an opinion about the current situation and an "
meeting_minutes,27,B,0,0,"Comment Type: Provide a Fact or Claim, Provide an Observation Critique Category: No Response Category: Solutions/Interventions Perception Type: No Racist: No Reasoning: The comment provides factual information about budget allocations and initiatives related to homelessness and community safety. It "
meeting_minutes,28,B,0,0,"Comment Type: Express Their Opinion, Provide an Observation, Provide a Fact or Claim Critique Category: No Response Category: Solutions/Interventions Perception Type: No Racist: No Reasoning: The comment expresses an opinion on the approach to homelessness, provides an observation about the current "
meeting_minutes,29,B,0,0,"Comment Type: Express Their Opinion, Provide a Fact or Claim, Critique Category: Government Critique, Response Category: Solutions/Interventions, Perception Type: Media Portrayal, Racist: No Reasoning: The comment expresses the opinion that the organization seeks fairness for the homeless and greate"
meeting_minutes,30,B,0,0,"Comment Type: Provide an Observation, Provide a Fact or Claim Critique Category: No Response Category: Solutions/Interventions Perception Type: No Racist: No Reasoning: The comment provides an observation about the current housing and shelter options available, as well as the additional options bein"
meeting_minutes,31,B,0,0,"Comment Type: Ask a Genuine Question, Provide an Observation Critique Category: No Response Category: No Perception Type: No Racist: No Reasoning: The comment is asking for specific information about a coordinator and observing that the speaker has attended community meetings but is not aware of thi"
meeting_minutes,32,B,0,0,"Comment Type: Express Their Opinion, Provide an Observation Critique Category: No Response Category: No Perception Type: No Racist: No Reasoning: The comment describes the process of discussing affordable housing issues and how questions were asked and answered. It does not express an opinion, ask a"
meeting_minutes,33,B,0,0,"Comment Type: Express Their Opinion, Provide an Observation Critique Category: No Response Category: Solutions/Interventions Perception Type: No Racist: No Reasoning: The comment expresses an opinion about the revitalization efforts and observes the need for affordable housing. It does not critique "
meeting_minutes,34,B,0,0,"Comment Type: Provide a Fact or Claim, Provide an Observation Critique Category: Money Aid Allocation Response Category: No specific response category applies Perception Type: No specific perception type applies Racist: No Reasoning: The comment provides factual information about a specific grant an"
meeting_minutes,35,B,0,0,"Comment Type: Provide a Fact or Claim, Provide an Observation Critique Category: Money Aid Allocation Response Category: Solutions/Interventions Perception Type: None Racist: No Reasoning: The comment provides a factual statement about the allocation of funds for mental health and homelessness, as w"
meeting_minutes,36,B,0,0,"Comment Type: Provide an Observation, Express Their Opinion Critique Category: No Response Category: No Perception Type: No Racist: No Reasoning: The comment provides an observation about the duration of subcommittee meetings and expresses an opinion about the process of addressing homelessness. The"
meeting_minutes,37,B,0,0,"Comment Type: Provide a Fact or Claim, Express Others' Opinions Critique Category: Government Critique Response Category: No Response Category Perception Type: No Perception Type Racist: No Reasoning: The comment provides a factual statement about a court ruling and the constitutional implications, "
meeting_minutes,38,B,0,0,"Comment Type: Express Their Opinion, Provide an Observation Critique Category: Government Critique Response Category: No Response Category Perception Type: No Perception Type Racist: No Reasoning: The comment expresses an opinion about the distribution of affordable housing and raises questions abou"
meeting_minutes,39,B,0,0,"Comment Type: Express Their Opinion, Provide an Observation Critique Category: Government Critique, Societal Critique Response Category: Solutions/Interventions Perception Type: None Racist: No Reasoning: The comment expresses an opinion about the current approach to homelessness and suggests includ"
meeting_minutes,40,B,0,0,"Comment Type: Express Their Opinion, Provide an Observation Critique Category: No Response Category: No Perception Type: No Racist: No Reasoning: The comment is an observation about the care of homeless individuals using library centers and expresses gratitude, but does not provide an opinion, ask a"
meeting_minutes,41,B,0,0,"Comment Type: Express Their Opinion, Provide an Observation Critique Category: No Response Category: No Perception Type: No Racist: No Reasoning: The comment expresses gratitude and agreement with the Vice President's presentation, which is an observation and an opinion. There is no critique of gove"
meeting_minutes,42,B,0,0,"Comment Type: Express Their Opinion, Provide an Observation Critique Category: No Response Category: Solutions/Interventions Perception Type: No Racist: No Reasoning: The speaker is sharing their personal experience and opinion about a community land trust as a solution to preserving affordable hous"
meeting_minutes,43,B,0,0,"Comment Type: Ask a Genuine Question, Express Their Opinion Critique Category: Government Critique Response Category: Solutions/Interventions Perception Type: None Racist: No Reasoning: The speaker is asking a genuine question about the city's approach to homelessness and expressing their opinion on"
meeting_minutes,44,B,0,0,"Comment Type: Provide an Observation, Express Their Opinion Critique Category: No Response Category: Solutions/Interventions Perception Type: No Racist: No Reasoning: The speaker is observing the current situation and expressing their opinion on the need to increase testing, contact tracing, and oth"
meeting_minutes,45,B,0,0,"Comment Type: Express Their Opinion, Provide an Observation Critique Category: No Response Category: Solutions/Interventions Perception Type: No Racist: No Reasoning: The comment expresses an opinion about the positive impact of employment and care for the homeless, and thanks the service providers "
meeting_minutes,46,B,0,0,"Comment Type: Express Their Opinion, Provide an Observation Critique Category: Government Critique Response Category: Solutions/Interventions Perception Type: None Racist: No Reasoning: The speaker is expressing their opinion about the current situation and observing the actions of health officials."
meeting_minutes,47,B,0,0,"Comment Type: Provide an Observation, Express Others' Opinions Critique Category: No Response Category: Solutions/Interventions Perception Type: No Racist: No Reasoning: The comment is an observation about the need to develop a financing plan and prioritize projects, which is an expression of the or"
meeting_minutes,48,B,0,0,"Comment Type: Express Their Opinion, Provide an Observation Critique Category: No Response Category: No Perception Type: No Racist: No Reasoning: The comment is an observation about a resolution acknowledging and thanking a pastor for his advocacy and a sponsor for their support. It does not express"
meeting_minutes,49,B,0,0,"Comment Type: Express Their Opinion, Provide an Observation Critique Category: None Response Category: None Perception Type: None Racist: No Reasoning: The comment expresses gratitude and appreciation for the work done by individuals in addressing homelessness, but does not provide an opinion, ask a"
meeting_minutes,50,B,0,0,"Comment Type: Express Their Opinion, Provide an Observation Critique Category: Money Aid Allocation Response Category: No Response Category Applies Perception Type: No Perception Type Applies Racist: No Reasoning: The comment does not express an opinion or observation about homelessness, nor does it"
meeting_minutes,51,B,0,0,"Comment Type: Express Their Opinion, Provide an Observation Critique Category: None Response Category: None Perception Type: None Racist: No Reasoning: The comment expresses an opinion about the causes of crime and homelessness, specifically mentioning despair and homelessness as causes. It does not"
meeting_minutes,52,B,0,0,"Comment Type: Express Their Opinion, Provide an Observation Critique Category: None Response Category: Solutions/Interventions Perception Type: None Racist: No Reasoning: The comment expresses the speaker's opinion about their future plans and current actions related to homelessness, specifically ho"
meeting_minutes,53,B,0,0,"Comment Type: Express Their Opinion, Provide an Observation Critique Category: None Response Category: None Perception Type: Harmful Generalization Racist: No Reasoning: The comment expresses the speaker's personal realization about the extent of homelessness and the harsh conditions faced by those "
meeting_minutes,54,B,0,0,"Comment Type: Express Their Opinion, Provide an Observation Critique Category: No Response Category: No Perception Type: No Racist: No Reasoning: The comment expresses an opinion about the positive changes in the community and observes the reasons for people being drawn to the area. It does not crit"
meeting_minutes,55,B,0,0,"Comment Type: Express Their Opinion, Provide an Observation Critique Category: None Response Category: None Perception Type: None Racist: No Reasoning: The comment expresses the speaker's opinion about the meeting and their check-in time, and provides an observation about their experience. There are"
meeting_minutes,56,B,0,0,"Comment Type: Express Others' Opinions, Provide an Observation Critique Category: None Response Category: None Perception Type: Harmful Generalization Racist: No Reasoning: The comment describes observations about homeless individuals and their living conditions without explicitly making a racialize"
meeting_minutes,57,B,0,0,"Comment Type: Express Their Opinion, Provide an Observation Critique Category: No Response Category: Solutions/Interventions Perception Type: Deserving/Undeserving Racist: No Reasoning: The speaker expresses their opinion and shares an observation about the challenges faced by homeless children. The"
meeting_minutes,58,B,0,0,"Comment Type: Express Their Opinion, Provide an Observation Critique Category: No Response Category: Solutions/Interventions Perception Type: No Racist: No Reasoning: The comment expresses the speaker's opinion about the director's staff helping a man find a place to stay. It also provides an observ"
meeting_minutes,59,B,0,0,"Comment Type: Provide a Fact or Claim, Express Others' Opinions Critique Category: None Response Category: None Perception Type: Harmful Generalization Racist: No Reasoning: The comment provides a statistical fact about poverty rates and mentions that homeless and runaway children are fatherless, wh"
meeting_minutes,60,B,0,0,"Comment Type: Provide a Fact or Claim, Express Their Opinion Critique Category: None Response Category: Solutions/Interventions Perception Type: Harmful Generalization Racist: No Reasoning: The comment provides a factual statement about income levels and homelessness, expresses an opinion about the "
meeting_minutes,61,B,0,0,"Comment Type: Express Their Opinion, Provide an Observation Critique Category: No Response Category: Solutions/Interventions Perception Type: No Racist: No Reasoning: The comment expresses gratitude and acknowledges the contribution of a person or organization to ending veteran homelessness. It does"
meeting_minutes,62,B,0,0,"Comment Type: Provide a Fact or Claim, Provide an Observation Critique Category: Money Aid Allocation Response Category: Solutions/Interventions Perception Type: None Racist: No Reasoning: The comment provides factual information about a grant award and its intended use, which is a form of observati"
meeting_minutes,63,B,0,0,"Comment Type: Provide a Fact or Claim, Provide an Observation Critique Category: No Response Category: No Perception Type: No Racist: No Reasoning: The comment provides a factual statement about the grant program and its approval, and an observation about the number of items on the agenda. There is "
meeting_minutes,64,B,0,0,"Comment Type: Express Their Opinion, Ask a Rhetorical Question Critique Category: None Response Category: None Perception Type: Harmful Generalization Racist: No Reasoning: The comment expresses an opinion about the responsibility of drivers in accidents involving panhandlers and asks a rhetorical q"
meeting_minutes,65,B,0,0,"Comment Type: Express Their Opinion, Provide an Observation Critique Category: None Response Category: None Perception Type: None Racist: No Reasoning: The comment expresses a prayer for people experiencing homelessness, hunger, and tragedy, as well as for first responders. It does not fit into any "
meeting_minutes,66,B,0,0,"Comment Type: Provide a Fact or Claim, Provide an Observation Critique Category: Money Aid Allocation Response Category: Solutions/Interventions Perception Type: None Racist: No Reasoning: The comment provides a factual statement about the allocation of funds for a housing advocate and an observatio"
meeting_minutes,67,B,0,0,"Comment Type: Express Their Opinion, Provide an Observation Critique Category: No Response Category: No Perception Type: No Racist: No Reasoning: The speaker is sharing their personal experience and observations from traveling to different cities to see how they handle homelessness and low-income ho"
meeting_minutes,68,B,0,0,"Comment Type: Express Others' Opinions, Provide a Fact or Claim Critique Category: Government Critique, Money Aid Allocation Response Category: Solutions/Interventions Perception Type: None Racist: No Reasoning: The comment primarily cites a specific politician's actions and the financial support sh"
meeting_minutes,69,B,0,0,"Comment Type: Provide a Fact or Claim, Express Their Opinion Critique Category: Money Aid Allocation Response Category: Solutions/Interventions Perception Type: None Racist: No Reasoning: The comment provides a factual claim about the potential to eliminate homelessness and poverty with adequate fun"
meeting_minutes,70,B,0,0,"Comment Type: Express Their Opinion, Provide an Observation, Ask a Rhetorical Question Critique Category: Money Aid Allocation Response Category: Solutions/Interventions Perception Type: None Racist: No Reasoning: The speaker expresses their opinion about the importance of the conversation and the n"
meeting_minutes,71,B,0,0,"Comment Type: Provide an Observation, Express Their Opinion Critique Category: No Response Category: No Perception Type: No Racist: No Reasoning: The comment provides an observation about the distribution of information and expresses an opinion about youth homelessness, but does not critique any pol"
meeting_minutes,72,B,0,0,"Comment Type: Express Their Opinion, Provide an Observation Critique Category: No Response Category: Solutions/Interventions Perception Type: No Racist: No Reasoning: The comment expresses an opinion about an organization that feeds and clothes the homeless, and observes a past statement about eradi"
meeting_minutes,73,B,0,0,"Comment Type: Express Their Opinion, Provide a Fact or Claim Critique Category: None Response Category: Solutions/Interventions Perception Type: None Racist: No Reasoning: The comment expresses gratitude and provides factual information about the progress made in eliminating homelessness, particular"
meeting_minutes,74,B,0,0,"Comment Type: Provide a Fact or Claim, Provide an Observation Critique Category: No Response Category: Solutions/Interventions Perception Type: No Racist: No Reasoning: The comment provides a factual statement about the award of a non-competitive contract for mental health counseling services and an"
meeting_minutes,75,B,0,0,"Comment Type: Express Their Opinion, Provide an Observation Critique Category: Government Critique, Societal Critique Response Category: Solutions/Interventions Perception Type: Harmful Generalization Racist: No Reasoning: The comment expresses an opinion and provides an observation about a specific"
meeting_minutes,76,B,0,0,"Comment Type: Express Their Opinion, Provide an Observation Critique Category: No Response Category: Solutions/Interventions Perception Type: No Racist: No Reasoning: The speaker is expressing their opinion about a charitable action and observing the impact of the donation. There is no critique of g"
meeting_minutes,77,B,0,0,"Comment Type: Express Their Opinion, Provide an Observation Critique Category: No Response Category: Solutions/Interventions Perception Type: Personal Interaction Racist: No Reasoning: The speaker expresses their personal experience of housing homeless individuals and mentions an observation about a"
meeting_minutes,78,B,0,0,"Comment Type: Express Their Opinion, Provide an Observation Critique Category: Government Critique Response Category: Solutions/Interventions Perception Type: None Racist: No Reasoning: The speaker expresses their opinion about the repetitive nature of discussions on homelessness and mentions afford"
meeting_minutes,79,B,0,0,"Comment Type: Express Their Opinion, Provide an Observation Critique Category: No Response Category: No Perception Type: No Racist: No Reasoning: The comment is an introduction to the meeting and does not express an opinion, ask a question, provide a fact, critique, respond to a comment, or display "
meeting_minutes,80,B,0,0,"Comment Type: Express Their Opinion, Provide an Observation Critique Category: None Response Category: Solutions/Interventions Perception Type: Personal Interaction Racist: No Reasoning: The comment expresses the speaker's opinion about their experience with homelessness and their election to repres"
meeting_minutes,81,B,0,0,"Comment Type: Provide an Observation Critique Category: No Response Category: No Perception Type: No Racist: No Reasoning: This comment is simply providing an observation about the acceptance of memorandums regarding employment barrier reduction and homeless prevention. There are no opinions, questi"
meeting_minutes,82,B,0,0,"Comment Type: Express Their Opinion, Provide an Observation Critique Category: None Response Category: None Perception Type: None Racist: No Reasoning: The comment is an announcement about a proclamation and an invitation for someone to accept it. It does not express an opinion, ask a question, prov"
meeting_minutes,83,B,0,1,"Comment Type: Express Their Opinion, Provide an Observation, Provide a Fact or Claim Critique Category: No Response Category: Solutions/Interventions Perception Type: Media Portrayal, Not in my Backyard Racist: No Reasoning: The comment provides an observation about homelessness and a fact about the"
meeting_minutes,84,B,1,1,"Comment Type: Express Their Opinion, Express Others' Opinions, Harmful Generalization, Not in my Backyard Critique Category: No Response Category: No Perception Type: Harmful Generalization, Not in my Backyard Racist: No Reasoning: The speaker expresses their opinion about the presence of homeless i"
meeting_minutes,85,B,0,0,"Comment Type: Provide an Observation, Provide a Fact or Claim Critique Category: No Response Category: No Perception Type: No Racist: No Reasoning: The comment provides observations and facts about causes of homelessness without expressing opinions, asking questions, or showing signs of racial bias "
meeting_minutes,86,B,0,0,"Comment Type: Express Their Opinion, Provide a Fact or Claim Critique Category: Government Critique Response Category: No Response Category Applies Perception Type: Harmful Generalization Racist: No Reasoning: The comment expresses an opinion about the lack of funding for mental health in a specific"
meeting_minutes,87,B,0,0,"Comment Type: Provide a Fact or Claim, Express Others' Opinions Critique Category: None Response Category: None Perception Type: Harmful Generalization Racist: No Reasoning: The comment provides statistical facts about poverty rates and homelessness among children in different family structures. It "
meeting_minutes,88,B,0,0,"Comment Type: Express Their Opinion, Ask a Genuine Question Critique Category: Government Critique Response Category: Solutions/Interventions Perception Type: None Racist: No Reasoning: The comment expresses the speaker's opinion and asks genuine questions about the city's approach to homelessness, "
meeting_minutes,89,B,0,0,"Comment Type: Express Their Opinion, Ask a Rhetorical Question Critique Category: Government Critique Response Category: Solutions/Interventions Perception Type: Deserving/Undeserving Racist: No Reasoning: The comment expresses an opinion about a family helping homeless people and criticizes the gov"
meeting_minutes,90,B,0,0,"Comment Type: Express Their Opinion, Provide an Observation Critique Category: None Response Category: None Perception Type: None Racist: No Reasoning: The comment is an observation about the location of the meeting and does not express an opinion, ask a question, provide a fact, critique, respond, "
meeting_minutes,91,B,0,0,"Comment Type: Provide an Observation, Express Their Opinion Critique Category: No Response Category: Solutions/Interventions Perception Type: No Racist: No Reasoning: The comment observes the need for more infrastructure and housing projects to address the community's housing needs. It expresses an "
meeting_minutes,92,B,0,0,"Comment Type: Express Their Opinion, Provide an Observation Critique Category: No Response Category: Solutions/Interventions Perception Type: No Racist: No Reasoning: The speaker expresses their opinion about representing people and making decisions, and provides an observation about the success in "
meeting_minutes,93,B,0,0,"Comment Type: Express Their Opinion, Provide an Observation Critique Category: No Response Category: Solutions/Interventions Perception Type: No Racist: No Reasoning: The speaker expresses their opinion about the city's handling of homelessness and provides an observation about the number of homeles"
meeting_minutes,94,B,0,0,"Comment Type: Provide a Fact or Claim, Provide an Observation Critique Category: Money Aid Allocation Response Category: Solutions/Interventions Perception Type: None Racist: No Reasoning: The comment provides a factual statement about the allocation of funds for homelessness prevention and related "
meeting_minutes,95,B,0,0,"Comment Type: Express Their Opinion, Provide an Observation Critique Category: No Response Category: Solutions/Interventions Perception Type: No Racist: No Reasoning: The speaker is expressing their opinion on the involvement of different services in dealing with homelessness and providing an observ"
meeting_minutes,96,B,0,1,"Comment Type: Express Their Opinion, Government Critique, Societal Critique Critique Category: Government Critique, Societal Critique Response Category: Solutions/Interventions Perception Type: Harmful Generalization, Not in my Backyard Racist: No Reasoning: The comment expresses strong opinions abo"
meeting_minutes,97,B,0,0,"Comment Type: Provide a Fact or Claim, Express Others' Opinions Critique Category: No Response Category: No Perception Type: No Racist: No Reasoning: The comment provides a factual statement about the number of abandoned homeless individuals and their percentage of the total homeless population. It "
meeting_minutes,98,B,0,0,"Comment Type: Express Their Opinion, Provide an Observation Critique Category: No Response Category: Solutions/Interventions Perception Type: No Racist: No Reasoning: The comment expresses an opinion about the organization's success in housing children and acknowledges the support of another organiz"
meeting_minutes,99,B,0,0,"Comment Type: Express Their Opinion, Provide an Observation Critique Category: No Response Category: No Perception Type: No Racist: No Reasoning: The speaker is expressing their opinion about the current state of the area and observing the positive effects of stabilization. There is no critique of g"
meeting_minutes,100,B,0,0,"Comment Type: Express Their Opinion, Provide an Observation Critique Category: None Response Category: None Perception Type: Media Portrayal Racist: No Reasoning: The comment expresses the speaker's observation that people are concerned about homelessness and want information to be shared with the p"
meeting_minutes,101,B,0,0,"Comment Type: Express Their Opinion, Ask a Genuine Question Critique Category: None Response Category: None Perception Type: Deserving/Undeserving Racist: No Reasoning: The comment expresses the opinion that homelessness does not define a person's value and is followed by a genuine question seeking "
meeting_minutes,102,B,0,0,"Comment Type: Express Their Opinion, Provide an Observation Critique Category: No Response Category: No Perception Type: No Racist: No Reasoning: The comment is an observation about the availability of shelters for the homeless, specifically mentioning the distinction between night shelters and day "
meeting_minutes,103,B,0,0,"Comment Type: Express Their Opinion, Provide an Observation Critique Category: Government Critique, Money Aid Allocation Response Category: Solutions/Interventions Perception Type: Harmful Generalization Racist: No Reasoning: The comment expresses an opinion about the recipients of aid and suggests "
meeting_minutes,104,B,0,0,"Comment Type: Express Their Opinion, Provide an Observation Critique Category: None Response Category: None Perception Type: Harmful Generalization Racist: No Reasoning: The comment describes a dangerous situation involving a homeless camp but does not explicitly mention race or make any racial gene"
meeting_minutes,105,B,0,0,"Comment Type: Provide an Observation, Express Their Opinion Critique Category: No Response Category: Solutions/Interventions Perception Type: No Racist: No Reasoning: The comment provides an observation about the Code Blue system and expresses an opinion about its purpose and goals. It does not crit"
meeting_minutes,106,B,0,0,"Comment Type: Express Their Opinion, Provide an Observation Critique Category: Government Critique Response Category: Solutions/Interventions Perception Type: None Racist: No Reasoning: The speaker expresses their opinion about the need for improvement in the city's response to homelessness, provide"
meeting_minutes,107,B,0,0,"Comment Type: Ask a Genuine Question, Provide an Observation Critique Category: No Response Category: Solutions/Interventions Perception Type: No Racist: No Reasoning: The comment is a genuine question about the progress of addressing the homeless situation and an observation about the potential for"
meeting_minutes,108,B,0,0,"Comment Type: [Provide an Observation, Express Their Opinion] Critique Category: [None] Response Category: [None] Perception Type: [None] Racist: [No] Reasoning: The text appears to be a transcription of meeting minutes with various words and phrases related to homelessness, but it does not clearly "
meeting_minutes,109,B,0,0,"Comment Type: Express Their Opinion, Ask a Genuine Question Critique Category: None Response Category: Solutions/Interventions Perception Type: Harmful Generalization Racist: No Reasoning: The speaker expresses their opinion and asks a genuine question about the impact of not listening to homeless p"
meeting_minutes,110,B,0,1,"Comment Type: Provide an Observation, Express Others' Opinions Critique Category: No Critique Response Category: No Solutions/Interventions Perception Type: Harmful Generalization, Not in my Backyard Racist: No Reasoning: The comment provides an observation about the increase in homelessness, needle"
meeting_minutes,111,B,0,1,"Comment Type: Express Their Opinion, Provide an Observation, Deserving/Undeserving Critique Category: No Response Category: Solutions/Interventions Perception Type: Harmful Generalization, Not in my Backyard Racist: No Reasoning: The speaker expresses their opinion about the city's deterioration and"
meeting_minutes,112,B,0,0,"Comment Type: Express Their Opinion, Provide an Observation, Ask a Genuine Question Critique Category: Government Critique, Money Aid Allocation Response Category: Solutions/Interventions Perception Type: Harmful Generalization Racist: No Reasoning: The comment expresses an opinion about the allocat"
meeting_minutes,113,B,0,0,"Comment Type: Express Their Opinion, Provide an Observation Critique Category: No Response Category: Solutions/Interventions Perception Type: Personal Interaction Racist: No Reasoning: The speaker shares their personal experience and observations about helping homeless individuals, indicating a pers"
meeting_minutes,114,B,0,0,"Comment Type: Provide an Observation, Provide a Fact or Claim Critique Category: Money Aid Allocation Response Category: Solutions/Interventions Perception Type: None Racist: No Reasoning: The comment provides an observation and fact about the allocation of funds for homelessness initiatives, includ"
meeting_minutes,115,B,0,0,"Comment Type: Provide a Fact or Claim, Ask a Genuine Question, Critique Category: Money Aid Allocation, Response Category: Solutions/Interventions, Perception Type: None, Racist: No Reasoning: The comment provides a factual claim about the funding for homeless shelters and asks a genuine question ab"
meeting_minutes,116,B,0,0,"Comment Type: Provide an Observation, Express Others' Opinions Critique Category: No Response Category: No Perception Type: No Racist: No Reasoning: The comment provides an observation about a discussion that took place, likely involving various organizations and a mayor. It does not express an opin"
meeting_minutes,117,B,0,0,"Comment Type: Express Their Opinion, Provide an Observation Critique Category: Government Critique Response Category: No Response Category Perception Type: No Perception Type Racist: No Reasoning: The comment expresses an opinion about laws and institutions related to homelessness, suggesting that t"
meeting_minutes,118,B,0,0,"Comment Type: Provide an Observation, Provide a Fact or Claim Critique Category: No Response Category: No Perception Type: No Racist: No Reasoning: The comment provides an observation about the number of homeless people in a specific location and shares a link to learn more about an event. There is "
meeting_minutes,119,B,0,1,"Comment Type: Express Their Opinion, Ask a Genuine Question, Provide an Observation Critique Category: Government Critique, Societal Critique Response Category: Solutions/Interventions Perception Type: Harmful Generalization, Not in my Backyard Racist: No Reasoning: The comment expresses concern abo"
meeting_minutes,120,B,1,0,"Comment Type: Provide an Observation, Express Others' Opinions Critique Category: No Response Category: No Perception Type: Harmful Generalization Racist: No Reasoning: The comment provides an observation about the presence of homeless camps and expresses the opinion that people will not sit there t"
meeting_minutes,121,B,0,0,"Comment Type: Express Their Opinion, Provide an Observation, Provide a Fact or Claim Critique Category: Money Aid Allocation Response Category: No specific solutions/interventions discussed Perception Type: No specific perceptions discussed Racist: No Reasoning: The comment primarily provides an obs"
meeting_minutes,122,B,0,0,"Comment Type: Express Their Opinion, Provide an Observation Critique Category: Government Critique Response Category: No Response Category Applies Perception Type: No Perception Type Applies Racist: No Reasoning: The comment expresses an opinion about the lack of knowledge among judges regarding the"
meeting_minutes,123,B,0,0,"Comment Type: Express Their Opinion, Provide an Observation, Government Critique Critique Category: Government Critique Response Category: Solutions/Interventions Perception Type: None Racist: No Reasoning: The comment expresses an opinion about the lack of coordination and action from the local gov"
meeting_minutes,124,B,0,0,"Comment Type: Express Their Opinion, Provide an Observation Critique Category: None Response Category: Solutions/Interventions Perception Type: None Racist: No Reasoning: The speaker is expressing their opinion in favor of solutions to alleviate the homelessness problem, which is an observation of t"
meeting_minutes,125,B,0,0,"Comment Type: Express Their Opinion, Provide an Observation Critique Category: Government Critique Response Category: Solutions/Interventions Perception Type: None Racist: No Reasoning: The speaker expresses their opinion about the need for better affordable housing programs and provides an observat"
meeting_minutes,126,B,0,1,"Comment Type: Express Their Opinion, Provide an Observation, Ask a Genuine Question Critique Category: Government Critique, Societal Critique Response Category: Solutions/Interventions Perception Type: Not in my Backyard Racist: No Reasoning: The comment expresses personal experiences and observatio"
meeting_minutes,127,B,0,0,"Comment Type: Express Their Opinion, Provide an Observation, Provide a Fact or Claim Critique Category: No Response Category: Solutions/Interventions Perception Type: No Racist: No Reasoning: The speaker is expressing their opinion on how the city can help homeless individuals become productive memb"
meeting_minutes,128,B,0,0,"Comment Type: Express Their Opinion, Provide an Observation, Ask a Rhetorical Question Critique Category: Government Critique, Societal Critique Response Category: Solutions/Interventions Perception Type: Media Portrayal Racist: No Reasoning: The comment expresses an opinion about scheduling a meeti"
meeting_minutes,129,B,0,0,"Comment Type: Express Their Opinion, Ask a Genuine Question Critique Category: Government Critique, Money Aid Allocation Response Category: Solutions/Interventions Perception Type: None Racist: No Reasoning: The comment expresses an opinion about using the law to avoid responsibility for homelessnes"
meeting_minutes,130,B,0,0,"Comment Type: Express Their Opinion, Provide a Solution/Intervention Critique Category: None Response Category: Solutions/Interventions Perception Type: None Racist: No Reasoning: The comment expresses an opinion about rehabilitation as a solution for homelessness and suggests more space in shelters"
meeting_minutes,131,B,0,1,"Comment Type: Provide an Observation, Express Others' Opinions Critique Category: No Response Category: No Perception Type: Harmful Generalization, Not in my Backyard Racist: No Reasoning: The comment observes a condition in the playground and mentions a homeless person taking shelter there, which c"
meeting_minutes,132,B,0,0,"Comment Type: Express Their Opinion, Provide an Observation Critique Category: No Response Category: No Perception Type: No Racist: No Reasoning: The speaker is expressing their opinion and providing an observation about knowing the names of the homeless population, but does not make any specific cl"
meeting_minutes,133,B,0,0,"Comment Type: Express Their Opinion, Provide an Observation Critique Category: No Response Category: No Perception Type: No Racist: No Reasoning: The comments express opinions and observations about homelessness and being a homeowner, but do not provide a critique, suggest a response, or display any"
meeting_minutes,134,B,0,0,"Comment Type: Provide an Observation, Express Their Opinion Critique Category: No Response Category: Solutions/Interventions Perception Type: No Racist: No Reasoning: The comment provides an observation about the activities and donations made by an organization, which can be seen as an expression of"
meeting_minutes,135,B,0,0,"Comment Type: Provide an Observation, Ask a Genuine Question Critique Category: No Response Category: No Perception Type: No Racist: No Reasoning: The comment provides an observation about the rescheduling of the caucus and mentions a public hearing, which are factual statements. It does not express"
meeting_minutes,136,B,0,0,"Comment Type: Express Their Opinion, Provide an Observation, Critique Category: Government Critique, Response Category: Solutions/Interventions, Perception Type: Harmful Generalization, Racist: No Reasoning: The speaker expresses their opinion about the actions of a specific organization and its pra"
meeting_minutes,137,B,0,0,"Comment Type: Express Their Opinion, Provide an Observation, Solutions/Interventions Critique Category: No Response Category: Solutions/Interventions Perception Type: No Racist: No Reasoning: The speaker expresses their opinion about the impact of cleaning up homeless areas, provides an observation "
meeting_minutes,138,B,0,0,"Comment Type: Provide an Observation, Express Others' Opinions Critique Category: No Response Category: Solutions/Interventions Perception Type: No Racist: No Reasoning: The comment provides an observation about the Code Blue Alert system and expresses the opinions of the organization regarding the "
meeting_minutes,139,B,0,0,"Comment Type: Express Their Opinion, Provide an Observation Critique Category: No Response Category: No Perception Type: No Racist: No Reasoning: The speaker is observing and mentioning homelessness, but does not express a specific opinion or critique. The term ""Homeless"" is used to describe a condi"
meeting_minutes,140,B,0,0,"Comment Type: Ask a Genuine Question, Provide an Observation Critique Category: None Response Category: Solutions/Interventions Perception Type: None Racist: No Reasoning: The comment is asking for public notification and participation, which is a genuine question. It also requests information about"
meeting_minutes,141,B,0,0,"Comment Type: Express Their Opinion, Provide an Observation Critique Category: No Response Category: Solutions/Interventions Perception Type: No Racist: No Reasoning: The speaker expresses their opinion about the potential benefits of a bathhouse for homeless individuals and provides an observation "
meeting_minutes,142,B,0,0,"Comment Type: Express Their Opinion, Provide an Observation Critique Category: No Response Category: No Perception Type: No Racist: No Reasoning: The comment expresses the speaker's opinion about the items collected and provides an observation about the condition of the items. There is no critique o"
meeting_minutes,143,B,0,0,"Comment Type: [Provide an Observation, Ask a Genuine Question] Critique Category: [None] Response Category: [None] Perception Type: [None] Racist: [No] Reasoning: The text appears to be a list of terms or phrases from meeting minutes, likely related to homelessness, but does not contain any clear op"
meeting_minutes,144,B,0,0,"Comment Type: Express Their Opinion, Provide an Observation, Ask a Genuine Question Critique Category: Money Aid Allocation Response Category: Solutions/Interventions Perception Type: None Racist: No Reasoning: The comment expresses an opinion about the lack of data on how homelessness is being addr"
meeting_minutes,145,B,0,0,"Comment Type: Express Their Opinion, Ask a Genuine Question Critique Category: Government Critique Response Category: Solutions/Interventions Perception Type: None Racist: No Reasoning: The speaker expresses their concern about the welfare of the homeless during a snowstorm and asks a genuine questi"
meeting_minutes,146,B,0,1,"Comment Type: Express Their Opinion, Provide an Observation, Critique Category: Government Critique, Response Category: Solutions/Interventions, Perception Type: Not in my Backyard, Racist: No Reasoning: The speaker expresses their opinion and shares an observation about a personal experience with h"
meeting_minutes,147,B,0,0,"Comment Type: Express Their Opinion, Provide an Observation Critique Category: No Response Category: Solutions/Interventions Perception Type: No Racist: No Reasoning: The comment describes an observation of a personal experience where the speaker and their husband helped a homeless woman clean up tr"
meeting_minutes,148,B,0,0,"Comment Type: Express Their Opinion, Provide an Observation Critique Category: No Response Category: No Perception Type: No Racist: No Reasoning: The speaker shares their personal experience of almost becoming homeless and observes that people tend to head towards the city when they become homeless."
meeting_minutes,149,B,0,0,"Comment Type: Express Their Opinion, Provide an Observation Critique Category: No Response Category: No Perception Type: No Racist: No Reasoning: The comment does not express an opinion or observation about homelessness that would fit into any of the other categories. It mentions ""home"" and ""homeles"
meeting_minutes,150,B,0,0,"Comment Type: Express Their Opinion, Provide an Observation Critique Category: None Response Category: Solutions/Interventions Perception Type: None Racist: No Reasoning: The comment expresses an opinion about implementing solutions and observations about the potential for legal issues, but does not"
meeting_minutes,151,B,0,0,"Comment Type: Provide an Observation, Express Their Opinion Critique Category: Government Critique Response Category: Solutions/Interventions Perception Type: None Racist: No Reasoning: The comment observes the recurrence of homelessness and expresses an opinion on the importance of funding for long"
meeting_minutes,152,B,0,0,"Comment Type: Provide a Fact or Claim, Express Their Opinion Critique Category: Government Critique Response Category: Solutions/Interventions Perception Type: None Racist: No Reasoning: The comment provides a factual statement about the eligibility of funding for homelessness services and expresses"
meeting_minutes,153,B,0,0,"Comment Type: Express Their Opinion, Ask a Genuine Question, Provide an Observation Critique Category: Government Critique Response Category: Solutions/Interventions Perception Type: None Racist: No Reasoning: The speaker expresses their opinion about homelessness, asks a genuine question about the "
meeting_minutes,154,B,0,1,"Comment Type: Express Their Opinion, Provide an Observation Critique Category: Not Applicable Response Category: Not Applicable Perception Type: Not in my Backyard Racist: No Reasoning: The comment expresses an opinion about zoning and its impact on affordable housing, and provides an observation ab"
meeting_minutes,155,B,0,0,"Comment Type: Express Their Opinion, Provide an Observation, Government Critique Critique Category: Government Critique Response Category: Solutions/Interventions Perception Type: None Racist: No Reasoning: The speaker expresses their opinion and shares an observation about the housing crisis and th"
meeting_minutes,156,B,0,0,"Comment Type: Express Their Opinion, Provide an Observation Critique Category: No Response Category: No Perception Type: No Racist: No Reasoning: The comment expresses the speaker's opinion about the council and staff, and provides an observation about citizen participation. It does not critique any"
meeting_minutes,157,B,0,0,"Comment Type: Express Their Opinion, Provide an Observation Critique Category: None Response Category: Solutions/Interventions Perception Type: None Racist: No Reasoning: The comment expresses an opinion about the return on investment (ROI) for helping chronically homeless individuals and suggests t"
meeting_minutes,158,B,0,0,"Comment Type: Express Their Opinion, Provide an Observation Critique Category: None Response Category: None Perception Type: None Racist: No Reasoning: The speaker expresses personal concerns about affordable housing being located on a steep hillside, which is an observation and an opinion. There is"
meeting_minutes,159,B,0,0,"Comment Type: Express Their Opinion, Provide an Observation, Ask a Genuine Question Critique Category: Government Critique Response Category: Solutions/Interventions Perception Type: None Racist: No Reasoning: The comment expresses an opinion about the cost of moving from expenses to a new location,"
meeting_minutes,160,B,0,0,"Comment Type: Express Their Opinion, Provide an Observation Critique Category: No Response Category: No Perception Type: No Racist: No Reasoning: The speaker is expressing their opinion about the urgency of addressing a specific safety issue in a housing situation. They are providing an observation "
meeting_minutes,161,B,0,0,"Comment Type: Express Their Opinion, Provide an Observation Critique Category: No Response Category: Solutions/Interventions Perception Type: No Racist: No Reasoning: The speaker expresses their opinion about the people involved in the housing crisis and appreciates the council's actions. They provi"
meeting_minutes,162,B,0,0,"Comment Type: Provide a Fact or Claim, Provide an Observation Critique Category: Money Aid Allocation Response Category: Solutions/Interventions Perception Type: None Racist: No Reasoning: The comment provides facts about budget adjustments and contract approvals related to funding assistance for ma"
meeting_minutes,163,B,0,0,"Comment Type: Express Their Opinion, Provide an Observation Critique Category: No Response Category: Solutions/Interventions Perception Type: No Racist: No Reasoning: The speaker is expressing their opinion about the need for affordable housing and reemphasizing an observation. There is no critique "
meeting_minutes,164,B,0,0,"Comment Type: Express Their Opinion, Provide an Observation Critique Category: No Response Category: No Perception Type: No Racist: No Reasoning: The comment expresses the speaker's concern about affordable housing and homelessness, which is an observation. It does not critique any policies or socie"
meeting_minutes,165,B,0,0,"Comment Type: Provide an Observation, Express Their Opinion Critique Category: No Response Category: No Perception Type: No Racist: No Reasoning: The comment is an observation about the organization's requirements and the speaker's perspective on membership and funding. There is no critique of gover"
meeting_minutes,166,B,0,0,"Comment Type: Express Their Opinion, Provide an Observation Critique Category: None Response Category: Solutions/Interventions Perception Type: None Racist: No Reasoning: The comment expresses the speaker's opinion and provides an observation about the challenges of finding housing for students. It "
meeting_minutes,167,B,0,0,"Comment Type: Express Their Opinion, Provide an Observation Critique Category: Government Critique Response Category: No Response Category Applies Perception Type: No Perception Type Applies Racist: No Reasoning: The comment expresses the speaker's opinion about the challenges in providing a price t"
meeting_minutes,168,B,0,1,"Comment Type: Express Others' Opinions, Provide an Observation Critique Category: Money Aid Allocation Response Category: No Response Category Applies Perception Type: Not in my Backyard Racist: No Reasoning: The comment expresses concerns about the development of affordable housing and its potentia"
meeting_minutes,169,B,0,0,"Comment Type: Provide an Observation, Express Others' Opinions Critique Category: No Response Category: No Perception Type: Personal Interaction Racist: No Reasoning: The speaker is sharing an observation about how homelessness can look different for different individuals and expressing that they ex"
meeting_minutes,170,B,0,0,"Comment Type: Express Their Opinion, Provide an Observation Critique Category: No Response Category: Solutions/Interventions Perception Type: Personal Interaction Racist: No Reasoning: The speaker shares their personal journey from having negative opinions about homelessness to becoming an advocate,"
meeting_minutes,171,B,1,1,"Comment Type: Express Their Opinion, Provide an Observation, Critique Category: Societal Critique, Response Category: Solutions/Interventions, Perception Type: Not in my Backyard, Racist: No Reasoning: The speaker expresses their opinion about the impracticality of enforcing parking regulations and "
meeting_minutes,172,B,0,0,"Comment Type: Express Their Opinion, Provide an Observation Critique Category: None Response Category: Solutions/Interventions Perception Type: None Racist: No Reasoning: The comment expresses a positive opinion about adding to a study and looking forward to affordable housing, which is an observati"
meeting_minutes,173,B,0,0,"Comment Type: Express Their Opinion, Provide an Observation, Solutions/Interventions Critique Category: No Response Category: Solutions/Interventions Perception Type: Harmful Generalization Racist: No Reasoning: The speaker expresses their personal opinion about the need for affordable housing and o"
meeting_minutes,174,B,0,0,"Comment Type: Express Their Opinion, Provide an Observation Critique Category: None Response Category: None Perception Type: None Racist: No Reasoning: The comment expresses personal experience and concern about housing affordability, but does not fit into any of the other categories."
meeting_minutes,175,B,0,0,"Comment Type: Provide an Observation, Express Others' Opinions Critique Category: No Response Category: No Perception Type: No Racist: No Reasoning: The comment provides an observation about the characteristics of chronically homeless individuals based on research findings. It does not criticize any"
meeting_minutes,176,B,0,0,"Comment Type: Express Their Opinion, Provide an Observation Critique Category: No Response Category: No Perception Type: No Racist: No Reasoning: The comment expresses the speaker's opinion about the working status and living conditions of homeless people, providing an observation based on personal "
meeting_minutes,177,B,0,0,"Comment Type: Express Their Opinion, Ask a Genuine Question Critique Category: Government Critique Response Category: Solutions/Interventions Perception Type: None Racist: No Reasoning: The comment expresses an opinion about a proposed solution to homelessness and asks for action, which is a genuine"
meeting_minutes,178,B,0,0,"Comment Type: Express Their Opinion, Provide an Observation Critique Category: Government Critique Response Category: Solutions/Interventions Perception Type: None Racist: No Reasoning: The speaker expresses their opinion about providing more tax dollars and asks the organization to appeal a decisio"
meeting_minutes,179,B,0,0,"Comment Type: Express Their Opinion, Provide an Observation Critique Category: No Response Category: Solutions/Interventions Perception Type: No Racist: No Reasoning: The speaker expresses their opinion about the root causes of homelessness and describes an observation about how staff are working to"
meeting_minutes,180,B,0,0,"Comment Type: Provide an Observation, Express Their Opinion Critique Category: Government Critique Response Category: Solutions/Interventions Perception Type: None Racist: No Reasoning: The comment observes a current policy and expresses an opinion on its impact, suggesting a solution. It criticizes"
meeting_minutes,181,B,0,0,"Comment Type: Provide an Observation, Express Others' Opinions Critique Category: No Response Category: No Perception Type: No Racist: No Reasoning: The comment provides an observation about the meeting and expresses the opinions of the organizers about the purpose of the meeting. It does not contai"
meeting_minutes,182,B,0,0,"Comment Type: Express Their Opinion, Provide an Observation Critique Category: None Response Category: None Perception Type: None Racist: No Reasoning: The comment is an observation about the organization and its workers, and an acknowledgment of the housing crisis. It does not express an opinion, a"
meeting_minutes,183,B,0,0,"Comment Type: Express Their Opinion, Provide an Observation Critique Category: No Response Category: No Perception Type: Deserving/Undeserving Racist: No Reasoning: The speaker is sharing their personal experience of homelessness and questioning whether their background should disqualify them from c"
meeting_minutes,184,B,0,0,"Comment Type: Express Their Opinion, Provide an Observation Critique Category: None Response Category: None Perception Type: Personal Interaction Racist: No Reasoning: The speaker is sharing their personal experience working for code compliance and inquiring about the presence of homeless individual"
meeting_minutes,185,B,0,0,"Comment Type: Provide a Fact or Claim, Express Others' Opinions Critique Category: Money Aid Allocation Response Category: Solutions/Interventions Perception Type: None Racist: No Reasoning: The comment provides a factual statement about the allocation of funds and mentions a statistic related to ho"
meeting_minutes,186,B,0,0,"Comment Type: Express Their Opinion, Provide an Observation Critique Category: Government Critique Response Category: Solutions/Interventions Perception Type: None Racist: No Reasoning: The comment expresses an opinion about the balance between affordable housing and tree preservation, which is an o"
meeting_minutes,187,B,0,0,"Comment Type: Express Their Opinion, Provide an Observation Critique Category: No Response Category: No Perception Type: Personal Interaction Racist: No Reasoning: The speaker shares their personal experience with homelessness and mentions a positive aspect of their location, indicating a personal i"
meeting_minutes,188,B,0,0,"Comment Type: Express Their Opinion, Provide an Observation Critique Category: None Response Category: None Perception Type: Harmful Generalization Racist: No Reasoning: The comment describes the challenging living conditions of people who are or are at risk of homelessness, which can be seen as a h"
meeting_minutes,189,B,0,0,"Comment Type: Express Their Opinion, Provide an Observation Critique Category: No Response Category: No Perception Type: No Racist: No Reasoning: The speaker expresses their own opinion and shares an observation about the current state of housing. There is no critique of government or societal polic"
meeting_minutes,190,B,0,0,"Comment Type: Express Their Opinion, Provide an Observation Critique Category: None Response Category: None Perception Type: Harmful Generalization Racist: No Reasoning: The speaker expresses their opinion about being stereotyped as an elderly person who might be a burden. They provide an observatio"
meeting_minutes,191,B,0,0,"Comment Type: Ask a Genuine Question, Provide an Observation Critique Category: No Response Category: No Perception Type: No Racist: No Reasoning: The comment is asking for clarification on the definition of affordable housing and shares an observation about a previous discussion with another person"
meeting_minutes,192,B,0,0,"Comment Type: Express Their Opinion, Provide an Observation Critique Category: Government Critique Response Category: Solutions/Interventions Perception Type: None Racist: No Reasoning: The speaker expresses their opinion about incorporating exemptions or waivers for homeless shelters and affordable"
meeting_minutes,193,B,0,0,"Comment Type: Provide an Observation Critique Category: No Response Category: No Perception Type: No Racist: No Reasoning: The comment is simply providing an observation about the positions within an organization that are ending, without expressing an opinion, asking a question, or showing any form "
meeting_minutes,194,B,0,0,"Comment Type: Provide an Observation, Express Their Opinion Critique Category: No Response Category: No Perception Type: No Racist: No Reasoning: The comment observes the need for affordable housing and addresses stormwater issues, expressing the speaker's opinion on these matters. There is no criti"
meeting_minutes,195,B,0,0,"Comment Type: Express Their Opinion, Provide an Observation Critique Category: No Response Category: Solutions/Interventions Perception Type: No Racist: No Reasoning: The comment describes the living situations of two individuals experiencing homelessness and references a book, which can be seen as "
meeting_minutes,196,B,0,0,"Comment Type: Express Their Opinion, Provide an Observation Critique Category: No Response Category: Solutions/Interventions Perception Type: No Racist: No Reasoning: The speaker expresses their opinion about the priority of housing and reengaging in society, and provides an observation based on the"
meeting_minutes,197,B,0,0,"Comment Type: Express Their Opinion, Provide an Observation Critique Category: Government Critique Response Category: Solutions/Interventions Perception Type: None Racist: No Reasoning: The comment expresses an opinion and provides an observation about the vision and purpose of an ordinance. It ques"
meeting_minutes,198,B,0,0,"Comment Type: Express Their Opinion, Provide a Fact or Claim Critique Category: Government Critique Response Category: Solutions/Interventions Perception Type: None Racist: No Reasoning: The comment expresses an opinion and provides a fact or claim about the need for addressing the affordable housin"
meeting_minutes,199,B,0,0,"Comment Type: Provide a Fact or Claim, Express Their Opinion Critique Category: Money Aid Allocation Response Category: Solutions/Interventions Perception Type: None Racist: No Reasoning: The comment provides a factual statement about an ordinance and expresses an opinion on the matter. It discusses"
meeting_minutes,200,B,0,0,"Comment Type: Express Their Opinion, Provide an Observation, Ask a Genuine Question Critique Category: Government Critique, Societal Critique Response Category: Solutions/Interventions Perception Type: Harmful Generalization, Personal Interaction Racist: No Reasoning: The comment expresses opinions "
meeting_minutes,201,B,0,0,"Comment Type: Express Their Opinion, Provide an Observation Critique Category: None Response Category: Solutions/Interventions Perception Type: Media Portrayal Racist: No Reasoning: The speaker is expressing their opinion about how the public perceives homelessness, mental health, and drug crises. T"
meeting_minutes,202,B,0,0,"Comment Type: Express Their Opinion, Provide an Observation Critique Category: Government Critique Response Category: Solutions/Interventions Perception Type: None Racist: No Reasoning: The speaker expresses their opinion about the conditions of unhoused individuals and provides an observation about"
meeting_minutes,203,B,0,0,"Comment Type: Provide a Fact or Claim, Express Their Opinion Critique Category: Government Critique Response Category: Solutions/Interventions Perception Type: None Racist: No Reasoning: The comment provides a factual statement about the budget allocation and the need for additional staff and infras"
meeting_minutes,204,B,0,0,"Comment Type: Express Their Opinion, Provide a Fact or Claim Critique Category: Government Critique, Societal Critique Response Category: Solutions/Interventions Perception Type: Harmful Generalization, Media Portrayal Racist: No Reasoning: The comment expresses an opinion about the treatment of unh"
meeting_minutes,205,B,0,0,"Comment Type: Express Their Opinion, Provide an Observation Critique Category: Government Critique Response Category: No Response Category Applies Perception Type: No Perception Type Applies Racist: No Reasoning: The comment expresses an opinion about the government's approach to helping homeless in"
meeting_minutes,206,B,0,1,"Comment Type: Express Their Opinion, Provide an Observation Critique Category: Government Critique Response Category: Solutions/Interventions Perception Type: Not in my Backyard Racist: No Reasoning: The speaker expresses their opinion on the need for a solution to homelessness and suggests an inspe"
meeting_minutes,207,B,0,1,"Comment Type: Express Their Opinion, Provide an Observation Critique Category: Government Critique, Societal Critique Response Category: Solutions/Interventions Perception Type: Not in my Backyard Racist: No Reasoning: The speaker expresses their opinion and observation about the current state of ho"
meeting_minutes,208,B,0,0,"Comment Type: Express Their Opinion, Provide an Observation Critique Category: No Response Category: Solutions/Interventions Perception Type: No Racist: No Reasoning: The speaker expresses their opinion about their role and the work they are doing, which includes serving underserved communities and "
meeting_minutes,209,B,0,0,"Comment Type: Express Their Opinion, Provide an Observation, Critique Category: Societal Critique, Response Category: Solutions/Interventions, Perception Type: Harmful Generalization, Racist: Yes Reasoning: The speaker expresses their opinion about the clients they serve, providing an observation ab"
meeting_minutes,210,B,0,0,"Comment Type: Express Their Opinion, Provide an Observation Critique Category: No Response Category: No Perception Type: No Racist: No Reasoning: The comment is an introduction by the new inspector general, providing an observation about the organization's structure and responsibilities. It does not"
meeting_minutes,211,B,0,1,"Comment Type: Express Their Opinion, Provide an Observation, Ask a Rhetorical Question Critique Category: Government Critique, Societal Critique Response Category: Solutions/Interventions Perception Type: Harmful Generalization, Not in my Backyard Racist: No Reasoning: The speaker expresses their op"
meeting_minutes,212,B,0,0,"Comment Type: Express Their Opinion, Provide an Observation Critique Category: No Response Category: No Perception Type: No Racist: No Reasoning: The comment expresses the speaker's opinion about the community and the people experiencing homelessness, observing that these individuals are neighbors w"
meeting_minutes,213,B,0,1,"Comment Type: Express Their Opinion, Provide an Observation Critique Category: No Response Category: Solutions/Interventions Perception Type: Harmful Generalization, Not in my Backyard Racist: No Reasoning: The speaker expresses their opinion about using a piece of land for a safe space for kids, wh"
meeting_minutes,214,B,0,0,"Comment Type: Express Their Opinion, Provide a Fact or Claim Critique Category: Money Aid Allocation Response Category: Solutions/Interventions Perception Type: None Racist: No Reasoning: The comment expresses an opinion about the ineffectiveness of certain solutions and provides a factual compariso"
meeting_minutes,215,B,0,0,"Comment Type: Express Others' Opinions, Provide an Observation, Government Critique Critique Category: Government Critique, Societal Critique Response Category: Solutions/Interventions Perception Type: Harmful Generalization, Personal Interaction Racist: No Reasoning: The comment expresses the opini"
meeting_minutes,216,B,0,0,"Comment Type: Express Their Opinion, Provide an Observation, Critique Category: Government Critique, Societal Critique, Response Category: Solutions/Interventions, Perception Type: Harmful Generalization, Racist: No Reasoning: The speaker expresses their opinion about the importance of providing pro"
meeting_minutes,217,B,0,0,"Comment Type: Express Their Opinion, Provide an Observation Critique Category: No Response Category: Solutions/Interventions Perception Type: No Racist: No Reasoning: The comment expresses an opinion about the importance of design in addressing homelessness, providing an observation about its benefi"
meeting_minutes,218,B,0,0,"Comment Type: Provide a Fact or Claim, Provide an Observation Critique Category: Money Aid Allocation Response Category: Solutions/Interventions Perception Type: None Racist: No Reasoning: The comment provides a factual statement about the allocation of funds for housing services and mentions the pr"
meeting_minutes,219,B,0,1,"Comment Type: Express Their Opinion, Provide an Observation Critique Category: Money Aid Allocation Response Category: No Response Category Perception Type: Not in my Backyard Racist: No Reasoning: The comment expresses an opinion about a mixed-use proposal and an observation about the availability "
meeting_minutes,220,B,0,0,"Comment Type: Express Their Opinion, Provide an Observation Critique Category: Societal Critique Response Category: Solutions/Interventions Perception Type: Harmful Generalization Racist: No Reasoning: The comment expresses an opinion about youth from the foster care system becoming homeless and pro"
meeting_minutes,221,B,0,0,"Comment Type: Express Their Opinion, Provide an Observation Critique Category: No Response Category: No Perception Type: No Racist: No Reasoning: The comment expresses an opinion about the relationship between homelessness, drug addiction, and suicide rates. It provides an observation by listing the"
meeting_minutes,222,B,0,0,"Comment Type: Express Their Opinion, Provide an Observation Critique Category: No Response Category: No Perception Type: No Racist: No Reasoning: The speaker expresses their opinion about supporting an inflationary housing policy and provides an observation about their personal experience with homel"
meeting_minutes,223,B,0,0,"Comment Type: Express Their Opinion, Provide an Observation Critique Category: None Response Category: Solutions/Interventions Perception Type: None Racist: No Reasoning: The comment expresses the speaker's opinion about the value of scenic views versus transit-oriented affordable housing and jobs. "
meeting_minutes,224,B,0,0,"Comment Type: Provide an Observation, Express Their Opinion Critique Category: No Response Category: Solutions/Interventions Perception Type: No Racist: No Reasoning: The comment provides an observation about the efficiency and environmental impact of ""little homes"" and expresses an opinion about th"
meeting_minutes,225,B,0,0,"Comment Type: Express Their Opinion, Provide an Observation Critique Category: No Response Category: Solutions/Interventions Perception Type: No Racist: No Reasoning: The speaker expresses their opinion about the organization's struggle to meet a specific goal and provides an observation about the j"
meeting_minutes,226,B,0,1,"Comment Type: Express Their Opinion, Provide an Observation Critique Category: Societal Critique Response Category: Solutions/Interventions Perception Type: Harmful Generalization, Not in my Backyard Racist: No Reasoning: The speaker expresses their opinion that the city has not considered the impac"
meeting_minutes,227,B,0,0,"Comment Type: Provide a Fact or Claim, Provide an Observation Critique Category: Money Aid Allocation Response Category: Solutions/Interventions Perception Type: None Racist: No Reasoning: The comment provides a factual statement about the funding and its purpose, as well as an observation about the"
meeting_minutes,228,B,0,0,"Comment Type: Provide an Observation, Express Their Opinion Critique Category: Government Critique Response Category: Solutions/Interventions Perception Type: None Racist: No Reasoning: The comment is observing and expressing an opinion about a policy package that aims to combine different housing i"
meeting_minutes,229,B,0,0,"Comment Type: Express Their Opinion, Provide an Observation Critique Category: Money Aid Allocation Response Category: Solutions/Interventions Perception Type: None Racist: No Reasoning: The comment expresses the organization's recognition of their limits and plans to leverage private sector help by"
meeting_minutes,230,B,0,0,"Comment Type: Express Their Opinion, Provide an Observation Critique Category: Government Critique Response Category: No Response Category Applies Perception Type: No Perception Type Applies Racist: No Reasoning: The comment expresses an opinion about current financial policies and suggests a potent"
meeting_minutes,231,B,0,0,"Comment Type: Express Their Opinion, Provide an Observation Critique Category: Money Aid Allocation Response Category: No Response Category Applies Perception Type: No Perception Type Applies Racist: No Reasoning: The comment expresses an observation about the current owner of an affordable housing "
meeting_minutes,232,B,0,0,"Comment Type: Express Their Opinion, Provide an Observation Critique Category: Government Critique, Money Aid Allocation Response Category: No Response Category Applies Perception Type: No Perception Type Applies Racist: No Reasoning: The comment expresses an opinion about private developers and the"
meeting_minutes,233,B,0,0,"Comment Type: Provide an Observation, Express Their Opinion Critique Category: No Response Category: Solutions/Interventions Perception Type: No Racist: No Reasoning: The comment provides an observation about the organization's efforts to prevent homelessness and offers specific details about the nu"
meeting_minutes,234,B,0,0,"Comment Type: Express Their Opinion, Provide an Observation Critique Category: No Response Category: Solutions/Interventions Perception Type: No Racist: No Reasoning: The speaker expresses their opinion about the necessity of a certain policy and observes the housing crisis as the primary issue in t"
meeting_minutes,235,B,0,0,"Comment Type: Provide an Observation, Express Others' Opinions Critique Category: Government Critique Response Category: Solutions/Interventions Perception Type: None Racist: No Reasoning: The comment provides an observation about the allocation of funds and the distribution of responsibilities betw"
meeting_minutes,236,B,0,0,"Comment Type: Express Their Opinion, Provide an Observation Critique Category: Societal Critique Response Category: Solutions/Interventions Perception Type: Harmful Generalization Racist: No Reasoning: The comment expresses the speaker's opinion and observation about the connection between homelessn"
meeting_minutes,237,B,0,0,"Comment Type: Express Their Opinion, Provide an Observation Critique Category: None Response Category: Solutions/Interventions Perception Type: Deserving/Undeserving Racist: No Reasoning: The comment expresses an opinion about the importance of hearing personal stories and challenges the belief that"
meeting_minutes,238,B,0,0,"Comment Type: Provide an Observation, Express Others' Opinions Critique Category: No Response Category: No Perception Type: No Racist: No Reasoning: The comment provides an observation about the properties and suggests a strategy for presenting them, indicating the speaker is sharing their perspecti"
meeting_minutes,239,B,0,1,"Comment Type: Express Their Opinion, Provide an Observation Critique Category: Government Critique Response Category: Solutions/Interventions Perception Type: Not in my Backyard Racist: No Reasoning: The speaker expresses their opinion on the current approach to homelessness and suggests a specific "
meeting_minutes,240,B,0,0,"Comment Type: Express Their Opinion, Provide an Observation, Ask a Genuine Question Critique Category: None Response Category: Solutions/Interventions Perception Type: None Racist: No Reasoning: The comment expresses an opinion about the need for a shelter to help homeless families, provides an obse"
meeting_minutes,241,B,0,0,"Comment Type: Express Their Opinion, Provide a Fact or Claim Critique Category: Government Critique Response Category: Solutions/Interventions Perception Type: None Racist: No Reasoning: The comment expresses an opinion about government policy and provides a fact or claim about the impact of sweeps "
meeting_minutes,242,B,0,0,"Comment Type: Express Their Opinion, Provide an Observation Critique Category: No Response Category: No Perception Type: No Racist: No Reasoning: The comment is an observation about the organization's projects and roles, without expressing an opinion on homelessness, critiquing policies, suggesting "
meeting_minutes,243,B,0,0,"Comment Type: Express Their Opinion, Provide an Observation Critique Category: No Response Category: Solutions/Interventions Perception Type: No Racist: No Reasoning: The speaker expresses their opinion about the direction of communication and observes the speaker's efforts towards helping the homel"
meeting_minutes,244,B,0,0,"Comment Type: Provide an Observation, Express Their Opinion Critique Category: None Response Category: Solutions/Interventions Perception Type: None Racist: No Reasoning: The comment provides an observation based on experiences in other cities and expresses an opinion about the limitations of the cu"
meeting_minutes,245,B,0,1,"Comment Type: Express Their Opinion, Provide an Observation Critique Category: Societal Critique Response Category: Solutions/Interventions Perception Type: Not in my Backyard Racist: No Reasoning: The speaker expresses their opinion about the location of homeless people and suggests that the area s"
meeting_minutes,246,B,0,0,"Comment Type: Express Their Opinion, Provide an Observation Critique Category: Government Critique Response Category: Solutions/Interventions Perception Type: None Racist: No Reasoning: The speaker expresses their opinion about fines for feeding homeless people and shares an observation from a surve"
meeting_minutes,247,B,0,0,"Comment Type: Express Their Opinion, Provide a Fact or Claim Critique Category: Government Critique Response Category: Solutions/Interventions Perception Type: None Racist: No Reasoning: The comment expresses an opinion about the history of racial covenants and their impact on housing policies. It a"
meeting_minutes,248,B,0,0,"Comment Type: Express Their Opinion, Provide an Observation Critique Category: None Response Category: Solutions/Interventions Perception Type: Personal Interaction Racist: No Reasoning: The speaker shares their personal experience with foreclosure and expresses an opinion about affordable housing, "
meeting_minutes,249,B,0,0,"Comment Type: Provide an Observation, Express Their Opinion Critique Category: No Response Category: Solutions/Interventions Perception Type: No Racist: No Reasoning: The comment is an observation about the process and an opinion on the requirements for participation in the program. It does not crit"
meeting_minutes,250,B,0,0,"Comment Type: Express Their Opinion, Provide an Observation Critique Category: Government Critique, Societal Critique Response Category: Solutions/Interventions Perception Type: None Racist: No Reasoning: The speaker is expressing their opinion about the organization's approach to addressing homeles"
meeting_minutes,251,B,0,0,"Comment Type: Provide an Observation, Express Others' Opinions Critique Category: No Response Category: No Perception Type: No Racist: No Reasoning: The comment provides an observation about the development and expresses the opinion of the Catholic parish's commitment to the less fortunate. There is"
meeting_minutes,252,B,0,0,"Comment Type: Express Their Opinion, Provide an Observation Critique Category: None Response Category: Solutions/Interventions Perception Type: None Racist: No Reasoning: The comment expresses an opinion about expanding an organization's mission to address homelessness and makes an observation about"
meeting_minutes,253,B,0,0,"Comment Type: Express Their Opinion, Ask a Genuine Question Critique Category: Government Critique Response Category: No Response Category Applies Perception Type: Harmful Generalization Racist: No Reasoning: The comment expresses the speaker's opinion about a police action and asks a genuine questi"
meeting_minutes,254,B,0,0,"Comment Type: Express Their Opinion, Provide an Observation Critique Category: None Response Category: Solutions/Interventions Perception Type: None Racist: No Reasoning: The comment expresses an opinion about the tenant population and the housing crisis, and provides an observation about the office"
meeting_minutes,255,B,0,0,"Comment Type: Express Their Opinion, Provide an Observation Critique Category: No Response Category: Solutions/Interventions Perception Type: No Racist: No Reasoning: The comment expresses agreement with a project and observes how public and private sectors can collaborate to increase affordable hou"
meeting_minutes,256,B,0,0,"Comment Type: Express Their Opinion, Provide a Fact or Claim Critique Category: Government Critique Response Category: No Response Category Applies Perception Type: No Perception Type Applies Racist: No Reasoning: The comment expresses an opinion about housing development and provides a factual stat"
meeting_minutes,257,B,0,0,"Comment Type: Express Their Opinion, Provide an Observation Critique Category: Money Aid Allocation Response Category: Solutions/Interventions Perception Type: None Racist: No Reasoning: The speaker expresses their opinion about the allocation of funds for homelessness and provides an observation ab"
meeting_minutes,258,B,0,0,"Comment Type: Express Their Opinion, Provide an Observation Critique Category: Government Critique Response Category: Solutions/Interventions Perception Type: Personal Interaction Racist: No Reasoning: The speaker expresses their opinion about the need for grassroots engagement and mentions a specif"
meeting_minutes,259,B,0,0,"Comment Type: Express Their Opinion, Ask a Genuine Question Critique Category: Government Critique Response Category: Solutions/Interventions Perception Type: None Racist: No Reasoning: The speaker is expressing their opinion and asking a genuine question about the potential conflict between buildin"
meeting_minutes,260,B,0,0,"Comment Type: Express Their Opinion, Provide an Observation Critique Category: No Response Category: Solutions/Interventions Perception Type: No Racist: No Reasoning: The speaker is expressing their support for a proposal and providing an observation about their organization's stance, which is a sta"
meeting_minutes,261,B,0,0,"Comment Type: Express Their Opinion, Provide an Observation Critique Category: No Response Category: Solutions/Interventions Perception Type: No Racist: No Reasoning: The comment expresses an opinion about the potential impact of the proposal and provides an observation about the work being done by "
meeting_minutes,262,B,0,1,"Comment Type: Express Their Opinion, Provide an Observation, Critique Category: Government Critique, Response Category: Solutions/Interventions, Perception Type: Not in my Backyard, Racist: No Reasoning: The speaker expresses their opinion about the importance of opening shelters and criticizes the "
meeting_minutes,263,B,0,0,"Comment Type: Express Their Opinion, Provide an Observation Critique Category: No Response Category: Solutions/Interventions Perception Type: No Racist: No Reasoning: The comment expresses an opinion about a potential social service event and provides an observation about the organization's efforts "
meeting_minutes,264,B,0,0,"Comment Type: Express Their Opinion, Provide an Observation, Provide a Fact or Claim Critique Category: Money Aid Allocation Response Category: Solutions/Interventions Perception Type: None Racist: No Reasoning: The comment expresses the speaker's opinion about working together to address affordable"
meeting_minutes,265,B,0,0,"Comment Type: Provide a Fact or Claim, Provide an Observation Critique Category: Money Aid Allocation Response Category: Solutions/Interventions Perception Type: None Racist: No Reasoning: The comment provides a factual statement about a new aspect of an agreement that includes monitoring and penalt"
meeting_minutes,266,B,0,0,"Comment Type: Express Their Opinion, Provide an Observation Critique Category: No Response Category: No Perception Type: No Racist: No Reasoning: The comment expresses an opinion about the role of an organization in providing affordable housing and mentions a moment of silence for those who have giv"
meeting_minutes,267,B,0,0,"Comment Type: Provide an Observation, Express Their Opinion Critique Category: Government Critique Response Category: Solutions/Interventions Perception Type: None Racist: No Reasoning: The comment observes the action of sending a report to legislation and expresses an opinion on the matter. It also"
meeting_minutes,268,B,0,0,"Comment Type: Express Their Opinion, Provide an Observation, Solutions/Interventions Critique Category: Government Critique Response Category: Solutions/Interventions Perception Type: None Racist: No Reasoning: The speaker expresses their opinion about the need for more affordable housing and inclus"
meeting_minutes,269,B,0,0,"Comment Type: Provide an Observation, Express Their Opinion Critique Category: No Response Category: No Perception Type: No Racist: No Reasoning: The comment provides an observation about the organization's experience with homeless youth and expresses the speaker's opinion that the issue is well-kno"
meeting_minutes,270,B,0,0,"Comment Type: Express Their Opinion, Provide an Observation Critique Category: No Response Category: Solutions/Interventions Perception Type: No Racist: No Reasoning: The comment expresses gratitude and acknowledges the support for an organization that helps runaway and homeless youth. It does not c"
meeting_minutes,271,B,0,0,"Comment Type: Express Their Opinion, Provide an Observation Critique Category: No Response Category: Solutions/Interventions Perception Type: No Racist: No Reasoning: The speaker is expressing their opinion about developments and affordable housing, and providing an observation about developers show"
meeting_minutes,272,B,0,0,"Comment Type: Express Their Opinion, Provide an Observation Critique Category: Government Critique Response Category: Solutions/Interventions Perception Type: None Racist: No Reasoning: The comment expresses the speaker's opinion and provides an observation about the affordable housing component. It"
meeting_minutes,273,B,0,1,"Comment Type: Express Their Opinion, Provide an Observation Critique Category: Societal Critique Response Category: Solutions/Interventions Perception Type: Not in my Backyard Racist: No Reasoning: The speaker expresses their opinion about a facility for homeless youth being placed in a certain dist"
meeting_minutes,274,B,0,0,"Comment Type: Express Their Opinion, Provide an Observation Critique Category: Government Critique Response Category: Solutions/Interventions Perception Type: None Racist: No Reasoning: The comment expresses an opinion about the need for more affordable housing and suggests a policy change, which is"
meeting_minutes,275,B,0,0,"Comment Type: Express Their Opinion, Provide an Observation Critique Category: Government Critique Response Category: Solutions/Interventions Perception Type: None Racist: No Reasoning: The speaker expresses their opinion about inclusionary zoning and its importance for affordable housing. They also"
meeting_minutes,276,B,0,0,"Comment Type: Express Their Opinion, Provide an Observation Critique Category: None Response Category: Solutions/Interventions Perception Type: None Racist: No Reasoning: The comment is an observation about a motion to send legislation related to affordable housing, which is an expression of opinion"
meeting_minutes,277,B,0,0,"Comment Type: Express Their Opinion, Provide an Observation Critique Category: None Response Category: None Perception Type: None Racist: No Reasoning: The comment is an observation about the process of approving the annual action plan and a request for additional information regarding specific demo"
meeting_minutes,278,B,0,0,"Comment Type: Provide an Observation, Express Their Opinion Critique Category: Government Critique Response Category: Solutions/Interventions Perception Type: None Racist: No Reasoning: The speaker is observing and expressing their opinion on a specific situation involving affordable housing and mar"
meeting_minutes,279,B,0,0,"Comment Type: Express Their Opinion, Provide an Observation Critique Category: No Response Category: Solutions/Interventions Perception Type: No Racist: No Reasoning: The speaker expresses their opinion about the need for affordable housing and provides an observation about their work on a specific "
meeting_minutes,280,B,0,0,"Comment Type: Provide an Observation, Express Their Opinion Critique Category: No Response Category: Solutions/Interventions Perception Type: No Racist: No Reasoning: The comment provides an observation about the changes in the application and expresses an opinion about the importance of including s"
meeting_minutes,281,B,0,1,"Comment Type: Express Their Opinion, Provide an Observation Critique Category: Government Critique, Societal Critique Response Category: Solutions/Interventions Perception Type: Not in my Backyard Racist: No Reasoning: The comment expresses concern about the lack of workforce and affordable housing "
meeting_minutes,282,B,0,0,"Comment Type: Express Their Opinion, Provide an Observation Critique Category: Government Critique Response Category: Solutions/Interventions Perception Type: None Racist: No Reasoning: The comment expresses agreement with a legislative direction and mentions meeting with an organization and individ"
meeting_minutes,283,B,0,0,"Comment Type: Express Their Opinion, Provide an Observation Critique Category: None Response Category: Solutions/Interventions Perception Type: None Racist: No Reasoning: The comment expresses an opinion about the importance of affordable housing in neighborhoods experiencing gentrification and prov"
meeting_minutes,284,B,0,0,"Comment Type: Express Their Opinion, Express Others' Opinions Critique Category: Government Critique Response Category: Solutions/Interventions Perception Type: None Racist: No Reasoning: The comment expresses the speaker's personal struggle and their opinion on the issue. It also commends specific "
meeting_minutes,285,B,0,0,"Comment Type: Provide an Observation, Express Others' Opinions Critique Category: None Response Category: Solutions/Interventions Perception Type: None Racist: No Reasoning: The comment is an observation about the recommendations from an organization, which are being seconded by a member. It does no"
meeting_minutes,286,B,0,0,"Comment Type: Express Their Opinion, Provide an Observation Critique Category: No Response Category: Solutions/Interventions Perception Type: No Racist: No Reasoning: The comment expresses an opinion about the organization's efforts and provides an observation about the support they provide to famil"
meeting_minutes,287,B,0,0,"Comment Type: Express Their Opinion, Provide an Observation, Ask a Rhetorical Question Critique Category: None Response Category: Solutions/Interventions Perception Type: None Racist: No Reasoning: The comment expresses the speaker's opinion about family homelessness, provides an observation about t"
meeting_minutes,288,B,0,0,"Comment Type: Express Their Opinion, Provide an Observation Critique Category: No Response Category: Solutions/Interventions Perception Type: No Racist: No Reasoning: The speaker expresses their opinion about working with the homeless population and provides an observation about the current situatio"
meeting_minutes,289,B,0,0,"Comment Type: Express Their Opinion, Provide an Observation Critique Category: Government Critique Response Category: Solutions/Interventions Perception Type: None Racist: No Reasoning: The comment expresses an opinion about people resisting affordable housing and inclusionary zoning, which are gove"
meeting_minutes,290,B,0,0,"Comment Type: Express Their Opinion, Provide an Observation Critique Category: Government Critique Response Category: Solutions/Interventions Perception Type: None Racist: No Reasoning: The comment expresses an opinion about a potential policy change and observes the actions of a council person. It "
meeting_minutes,291,B,0,0,"Comment Type: Provide an Observation, Express Their Opinion Critique Category: No Response Category: No Perception Type: No Racist: No Reasoning: The comment provides an observation about the organization's history and mission, and expresses the opinion of the speaker about the organization's work. "
meeting_minutes,292,B,0,0,"Comment Type: Express Their Opinion, Provide an Observation Critique Category: None Response Category: Solutions/Interventions Perception Type: None Racist: No Reasoning: The comment expresses the speaker's opinion about using articles or tools to keep affordable housing. It is an observation about "
meeting_minutes,293,B,0,0,"Comment Type: Express Their Opinion, Provide an Observation Critique Category: No Response Category: Solutions/Interventions Perception Type: No Racist: No Reasoning: The comment expresses the speaker's opinion about a specific developer agreement and their observations about affordable housing. It "
meeting_minutes,294,B,0,0,"Comment Type: Express Their Opinion, Provide an Observation Critique Category: Government Critique Response Category: Solutions/Interventions Perception Type: None Racist: No Reasoning: The comment expresses an opinion about the city's efforts to make the community welcoming and mentions various sol"
meeting_minutes,295,B,0,0,"Comment Type: Express Their Opinion, Provide an Observation Critique Category: Government Critique Response Category: Solutions/Interventions Perception Type: None Racist: No Reasoning: The speaker expresses their opinion about an affordable housing component being put in place by [ORGANIZATION] and"
meeting_minutes,296,B,0,0,"Comment Type: Express Their Opinion, Provide an Observation Critique Category: No Response Category: Solutions/Interventions Perception Type: No Racist: No Reasoning: The comment is an observation about the organization's role as an affordable housing developer, expressing their opinion on their wor"
meeting_minutes,297,B,0,0,"Comment Type: Express Their Opinion, Provide an Observation Critique Category: No Response Category: Solutions/Interventions Perception Type: No Racist: No Reasoning: The speaker is expressing their opinion about a development that will bring more affordable housing to the city. They are also provid"
meeting_minutes,298,B,0,0,"Comment Type: Express Their Opinion, Provide an Observation, Government Critique Critique Category: Government Critique Response Category: Solutions/Interventions Perception Type: None Racist: No Reasoning: The speaker expresses their opinion about the community meetings, supports certain initiative"
meeting_minutes,299,B,0,1,"Comment Type: Express Their Opinion, Provide an Observation Critique Category: None Response Category: None Perception Type: Not in my Backyard Racist: No Reasoning: The comment expresses an opinion about the displacement of people who need affordable housing, which is an observation. It does not di"
meeting_minutes,300,B,0,0,"Comment Type: Express Their Opinion, Provide an Observation Critique Category: Government Critique Response Category: Solutions/Interventions Perception Type: None Racist: No Reasoning: The speaker expresses their opinion about the importance of inclusionary zoning and provides an observation about "
meeting_minutes,301,B,0,0,"Comment Type: Express Their Opinion, Provide an Observation Critique Category: Government Critique Response Category: Solutions/Interventions Perception Type: None Racist: No Reasoning: The comment expresses an opinion about a questionnaire and an observation about the opportunity for citizens to pa"
meeting_minutes,302,B,0,0,"Comment Type: Express Their Opinion, Provide an Observation Critique Category: Government Critique Response Category: Solutions/Interventions Perception Type: None Racist: No Reasoning: The speaker is expressing their opinion about the conditions for developers to receive tax breaks and observing th"
meeting_minutes,303,B,0,0,"Comment Type: Express Their Opinion, Provide an Observation Critique Category: Government Critique Response Category: No Response Category Applies Perception Type: No Perception Type Applies Racist: No Reasoning: The comment expresses an opinion about the allocation of resources for affordable housi"
meeting_minutes,304,B,0,0,"Comment Type: Express Their Opinion, Provide an Observation Critique Category: No Response Category: Solutions/Interventions Perception Type: No Racist: No Reasoning: The comment expresses the speaker's opinion about the scope of homelessness and the organization's commitment to addressing it. It pr"
meeting_minutes,305,B,0,0,"Comment Type: Provide an Observation, Express Their Opinion Critique Category: Government Critique Response Category: No Response Category Applies Perception Type: No Perception Type Applies Racist: No Reasoning: The comment provides an observation about the connection between tax breaks and the cou"
meeting_minutes,306,B,0,0,"Comment Type: Express Their Opinion, Provide an Observation, Government Critique Critique Category: Government Critique Response Category: Solutions/Interventions Perception Type: None Racist: No Reasoning: The comment expresses an opinion about the impact of new development on affordability and dis"
meeting_minutes,307,B,0,0,"Comment Type: Express Their Opinion, Provide an Observation Critique Category: Government Critique Response Category: Solutions/Interventions Perception Type: None Racist: No Reasoning: The comment expresses an opinion about the council's support for an organization and observes that action is being"
meeting_minutes,308,B,0,1,"Comment Type: Express Their Opinion, Provide an Observation Critique Category: Government Critique Response Category: Solutions/Interventions Perception Type: Not in my Backyard Racist: No Reasoning: The speaker expresses their opinion about the city's property use and hopes for responsible action. "
meeting_minutes,309,B,0,0,"Comment Type: Express Their Opinion, Provide an Observation Critique Category: Government Critique Response Category: Solutions/Interventions Perception Type: None Racist: No Reasoning: The comment expresses an opinion about affordable housing and provides an observation about a specific building sa"
meeting_minutes,310,B,0,0,"Comment Type: Provide an Observation, Express Their Opinion Critique Category: No Response Category: No Perception Type: No Racist: No Reasoning: The comment is an observation about a motion to send something to a ledge, which could be interpreted as an opinion on the matter. There is no critique of"
meeting_minutes,311,B,0,0,"Comment Type: Express Their Opinion, Provide an Observation Critique Category: Government Critique, Societal Critique Response Category: Solutions/Interventions Perception Type: Media Portrayal Racist: No Reasoning: The comment expresses an opinion about the organization's lack of concern for homele"
meeting_minutes,312,B,0,0,"Comment Type: Provide an Observation Critique Category: No Critique Response Category: Solutions/Interventions Perception Type: No Perception Racist: No Reasoning: The comment is an observation about the requirement for affordable housing units, which is a specific action or solution to address home"
meeting_minutes,313,B,0,0,"Comment Type: Express Their Opinion, Provide an Observation Critique Category: None Response Category: Solutions/Interventions Perception Type: None Racist: No Reasoning: The speaker is expressing their opinion and providing observations about the goals of the organization, which include improving e"
meeting_minutes,314,B,0,0,"Comment Type: Provide an Observation, Express Others' Opinions Critique Category: No Response Category: No Perception Type: No Racist: No Reasoning: The comment provides an observation about the organization's role in addressing homelessness and expresses the opinion that the organization appreciate"
meeting_minutes,315,B,0,0,"Comment Type: Express Their Opinion, Provide a Fact or Claim Critique Category: Government Critique Response Category: No Response Category Perception Type: No Perception Type Racist: No Reasoning: The comment expresses an opinion about the city council's support for a county-wide mandate to prevent"
meeting_minutes,316,B,0,0,"Comment Type: Provide a Fact or Claim, Provide an Observation Critique Category: Money Aid Allocation Response Category: Solutions/Interventions Perception Type: None Racist: No Reasoning: The comment provides factual information about a partnership, a rapid response operation, and the adoption of a"
meeting_minutes,317,B,0,0,"Comment Type: Express Their Opinion, Provide an Observation Critique Category: Money Aid Allocation Response Category: Solutions/Interventions Perception Type: None Racist: No Reasoning: The comment expresses an opinion about the value of the organization's work and provides an observation about the"
meeting_minutes,318,B,0,0,"Comment Type: Ask a Genuine Question, Express Their Opinion Critique Category: None Response Category: None Perception Type: None Racist: No Reasoning: The comment is a genuine question about the scope of a policy or initiative, and the speaker expresses their opinion by mentioning the general publi"
meeting_minutes,319,B,0,0,"Comment Type: Provide a Fact or Claim, Provide an Observation Critique Category: Money Aid Allocation Response Category: Solutions/Interventions Perception Type: Deserving/Undeserving Racist: No Reasoning: The comment provides a factual statement about the process for issuing a notice of funding ava"
meeting_minutes,320,B,0,0,"Comment Type: Express Their Opinion, Provide an Observation, Government Critique Critique Category: Government Critique Response Category: Solutions/Interventions Perception Type: None Racist: No Reasoning: The comment expresses the speaker's opinion and observations about the plan, criticizes the p"
meeting_minutes,321,B,0,0,"Comment Type: Express Their Opinion, Provide an Observation Critique Category: None Response Category: Solutions/Interventions Perception Type: None Racist: No Reasoning: The comment expresses the speaker's opinion about the projects and their observations about the organization's work on affordable"
meeting_minutes,322,B,0,0,"Comment Type: Express Their Opinion, Provide an Observation Critique Category: None Response Category: Solutions/Interventions Perception Type: None Racist: No Reasoning: The comment expresses an opinion about the benefits of a certain initiative for unhoused individuals, provides an observation abo"
meeting_minutes,323,B,0,0,"Comment Type: Express Their Opinion, Provide an Observation Critique Category: No Response Category: Solutions/Interventions Perception Type: No Racist: No Reasoning: The speaker is expressing their opinion about the number of affordable units being a significant investment and providing an observat"
meeting_minutes,324,B,0,0,"Comment Type: Express Their Opinion, Provide an Observation Critique Category: No Response Category: Solutions/Interventions Perception Type: No Racist: No Reasoning: The speaker is sharing their personal experience and observation of a community organization's efforts to help homeless individuals. "
meeting_minutes,325,B,0,1,"Comment Type: Provide an Observation, Ask a Genuine Question Critique Category: Government Critique, Money Aid Allocation Response Category: Solutions/Interventions Perception Type: Not in my Backyard Racist: No Reasoning: The comment provides an observation about the issues in a regional park and a"
meeting_minutes,326,B,0,0,"Comment Type: Provide a Fact or Claim, Express Their Opinion Critique Category: Government Critique, Societal Critique Response Category: Solutions/Interventions Perception Type: None Racist: No Reasoning: The comment provides factual information about the organization's contributions and efforts to"
meeting_minutes,327,B,0,0,"Comment Type: Express Their Opinion, Provide an Observation, Government Critique Critique Category: Government Critique Response Category: Solutions/Interventions Perception Type: None Racist: No Reasoning: The comment expresses the speaker's opinion about the lack of awareness and the need for publ"
meeting_minutes,328,B,0,0,"Comment Type: Ask a Genuine Question, Provide an Observation Critique Category: No Response Category: No Perception Type: No Racist: No Reasoning: The comment is asking a genuine question about the source of matches for homeless housing and is providing an observation about the lack of matches, with"
meeting_minutes,329,B,0,0,"Comment Type: Provide a Fact or Claim, Ask a Rhetorical Question Critique Category: Money Aid Allocation Response Category: Solutions/Interventions Perception Type: None Racist: No Reasoning: The comment provides a factual statement about the potential increase in funding for affordable housing and "
meeting_minutes,330,B,0,0,"Comment Type: Provide a Fact or Claim, Provide an Observation Critique Category: Money Aid Allocation Response Category: Solutions/Interventions Perception Type: None Racist: No Reasoning: The comment provides facts about funding sources and observations about the allocation of funds. It discusses t"
meeting_minutes,331,B,0,0,"Comment Type: Provide a Fact or Claim, Provide an Observation Critique Category: Money Aid Allocation Response Category: Solutions/Interventions Perception Type: None Racist: No Reasoning: The comment provides a factual statement about the organization's plans to invest in affordable housing units a"
meeting_minutes,332,B,0,0,"Comment Type: Provide an Observation, Express Their Opinion Critique Category: Government Critique Response Category: Solutions/Interventions Perception Type: None Racist: No Reasoning: The speaker is observing and expressing their opinion about the regional housing plan and its focus on creating af"
meeting_minutes,333,B,0,0,"Comment Type: Express Their Opinion, Provide an Observation Critique Category: No Response Category: Solutions/Interventions Perception Type: No Racist: No Reasoning: The comment expresses gratitude and acknowledges the work done by another organization, which can be seen as an observation. It also "
meeting_minutes,334,B,0,0,"Comment Type: Express Their Opinion, Ask a Genuine Question, Provide an Observation Critique Category: Government Critique Response Category: Solutions/Interventions Perception Type: None Racist: No Reasoning: The comment expresses an opinion about the current approach to homelessness and asks a gen"
meeting_minutes,335,B,0,0,"Comment Type: Express Their Opinion, Provide an Observation Critique Category: None Response Category: None Perception Type: None Racist: No Reasoning: The comment observes the vulnerability of homeless shelters, employees, and individuals experiencing homelessness. It does not express an opinion on"
meeting_minutes,336,B,0,0,"Comment Type: Express Their Opinion, Provide an Observation Critique Category: Government Critique Response Category: Solutions/Interventions Perception Type: None Racist: No Reasoning: The comment expresses an opinion about creating a cycle of homelessness related to jail and suggests having discus"
meeting_minutes,337,B,0,0,"Comment Type: Provide a Fact or Claim, Express Their Opinion Critique Category: Money Aid Allocation Response Category: Solutions/Interventions Perception Type: None Racist: No Reasoning: The speaker is providing a factual statement about the allocation of funds and the resulting investment in affor"
meeting_minutes,338,B,0,0,"Comment Type: Express Their Opinion, Provide a Fact or Claim Critique Category: Government Critique Response Category: Solutions/Interventions Perception Type: None Racist: No Reasoning: The comment expresses an opinion about a proposed ordinance and provides a fact about how it would apply to all i"
meeting_minutes,339,B,0,0,"Comment Type: Express Their Opinion, Provide an Observation, Provide a Fact or Claim Critique Category: Government Critique Response Category: Solutions/Interventions Perception Type: None Racist: No Reasoning: The comment expresses the speaker's opinion and provides an observation about the effecti"
meeting_minutes,340,B,0,0,"Comment Type: Express Their Opinion, Provide an Observation Critique Category: No Response Category: No Perception Type: Harmful Generalization Racist: No Reasoning: The comment expresses an opinion about protecting the homeless and acknowledges their vulnerability, which could be seen as a harmful "
meeting_minutes,341,B,0,0,"Comment Type: Provide an Observation, Ask a Genuine Question Critique Category: Money Aid Allocation Response Category: Solutions/Interventions Perception Type: None Racist: No Reasoning: The comment is primarily an observation about the new affordable housing projects and a request for a video pres"
meeting_minutes,342,B,0,0,"Comment Type: Express Their Opinion, Provide an Observation Critique Category: Money Aid Allocation Response Category: No Response Category Applies Perception Type: No Perception Type Applies Racist: No Reasoning: The comment expresses an opinion about the funding and grants for homelessness and pro"
meeting_minutes,343,B,0,0,"Comment Type: Express Their Opinion, Ask a Genuine Question Critique Category: No Response Category: Solutions/Interventions Perception Type: No Racist: No Reasoning: The speaker is asking a genuine question about a hotel project and its eligibility criteria, showing interest in the details of a pot"
meeting_minutes,344,B,0,0,"Comment Type: Provide an Observation, Provide a Fact or Claim Critique Category: No Response Category: Solutions/Interventions Perception Type: No Racist: No Reasoning: The comment provides an observation about the number of homeless individuals served by the organization and the percentage of unfun"
meeting_minutes,345,B,0,0,"Comment Type: Provide a Fact or Claim, Provide an Observation Critique Category: Money Aid Allocation Response Category: Solutions/Interventions Perception Type: None Racist: No Reasoning: The comment provides a factual statement about the allocation of funds and the development of a portal to conne"
meeting_minutes,346,B,0,0,"Comment Type: Express Their Opinion, Provide an Observation Critique Category: Government Critique Response Category: Solutions/Interventions Perception Type: None Racist: No Reasoning: The speaker expresses their opinion about the potential negative impacts of infill development and affordable hous"
meeting_minutes,347,B,0,0,"Comment Type: Express Their Opinion, Provide an Observation Critique Category: Money Aid Allocation Response Category: No Response Category Applies Perception Type: No Perception Type Applies Racist: No Reasoning: The comment expresses the speaker's opinion on the value added to applications for hom"
meeting_minutes,348,B,0,0,"Comment Type: Express Their Opinion, Provide an Observation Critique Category: None Response Category: Solutions/Interventions Perception Type: None Racist: No Reasoning: The comment expresses an opinion about the complexity of addressing homelessness and the need for a nuanced approach. It does not"
meeting_minutes,349,B,0,0,"Comment Type: Provide a Fact or Claim, Ask a Genuine Question Critique Category: Money Aid Allocation Response Category: Solutions/Interventions Perception Type: None Racist: No Reasoning: The comment provides a factual statement about an email request and asks a genuine question about the reinstate"
meeting_minutes,350,B,0,0,"Comment Type: Express Their Opinion, Provide an Observation Critique Category: None Response Category: None Perception Type: None Racist: No Reasoning: The comment is an introduction by the Deputy Director for an organization, stating their role and intention to share observations. It does not expre"
meeting_minutes,351,B,0,0,"Comment Type: Express Their Opinion, Provide an Observation Critique Category: Government Critique Response Category: Solutions/Interventions Perception Type: None Racist: No Reasoning: The speaker is expressing their opinion on the potential consequences of a policy and providing an observation abo"
meeting_minutes,352,B,0,0,"Comment Type: Provide an Observation, Express Their Opinion Critique Category: Government Critique Response Category: Solutions/Interventions Perception Type: None Racist: No Reasoning: The comment observes the current situation and expresses an opinion on how to address the cost of affordable housi"
meeting_minutes,353,B,0,0,"Comment Type: Express Their Opinion, Provide an Observation Critique Category: Government Critique Response Category: Solutions/Interventions Perception Type: None Racist: No Reasoning: The comment expresses an opinion on the debate within the development community and special interests, and provide"
meeting_minutes,354,B,0,0,"Comment Type: Provide an Observation, Provide a Fact or Claim Critique Category: Money Aid Allocation Response Category: Solutions/Interventions Perception Type: None Racist: No Reasoning: The comment provides an observation about the current funding approach for affordable housing units and a fact "
meeting_minutes,355,B,0,0,"Comment Type: Provide a Fact or Claim, Provide an Observation Critique Category: Money Aid Allocation Response Category: Solutions/Interventions Perception Type: None Racist: No Reasoning: The comment provides a factual statement about the funding and its impact, mentions the need for more resources"
meeting_minutes,356,B,0,0,"Comment Type: Provide a Fact or Claim, Express Others' Opinions Critique Category: Money Aid Allocation Response Category: Solutions/Interventions Perception Type: None Racist: No Reasoning: The comment provides a factual statement about the funding sources and the populations that will benefit from"
meeting_minutes,357,B,0,0,"Comment Type: Provide a Fact or Claim, Provide an Observation Critique Category: Money Aid Allocation Response Category: No specific response category applies Perception Type: No specific perception type applies Racist: No Reasoning: The comment provides factual information about the allocation of f"
meeting_minutes,358,B,0,1,"Comment Type: Express Their Opinion, Ask a Genuine Question, Provide an Observation Critique Category: Government Critique, Societal Critique Response Category: Solutions/Interventions Perception Type: Harmful Generalization, Not in my Backyard Racist: No Reasoning: The comment expresses an opinion "
meeting_minutes,359,B,0,0,"Comment Type: Provide an Observation, Express Their Opinion Critique Category: No Response Category: Solutions/Interventions Perception Type: No Racist: No Reasoning: The speaker is providing an observation about the current process of mapping out homeless shelters and expressing their opinion about"
meeting_minutes,360,B,0,0,"Comment Type: Express Their Opinion, Provide an Observation Critique Category: Government Critique, Money Aid Allocation Response Category: Solutions/Interventions Perception Type: None Racist: No Reasoning: The comment expresses an opinion about the importance of affordable housing and mentions a s"
meeting_minutes,361,B,0,0,"Comment Type: Provide an Observation, Express Their Opinion Critique Category: No Response Category: Solutions/Interventions Perception Type: No Racist: No Reasoning: The comment is an observation about the meeting's agenda and an opinion on the motion to approve a resolution. It does not critique a"
meeting_minutes,362,B,0,0,"Comment Type: Express Their Opinion, Provide an Observation, Solutions/Interventions Critique Category: Government Critique Response Category: Solutions/Interventions Perception Type: None Racist: No Reasoning: The comment expresses the speaker's opinion on current policies and suggests an alternati"
meeting_minutes,363,B,0,0,"Comment Type: Express Their Opinion, Provide an Observation Critique Category: Government Critique Response Category: Solutions/Interventions Perception Type: None Racist: No Reasoning: The speaker expresses their opinion on the complexity of addressing homelessness and the need for a community-wide"
news,0,B,0,0,"Comment Type: Provide an Observation, Express Others' Opinions Critique Category: No Response Category: No Perception Type: No Racist: No Reasoning: The comment provides an observation about the growth of homelessness and addiction in specific locations, suggesting that this growth is causing stress"
news,1,B,0,0,"Comment Type: Provide a Fact or Claim, Express Others' Opinions Critique Category: No Response Category: No Perception Type: No Racist: No Reasoning: The comment provides a factual statement about the organization's investments and does not express an opinion on homelessness, critique any policies o"
news,2,B,0,0,"Comment Type: Provide an Observation, Express Others' Opinions Critique Category: No Response Category: Solutions/Interventions Perception Type: No Racist: No Reasoning: The comment provides an observation about a new downtown development plan in a suburban city, which includes various commercial an"
news,3,B,0,0,"Comment Type: Provide a Fact or Claim, Ask a Genuine Question Critique Category: Government Critique, Societal Critique Response Category: Solutions/Interventions Perception Type: Media Portrayal Racist: No Reasoning: The comment provides a factual statement about homelessness among children and ask"
news,4,B,0,0,"Comment Type: Express Their Opinion, Provide a Fact or Claim Critique Category: Government Critique Response Category: Solutions/Interventions Perception Type: None Racist: No Reasoning: The comment expresses an opinion and provides a factual statement about a plan to address homelessness. It critic"
news,5,B,0,0,"Comment Type: Provide a Fact or Claim, Government Critique Critique Category: Government Critique Response Category: Solutions/Interventions Perception Type: None Racist: No Reasoning: The comment provides a factual statement about a housing plan and mentions specific figures and initiatives. It als"
news,6,B,0,0,"Comment Type: Express Others' Opinions, Provide a Fact or Claim Critique Category: Government Critique Response Category: Solutions/Interventions Perception Type: No Racist: No Reasoning: The comment is providing a fact about a government initiative aimed at increasing African-American homeownership"
news,7,B,0,0,"Comment Type: Express Their Opinion, Provide a Fact or Claim Critique Category: Government Critique, Money Aid Allocation Response Category: Solutions/Interventions Perception Type: None Racist: No Reasoning: The comment expresses an opinion on government actions and provides factual information abo"
news,8,B,0,0,"Comment Type: Express Their Opinion, Provide a Fact or Claim Critique Category: Government Critique Response Category: Solutions/Interventions Perception Type: None Racist: No Reasoning: The comment provides a fact or claim about government plans to address homelessness, including specific funding a"
news,9,B,0,0,"Comment Type: Provide an Observation, Express Others' Opinions Critique Category: No Response Category: No Perception Type: No Racist: No Reasoning: The text provides an observation about a person's career and experiences, mentioning his military service and political career. It does not express an "
news,10,B,0,0,"Comment Type: Provide an Observation, Express Others' Opinions Critique Category: No Response Category: No Perception Type: No Racist: No Reasoning: The comment provides an observation about the process of conducting a Point-in-Time Count for homelessness, which is an effort to enumerate people livi"
news,11,B,0,0,"Comment Type: Provide a Fact or Claim, Provide an Observation Critique Category: Money Aid Allocation Response Category: Solutions/Interventions Perception Type: None Racist: No Reasoning: The comment provides a factual statement about a new housing project for homeless people, which is an observati"
news,12,B,0,0,"Comment Type: Express Their Opinion, Provide a Fact or Claim, Government Critique Critique Category: Government Critique Response Category: Solutions/Interventions Perception Type: Harmful Generalization Racist: No Reasoning: The comment expresses an opinion about the treatment of veterans and the h"
news,13,B,0,0,"Comment Type: Provide an Observation, Express Others' Opinions Critique Category: No Response Category: No Perception Type: Media Portrayal Racist: No Reasoning: The comment provides an observation about the situation of homeless pets before Hurricane Harvey, and it reflects the opinions of pet shel"
news,14,B,0,0,"Comment Type: Express Others' Opinions, Provide an Observation Critique Category: No Response Category: No Perception Type: No Racist: No Reasoning: The comment describes a policy preference for artists in a housing allocation process, which is an observation of a specific policy. It does not expres"
news,15,B,0,0,"Comment Type: Provide an Observation, Express Their Opinion Critique Category: No Response Category: Solutions/Interventions Perception Type: No Racist: No Reasoning: The comment provides an observation about the harsh conditions faced by people living on the streets and expresses an opinion about t"
news,16,B,0,1,"Comment Type: Express Their Opinion, Provide an Observation Critique Category: Government Critique, Societal Critique Response Category: Solutions/Interventions Perception Type: Not in my Backyard Racist: No Reasoning: The comment expresses an opinion about the city's homeless problem and suggests a"
news,17,B,0,0,"Comment Type: Express Others' Opinions, Provide an Observation Critique Category: No Response Category: No Perception Type: Harmful Generalization Racist: No Reasoning: The comment observes and expresses the opinions of others about the correlation between drug addiction, homelessness, and poverty. "
news,18,B,0,0,"Comment Type: Express Their Opinion, Provide an Observation Critique Category: No Response Category: No Perception Type: Media Portrayal Racist: No Reasoning: The comment appears to be an observation or opinion about someone being forgotten, possibly related to homelessness. It does not explicitly o"
news,19,B,0,0,"Comment Type: Provide an Observation, Provide a Fact or Claim Critique Category: Money Aid Allocation Response Category: Solutions/Interventions Perception Type: None Racist: No Reasoning: The comment provides a factual observation about a survey that opens up funding for a day center for the homele"
news,20,B,0,0,"Comment Type: Provide an Observation, Express Others' Opinions Critique Category: No Response Category: Solutions/Interventions Perception Type: No Racist: No Reasoning: The comment describes an educational program that involves students from a medical school and an organization working on solutions"
news,21,B,0,0,"Comment Type: Express Their Opinion, Provide an Observation Critique Category: None Response Category: Solutions/Interventions Perception Type: None Racist: No Reasoning: The comment expresses the opinion of the individual about their family's situation and their intention to help. It also provides "
news,22,B,0,0,"Comment Type: Express Their Opinion, Provide an Observation, Government Critique Critique Category: Government Critique Response Category: Solutions/Interventions Perception Type: None Racist: No Reasoning: The comment expresses an opinion about the mayor's track record and housing policies, provide"
news,23,B,0,0,"Comment Type: Provide a Fact or Claim, Government Critique Critique Category: Government Critique Response Category: Solutions/Interventions Perception Type: None Racist: No Reasoning: The comment provides factual information about government plans and initiatives related to affordable housing and h"
news,24,B,0,0,"Comment Type: Express Their Opinion, Provide a Fact or Claim Critique Category: Government Critique Response Category: Solutions/Interventions Perception Type: None Racist: No Reasoning: The comment expresses an opinion about the housing plans of a Democratic candidate and provides factual informati"
news,25,B,0,0,"Comment Type: Express Their Opinion, Provide an Observation Critique Category: No Response Category: Solutions/Interventions Perception Type: No Racist: No Reasoning: The comment describes a personal experience of donating clothes to a homeless shelter, which is an observation and an expression of t"
news,26,B,0,0,"Comment Type: Provide an Observation, Express Others' Opinions Critique Category: No Response Category: No Perception Type: Media Portrayal Racist: No Reasoning: The comment provides an observation about the conditions of homelessness and references the media portrayal of these conditions. There is "
news,27,B,0,0,"Comment Type: Provide a Fact or Claim, Government Critique Critique Category: Government Critique, Money Aid Allocation Response Category: Solutions/Interventions Perception Type: None Racist: No Reasoning: The comment provides factual information about a senator's plan to address homelessness throu"
news,28,B,0,0,"Comment Type: Express Others' Opinions, Provide an Observation Critique Category: None Response Category: None Perception Type: Personal Interaction Racist: No Reasoning: The comment describes a personal interaction with a homeless individual but does not express an opinion, critique, provide a resp"
news,29,B,0,0,"Comment Type: Provide a Fact or Claim, Provide an Observation Critique Category: Money Aid Allocation Response Category: Solutions/Interventions Perception Type: None Racist: No Reasoning: The comment provides factual information about plans to expand an organization's efforts in affordable housing "
news,30,B,0,0,"Comment Type: Provide an Observation, Express Others' Opinions Critique Category: Government Critique, Societal Critique Response Category: Solutions/Interventions Perception Type: Media Portrayal Racist: No Reasoning: The comment observes ongoing efforts by an organization to help the homeless and "
news,31,B,0,0,"Comment Type: Express Their Opinion, Provide an Observation Critique Category: Government Critique Response Category: No Response Category Applies Perception Type: No Perception Type Applies Racist: No Reasoning: The comment expresses an opinion and provides an observation about the homeless situati"
news,32,B,0,0,"Comment Type: Express Their Opinion, Provide an Observation Critique Category: No Response Category: Solutions/Interventions Perception Type: No Racist: No Reasoning: The comment describes an individual's actions to help the homeless by making blankets and care baskets, setting up a GoFundMe page, a"
news,33,B,0,0,"Comment Type: Provide an Observation Critique Category: No Response Category: No Perception Type: No Racist: No Reasoning: The text is a news article providing an observation about a fire that caused homelessness. It does not express an opinion, ask a question, provide a fact, critique any policies "
news,34,B,0,0,"Comment Type: Express Their Opinion, Provide an Observation Critique Category:  Response Category:  Perception Type:  Racist: No Reasoning: The comment is an observation about an organization providing blankets to the homeless. It does not express an opinion about the organization, critique any poli"
news,35,B,0,0,"Comment Type: Express Their Opinion, Provide an Observation Critique Category: Government Critique Response Category: Solutions/Interventions Perception Type: Media Portrayal Racist: No Reasoning: The comment expresses an opinion about a legal case involving a monument and a homeless plaintiff. It p"
news,36,B,0,0,"Comment Type: Express Others' Opinions, Provide a Fact or Claim Critique Category: Government Critique, Money Aid Allocation Response Category: Solutions/Interventions Perception Type: Harmful Generalization, Media Portrayal Racist: No Reasoning: The comment expresses the opinions of others about th"
news,37,B,0,0,"Comment Type: Provide a Fact or Claim, Provide an Observation Critique Category: Government Critique, Societal Critique Response Category: Solutions/Interventions Perception Type: Media Portrayal Racist: No Reasoning: The comment provides factual data about homelessness and housing issues, observes "
news,38,B,0,0,"Comment Type: Provide a Fact or Claim, Government Critique, Response Category: Solutions/Interventions, Perception Type: None, Racist: No Reasoning: The comment provides a factual statement about the number of children covered by subsidized and full-pay coverage by [ORGANIZATION]. It also critiques "
news,39,B,0,0,"Comment Type: Express Others' Opinions, Provide an Observation Critique Category: No Response Category: No Perception Type: Harmful Generalization Racist: No Reasoning: The comment observes that some people face drug or alcohol addiction and homelessness, which can be seen as a harmful generalizatio"
news,40,B,0,0,"Comment Type: Express Their Opinion, Ask a Genuine Question, Provide a Fact or Claim Critique Category: Government Critique, Societal Critique Response Category: Solutions/Interventions Perception Type: Media Portrayal Racist: No Reasoning: The comment expresses an opinion about the housing crisis a"
news,41,B,0,0,"Comment Type: Provide an Observation Critique Category: None Response Category: None Perception Type: None Racist: No Reasoning: The text provides an observation about a student and her family's situation, but does not express an opinion, ask a question, provide a fact, critique any aspect of govern"
news,42,B,0,0,"Comment Type: Express Others' Opinions, Provide a Fact or Claim Critique Category: Government Critique Response Category: Solutions/Interventions Perception Type: None Racist: No Reasoning: The comment expresses the opinions of a city official and provides a factual statement about the city's plans "
news,43,B,0,0,"Comment Type: Express Their Opinion, Provide an Observation Critique Category: No Response Category: Solutions/Interventions Perception Type: No Racist: No Reasoning: The comment describes a specific action taken by a woman to help the newly homeless, which is an observation and an expression of opi"
news,44,B,0,0,"Comment Type: Provide an Observation, Express Others' Opinions Critique Category: No Response Category: Solutions/Interventions Perception Type: No Racist: No Reasoning: The comment describes an observation of an organization's actions and an opinion from a senior loan officer about their continued "
news,45,B,0,0,"Comment Type: Express Their Opinion, Provide an Observation Critique Category: No Response Category: Solutions/Interventions Perception Type: Media Portrayal Racist: No Reasoning: The comment expresses an opinion about veterans and their homelessness, provides an observation about a campaign, and su"
news,46,B,0,0,"Comment Type: Provide an Observation, Provide a Fact or Claim Critique Category: No Response Category: No Perception Type: No Racist: No Reasoning: The comment provides an observation about the impact of COVID-19 on the Count of Homeless, which is a factual statement. It does not criticize any gover"
news,47,B,0,0,"Comment Type: Express Their Opinion, Provide a Fact or Claim Critique Category: Government Critique, Money Aid Allocation Response Category: Solutions/Interventions Perception Type: None Racist: No Reasoning: The comment provides a factual account of the actions and plans of various organizations an"
news,48,B,0,0,"Comment Type: Express Others' Opinions, Provide an Observation Critique Category: No Response Category: No Perception Type: Media Portrayal Racist: No Reasoning: The comment describes an observation of the living conditions of an alleged criminal and provides an opinion about the reason for those co"
news,49,B,0,0,"Comment Type: Express Others' Opinions, Provide an Observation Critique Category: No Response Category: No Perception Type: Media Portrayal Racist: No Reasoning: The comment observes how media, specifically through the Muppets, has portrayed various social issues including homelessness. It does not "
news,50,B,0,0,"Comment Type: Express Their Opinion, Provide an Observation Critique Category: No Response Category: Solutions/Interventions Perception Type: No Racist: No Reasoning: The comment expresses an opinion about the actions taken by the city leadership and observes the potential benefits of the initiative"
news,51,B,0,0,"Comment Type: Provide a Fact or Claim, Express Others' Opinions Critique Category: No Response Category: No Perception Type: No Racist: No Reasoning: The comment provides a factual statement about the number of homeless people and expresses an opinion about the significance of the decline. There is "
news,52,B,0,0,"Comment Type: Express Their Opinion, Provide an Observation Critique Category: No Response Category: Solutions/Interventions Perception Type: No Racist: No Reasoning: The comment expresses a positive opinion about an initiative aimed at improving services for the homeless and provides an observation"
news,53,B,0,0,"Comment Type: Express Their Opinion, Provide an Observation Critique Category: No Response Category: No Perception Type: No Racist: No Reasoning: The comment is an observation about an award given to an individual for bringing awareness to the increase in homelessness. It does not express an opinion"
news,54,B,0,0,"Comment Type: Provide a Fact or Claim, Provide an Observation Critique Category: No Response Category: Solutions/Interventions Perception Type: No Racist: No Reasoning: The comment provides factual information about a policy and its implementation, as well as an observation about the current state o"
news,55,B,0,0,"Comment Type: Express Their Opinion, Provide an Observation Critique Category: No Response Category: Solutions/Interventions Perception Type: No Racist: No Reasoning: The comment expresses support for a step towards resolving homelessness, which can be seen as an observation or opinion. It does not "
news,56,B,0,0,"Comment Type: Express Their Opinion, Provide an Observation Critique Category: No Response Category: Solutions/Interventions Perception Type: No Racist: No Reasoning: The comment expresses an opinion about the organization's commitment to addressing homelessness and provides an observation about the"
news,57,B,0,0,"Comment Type: Express Others' Opinions, Provide an Observation Critique Category: No Response Category: No Perception Type: Media Portrayal Racist: No Reasoning: The comment is an expression of opinion about a book that describes the journey of a homeless woman. It does not criticize government or s"
news,58,B,0,1,"Comment Type: Express Their Opinion, Provide a Fact or Claim Critique Category: Government Critique Response Category: No Response Category Applies Perception Type: Not in my Backyard Racist: No Reasoning: The comment expresses an opinion about a fine imposed on a population of homeless people and p"
news,59,B,0,0,"Comment Type: Provide an Observation, Express Others' Opinions Critique Category: No Response Category: No Perception Type: No Racist: No Reasoning: The comment provides an observation about the current situation and expresses the opinions of others (as indicated by ""reports""). It does not criticize"
news,60,B,0,0,"Comment Type: Express Their Opinion, Provide an Observation Critique Category: Government Critique, Societal Critique Response Category: Solutions/Interventions Perception Type: Harmful Generalization Racist: No Reasoning: The comment expresses an opinion and provides an observation about the challe"
news,61,B,0,0,"Comment Type: Provide a Fact or Claim, Express Others' Opinions Critique Category: Government Critique, Societal Critique Response Category: Solutions/Interventions Perception Type: Media Portrayal Racist: No Reasoning: The comment provides factual statistics about homelessness among veterans and th"
news,62,B,0,0,"Comment Type: Provide a Fact or Claim, Provide an Observation Critique Category: Money Aid Allocation Response Category: Solutions/Interventions Perception Type: None Racist: No Reasoning: The comment provides a factual statement about a loan being provided for affordable housing construction. It do"
news,63,B,0,0,"Comment Type: Provide an Observation, Express Others' Opinions Critique Category: No Response Category: No Perception Type: Harmful Generalization Racist: No Reasoning: The comment provides an observation about a specific issue related to homelessness and expresses the opinions of others who are com"
news,64,B,0,0,"Comment Type: Express Their Opinion, Provide an Observation Critique Category: No Response Category: Solutions/Interventions Perception Type: No Racist: No Reasoning: The comment is an observation about a charitable organization's activities and a call for donations, which can be seen as expressing "
news,65,B,0,0,"Comment Type: Provide an Observation, Express Others' Opinions Critique Category: No Response Category: Solutions/Interventions Perception Type: Media Portrayal Racist: No Reasoning: The comment provides an observation about a new housing solution for a specific group of people facing homelessness. "
news,66,B,0,0,"Comment Type: Provide an Observation, Express Others' Opinions Critique Category: Government Critique, Societal Critique Response Category: Solutions/Interventions Perception Type: Harmful Generalization, Media Portrayal Racist: No Reasoning: The comment provides an observation about the number of h"
news,67,B,0,0,"Comment Type: Provide an Observation, Express Others' Opinions Critique Category: No Response Category: Solutions/Interventions Perception Type: No Racist: No Reasoning: The comment describes a development that will provide housing options, which is an observation and an expression of others' opinio"
news,68,B,0,1,"Comment Type: Provide an Observation, Express Others' Opinions Critique Category: Government Critique, Societal Critique Response Category: Solutions/Interventions Perception Type: Harmful Generalization, Not in my Backyard Racist: No Reasoning: The comment provides an observation about a violent ho"
news,69,B,0,0,"Comment Type: Provide an Observation, Government Critique Critique Category: Government Critique Response Category: Solutions/Interventions Perception Type: None Racist: No Reasoning: The comment observes the current issues and suggests that addressing them is a priority as the budget is being revis"
news,70,B,0,0,"Comment Type: Provide an Observation, Ask a Genuine Question Critique Category: No Response Category: No Perception Type: Media Portrayal Racist: No Reasoning: The comment provides an observation about various news events but does not express an opinion, ask a question, provide a fact, critique any "
news,71,B,0,0,"Comment Type: Express Their Opinion, Provide a Fact or Claim Critique Category: Government Critique Response Category: Solutions/Interventions Perception Type: None Racist: No Reasoning: The comment expresses an opinion in support of a specific policy and provides a factual statement about the polic"
news,72,B,0,0,"Comment Type: Provide an Observation, Express Their Opinion Critique Category: No Response Category: Solutions/Interventions Perception Type: Media Portrayal, Personal Interaction Racist: No Reasoning: The comment provides an observation about a homeless book club and expresses the observer's opinio"
news,73,B,0,0,Comment Type: Provide a Fact or Claim Critique Category: Money Aid Allocation Response Category: No Response Category Applies Perception Type: No Perception Type Applies Racist: No Reasoning: The comment provides a factual statement about the lack of affordable housing units and its impact on homele
news,74,B,0,0,Comment Type: Provide a Fact or Claim Critique Category: Money Aid Allocation Response Category: Solutions/Interventions Perception Type: None Racist: No Reasoning: The comment provides a factual statement about the allocation of funds for constructing additional housing for homeless individuals. It
news,75,B,0,0,"Comment Type: Express Their Opinion, Provide an Observation Critique Category: No Response Category: No Perception Type: No Racist: No Reasoning: The comment expresses an opinion about the contributions of a specific organization to the community and thanks them for their efforts. It does not critiq"
news,76,B,0,0,"Comment Type: Express Their Opinion, Provide an Observation Critique Category: No Response Category: No Perception Type: Media Portrayal Racist: No Reasoning: The comment describes a personal observation of a family member's actions and thoughts, which are shared in a neutral manner without any expl"
news,77,B,0,0,"Comment Type: Express Their Opinion, Provide an Observation Critique Category: Government Critique Response Category: Solutions/Interventions Perception Type: None Racist: No Reasoning: The comment appears to be about a veto message related to homelessness, suggesting the person has an opinion on th"
news,78,B,0,0,"Comment Type: Provide an Observation, Express Others' Opinions Critique Category: No Response Category: Solutions/Interventions Perception Type: Media Portrayal Racist: No Reasoning: The comment describes an observation of a program fostering community among the homeless and expresses opinions about"
news,79,B,0,0,"Comment Type: Provide a Fact or Claim, Express Others' Opinions Critique Category: No Response Category: Solutions/Interventions Perception Type: No Racist: No Reasoning: The comment provides a factual statement about the number of homeless prevention efforts by an organization. It also expresses th"
news,80,B,0,0,"Comment Type: Express Their Opinion, Provide an Observation Critique Category: No Response Category: Solutions/Interventions Perception Type: No Racist: No Reasoning: The comment describes a charitable action taken by an individual to raise awareness and provide aid to those in need. It does not exp"
news,81,B,0,0,"Comment Type: Provide an Observation, Provide a Fact or Claim Critique Category: Money Aid Allocation Response Category: Solutions/Interventions Perception Type: None Racist: No Reasoning: The comment provides an observation about the allocation of funding for various programs, including home rehabi"
news,82,B,0,0,"Comment Type: Express Their Opinion, Provide an Observation Critique Category: None Response Category: None Perception Type: Harmful Generalization Racist: No Reasoning: The comment expresses an opinion about helping the homeless and observes a personal experience. It implies a harmful generalizatio"
news,83,B,0,0,"Comment Type: Provide a Fact or Claim, Provide an Observation Critique Category: Money Aid Allocation Response Category: Solutions/Interventions Perception Type: None Racist: No Reasoning: The comment provides a factual statement about the shift in funding from transitional housing to rapid rehousin"
news,84,B,0,0,"Comment Type: Provide an Observation, Express Their Opinion Critique Category: No Response Category: Solutions/Interventions Perception Type: No Racist: No Reasoning: The comment provides an observation about the organization's activities and expresses an opinion on home ownership and affordable hou"
news,85,B,0,0,"Comment Type: Provide a Fact or Claim, Government Critique Critique Category: Government Critique Response Category: Solutions/Interventions Perception Type: None Racist: No Reasoning: The comment provides a factual statement about a bill and suggests a solution to address homelessness by allowing l"
news,86,B,0,0,"Comment Type: Provide a Fact or Claim, Government Critique Critique Category: Government Critique Response Category: No Response Category Perception Type: No Perception Type Racist: No Reasoning: The comment provides a factual statement about the priorities outlined in a budget letter by Republicans"
news,87,B,0,0,"Comment Type: Express Their Opinion, Provide an Observation Critique Category: Government Critique Response Category: Solutions/Interventions Perception Type: None Racist: No Reasoning: The comment does not express an opinion or observation about homelessness in a way that aligns with the given defi"
news,88,B,0,0,"Comment Type: Provide a Fact or Claim, Provide an Observation Critique Category: Money Aid Allocation Response Category: No Response Category Applies Perception Type: No Perception Type Applies Racist: No Reasoning: The comment provides a factual statement about affordable housing private-nonprofit "
news,89,B,0,0,"Comment Type: Provide a Fact or Claim, Critique Category: Government Critique, Response Category: No Response, Perception Type: No Perception Type, Racist: No Reasoning: The comment provides a factual account of aggressive acts and role failures among participants, mentioning race, diagnostic labels"
news,90,B,0,0,"Comment Type: Express Their Opinion, Provide an Observation Critique Category: No Response Category: Solutions/Interventions Perception Type: No Racist: No Reasoning: The comment is an observation about the number of homeless prevention services provided by a specific organization. It does not expre"
news,91,B,0,0,"Comment Type: Express Others' Opinions, Provide an Observation Critique Category: None Response Category: None Perception Type: Harmful Generalization Racist: No Reasoning: The comment observes that people might be uncomfortable or unaware about menstrual issues, which can lead to a lack of attentio"
news,92,B,0,0,"Comment Type: Express Their Opinion, Provide an Observation, Perceive Harmful Generalization Critique Category: No Response Category: Solutions/Interventions Perception Type: Harmful Generalization Racist: No Reasoning: The comment expresses an opinion about mothers giving wish lists for their child"
news,93,B,0,0,"Comment Type: Provide a Fact or Claim, Provide an Observation Critique Category: Government Critique Response Category: No Response Category Applies Perception Type: No Perception Type Applies Racist: No Reasoning: The comment provides a factual statement about the number of students qualifying as h"
news,94,B,0,0,"Comment Type: Provide a Fact or Claim, Government Critique Critique Category: Government Critique Response Category: Solutions/Interventions Perception Type: None Racist: No Reasoning: The comment provides a factual statement about a policy change, which can be seen as a government critique. It also"
news,95,B,0,0,"Comment Type: Express Others' Opinions, Provide an Observation Critique Category: Government Critique Response Category: Solutions/Interventions Perception Type: None Racist: No Reasoning: The comment appears to be referencing a news article or report about property taxation assessments and their im"
news,96,B,0,0,"Comment Type: Express Their Opinion, Provide an Observation Critique Category: None Response Category: None Perception Type: Personal Interaction Racist: No Reasoning: The comment expresses an opinion about the speaker's experience of getting to know homeless individuals and observing their interact"
news,97,B,0,0,"Comment Type: None Critique Category: None Response Category: None Perception Type: None Racist: No Reasoning: The text provided appears to be a statistical analysis of a research study and does not contain any comments, critiques, responses, or perceptions related to homelessness or the criteria pr"
news,98,B,0,0,"Comment Type: Express Their Opinion, Provide an Observation Critique Category: No Response Category: Solutions/Interventions Perception Type: No Racist: No Reasoning: The comment describes a personal experience with a homeless family receiving support from an organization, which is an observation. I"
news,99,B,0,0,"Comment Type: Express Their Opinion, Provide a Fact or Claim Critique Category: No Response Category: No Perception Type: No Racist: No Reasoning: The comment provides a factual statement about the actions and opinions of a specific individual, [PERSON], in the context of homelessness and HIV/AIDS. "
news,100,B,0,0,"Comment Type: Provide an Observation, Provide a Fact or Claim Critique Category: No Response Category: No Perception Type: No Racist: No Reasoning: The comment provides an observation about the organization's services for those in crisis and the homeless, stating that they meet core emergency needs."
news,101,B,0,0,"Comment Type: Express Their Opinion, Provide an Observation Critique Category: No Response Category: Solutions/Interventions Perception Type: Media Portrayal Racist: No Reasoning: The comment expresses an opinion about homelessness and provides an observation about a vigil for victims of a shooting "
news,102,B,0,0,"Comment Type: Express Their Opinion, Provide an Observation, Provide a Fact or Claim Critique Category: No Response Category: Solutions/Interventions Perception Type: No Racist: No Reasoning: The commenters are expressing their opinions and observations about the need for collecting additional data "
news,103,B,0,0,"Comment Type: Express Others' Opinions, Provide a Fact or Claim Critique Category: Government Critique Response Category: Solutions/Interventions Perception Type: None Racist: No Reasoning: The comment is providing a fact about the governor's stance on affordable housing, which is an expression of a"
news,104,B,0,0,"Comment Type: Express Their Opinion, Provide a Fact or Claim Critique Category: Government Critique Response Category: Solutions/Interventions Perception Type: None Racist: No Reasoning: The comment expresses an opinion about the need for better solutions for homeless residents and provides a fact o"
news,105,B,0,0,"Comment Type: Provide a Fact or Claim, Provide an Observation Critique Category: No Response Category: No Perception Type: No Racist: No Reasoning: The comment provides factual data about the number of unaccompanied young adults experiencing homelessness in two different organizations, which are the"
news,106,B,0,0,"Comment Type: Provide a Fact or Claim, Express Others' Opinions Critique Category: No Response Category: No Perception Type: No Racist: No Reasoning: The comment provides a factual statement about the total homeless population, which is often discussed in news articles. It does not express an opinio"
news,107,B,0,0,"Comment Type: Provide an Observation, Express Their Opinion Critique Category: No Response Category: Solutions/Interventions Perception Type: No Racist: No Reasoning: The comment provides an observation about a fundraising event and expresses an opinion about the purpose of the event, which is to be"
news,108,B,0,0,"Comment Type: Provide an Observation, Express Others' Opinions Critique Category: No Response Category: No Perception Type: Media Portrayal Racist: No Reasoning: The comment provides an observation about the presence of homeless families in vehicles in a quiet neighborhood and mentions that a county"
news,109,B,0,0,"Comment Type: Provide an Observation, Express Their Opinion Critique Category: No Response Category: Solutions/Interventions Perception Type: No Racist: No Reasoning: The comment provides an observation about the nonprofit's transitional housing program and expresses an opinion about looking for lon"
news,110,B,0,1,"Comment Type: Express Others' Opinions, Harmful Generalization, Not in my Backyard Critique Category: None Response Category: None Perception Type: Harmful Generalization, Not in my Backyard Racist: No Reasoning: The comment expresses negative opinions about homeless individuals, using derogatory te"
news,111,B,0,0,Comment Type: Provide a Fact or Claim Critique Category: No Response Category: No Perception Type: No Racist: No Reasoning: The comment provides a factual statement about the effects of childhood housing insecurity and prenatal air pollution exposure on adolescent depression and hippocampal structur
news,112,B,0,0,"Comment Type: Provide a Fact or Claim, Provide an Observation Critique Category: Money Aid Allocation Response Category: No specific response category applies Perception Type: No specific perception type applies Racist: No Reasoning: The comment provides factual information about government spending"
news,113,B,0,0,"Comment Type: Express Their Opinion, Provide an Observation Critique Category: None Response Category: None Perception Type: Media Portrayal Racist: No Reasoning: The comment appears to be a casual observation or a friendly inquiry about someone's access to food, possibly through a soup kitchen or f"
news,114,B,0,0,"Comment Type: Provide an Observation, Express Others' Opinions Critique Category: No Response Category: No Perception Type: Media Portrayal Racist: No Reasoning: The comment provides an observation about homelessness and expresses the opinions of others, likely referring to the portrayal of homeless"
news,115,B,0,0,"Comment Type: Express Their Opinion, Provide a Fact or Claim Critique Category: Government Critique Response Category: No Response Category Applies Perception Type: No Perception Type Applies Racist: No Reasoning: The comment expresses an opinion about the government's actions and provides a factual"
news,116,B,0,0,"Comment Type: Provide a Fact or Claim, Government Critique Critique Category: Government Critique Response Category: No Response Category Perception Type: No Perception Type Racist: No Reasoning: The comment provides a factual statement about the loss of federal funding for nonprofits that help home"
news,117,B,0,0,"Comment Type: Express Their Opinion, Provide a Fact or Claim Critique Category: Government Critique Response Category: Solutions/Interventions Perception Type: None Racist: No Reasoning: The comment is expressing an opinion about a government organization's plan and providing a fact or claim about t"
news,118,B,0,0,"Comment Type: Express Others' Opinions, Provide a Fact or Claim Critique Category: Government Critique Response Category: N/A Perception Type: N/A Racist: No Reasoning: The comment is expressing an opinion about a fact related to government strategy and does not contain any explicit or implicit raci"
news,119,B,0,0,"Comment Type: Express Their Opinion, Provide an Observation Critique Category: Government Critique, Money Aid Allocation Response Category: Solutions/Interventions Perception Type: None Racist: No Reasoning: The comment is an observation about the current lack of activities by a specific organizatio"
news,120,B,0,0,"Comment Type: Provide an Observation Critique Category: No Response Category: No Perception Type: No Racist: No Reasoning: The text appears to be a formal statement about services provided to an individual by an organization, which is an observation rather than an opinion, critique, or response. The"
news,121,B,0,0,"Comment Type: Provide an Observation, Express Others' Opinions Critique Category: No Response Category: Solutions/Interventions Perception Type: Media Portrayal Racist: No Reasoning: The comment provides an observation about a previous article and mentions that officials opened emergency shelters to"
news,122,B,0,0,"Comment Type: Express Their Opinion, Provide an Observation Critique Category: No Response Category: Solutions/Interventions Perception Type: Media Portrayal Racist: No Reasoning: The comment appears to be a generic message for services, likely related to a specific organization. It does not express"
news,123,B,0,0,"Comment Type: Provide an Observation, Express Others' Opinions Critique Category: No Response Category: No Perception Type: No Racist: No Reasoning: The text appears to be a formal statement from the Chief Executive of an organization about services provided by the organization. It does not express "
news,124,B,0,0,"Comment Type: Provide an Observation, Express Others' Opinions Critique Category: No Response Category: No Perception Type: Media Portrayal Racist: No Reasoning: The comment appears to be a reference to an organization for services, which could be an observation or an expression of others' opinions "
news,125,B,0,0,"Comment Type: Express Their Opinion, Provide a Fact or Claim Critique Category: No Response Category: Solutions/Interventions Perception Type: Media Portrayal Racist: No Reasoning: The comment expresses an opinion about helping the needy and provides a fact about a religious command. It mentions don"
news,126,B,0,0,"Comment Type: Express Others' Opinions, Provide an Observation Critique Category: None Response Category: None Perception Type: Media Portrayal Racist: No Reasoning: The comment describes a personal observation of someone's desire for housing, which is a common theme in homelessness discussions. It "
news,127,B,0,0,"Comment Type: Provide an Observation, Express Others' Opinions Critique Category: No Response Category: Solutions/Interventions Perception Type: Media Portrayal, Harmful Generalization Racist: No Reasoning: The comment appears to be a list of organizations and individuals providing services to vario"
news,128,B,0,0,"Comment Type: Provide an Observation, Government Critique Critique Category: Government Critique Response Category: Solutions/Interventions Perception Type: None Racist: No Reasoning: The comment observes the progress of a draft ordinance aimed at addressing affordable housing, which is a form of ob"
news,129,B,0,0,"Comment Type: Express Their Opinion, Provide a Fact or Claim Critique Category: Government Critique, Societal Critique Response Category: Solutions/Interventions Perception Type: Media Portrayal Racist: No Reasoning: The comment expresses an opinion about a senator and a community van that supports "
news,130,B,0,0,"Comment Type: Provide an Observation, Express Their Opinion Critique Category: No Response Category: No Perception Type: No Racist: No Reasoning: The text appears to be a formal recognition or acknowledgment of services provided by an organization to individuals and the community. It does not expres"
news,131,B,0,1,"Comment Type: Express Their Opinion, Provide an Observation Critique Category: Government Critique, Societal Critique Response Category: Solutions/Interventions Perception Type: Harmful Generalization, Not in my Backyard Racist: No Reasoning: The comment expresses an opinion about a police raid on a"
news,132,B,0,0,"Comment Type: Express Their Opinion, Provide an Observation Critique Category: No Response Category: Solutions/Interventions Perception Type: Media Portrayal Racist: No Reasoning: The comment appears to be an observation about services being provided to a specific person, which could be seen as an o"
news,133,B,0,0,"Comment Type: Provide an Observation, Express Others' Opinions Critique Category: No Response Category: Solutions/Interventions Perception Type: No Racist: No Reasoning: The text appears to be a list of names and affiliations related to various organizations and services. It does not express an opin"
news,134,B,0,0,"Comment Type: Provide an Observation, Express Others' Opinions Critique Category: No Response Category: No Perception Type: No Racist: No Reasoning: The comment provides an observation about the increase in the number of homeless people being served by an organization and the resulting need for more"
news,135,B,0,0,"Comment Type: Provide an Observation, Government Critique Critique Category: Government Critique Response Category: Solutions/Interventions Perception Type: None Racist: No Reasoning: The comment observes the progress of a draft ordinance aimed at creating more affordable housing, which is a governm"
news,136,B,0,0,"Comment Type: Express Their Opinion, Provide an Observation Critique Category: No Response Category: Solutions/Interventions Perception Type: No Racist: No Reasoning: The comment expresses the organization's pride in helping New Yorkers in need, which can be seen as an observation of their actions a"
news,137,B,0,0,"Comment Type: Express Others' Opinions, Provide an Observation Critique Category: None Response Category: None Perception Type: Media Portrayal Racist: No Reasoning: The comment describes an observation of a homeless individual's experience during a specific event, likely Christmas or another holida"
news,138,B,0,0,"Comment Type: Express Their Opinion, Provide a Fact or Claim Critique Category: No Response Category: Solutions/Interventions Perception Type: No Racist: No Reasoning: The comment provides a factual statement about a fundraising event and the amount raised, which is a form of expressing an opinion. "
news,139,B,0,0,"Comment Type: Express Their Opinion, Provide an Observation Critique Category: No Response Category: Solutions/Interventions Perception Type: Media Portrayal Racist: No Reasoning: The comment expresses an opinion about services provided to a person and the community, which can be seen as an observat"
news,140,B,0,0,"Comment Type: Provide an Observation, Express Their Opinion Critique Category: No Response Category: Solutions/Interventions Perception Type: No Racist: No Reasoning: The comment provides an observation about increased donations and volunteering during a specific location and organization. It also s"
news,141,B,0,0,"Comment Type: Express Their Opinion, Provide an Observation Critique Category: None Response Category: Solutions/Interventions Perception Type: Media Portrayal Racist: No Reasoning: The comment expresses an opinion about the need for religious charity after an eviction and provides an observation ab"
news,142,B,0,0,"Comment Type: Provide an Observation, Express Others' Opinions Critique Category: No Response Category: No Perception Type: No Racist: No Reasoning: The comment provides an observation about services being provided to an organization and expresses the opinions of others about these services. There i"
news,143,B,0,0,"Comment Type: Express Their Opinion, Provide a Fact or Claim Critique Category: No Response Category: Solutions/Interventions Perception Type: No Racist: No Reasoning: The comment expresses an opinion about improving services for women veterans and provides a fact about their higher likelihood of fa"
news,144,B,0,0,"Comment Type: Express Their Opinion, Provide an Observation Critique Category: No Response Category: No Perception Type: No Racist: No Reasoning: The comment appears to be a statement about services provided to a specific person and the community by an organization. It does not express an opinion ab"
news,145,B,0,0,"Comment Type: Provide an Observation, Express Others' Opinions Critique Category: No Response Category: Solutions/Interventions Perception Type: Media Portrayal, Personal Interaction Racist: No Reasoning: The comment provides an observation about the services provided to various individuals and orga"
news,146,B,0,0,"Comment Type: Provide an Observation Critique Category: No Response Category: Solutions/Interventions Perception Type: No Racist: No Reasoning: The text appears to be a list of volunteer services and organizations, likely related to homelessness and social services. It does not express an opinion, a"
news,147,B,0,0,"Comment Type: Provide an Observation, Express Others' Opinions Critique Category: No Response Category: No Perception Type: No Racist: No Reasoning: The comment provides an observation about services being provided to a specific organization and mentions individuals by name, suggesting that others a"
news,148,B,0,0,"Comment Type: Express Their Opinion, Provide an Observation Critique Category: Government Critique Response Category: Solutions/Interventions Perception Type: None Racist: No Reasoning: The comment expresses an opinion about the organization's resource limitations and provides an observation about t"
news,149,B,0,0,"Comment Type: Provide an Observation Critique Category: No Response Category: No Perception Type: No Racist: No Reasoning: The text appears to be a formal statement about services provided to an individual by an organization, which is an observation of a service delivery process. There are no indica"
news,150,B,0,0,"Comment Type: None Critique Category: None Response Category: None Perception Type: None Racist: No Reasoning: The text provided does not contain any comments, questions, observations, or opinions related to homelessness. It appears to be a list of names and organizations, likely related to various "
news,151,B,0,0,"Comment Type: Express Their Opinion, Provide an Observation Critique Category: Government Critique Response Category: Solutions/Interventions Perception Type: Media Portrayal Racist: No Reasoning: The comment expresses an opinion about a specific organization's voting restrictions and mentions a hom"
news,152,B,0,0,"Comment Type: Express Their Opinion, Provide a Fact or Claim Critique Category: Government Critique Response Category: Solutions/Interventions Perception Type: None Racist: No Reasoning: The comment expresses an opinion about the lawsuit and provides a factual statement about the court order. It cri"
news,153,B,0,0,"Comment Type: Express Others' Opinions, Provide an Observation Critique Category: Government Critique, Societal Critique Response Category: Solutions/Interventions Perception Type: None Racist: No Reasoning: The comment expresses the opinions of various groups and observes their arguments, primarily"
news,154,B,0,1,"Comment Type: Provide an Observation, Express Others' Opinions Critique Category: Government Critique, Societal Critique Response Category: Solutions/Interventions Perception Type: Harmful Generalization, Not in my Backyard Racist: No Reasoning: The comment observes the situation of homelessness dur"
news,155,B,0,0,"Comment Type: Express Their Opinion, Critique Category: Government Critique, Response Category: No Response, Perception Type: Harmful Generalization, Racist: No Reasoning: The comment expresses an opinion about the term ""military industrial complex"" being co-opted by critics to describe a supposed """
news,156,B,0,0,"Comment Type: Express Their Opinion, Provide a Fact or Claim Critique Category: Government Critique Response Category: Solutions/Interventions Perception Type: None Racist: No Reasoning: The comment expresses an opinion about the potential benefits of city initiatives and provides a factual statemen"
news,157,B,0,0,"Comment Type: Express Others' Opinions, Provide an Observation Critique Category: None Response Category: None Perception Type: Deserving/Undeserving Racist: No Reasoning: The comment expresses an opinion about a homeless individual and makes observations about their living situation, specifically r"
news,158,B,0,0,"Comment Type: Provide a Fact or Claim Critique Category: No Response Category: No Perception Type: No Racist: No Reasoning: The text is a factual corporate statement about [ORGANIZATION]'s operations, products, and global presence. It does not express an opinion, ask a question, provide a solution, "
news,159,B,0,0,"Comment Type: Provide an Observation, Express Others' Opinions Critique Category: Government Critique, Societal Critique Response Category: Solutions/Interventions Perception Type: Media Portrayal Racist: No Reasoning: The comment provides an observation about the city's decision to change plans for"
news,160,B,0,0,"Comment Type: Provide an Observation, Express Others' Opinions Critique Category: No Response Category: No Perception Type: No Racist: No Reasoning: The comment provides an observation about the effects of housing status on people living with homelessness or unstable housing compared to those with s"
news,161,B,0,1,"Comment Type: Express Their Opinion, Provide an Observation Critique Category: Government Critique Response Category: Solutions/Interventions Perception Type: Not in my Backyard Racist: No Reasoning: The comment expresses an opinion about the city's decision to clear homeless camps, which is an obse"
news,162,B,0,0,"Comment Type: Express Others' Opinions, Government Critique Critique Category: Government Critique Response Category: Solutions/Interventions Perception Type: None Racist: No Reasoning: The comment expresses the opinions of voters and criticizes the city's decision to approve an anti-homelessness pr"
news,163,B,0,0,"Comment Type: Provide an Observation, Express Their Opinion Critique Category: Government Critique, Societal Critique Response Category: Solutions/Interventions Perception Type: Media Portrayal Racist: No Reasoning: The comment provides an observation about the complexity of navigating health and so"
news,164,B,0,0,"Comment Type: Express Their Opinion, Provide an Observation Critique Category: Government Critique, Societal Critique Response Category: No Response Category Applies Perception Type: No Perception Type Applies Racist: No Reasoning: The comment expresses an opinion about the housing shortage and its "
news,165,B,0,0,"Comment Type: Express Others' Opinions, Provide a Fact or Claim Critique Category: Government Critique, Societal Critique Response Category: Solutions/Interventions Perception Type: Media Portrayal Racist: No Reasoning: The comment provides a factual statement about a settlement and its terms, which"
news,166,B,0,0,"Comment Type: Express Their Opinion, Provide an Observation Critique Category: Government Critique, Societal Critique Response Category: Solutions/Interventions Perception Type: Media Portrayal Racist: No Reasoning: The comment expresses an opinion about the situation and provides an observation abo"
news,167,B,0,1,"Comment Type: Express Their Opinion, Provide an Observation Critique Category: Government Critique, Money Aid Allocation Response Category: Solutions/Interventions Perception Type: Not in my Backyard Racist: No Reasoning: The comment expresses an opinion about a government-led redevelopment project "
news,168,B,0,0,"Comment Type: Express Their Opinion, Provide a Fact or Claim Critique Category: Government Critique, Societal Critique Response Category: Solutions/Interventions Perception Type: None Racist: No Reasoning: The comment expresses an opinion on the best approach to solve homelessness and provides a fac"
news,169,B,0,1,"Comment Type: Express Others' Opinions, Provide an Observation Critique Category: Government Critique, Societal Critique Response Category: Solutions/Interventions Perception Type: Not in my Backyard Racist: No Reasoning: The comment expresses an opinion about the potential cancellation of an event "
news,170,B,0,0,"Comment Type: Provide an Observation, Provide a Fact or Claim Critique Category: No Response Category: Solutions/Interventions Perception Type: No Racist: No Reasoning: The comment provides an observation and fact about a specific initiative by [ORGANIZATION] to help residents get online. It does no"
news,171,B,0,0,"Comment Type: Provide a Fact or Claim, Provide an Observation Critique Category: Money Aid Allocation Response Category: No Response Category Applies Perception Type: No Perception Type Applies Racist: No Reasoning: The comment provides a factual statement about the condition of bridges and mentions"
news,172,B,0,1,"Comment Type: Express Their Opinion, Provide an Observation Critique Category: Government Critique, Societal Critique Response Category: Solutions/Interventions Perception Type: Not in my Backyard Racist: No Reasoning: The comment expresses an opinion about a study and mentions a new coalition tryin"
news,173,B,0,0,"Comment Type: Express Their Opinion, Provide a Fact or Claim Critique Category: Government Critique Response Category: Solutions/Interventions Perception Type: None Racist: No Reasoning: The comment expresses an opinion about the city's zoning laws and housing policies, provides a fact about the cit"
news,174,B,0,0,"Comment Type: Provide a Fact or Claim, Provide an Observation Critique Category: Money Aid Allocation Response Category: Solutions/Interventions Perception Type: None Racist: No Reasoning: The comment provides a factual statement about a budget allocation for affordable housing and an observation ab"
news,175,B,0,0,"Comment Type: Express Their Opinion, Provide a Fact or Claim, Critique Category: Government Critique, Response Category: Solutions/Interventions, Perception Type: None, Racist: No Reasoning: The comment expresses an opinion about the district attorney's stance on prosecuting certain crimes related t"
news,176,B,0,0,"Comment Type: Provide a Fact or Claim, Express Others' Opinions Critique Category: Government Critique, Societal Critique Response Category: Not applicable Perception Type: Harmful Generalization Racist: No Reasoning: The comment provides a factual statement about the high death rate among people ex"
news,177,B,0,1,"Comment Type: Provide an Observation, Express Others' Opinions Critique Category: Societal Critique Response Category: None Perception Type: Harmful Generalization, Not in my Backyard Racist: No Reasoning: The comment provides an observation about the homelessness in a city and expresses the observa"
news,178,B,0,0,"Comment Type: Provide a Fact or Claim, Express Their Opinion Critique Category: Government Critique, Societal Critique Response Category: Solutions/Interventions Perception Type: Harmful Generalization, Media Portrayal Racist: No Reasoning: The comment provides a factual claim about evictions and ex"
news,179,B,0,0,"Comment Type: Provide an Observation, Express Others' Opinions Critique Category: No Response Category: No Perception Type: No Racist: No Reasoning: The comment provides an observation about the current situation of homelessness and the actions being taken by the county to address the spread of a ce"
news,180,B,0,0,"Comment Type: Express Others' Opinions, Provide an Observation Critique Category: No Response Category: No Perception Type: Media Portrayal Racist: No Reasoning: The comment shares an observation about homelessness in a specific area and mentions media coverage, but does not express an opinion, ask "
news,181,B,0,0,"Comment Type: Provide a Fact or Claim, Express Others' Opinions Critique Category: Government Critique, Societal Critique Response Category: Solutions/Interventions Perception Type: None Racist: No Reasoning: The comment provides a factual statement about an organization's potential undercount and m"
news,182,B,0,0,"Comment Type: Express Their Opinion, Provide an Observation Critique Category: Government Critique Response Category: No Response Category Applies Perception Type: No Perception Type Applies Racist: No Reasoning: The comment expresses an opinion about the mayor's performance and provides an observat"
news,183,B,0,0,"Comment Type: Provide a Fact or Claim, Government Critique Critique Category: Government Critique Response Category: Solutions/Interventions Perception Type: None Racist: No Reasoning: The comment provides a factual statement about a government-run tent city for homeless veterans and mentions a new "
news,184,B,0,0,"Comment Type: Express Their Opinion, Provide an Observation Critique Category: No Response Category: No Perception Type: No Racist: No Reasoning: The text is a brief news snippet about a hotel workers' strike and a stalled homeless camp. It does not express an opinion, ask a question, provide a fact"
news,185,B,0,0,"Comment Type: Express Their Opinion, Provide an Observation Critique Category: Government Critique Response Category: Solutions/Interventions Perception Type: Media Portrayal Racist: No Reasoning: The comment expresses an opinion about the homeless problem and mentions unions being concerned about a"
news,186,B,0,0,"Comment Type: Express Their Opinion, Provide a Fact or Claim, Harmful Generalization Critique Category: No Response Category: No Perception Type: Media Portrayal, Harmful Generalization Racist: Yes Reasoning: The comment expresses an opinion about a tech organization's actions, provides a factual cl"
news,187,B,0,0,"Comment Type: Express Others' Opinions, Provide an Observation Critique Category: Government Critique, Societal Critique Response Category: Solutions/Interventions Perception Type: Media Portrayal Racist: No Reasoning: The comment observes a debate over low-income housing aid and mentions a response"
news,188,B,0,0,"Comment Type: Government Critique, Media Portrayal Critique Category: Government Critique Response Category: None Perception Type: Media Portrayal Racist: No Reasoning: The comment criticizes the government's use of the event to bolster support and mentions an altercation with homeless individuals, "
news,189,B,0,0,"Comment Type: Provide an Observation, Express Others' Opinions Critique Category: Government Critique, Money Aid Allocation Response Category: Solutions/Interventions Perception Type: Media Portrayal, Harmful Generalization Racist: No Reasoning: The comment provides an observation about the impact o"
news,190,B,0,0,"Comment Type: Express Their Opinion, Provide an Observation, Provide a Fact or Claim Critique Category: Government Critique, Societal Critique Response Category: Solutions/Interventions Perception Type: Harmful Generalization Racist: No Reasoning: The comment expresses an opinion on the need for for"
news,191,B,0,0,"Comment Type: Express Their Opinion, Provide an Observation Critique Category: Government Critique Response Category: Solutions/Interventions Perception Type: None Racist: No Reasoning: The comment expresses an opinion about a proposed government ordinance and provides an observation about the city'"
news,192,B,0,0,"Comment Type: Provide an Observation, Government Critique Critique Category: Government Critique Response Category: Solutions/Interventions Perception Type: None Racist: No Reasoning: The comment provides an observation about a local ballot measure and a government action to address homelessness. It"
news,193,B,0,0,"Comment Type: Express Their Opinion, Government Critique, Societal Critique Critique Category: Government Critique, Societal Critique Response Category: Solutions/Interventions Perception Type: None Racist: No Reasoning: The comment expresses an opinion about a government organization's policies and"
news,194,B,0,0,"Comment Type: Express Their Opinion, Provide a Fact or Claim Critique Category: Government Critique, Money Aid Allocation Response Category: No Response Category Applies Perception Type: Harmful Generalization Racist: No Reasoning: The comment expresses an opinion about how homeless individuals can "
news,195,B,0,0,"Comment Type: Provide an Observation, Express Others' Opinions Critique Category: No Response Category: No Perception Type: Media Portrayal Racist: No Reasoning: The comment appears to be sharing an observation or referencing the opinions of others about rising homelessness, likely as reported in th"
news,196,B,0,1,"Comment Type: Express Their Opinion, Provide an Observation, Provide a Fact or Claim Critique Category: Government Critique, Societal Critique Response Category: Solutions/Interventions Perception Type: Harmful Generalization, Not in my Backyard Racist: No Reasoning: The comment expresses an opinion"
news,197,B,0,0,"Comment Type: Express Others' Opinions, Provide an Observation Critique Category: No Response Category: No Perception Type: Harmful Generalization Racist: No Reasoning: The comment expresses an observation about people experiencing homelessness and implies they must be tough to survive, which can be"
news,198,B,0,0,"Comment Type: Express Their Opinion, Provide an Observation Critique Category: Government Critique Response Category: No Response Category Applies Perception Type: No Perception Type Applies Racist: No Reasoning: The comment expresses an opinion about the shift in responsibility for affordable housi"
news,199,B,0,0,"Comment Type: Express Their Opinion, Provide a Fact or Claim Critique Category: Government Critique Response Category: Solutions/Interventions Perception Type: None Racist: No Reasoning: The comment expresses an opinion about not prosecuting quality-of-life crimes and provides a fact about the city'"
news,200,B,0,0,"Comment Type: Express Their Opinion, Government Critique, Societal Critique Critique Category: Government Critique, Societal Critique Response Category: Solutions/Interventions Perception Type: None Racist: No Reasoning: The comment expresses an opinion about the current state of homelessness in the"
news,201,B,0,0,"Comment Type: Express Others' Opinions, Provide a Fact or Claim Critique Category: Government Critique Response Category: No Response Category Applies Perception Type: No Perception Type Applies Racist: No Reasoning: The comment expresses the opinion of others regarding the government's handling of "
news,202,B,0,0,"Comment Type: Express Their Opinion, Provide an Observation Critique Category: Government Critique, Societal Critique Response Category: Solutions/Interventions Perception Type: Harmful Generalization, Media Portrayal Racist: No Reasoning: The comment expresses an opinion about the current situation"
news,203,B,0,0,"Comment Type: Provide a Fact or Claim, Express Others' Opinions Critique Category: No Response Category: No Perception Type: No Racist: No Reasoning: The comment provides a factual statement about an organization receiving a grant for affordable housing programs. It does not express an opinion, ask "
news,204,B,0,0,"Comment Type: Provide an Observation, Express Others' Opinions Critique Category: No Response Category: No Perception Type: Media Portrayal Racist: No Reasoning: The comment observes a trend and expresses an opinion about the organization becoming a destination for homeless people due to available s"
news,205,B,0,0,"Comment Type: Provide an Observation, Express Others' Opinions Critique Category: No Response Category: No Perception Type: Media Portrayal Racist: No Reasoning: The comment provides an observation about the common perception of homelessness and references a specific location. It does not criticize "
news,206,B,0,0,"Comment Type: Express Others' Opinions, Provide a Fact or Claim Critique Category: Government Critique Response Category: Solutions/Interventions Perception Type: None Racist: No Reasoning: The comment expresses the opinion of others regarding the city's actions and provides a factual statement. It "
news,207,B,0,0,"Comment Type: Express Others' Opinions, Provide an Observation Critique Category: No Response Category: No Perception Type: Media Portrayal Racist: No Reasoning: The comment provides an observation about homelessness by describing how homelessness can be encountered in everyday life, such as at work"
news,208,B,0,0,"Comment Type: Express Their Opinion, Provide an Observation, Provide a Fact or Claim Critique Category: No Response Category: No Perception Type: No Racist: No Reasoning: The comment describes a personal action and observation, providing a fact about what homeless people want, and expressing a posit"
news,209,B,0,0,"Comment Type: Provide a Fact or Claim, Critique Category: Government Critique, Response Category: No Response, Perception Type: No Perception, Racist: No Reasoning: The comment provides a factual statement about the cost overrun of a housing project and criticizes the government's approach to afford"
news,210,B,0,1,"Comment Type: Express Their Opinion, Provide an Observation, Provide a Fact or Claim Critique Category: Government Critique, Societal Critique Response Category: Solutions/Interventions Perception Type: Not in my Backyard Racist: No Reasoning: The comment expresses an opinion on potential solutions "
news,211,B,0,0,"Comment Type: Provide an Observation, Express Others' Opinions Critique Category: No Response Category: No Perception Type: Media Portrayal Racist: No Reasoning: The comment observes the housing crisis in Oregon and expresses the opinions of others about it, but does not provide a critique of govern"
news,212,B,0,0,"Comment Type: Express Others' Opinions, Provide an Observation Critique Category: Government Critique, Societal Critique Response Category: Solutions/Interventions Perception Type: None Racist: No Reasoning: The comment primarily describes observations and opinions from various organizations and ind"
news,213,B,0,0,"Comment Type: Provide an Observation, Provide a Fact or Claim Critique Category: No Response Category: No Perception Type: No Racist: No Reasoning: The comment provides an observation about the top needs for housing, food, and mental health services based on a statewide assessment. It does not expre"
news,214,B,0,0,"Comment Type: Express Others' Opinions, Provide an Observation Critique Category: Societal Critique Response Category: Solutions/Interventions Perception Type: Harmful Generalization Racist: No Reasoning: The comment observes that there is a confusing societal message about caring for certain groups"
news,215,B,0,0,"Comment Type: Express Their Opinion, Provide an Observation Critique Category: Government Critique Response Category: Solutions/Interventions Perception Type: None Racist: No Reasoning: The comment expresses an opinion about the city's handling of homeless encampments and provides an observation abo"
news,216,B,0,0,"Comment Type: Express Their Opinion, Provide a Fact or Claim Critique Category: Government Critique Response Category: Solutions/Interventions Perception Type: None Racist: No Reasoning: The comment expresses an opinion about a government action and provides a fact about the potential impact of a pr"
news,217,B,0,0,"Comment Type: Provide a Fact or Claim, Government Critique Critique Category: Government Critique Response Category: Solutions/Interventions Perception Type: None Racist: No Reasoning: The comment provides a factual statement about a government action to address affordable housing shortages. It crit"
news,218,B,0,0,"Comment Type: Express Their Opinion, Provide an Observation Critique Category: No Response Category: Solutions/Interventions Perception Type: No Racist: No Reasoning: The comment expresses an opinion about supporting causes and provides an observation about the presence of non-profits in towns. It d"
news,219,B,0,0,"Comment Type: Express Their Opinion, Provide an Observation Critique Category: Government Critique, Societal Critique Response Category: Solutions/Interventions Perception Type: Media Portrayal Racist: No Reasoning: The comment expresses an opinion on the current approach to addressing homelessness "
news,220,B,0,0,"Comment Type: Provide a Fact or Claim, Provide an Observation Critique Category: Government Critique, Societal Critique Response Category: Solutions/Interventions Perception Type: Media Portrayal Racist: No Reasoning: The comment provides factual information about the number of migrants arriving in "
news,221,B,0,0,"Comment Type: Provide an Observation, Express Others' Opinions Critique Category: Government Critique, Societal Critique Response Category: No Response Category Applies Perception Type: Media Portrayal Racist: No Reasoning: The comment provides an observation about the rising shootings, heat wave de"
news,222,B,0,0,"Comment Type: Provide a Fact or Claim, Provide an Observation Critique Category: No Response Category: No Perception Type: No Racist: No Reasoning: The comment provides a factual statement about an existing organization and its function, which is related to homelessness. It does not criticize any go"
news,223,B,0,0,"Comment Type: Express Their Opinion, Provide an Observation Critique Category: No Response Category: No Perception Type: No Racist: No Reasoning: The comment provides an observation about a police officer being invited to the State of the Union as a guest, and mentions the officer's experience with "
news,224,B,0,0,"Comment Type: Express Their Opinion, Provide a Fact or Claim Critique Category: Government Critique Response Category: No Response Category Applies Perception Type: No Perception Type Applies Racist: No Reasoning: The comment expresses an opinion about the mayoral candidate's plan and provides a fac"
news,225,B,0,1,"Comment Type: Express Others' Opinions, Provide an Observation Critique Category: Government Critique, Societal Critique Response Category: Solutions/Interventions Perception Type: Harmful Generalization, Not in my Backyard Racist: No Reasoning: The comment observes a situation involving a homeless "
news,226,B,0,0,"Comment Type: Provide a Fact or Claim, Express Others' Opinions Critique Category: Government Critique, Societal Critique Response Category: Solutions/Interventions Perception Type: None Racist: No Reasoning: The comment provides a factual statement about a new initiative by the mayor to address hom"
news,227,B,0,0,"Comment Type: Express Their Opinion, Provide an Observation Critique Category: Government Critique, Societal Critique Response Category: Solutions/Interventions Perception Type: Deserving/Undeserving Racist: No Reasoning: The comment expresses an opinion on the nature of homelessness and suggests th"
news,228,B,0,0,"Comment Type: Express Others' Opinions, Provide an Observation Critique Category: Government Critique Response Category: None Perception Type: None Racist: No Reasoning: The comment describes feedback from an organization in response to a mention of a difficult situation, but it does not express an "
news,229,B,0,0,"Comment Type: Provide a Fact or Claim, Provide an Observation Critique Category: No Response Category: Solutions/Interventions Perception Type: No Racist: No Reasoning: The comment provides a factual statement about a grant received by an organization and the services it provides to homeless teens. "
news,230,B,0,0,"Comment Type: Express Their Opinion, Provide an Observation Critique Category: Government Critique Response Category: Solutions/Interventions Perception Type: Media Portrayal Racist: No Reasoning: The comment provides an observation about the [ORGANIZATION] program and expresses an opinion about its"
news,231,B,0,0,"Comment Type: Express Their Opinion, Provide a Fact or Claim Critique Category: Money Aid Allocation Response Category: Solutions/Interventions Perception Type: None Racist: No Reasoning: The comment expresses an opinion about the efforts to address homelessness through supportive housing and provid"
news,232,B,0,0,"Comment Type: Provide a Fact or Claim, Provide an Observation Critique Category: Government Critique Response Category: No Response Category Applies Perception Type: No Perception Type Applies Racist: No Reasoning: The comment provides a factual statement about the potential for homelessness due to "
news,233,B,0,1,"Comment Type: Express Their Opinion, Provide an Observation Critique Category: Government Critique, Societal Critique Response Category: Solutions/Interventions Perception Type: Harmful Generalization, Not in my Backyard Racist: No Reasoning: The comment expresses an opinion about the increase in ho"
news,234,B,0,0,"Comment Type: Express Others' Opinions, Provide an Observation Critique Category: None Response Category: None Perception Type: None Racist: No Reasoning: The comment shares an observation about people becoming homeless due to circumstances beyond their control and the lack of adequate resources. It"
news,235,B,0,0,"Comment Type: Express Their Opinion, Provide an Observation Critique Category: No Response Category: No Perception Type: No Racist: No Reasoning: The text provides an observation about a person's background and their involvement in community service and advocacy for homelessness. It does not express"
news,236,B,0,0,"Comment Type: Provide an Observation, Express Others' Opinions Critique Category: Government Critique Response Category: Solutions/Interventions Perception Type: Harmful Generalization Racist: No Reasoning: The comment provides an observation about the accumulation of trash, needles, and biohazards "
news,237,B,0,0,"Comment Type: Express Their Opinion, Provide a Fact or Claim Critique Category: Government Critique Response Category: Solutions/Interventions Perception Type: None Racist: No Reasoning: The comment expresses an opinion about upcoming policy packages and mentions that homelessness and affordable hou"
news,238,B,0,0,"Comment Type: Express Their Opinion, Provide an Observation, Government Critique, Societal Critique Critique Category: Government Critique, Societal Critique Response Category: Solutions/Interventions Perception Type: Harmful Generalization Racist: No Reasoning: The comment expresses an opinion on t"
news,239,B,0,0,"Comment Type: Express Their Opinion, Provide a Fact or Claim, Critique Category: Government Critique, Response Category: Solutions/Interventions, Perception Type: None, Racist: No Reasoning: The comment expresses an opinion on police shootings and provides a fact about the risks during police stops "
news,240,B,0,0,"Comment Type: Provide an Observation, Express Others' Opinions Critique Category: None Response Category: None Perception Type: Media Portrayal Racist: No Reasoning: The comment observes the increasing number of homeless children and their reliance on schools for basic needs. It does not explicitly "
news,241,B,0,0,"Comment Type: Express Others' Opinions, Provide an Observation Critique Category: Government Critique Response Category: Solutions/Interventions Perception Type: Harmful Generalization Racist: No Reasoning: The comment expresses the opinions of others suffering from a lack of affordable housing and "
news,242,B,0,1,"Comment Type: Provide an Observation, Express Others' Opinions Critique Category: Government Critique, Societal Critique Response Category: Solutions/Interventions Perception Type: Harmful Generalization, Not in my Backyard Racist: No Reasoning: The comment provides an observation about the situatio"
news,243,B,0,0,"Comment Type: Provide an Observation, Express Others' Opinions Critique Category: No Response Category: No Perception Type: No Racist: No Reasoning: The comment provides an observation about the fluid homeless population and expresses the opinions of those who work with them. It does not criticize a"
news,244,B,0,0,"Comment Type: Provide a Fact or Claim Critique Category: No Response Category: No Perception Type: No Racist: No Reasoning: The comment appears to be a formal statement from an organization about an enterprise affordable housing goal, which is a factual claim about a policy or initiative. It does no"
news,245,B,0,0,"Comment Type: Provide an Observation, Express Their Opinion Critique Category: No Response Category: No Perception Type: Media Portrayal Racist: No Reasoning: The comment provides an observation about a homeless woman who passed away and mentions her advocacy work. It does not express an opinion abo"
news,246,B,0,0,"Comment Type: Express Their Opinion, Provide a Fact or Claim Critique Category: Government Critique Response Category: No Response Category Applies Perception Type: No Perception Type Applies Racist: No Reasoning: The comment expresses an opinion about a court ruling and provides factual information"
news,247,B,0,0,"Comment Type: Express Their Opinion, Provide a Fact or Claim Critique Category: Government Critique Response Category: No Response Category Applies Perception Type: No Perception Type Applies Racist: No Reasoning: The comment is expressing an opinion about a candidate's record and the issues they ad"
news,248,B,0,0,"Comment Type: Express Their Opinion, Provide an Observation Critique Category: None Response Category: Solutions/Interventions Perception Type: None Racist: No Reasoning: The comment ""Help our homeless"" is an expression of the commenter's opinion or observation about the need to assist homeless indi"
news,249,B,0,0,"Comment Type: Express Their Opinion, Provide a Fact or Claim, Critique Category: Government Critique, Response Category: Solutions/Interventions, Perception Type: None, Racist: No Reasoning: The comment expresses an opinion on the frequency of fatal police shootings during police stops and arrests, "
news,250,B,0,0,"Comment Type: Express Their Opinion, Provide a Fact or Claim Critique Category: Government Critique Response Category: Solutions/Interventions Perception Type: None Racist: No Reasoning: The comment expresses an opinion about existing housing options and provides a factual claim about the success of"
news,251,B,0,0,"Comment Type: Provide a Fact or Claim, Government Critique Critique Category: Government Critique Response Category: Solutions/Interventions Perception Type: None Racist: No Reasoning: The comment provides a factual statement about the HOME Investment Partnerships Program, which is a government init"
news,252,B,0,0,"Comment Type: Provide a Fact or Claim, Provide an Observation Critique Category: Money Aid Allocation Response Category: Solutions/Interventions Perception Type: None Racist: No Reasoning: The comment provides factual information about the allocation of funds for homelessness programs and does not e"
news,253,B,0,0,"Comment Type: Provide a Fact or Claim, Government Critique Critique Category: Government Critique Response Category: No Response Category Perception Type: No Perception Type Racist: No Reasoning: The comment provides a factual statement about the city's response to complaints and the time it takes t"
news,254,B,0,0,"Comment Type: Express Their Opinion, Provide an Observation Critique Category: Government Critique, Societal Critique Response Category: Solutions/Interventions Perception Type: None Racist: No Reasoning: The comment expresses an opinion about a government project and provides an observation about i"
news,255,B,0,0,"Comment Type: Express Their Opinion, Provide a Fact or Claim Critique Category: Government Critique, Money Aid Allocation Response Category: Solutions/Interventions Perception Type: None Racist: No Reasoning: The comment expresses an opinion about the success of a program and provides a factual clai"
news,256,B,0,0,"Comment Type: Provide an Observation, Provide a Fact or Claim Critique Category: No Response Category: No Perception Type: No Racist: No Reasoning: The comment provides an observation about the distribution of funds from a tournament to local charity organizations and specifies the organizations tha"
news,257,B,0,0,"Comment Type: Provide a Fact or Claim, Provide an Observation Critique Category: Money Aid Allocation Response Category: Solutions/Interventions Perception Type: None Racist: No Reasoning: The comment provides factual information about a development project and its funding sources, which can be cate"
news,258,B,0,0,"Comment Type: Provide a Fact or Claim, Provide an Observation Critique Category: Money Aid Allocation Response Category: Solutions/Interventions Perception Type: None Racist: No Reasoning: The comment provides a factual statement about a grant received by an organization and an observation about the"
news,259,B,0,0,"Comment Type: Express Their Opinion, Provide a Fact or Claim Critique Category: Government Critique, Societal Critique Response Category: Solutions/Interventions Perception Type: None Racist: No Reasoning: The comment expresses an opinion about the lack of effective solutions to economic issues and "
news,260,B,0,0,"Comment Type: Provide a Fact or Claim, Provide an Observation Critique Category: No Response Category: No Perception Type: No Racist: No Reasoning: The comment provides factual information about the distribution of funds from tournaments to local charity organizations. It does not express an opinion"
news,261,B,0,0,"Comment Type: Express Their Opinion, Provide a Fact or Claim Critique Category: Government Critique Response Category: Solutions/Interventions Perception Type: None Racist: No Reasoning: The comment expresses the speaker's opinion and provides a factual statement about a local project. It also inclu"
news,262,B,0,0,"Comment Type: Express Their Opinion, Provide an Observation Critique Category: Government Critique Response Category: Solutions/Interventions Perception Type: None Racist: No Reasoning: The comment expresses an opinion about the need for a deeper investigation into the causes of homelessness, partic"
news,263,B,0,0,Please provide the text of the comment for analysis.
news,264,B,0,0,"Comment Type: Provide an Observation, Express Their Opinion Critique Category: No Response Category: Solutions/Interventions Perception Type: No Racist: No Reasoning: The comment provides an observation about the impact of a housing project on the neighborhood and expresses the observer's opinion ab"
news,265,B,0,0,"Comment Type: Express Their Opinion, Provide an Observation Critique Category: No Response Category: No Perception Type: No Racist: No Reasoning: The text appears to be a statistic about homelessness, likely from an organization. It does not express an opinion, ask a question, provide a critique, su"
news,266,B,0,0,"Comment Type: Provide a Fact or Claim, Express Others' Opinions Critique Category: No Response Category: No Perception Type: No Racist: No Reasoning: The text provides a factual statement about the number of chronically homeless individuals, likely referencing a report or statistic. It does not expr"
news,267,B,0,0,"Comment Type: Provide a Fact or Claim, Express Their Opinion Critique Category: No Response Category: No Perception Type: No Racist: No Reasoning: The comment provides a factual statement about an organization's support for those in need and mentions the broad range of services provided. It also exp"
news,268,B,0,1,"Comment Type: Express Their Opinion, Ask a Rhetorical Question Critique Category: Government Critique, Societal Critique Response Category: Solutions/Interventions Perception Type: Harmful Generalization, Not in my Backyard Racist: No Reasoning: The comment expresses an opinion about a lawsuit and a"
news,269,B,0,0,"Comment Type: Provide an Observation, Express Others' Opinions Critique Category: No Response Category: Solutions/Interventions Perception Type: No Racist: No Reasoning: The comment describes an organization's plan for redevelopment and improvement in a neighborhood, which is an observation and an e"
news,270,B,0,0,"Comment Type: Express Their Opinion, Provide a Fact or Claim Critique Category: Government Critique Response Category: Solutions/Interventions Perception Type: Media Portrayal Racist: No Reasoning: The comment expresses an opinion about the necessity of the Clean Slate Act and provides a factual cla"
news,271,B,0,0,"Comment Type: Provide a Fact or Claim, Express Their Opinion Critique Category: No Response Category: Solutions/Interventions Perception Type: No Racist: No Reasoning: The comment provides a factual statement about receiving an award and the ongoing efforts to reduce chronic homelessness. It also ex"
news,272,B,0,0,"Comment Type: Express Their Opinion, Provide a Fact or Claim Critique Category: No Response Category: Solutions/Interventions Perception Type: No Racist: No Reasoning: The comment expresses an opinion about the benefits of supportive housing and provides a factual statement about an organization's i"
news,273,B,0,0,"Comment Type: Provide a Fact or Claim, Provide an Observation Critique Category: Money Aid Allocation Response Category: No Response Category Applies Perception Type: No Perception Type Applies Racist: No Reasoning: The comment provides a factual statement about the number of programs and the amount"
news,274,B,0,0,"Comment Type: Provide an Observation, Express Others' Opinions Critique Category: No Response Category: Solutions/Interventions Perception Type: No Racist: No Reasoning: The comment provides an observation about a neighborhood's development plans and expresses opinions about the organization's goals"
news,275,B,0,0,"Comment Type: Provide a Fact or Claim, Provide an Observation Critique Category: Money Aid Allocation Response Category: Solutions/Interventions Perception Type: None Racist: No Reasoning: The comment provides a factual statement about the funding and its intended use for housing, which is an observ"
news,276,B,0,0,"Comment Type: Provide a Fact or Claim, Provide an Observation Critique Category: Money Aid Allocation Response Category: Solutions/Interventions Perception Type: None Racist: No Reasoning: The comment provides a factual statement about a program that offers subsidies to qualified households, which i"
news,277,B,0,0,"Comment Type: Provide a Fact or Claim, Government Critique, Money Aid Allocation Critique Category: Government Critique, Money Aid Allocation Response Category: Solutions/Interventions Perception Type: None Racist: No Reasoning: The comment provides factual information about government programs and "
news,278,B,0,1,"Comment Type: Provide an Observation, Express Others' Opinions Critique Category: No Response Category: Solutions/Interventions Perception Type: Media Portrayal, Not in my Backyard Racist: No Reasoning: The comment provides observations about the impact of a tragic event on organizations and how don"
news,279,B,0,0,"Comment Type: Provide an Observation, Provide a Fact or Claim Critique Category: No Response Category: Solutions/Interventions Perception Type: No Racist: No Reasoning: The comment provides factual information about various programs aimed at addressing homelessness, including job readiness, water bi"
news,280,B,0,0,"Comment Type: Express Their Opinion, Provide a Fact or Claim Critique Category: No Response Category: Solutions/Interventions Perception Type: No Racist: No Reasoning: The text is a statement from an organization about its mission, goals, and impact. It does not express an opinion, ask a question, o"
news,281,B,0,0,"Comment Type: Provide a Fact or Claim, Government Critique Critique Category: Government Critique Response Category: Solutions/Interventions Perception Type: None Racist: No Reasoning: The comment provides a factual statement about government funding for homeless housing projects. It does not expres"
news,282,B,0,0,"Comment Type: Express Their Opinion, Provide an Observation Critique Category: No Response Category: No Perception Type: Media Portrayal Racist: No Reasoning: The comment does not provide an opinion or observation about homelessness, nor does it discuss any form of critique, response, or perception "
news,283,B,0,0,"Comment Type: Provide a Fact or Claim, Government Critique Critique Category: Government Critique Response Category: Solutions/Interventions Perception Type: None Racist: No Reasoning: The comment provides a factual statement about government funding and does not express an opinion, ask a question, "
news,284,B,0,0,"Comment Type: Express Others' Opinions, Provide a Fact or Claim Critique Category: Money Aid Allocation Response Category: Solutions/Interventions Perception Type: None Racist: No Reasoning: The comment provides a factual statement about the expansion of community benefit agreements (CBAs) and the s"
news,285,B,0,0,"Comment Type: Express Their Opinion, Provide an Observation Critique Category: No Response Category: Solutions/Interventions Perception Type: No Racist: No Reasoning: The comment is an observation about the organization's efforts to engage with the community and promote clean energy. It does not exp"
news,286,B,0,0,"Comment Type: Express Their Opinion, Provide a Fact or Claim Critique Category: Government Critique, Money Aid Allocation Response Category: Solutions/Interventions Perception Type: None Racist: No Reasoning: The comment expresses an opinion about the positive impact of the funding and provides a fa"
news,287,B,0,0,"Comment Type: Provide an Observation, Express Others' Opinions Critique Category: None Response Category: None Perception Type: Media Portrayal Racist: No Reasoning: The comment provides an observation about the current state of homelessness in the community and expresses the opinions of others who "
news,288,B,0,1,"Comment Type: Express Their Opinion, Provide an Observation Critique Category: Government Critique, Societal Critique Response Category: Solutions/Interventions Perception Type: Harmful Generalization, Not in my Backyard Racist: No Reasoning: The comment expresses an opinion about the consequences o"
news,289,B,0,0,Please provide the text of the comment for analysis.
news,290,B,0,0,"Comment Type: Express Others' Opinions, Provide an Observation Critique Category: Government Critique, Societal Critique Response Category: Solutions/Interventions Perception Type: Media Portrayal Racist: No Reasoning: The comment expresses the organization's commitment to revitalizing the community"
news,291,B,0,0,"Comment Type: Express Others' Opinions, Provide a Fact or Claim Critique Category: Government Critique, Societal Critique Response Category: No Response Category Applies Perception Type: Media Portrayal, Harmful Generalization Racist: Yes Reasoning: The comment implies that the victims were from a B"
news,292,B,0,0,"Comment Type: Express Their Opinion, Provide an Observation Critique Category: No Response Category: Solutions/Interventions Perception Type: No Racist: No Reasoning: The comment expresses an opinion about the organization's role in helping communities and provides an observation about the forms of "
news,293,B,0,0,"Comment Type: Express Their Opinion, Provide an Observation Critique Category: No Response Category: Solutions/Interventions Perception Type: No Racist: No Reasoning: The comment expresses an opinion about a program and provides an observation about the organization's approach. It does not criticize"
news,294,B,0,0,"Comment Type: Provide a Fact or Claim, Express Their Opinion Critique Category: No Response Category: No Perception Type: No Racist: No Reasoning: The comment provides a factual statement about the organization's commitment to various initiatives, including those related to homelessness. It also exp"
news,295,B,0,0,"Comment Type: Provide a Fact or Claim, Provide an Observation Critique Category: Money Aid Allocation Response Category: No Response Category Applies Perception Type: No Perception Type Applies Racist: No Reasoning: The comment provides factual information about a program funded by organizations to "
news,296,B,0,0,Please provide the text of the comment for analysis.
news,297,B,0,0,"Comment Type: Provide an Observation, Provide a Fact or Claim Critique Category: No Response Category: Solutions/Interventions Perception Type: No Racist: No Reasoning: The comment provides factual information about the first phase of a project, including the details of the buildings and their purpo"
news,298,B,0,0,"Comment Type: Express Others' Opinions, Provide a Fact or Claim Critique Category: Government Critique Response Category: No Response Category Applies Perception Type: No Perception Type Applies Racist: No Reasoning: The comment expresses an opinion about a government program and provides a factual "
news,299,B,0,1,"Comment Type: Express Their Opinion, Provide an Observation Critique Category: Government Critique, Societal Critique Response Category: Solutions/Interventions Perception Type: Not in my Backyard Racist: No Reasoning: The comment expresses an opinion about a local government's decision to bring in "
news,300,B,0,0,"Comment Type: Express Their Opinion, Provide an Observation Critique Category: No Response Category: No Perception Type: Media Portrayal Racist: No Reasoning: The comment appears to be a list of organizations and individuals, which could be an observation or opinion about who is involved in homeless"
news,301,B,0,0,"Comment Type: Provide an Observation, Provide a Fact or Claim Critique Category: No Response Category: Solutions/Interventions Perception Type: No Racist: No Reasoning: The comment provides an observation about the relocation of monuments and mentions a low-cost bamboo home, which can be seen as a s"
news,302,B,0,0,"Comment Type: Express Their Opinion, Provide an Observation, Critique Category: Government Critique, Response Category: Solutions/Interventions, Perception Type: Harmful Generalization, Racist: No Reasoning: The comment expresses an opinion about a specific incident and an observation about a city's"
news,303,B,0,0,"Comment Type: Express Their Opinion, Provide an Observation Critique Category: No Response Category: No Perception Type: Media Portrayal Racist: No Reasoning: The comment expresses an opinion about the increasing number of homeless people and provides an observation about the situation in a specific"
news,304,B,0,0,"Comment Type: Express Their Opinion, Provide a Fact or Claim Critique Category: Money Aid Allocation Response Category: Solutions/Interventions Perception Type: None Racist: No Reasoning: The comment expresses an opinion about a specific organization's actions and provides a fact about their work. I"
news,305,B,0,0,"Comment Type: Provide a Fact or Claim, Provide an Observation Critique Category: Government Critique Response Category: Solutions/Interventions Perception Type: None Racist: No Reasoning: The comment provides a factual statement about new efforts by [ORGANIZATION] to address homelessness, which incl"
news,306,B,0,0,"Comment Type: Provide an Observation, Express Others' Opinions Critique Category: No Response Category: Solutions/Interventions Perception Type: Media Portrayal Racist: No Reasoning: The comment provides an observation about a specific organization's focus on youth homelessness in a particular locat"
news,307,B,0,0,"Comment Type: Provide an Observation, Express Others' Opinions Critique Category: No Response Category: No Perception Type: No Racist: No Reasoning: The comment describes an observation about a person's dietary experience and mentions a behavioral-health consultant from a nonprofit organization. It "
news,308,B,0,0,"Comment Type: Provide an Observation, Express Others' Opinions Critique Category: No Response Category: No Perception Type: No Racist: No Reasoning: The comment provides an observation about fires related to unrest and mentions an affordable housing center for seniors. It does not express an opinion"
news,309,B,0,0,"Comment Type: None Critique Category: None Response Category: None Perception Type: None Racist: No Reasoning: The text provided does not contain any comments, questions, observations, or discussions related to homelessness. It appears to be a mix of unrelated text and links, likely from a news arti"
news,310,B,0,0,"Comment Type: Express Their Opinion, Provide an Observation Critique Category: Government Critique, Societal Critique Response Category: Solutions/Interventions Perception Type: None Racist: No Reasoning: The comment expresses an opinion on a contentious citywide issue and provides an observation ab"
news,311,B,0,0,"Comment Type: Express Their Opinion, Provide a Fact or Claim Critique Category: Government Critique Response Category: Solutions/Interventions Perception Type: None Racist: No Reasoning: The comment expresses an opinion about the effectiveness of affordable housing programs and provides a fact or cl"
news,312,B,0,0,"Comment Type: Express Their Opinion, Provide an Observation Critique Category: Government Critique Response Category: Solutions/Interventions Perception Type: Harmful Generalization Racist: No Reasoning: The comment expresses an opinion about the homelessness problem, particularly among veterans and"
news,313,B,0,0,"Comment Type: Provide a Fact or Claim, Government Critique, Money Aid Allocation Critique Category: Government Critique, Money Aid Allocation Response Category: Solutions/Interventions Perception Type: None Racist: No Reasoning: The comment provides a factual statement about government actions and f"
news,314,B,0,0,"Comment Type: Provide a Fact or Claim, Government Critique Critique Category: Government Critique Response Category: Solutions/Interventions Perception Type: None Racist: No Reasoning: The comment provides a factual statement about a government initiative to reduce homelessness. It does not express "
news,315,B,0,0,"Comment Type: Provide a Fact or Claim, Government Critique Critique Category: Government Critique Response Category: Solutions/Interventions Perception Type: None Racist: No Reasoning: The comment provides a factual statement about a policy and its impact on families with mixed immigration status. I"
news,316,B,0,0,"Comment Type: Provide an Observation, Provide a Fact or Claim Critique Category: No Response Category: Solutions/Interventions Perception Type: No Racist: No Reasoning: The comment provides an observation about potential solutions for homelessness by converting vacant homes into affordable housing a"
news,317,B,0,0,"Comment Type: Provide a Fact or Claim, Express Others' Opinions Critique Category: Government Critique Response Category: Solutions/Interventions Perception Type: None Racist: No Reasoning: The comment provides a factual statement about federal assistance for homelessness and expresses the opinions "
news,318,B,0,0,"Comment Type: Provide an Observation, Express Others' Opinions Critique Category: No Response Category: No Perception Type: No Racist: No Reasoning: The comment provides an observation about the loss of corporate presence and notes the opinion of long-time community leaders. There is no critique of "
news,319,B,0,0,"Comment Type: Provide an Observation, Express Others' Opinions Critique Category: No Response Category: Solutions/Interventions Perception Type: No Racist: No Reasoning: The comment describes an observation of an organization's support for children experiencing homelessness and a partnership to help"
news,320,B,0,0,"Comment Type: Express Their Opinion, Provide a Fact or Claim Critique Category: Government Critique, Societal Critique Response Category: Solutions/Interventions Perception Type: None Racist: No Reasoning: The comment expresses an opinion about how mission-driven financial institutions can address e"
news,321,B,0,1,"Comment Type: Express Their Opinion, Ask a Rhetorical Question, Government Critique Critique Category: Government Critique Response Category: Solutions/Interventions Perception Type: Not in my Backyard Racist: No Reasoning: The comment expresses an opinion that elected officials and the media should"
news,322,B,0,0,"Comment Type: Provide an Observation, Provide a Fact or Claim Critique Category: Government Critique Response Category: Solutions/Interventions Perception Type: None Racist: No Reasoning: The comment provides a factual observation about a city's plan to address homelessness by increasing affordable "
news,323,B,0,0,"Comment Type: Express Others' Opinions, Government Critique Critique Category: Government Critique Response Category: No Response Category Perception Type: No Perception Type Racist: No Reasoning: The comment expresses the opinions of others regarding government actions and policies, specifically cr"
news,324,B,0,1,"Comment Type: Express Their Opinion, Ask a Rhetorical Question, Government Critique, Societal Critique Critique Category: Government Critique, Societal Critique Response Category: Solutions/Interventions Perception Type: Harmful Generalization, Not in my Backyard Racist: No Reasoning: The comment ex"
news,325,B,0,0,"Comment Type: Provide a Fact or Claim, Provide an Observation Critique Category: Money Aid Allocation Response Category: Solutions/Interventions Perception Type: No Racist: No Reasoning: The comment provides factual information about a nonprofit organization's investments and their impact on afforda"
news,326,B,0,0,"Comment Type: Provide an Observation Critique Category: No Response Category: No Perception Type: No Racist: No Reasoning: The text is a news article providing an observation of a parking dispute that ended in a fatal shooting. It does not express an opinion, ask a question, provide a fact, critique"
news,327,B,0,0,"Comment Type: Express Their Opinion, Provide an Observation Critique Category: Government Critique Response Category: Solutions/Interventions Perception Type: None Racist: No Reasoning: The comment expresses an opinion about a potential solution to homelessness, which involves paying for hotel rooms"
news,328,B,0,0,"Comment Type: Provide an Observation Critique Category: No Response Category: No Perception Type: No Racist: No Reasoning: The text is a brief introduction about an organization and its founder, providing an observation about their professional background and upcoming film project. There are no indi"
news,329,B,0,0,"Comment Type: Provide an Observation Critique Category: No Response Category: No Perception Type: No Racist: No Reasoning: The comment is simply reporting an observation of a chemical smell coming through the vents at a homeless prevention support center. It does not express an opinion, ask a questi"
news,330,B,0,0,"Comment Type: Express Their Opinion, Government Critique, Societal Critique Critique Category: Government Critique, Societal Critique Response Category: No Response Category Applies Perception Type: No Perception Type Applies Racist: No Reasoning: The comment expresses an opinion about the use of th"
news,331,B,0,0,"Comment Type: Express Others' Opinions, Provide an Observation Critique Category: No Response Category: Solutions/Interventions Perception Type: Media Portrayal, Harmful Generalization Racist: No Reasoning: The comment observes that a homeless woman is receiving support from community members and me"
news,332,B,0,0,"Comment Type: Express Others' Opinions, Provide an Observation Critique Category: No Response Category: Solutions/Interventions Perception Type: Media Portrayal Racist: No Reasoning: The comment describes an organization's efforts to support homeless women and victims of domestic violence, which is "
news,333,B,0,0,"Comment Type: Express Their Opinion, Provide an Observation Critique Category: None Response Category: Solutions/Interventions Perception Type: None Racist: No Reasoning: The comment expresses an opinion about a local organization's initiative to help homeless women and provides an observation about"
news,334,B,0,0,"Comment Type: Express Others' Opinions, Provide a Fact or Claim, Government Critique, Societal Critique Critique Category: Government Critique, Societal Critique Response Category: Solutions/Interventions Perception Type: Harmful Generalization, Deserving/Undeserving Racist: No Reasoning: The commen"
news,335,B,0,0,"Comment Type: Provide a Fact or Claim, Express Others' Opinions Critique Category: Government Critique Response Category: Solutions/Interventions Perception Type: None Racist: No Reasoning: The comment provides a factual statement about a government initiative to reduce homelessness. It also express"
news,336,B,0,0,"Comment Type: Provide a Fact or Claim, Government Critique Critique Category: Government Critique Response Category: Solutions/Interventions Perception Type: None Racist: No Reasoning: The comment provides a factual statement about a federal initiative to fight homelessness and mentions specific cit"
news,337,B,0,0,"Comment Type: Provide a Fact or Claim, Government Critique Critique Category: Government Critique, Money Aid Allocation Response Category: Solutions/Interventions Perception Type: None Racist: No Reasoning: The comment provides a factual statement about a government initiative to address homelessnes"
news,338,B,0,0,"Comment Type: Express Others' Opinions, Provide a Fact or Claim Critique Category: Government Critique Response Category: Not applicable Perception Type: Not applicable Racist: No Reasoning: The comment is reporting a fact about the ownership or control of properties by major donors to the mayor, wh"
news,339,B,0,0,"Comment Type: Express Others' Opinions, Provide a Fact or Claim Critique Category: Government Critique Response Category: Solutions/Interventions Perception Type: None Racist: No Reasoning: The comment primarily discusses the actions of lawmakers and advocates regarding funding for affordable housin"
news,340,B,0,0,"Comment Type: Provide an Observation Critique Category: No Response Category: No Perception Type: No Racist: No Reasoning: The text appears to be a reference or citation for a history of an organization, likely related to homelessness or social services. It does not express an opinion, ask a questio"
news,341,B,0,0,"Comment Type: Express Their Opinion, Provide a Fact or Claim Critique Category: Government Critique Response Category: No Response Category Applies Perception Type: No Perception Type Applies Racist: No Reasoning: The comment expresses an opinion about socialist policies and provides a factual claim"
news,342,B,0,0,"Comment Type: Express Others' Opinions, Provide a Fact or Claim Critique Category: Government Critique Response Category: Solutions/Interventions Perception Type: Harmful Generalization Racist: No Reasoning: The comment expresses the opinion of a government official and provides a fact about a homel"
news,343,B,0,0,"Comment Type: Provide a Fact or Claim, Response Category: Solutions/Interventions, Critique Category: Government Critique, Perception Type: None, Racist: No Reasoning: The comment provides a factual statement about a government initiative to reduce homelessness. It mentions specific actions and part"
news,344,B,0,0,"Comment Type: Provide a Fact or Claim, Money Aid Allocation Critique Category: Government Critique Response Category: Solutions/Interventions Perception Type: None Racist: No Reasoning: The comment provides a factual statement about a proposed bill and its impact on funding for affordable housing. I"
news,345,B,0,0,"Comment Type: Provide a Fact or Claim, Government Critique Critique Category: Government Critique Response Category: Solutions/Interventions Perception Type: None Racist: No Reasoning: The comment provides a factual statement about the housing shortage in the organization and criticizes the governme"
news,346,B,0,0,"Comment Type: Express Their Opinion, Provide a Fact or Claim, Government Critique Critique Category: Government Critique Response Category: Solutions/Interventions Perception Type: None Racist: No Reasoning: The comment expresses an opinion on government action to address homelessness through afford"
news,347,B,0,0,"Comment Type: Express Their Opinion, Provide an Observation Critique Category: Government Critique, Societal Critique Response Category: Solutions/Interventions Perception Type: None Racist: No Reasoning: The comment provides an observation about a political interview and discusses various policy is"
news,348,B,0,0,"Comment Type: Express Their Opinion, Provide an Observation, Provide a Fact or Claim Critique Category: No Response Category: Solutions/Interventions Perception Type: Media Portrayal, Deserving/Undeserving Racist: No Reasoning: The comment expresses an opinion about a petition, provides an observati"
news,349,B,0,0,"Comment Type: Express Their Opinion, Ask a Rhetorical Question Critique Category: Government Critique Response Category: No Response Category Applies Perception Type: Harmful Generalization Racist: No Reasoning: The comment expresses an opinion about the prioritization of different groups by the gov"
news,350,B,0,0,"Comment Type: Express Their Opinion, Provide a Fact or Claim Critique Category: Government Critique Response Category: Solutions/Interventions Perception Type: None Racist: No Reasoning: The comment provides a factual statement about a reward being offered for arson fires and mentions the impact on "
news,351,B,0,0,"Comment Type: Provide a Fact or Claim, Express Their Opinion Critique Category: No Response Category: Solutions/Interventions Perception Type: No Racist: No Reasoning: The comment provides a factual statement about the grants awarded to local organizations to assist homeless veterans and veterans wi"
news,352,B,0,0,"Comment Type: Provide a Fact or Claim Critique Category: Government Critique Response Category: Solutions/Interventions Perception Type: None Racist: No Reasoning: The comment provides a factual statement about the organization announcing steps to increase affordable housing supply, which is a gover"
news,353,B,0,0,"Comment Type: Provide a Fact or Claim, Express Their Opinion Critique Category: Government Critique, Societal Critique Response Category: Solutions/Interventions Perception Type: None Racist: No Reasoning: The comment provides a factual statement about the reliance on relatives and government aid fo"
news,354,B,0,0,"Comment Type: Provide an Observation, Express Their Opinion Critique Category: No Response Category: No Perception Type: Media Portrayal Racist: No Reasoning: The comment provides an observation about a homeless individual and expresses an opinion about the individual being recognized as a hero. It "
news,355,B,0,0,"Comment Type: Provide a Fact or Claim, Provide an Observation Critique Category: No Response Category: No Perception Type: No Racist: No Reasoning: The comment provides factual data about homelessness, including statistics from various organizations. It does not express an opinion, ask a question, p"
news,356,B,0,0,"Comment Type: Express Their Opinion, Provide an Observation Critique Category: Government Critique, Societal Critique Response Category: No Response Category Applies Perception Type: Harmful Generalization, Personal Interaction Racist: No Reasoning: The comment expresses an opinion about the treatme"
news,357,B,0,0,"Comment Type: Provide a Fact or Claim, Provide an Observation Critique Category: Money Aid Allocation Response Category: Solutions/Interventions Perception Type: None Racist: No Reasoning: The comment provides a factual statement about a grant for homeless veterans support, which is an observation o"
news,358,B,0,0,"Comment Type: Provide a Fact or Claim, Provide an Observation Critique Category: Money Aid Allocation Response Category: No Response Category Applies Perception Type: No Perception Type Applies Racist: No Reasoning: The comment provides factual information about the cost of emergency shelters for th"
news,359,B,0,0,"Comment Type: Express Their Opinion, Critique Category: Government Critique, Societal Critique, Response Category: None, Perception Type: Harmful Generalization, Racist: No Reasoning: The comment expresses the opinion of the speaker about a specific judge and the justice system. It criticizes both g"
news,360,B,0,0,"Comment Type: Provide an Observation, Express Others' Opinions Critique Category: No Response Category: Solutions/Interventions Perception Type: Media Portrayal Racist: No Reasoning: The comment provides an observation about the current situation and expresses the opinions of others regarding the ne"
news,361,B,0,0,"Comment Type: Provide an Observation, Express Others' Opinions Critique Category: Government Critique, Societal Critique Response Category: Solutions/Interventions Perception Type: Media Portrayal Racist: No Reasoning: The comment provides an observation about the activities of the fellows and menti"
news,362,B,0,0,"Comment Type: Express Others' Opinions, Provide an Observation Critique Category: No Response Category: No Perception Type: Media Portrayal Racist: No Reasoning: The comment appears to be describing what industry professionals and advocates are saying about homelessness, which is an observation of o"
news,363,B,0,0,"Comment Type: Provide an Observation, Express Others' Opinions Critique Category: Government Critique Response Category: Solutions/Interventions Perception Type: Media Portrayal Racist: No Reasoning: The comment provides an observation about the situation of migrant families and references the risin"
news,364,B,0,0,"Comment Type: Provide a Fact or Claim Critique Category: Government Critique Response Category: Solutions/Interventions Perception Type: None Racist: No Reasoning: The comment provides a factual statement about the organization's efforts to create affordable housing units, which can be seen as a gov"
news,365,B,0,0,"Comment Type: Express Others' Opinions, Harmful Generalization Critique Category: No Response Category: No Perception Type: Yes Racist: Yes Reasoning: The comment uses derogatory terms (""wetback"") and negative stereotypes (""Squatter"") to describe homeless individuals, which implies racial bias and h"
news,366,B,0,0,"Comment Type: Provide an Observation, Express Others' Opinions Critique Category: No Response Category: No Perception Type: No Racist: No Reasoning: The comment provides an observation about the challenges faced by families in a rural village, including food insecurity, lack of affordable housing, a"
news,367,B,0,1,"Comment Type: Provide an Observation, Provide a Fact or Claim Critique Category: No Response Category: Solutions/Interventions Perception Type: Media Portrayal, Not in my Backyard Racist: No Reasoning: The comment provides an observation about the current state of warming centers and offers solution"
news,368,B,0,0,"Comment Type: Provide an Observation, Provide a Fact or Claim Critique Category: No Response Category: Solutions/Interventions Perception Type: No Racist: No Reasoning: The comment provides factual information about resources and organizations helping the homeless, including donation drives, shelter"
news,369,B,0,0,"Comment Type: Provide a Fact or Claim, Express Their Opinion Critique Category: Government Critique Response Category: Solutions/Interventions Perception Type: None Racist: No Reasoning: The comment provides a factual statement about the city's spending on homeless shelters and services. It also exp"
news,370,B,0,0,"Comment Type: Provide an Observation, Express Others' Opinions Critique Category: Government Critique, Societal Critique Response Category: Solutions/Interventions Perception Type: Media Portrayal Racist: No Reasoning: The comment provides an observation about the current situation and expresses opi"
news,371,B,0,0,"Comment Type: Express Their Opinion, Provide an Observation Critique Category: Government Critique Response Category: Solutions/Interventions Perception Type: None Racist: No Reasoning: The comment expresses an opinion about the inadequacy of current measures and suggests a solution. It criticizes g"
news,372,B,0,0,"Comment Type: Provide a Fact or Claim, Government Critique Critique Category: Government Critique Response Category: Solutions/Interventions Perception Type: None Racist: No Reasoning: The comment provides a factual statement about the cost of an emergency shelter system and mentions the influx of i"
news,373,B,0,0,"Comment Type: Provide a Fact or Claim Critique Category: Government Critique Response Category: Solutions/Interventions Perception Type: None Racist: No Reasoning: The comment provides a factual statement about a policy decision made by an organization, which could be seen as a government action. It"
news,374,B,0,0,"Comment Type: Provide a Fact or Claim, Provide an Observation Critique Category: Money Aid Allocation Response Category: Solutions/Interventions Perception Type: None Racist: No Reasoning: The comment provides a factual statement about a grant for homeless veterans support, which is an observation a"
news,375,B,0,0,"Comment Type: Express Their Opinion, Provide an Observation Critique Category: Government Critique Response Category: Solutions/Interventions Perception Type: Media Portrayal Racist: No Reasoning: The comment provides an observation about the state's response to the pandemic and mentions the importa"
news,376,B,0,0,"Comment Type: Provide a Fact or Claim, Provide an Observation Critique Category: No Response Category: No Perception Type: No Racist: No Reasoning: The comment provides factual statistics about homelessness and suicide attempts among adolescent girls, as well as observations about the increase in ho"
news,377,B,0,0,"Comment Type: Express Their Opinion, Provide an Observation Critique Category: Government Critique, Societal Critique Response Category: No Response Category Applies Perception Type: Media Portrayal Racist: No Reasoning: The comment expresses an opinion about a perceived issue with a news organizati"
news,378,B,0,0,Please provide the text of the comment for analysis.
news,379,B,0,0,"Comment Type: Provide a Fact or Claim, Ask a Rhetorical Question Critique Category: Money Aid Allocation Response Category: No Response Category Applies Perception Type: No Perception Type Applies Racist: No Reasoning: The comment provides a factual statement about a grant for financial assistance a"
news,380,B,0,0,"Comment Type: Provide an Observation Critique Category: No Response Category: No Perception Type: No Racist: No Reasoning: The comment provides an observation about the shift in infrastructure towards real estate asset management and mentions the expansion into non-traditional areas like rental, mul"
news,381,B,0,0,"Comment Type: Provide an Observation, Express Others' Opinions Critique Category: Government Critique Response Category: Solutions/Interventions Perception Type: None Racist: No Reasoning: The comment provides an observation about the experiences of homeless individuals and expresses the opinions of"
reddit,0,B,0,0,"Comment Type: Express Their Opinion, Ask a Rhetorical Question Critique Category: Government Critique Response Category: No Response Category Applies Perception Type: No Perception Type Applies Racist: No Reasoning: The comment expresses an opinion about police treatment of panhandlers and asks a rh"
reddit,1,B,0,0,"Comment Type: Express Their Opinion, Government Critique, Societal Critique Critique Category: Government Critique, Societal Critique Response Category:  Perception Type: Media Portrayal Racist: No Reasoning: The comment expresses an opinion about the city's policies regarding homelessness, criticiz"
reddit,2,B,0,0,"Comment Type: Provide an Observation, Express Others' Opinions Critique Category: No Response Category: No Perception Type: Personal Interaction, Media Portrayal Racist: No Reasoning: The comment provides an observation about a specific location and mentions interactions with people who work with ho"
reddit,3,B,0,0,"Comment Type: Express Their Opinion, Provide an Observation Critique Category: Government Critique, Societal Critique Response Category: No Response Category Applies Perception Type: Harmful Generalization Racist: No Reasoning: The comment expresses an opinion about the lack of suitable jobs for hom"
reddit,4,B,0,0,"Comment Type: Express Their Opinion, Provide an Observation, Critique Category: Societal Critique, Response Category: Solutions/Interventions, Perception Type: Harmful Generalization, Racist: No Reasoning: The commenter expresses their opinion about panhandlers and their motivations, providing an ob"
reddit,5,B,0,0,"Comment Type: Express Their Opinion, Provide an Observation Critique Category: No Response Category: No Perception Type: Personal Interaction Racist: No Reasoning: The comment is an observation about experiencing panhandlers at their home, which is a personal interaction with homelessness. It does n"
reddit,6,B,0,0,"Comment Type: Express Their Opinion, Provide an Observation Critique Category: No Response Category: Solutions/Interventions Perception Type: No Racist: No Reasoning: The comment expresses an opinion about an organization's work with the homeless population and suggests that they would help someone "
reddit,7,B,0,1,"Comment Type: Express Their Opinion, Provide an Observation, Government Critique, Response Category: Solutions/Interventions, Perception Type: Not in my Backyard, Racist: No Reasoning: The commenter expresses their opinion on the homelessness issue in their city, provides an observation about the cu"
reddit,8,B,1,1,"Comment Type: Express Their Opinion, Provide an Observation Critique Category: Government Critique, Societal Critique Response Category: Solutions/Interventions Perception Type: Harmful Generalization, Not in my Backyard Racist: No Reasoning: The comment expresses an opinion about the overexaggerati"
reddit,9,B,0,0,"Comment Type: Express Their Opinion, Ask a Rhetorical Question Critique Category: Government Critique, Media Portrayal Response Category: No Response Category Applies Perception Type: Media Portrayal Racist: No Reasoning: The comment expresses an opinion about the commenter's view of the organizatio"
reddit,10,B,1,1,"Comment Type: Express Their Opinion, Provide an Observation Critique Category: Government Critique, Societal Critique Response Category: Solutions/Interventions Perception Type: Harmful Generalization, Not in my Backyard Racist: No Reasoning: The comment expresses an opinion about building a center "
reddit,11,B,0,0,"Comment Type: Express Their Opinion, Provide an Observation Critique Category: Government Critique, Money Aid Allocation Response Category: Solutions/Interventions Perception Type: None Racist: No Reasoning: The comment expresses an opinion about the differences between two organizations that provid"
reddit,12,B,0,0,"Comment Type: Express Their Opinion, Provide an Observation Critique Category: No Response Category: Solutions/Interventions Perception Type: Media Portrayal Racist: No Reasoning: The comment expresses an opinion about the organization's actions and provides an observation about the population visit"
reddit,13,B,0,0,"Comment Type: Express Their Opinion, Provide an Observation, Ask a Genuine Question Critique Category: No Response Category: Solutions/Interventions Perception Type: Harmful Generalization, Personal Interaction Racist: No Reasoning: The comment expresses the speaker's opinion about homelessness and "
reddit,14,B,0,0,"Comment Type: Express Their Opinion, Provide an Observation Critique Category: No Response Category: Solutions/Interventions Perception Type: No Racist: No Reasoning: The comment expresses an opinion about the location of homeless shelters and provides an observation about the benefits of placing th"
reddit,15,B,1,1,"Comment Type: Express Their Opinion, Provide an Observation Critique Category: Societal Critique, Government Critique Response Category: Solutions/Interventions Perception Type: Harmful Generalization, Not in my Backyard Racist: No Reasoning: The comment expresses an opinion on the placement of new "
reddit,16,B,0,0,"Comment Type: Express Their Opinion, Provide an Observation Critique Category: Government Critique Response Category: No Response Category Applies Perception Type: No Perception Type Applies Racist: No Reasoning: The comment expresses an opinion about a group advocating for the unhoused and observes"
reddit,17,B,1,1,"Comment Type: Express Their Opinion, Provide an Observation Critique Category: Societal Critique, Government Critique Response Category: Solutions/Interventions Perception Type: Harmful Generalization, Not in my Backyard Racist: No Reasoning: The commenter expresses their opinion and provides an obs"
reddit,18,B,0,1,"Comment Type: Express Their Opinion, Provide an Observation, Solutions/Interventions Critique Category: No Response Category: Solutions/Interventions Perception Type: Not in my Backyard Racist: No Reasoning: The comment expresses the author's opinion and concerns about a new housing development for "
reddit,19,B,0,0,"Comment Type: Express Their Opinion, Provide an Observation, Government Critique, Perception Type: Deserving/Undeserving, Racist: No Critique Category: Government Critique, Societal Critique Response Category: Solutions/Interventions Perception Type: Deserving/Undeserving, Not in my Backyard Reasoni"
reddit,20,B,0,0,"Comment Type: Express Their Opinion, Provide an Observation, Government Critique, Societal Critique Critique Category: Government Critique, Societal Critique Response Category: Solutions/Interventions Perception Type: None Racist: No Reasoning: The comment primarily discusses the meeting's observati"
reddit,21,B,0,0,"Comment Type: Express Their Opinion, Provide an Observation Critique Category: Government Critique, Money Aid Allocation Response Category: Solutions/Interventions Perception Type: None Racist: No Reasoning: The comment provides an observation about a housing project and the services associated with"
reddit,22,B,0,0,"Comment Type: Express Their Opinion, Provide an Observation Critique Category: No Response Category: No Perception Type: No Racist: No Reasoning: The comment expresses the speaker's personal struggle with the issue of homelessness and their observation that not all homeless individuals want to go to"
reddit,23,B,0,1,"Comment Type: Express Their Opinion, Provide an Observation, Government Critique, Money Aid Allocation Critique Category: Government Critique, Money Aid Allocation Response Category: Solutions/Interventions Perception Type: Not in my Backyard Racist: No Reasoning: The comment expresses an opinion on"
reddit,24,B,0,0,"Comment Type: Express Their Opinion, Provide an Observation Critique Category: Government Critique Response Category: No Response Category Applies Perception Type: No Perception Type Applies Racist: No Reasoning: The comment is an observation about a policy or practice related to homelessness, likel"
reddit,25,B,0,0,"Comment Type: Express Their Opinion, Provide an Observation Critique Category: Government Critique Response Category: Solutions/Interventions Perception Type: None Racist: No Reasoning: The comment is expressing an opinion about the city's role in addressing homelessness and providing transitional h"
reddit,26,B,0,1,"Comment Type: Express Their Opinion, Provide an Observation Critique Category: None Response Category: None Perception Type: Not in my Backyard Racist: No Reasoning: The comment expresses an opinion about the number of homeless individuals in a specific organization and compares it to other cities, "
reddit,27,B,0,0,"Comment Type: Express Their Opinion, Provide an Observation, Critique Category: Government Critique, Response Category: Solutions/Interventions, Perception Type: Harmful Generalization, Racist: No Reasoning: The commenter expresses their opinion about homelessness and provides an observation of the "
reddit,28,B,0,1,"Comment Type: Express Their Opinion, Ask a Genuine Question, Provide an Observation Critique Category: Government Critique, Societal Critique, Money Aid Allocation Response Category: Solutions/Interventions Perception Type: Harmful Generalization, Not in my Backyard Racist: No Reasoning: The comment"
reddit,29,B,0,1,"Comment Type: Express Their Opinion, Provide an Observation Critique Category: Not Applicable Response Category: Not Applicable Perception Type: Not in my Backyard Racist: No Reasoning: The comment expresses an opinion about the location of a homeless encampment, suggesting it would be a good locati"
reddit,30,B,0,0,"Comment Type: Express Their Opinion, Provide an Observation Critique Category: None Response Category: None Perception Type: None Racist: No Reasoning: The comment mentions institutions and ministries involved in helping the homeless, which is an observation. It does not express an opinion about hom"
reddit,31,B,0,0,"Comment Type: Express Their Opinion, Provide an Observation Critique Category: No Response Category: No Perception Type: Personal Interaction Racist: No Reasoning: The comment expresses the observer's opinion and shares an observation about the behavior of homeless individuals. It does not critique "
reddit,32,B,1,1,"Comment Type: Express Their Opinion, Provide an Observation Critique Category: Government Critique, Societal Critique Response Category: Solutions/Interventions Perception Type: Not in my Backyard Racist: No Reasoning: The comment expresses the speaker's opinion about a political candidate's strateg"
reddit,33,B,0,0,"Comment Type: Provide an Observation, Express Others' Opinions Critique Category: No Response Category: No Perception Type: No Racist: No Reasoning: The comment provides a list of places where people can access food and services for the homeless, which is an observation and an expression of others' "
reddit,34,B,0,0,"Comment Type: Express Their Opinion, Provide an Observation Critique Category: Government Critique, Societal Critique Response Category: No Response Category Applies Perception Type: Harmful Generalization, Media Portrayal Racist: No Reasoning: The comment expresses an opinion about a homeless perso"
reddit,35,B,0,0,"Comment Type: Express Their Opinion, Provide a Solution/Intervention Critique Category: No Response Category: Solutions/Interventions Perception Type: No Racist: No Reasoning: The comment suggests a solution to homelessness by converting unused properties into housing for the homeless, which is an o"
reddit,36,B,1,1,"Comment Type: Express Their Opinion, Provide an Observation Critique Category: Government Critique, Societal Critique Response Category: Solutions/Interventions Perception Type: Harmful Generalization, Not in my Backyard Racist: No Reasoning: The comment expresses an opinion about the availability a"
reddit,37,B,0,0,"Comment Type: Express Their Opinion, Provide an Observation Critique Category: None Response Category: None Perception Type: Media Portrayal Racist: No Reasoning: The comment expresses an opinion about a specific event and an observation about the subject's performance. It does not contain any expli"
reddit,38,B,0,0,"Comment Type: Express Their Opinion, Provide an Observation Critique Category: Government Critique Response Category: Solutions/Interventions Perception Type: Harmful Generalization Racist: No Reasoning: The comment expresses an opinion about the homeless population not following rules and suggests "
reddit,39,B,0,0,"Comment Type: Express Their Opinion, Provide an Observation Critique Category: No Response Category: No Perception Type: Personal Interaction Racist: No Reasoning: The commenter is sharing their personal observation about the size of the homeless population in two specific organizations or places th"
reddit,40,B,0,0,"Comment Type: Express Their Opinion, Provide an Observation Critique Category: None Response Category: None Perception Type: Deserving/Undeserving Racist: No Reasoning: The comment expresses an opinion about an individual's situation and their pride in managing their homelessness without support. It"
reddit,41,B,0,0,"Comment Type: Express Their Opinion, Provide an Observation Critique Category: Societal Critique, Government Critique Response Category: Solutions/Interventions Perception Type: Deserving/Undeserving, Harmful Generalization Racist: No Reasoning: The comment expresses an opinion about the need for af"
reddit,42,B,0,0,"Comment Type: Express Their Opinion, Provide an Observation Critique Category: Societal Critique, Not in my Backyard Response Category: No Response Category Applies Perception Type: Harmful Generalization, Personal Interaction Racist: No Reasoning: The commenter expresses their opinion about a homel"
reddit,43,B,0,0,"Comment Type: Express Their Opinion, Provide a Fact or Claim Critique Category: Money Aid Allocation, Government Critique Response Category: No Response Category Applies Perception Type: No Perception Type Applies Racist: No Reasoning: The comment expresses an opinion about the allocation of resourc"
reddit,44,B,0,1,"Comment Type: Express Their Opinion, Provide an Observation Critique Category: Government Critique, Money Aid Allocation Response Category: No Response Category Applies Perception Type: Not in my Backyard Racist: No Reasoning: The comment expresses an opinion about the distribution of resources and "
reddit,45,B,0,0,"Comment Type: Express Their Opinion, Provide an Observation, Critique Category: Government Critique, Response Category: Solutions/Interventions, Perception Type: Harmful Generalization, Racist: No Reasoning: The commenter expresses their opinion on the effectiveness of housing first models and discu"
reddit,46,B,1,1,"Comment Type: Express Others' Opinions, Express Their Opinion, Harmful Generalization Critique Category: None Response Category: Solutions/Interventions Perception Type: Deserving/Undeserving, Not in my Backyard Racist: No Reasoning: The comment expresses the opinion of others who view homeless indi"
reddit,47,B,1,1,"Comment Type: Express Their Opinion, Provide an Observation, Solutions/Interventions Critique Category: None Response Category: Solutions/Interventions Perception Type: Personal Interaction, Not in my Backyard Racist: No Reasoning: The comment expresses the author's opinion on where to place homeles"
reddit,48,B,0,1,"Comment Type: Express Their Opinion, Provide an Observation, Provide a Fact or Claim Critique Category: No Response Category: Solutions/Interventions Perception Type: Not in my Backyard Racist: No Reasoning: The comment expresses the speaker's opinion about the benefits of permanent supportive housi"
reddit,49,B,0,0,"Comment Type: Express Their Opinion, Provide an Observation Critique Category: Government Critique, Societal Critique Response Category: Solutions/Interventions Perception Type: None Racist: No Reasoning: The comment expresses an opinion about a policy decision and provides an observation about the "
reddit,50,B,0,0,"Comment Type: Express Their Opinion, Provide an Observation, Critique Category: Societal Critique, Response Category: Solutions/Interventions, Perception Type: Harmful Generalization, Racist: No Reasoning: The commenter expresses their opinion on the actions of volunteers and the perceived manipulat"
reddit,51,B,0,0,"Comment Type: Express Their Opinion, Provide a Fact or Claim Critique Category: Societal Critique Response Category: Solutions/Interventions Perception Type: None Racist: No Reasoning: The comment expresses an opinion about the balance between good and bad actions, provides facts about various chari"
reddit,52,B,0,0,"Comment Type: Express Their Opinion, Ask a Genuine Question Critique Category: None Response Category: None Perception Type: None Racist: No Reasoning: The comment expresses an opinion about the distribution of gift cards to the homeless and asks a genuine question about the distribution process. Th"
reddit,53,B,0,0,"Comment Type: Express Their Opinion, Provide an Observation Critique Category: No Response Category: Solutions/Interventions Perception Type: Personal Interaction Racist: No Reasoning: The comment expresses the author's personal experience with addiction and their current job in harm reduction, whic"
reddit,54,B,0,0,"Comment Type: Express Their Opinion, Provide a Solution/Intervention Critique Category: None Response Category: Solutions/Interventions Perception Type: None Racist: No Reasoning: The comment expresses an opinion about where the homeless are located and suggests creating a local movement to end pove"
reddit,55,B,0,0,"Comment Type: Express Their Opinion, Provide an Observation, Provide a Fact or Claim Critique Category: No Response Category: Solutions/Interventions Perception Type: No Racist: No Reasoning: The comment provides a historical fact about Catholic charities assisting with temporary homelessness and of"
reddit,56,B,0,0,"Comment Type: Express Their Opinion, Provide an Observation, Harmful Generalization Critique Category: None Response Category: None Perception Type: Media Portrayal, Harmful Generalization Racist: No Reasoning: The comment expresses an opinion about homeless individuals and their actions, provides a"
reddit,57,B,0,0,"Comment Type: Express Their Opinion, Express Others' Opinions Critique Category: Societal Critique Response Category: No Response Category Applies Perception Type: Harmful Generalization, Deserving/Undeserving Racist: No Reasoning: The comment expresses the opinion of the author and references the v"
reddit,58,B,0,1,"Comment Type: Express Their Opinion, Provide an Observation, Ask a Rhetorical Question Critique Category: Government Critique, Societal Critique Response Category: Solutions/Interventions Perception Type: Deserving/Undeserving, Not in my Backyard Racist: No Reasoning: The comment expresses the speak"
reddit,59,B,0,0,"Comment Type: Express Their Opinion, Provide an Observation Critique Category: Government Critique Response Category: Solutions/Interventions Perception Type: Deserving/Undeserving Racist: No Reasoning: The comment expresses an opinion about the accuracy of homelessness statistics and asks for a per"
reddit,60,B,0,0,"Comment Type: Express Their Opinion, Provide an Observation Critique Category: Government Critique, Societal Critique Response Category: No Response Category Applies Perception Type: Harmful Generalization, Media Portrayal Racist: No Reasoning: The comment expresses an opinion about a rehabilitation"
reddit,61,B,0,0,"Comment Type: Express Their Opinion, Provide a Fact or Claim, Government Critique Critique Category: Government Critique Response Category: Solutions/Interventions Perception Type: None Racist: No Reasoning: The comment expresses an opinion about a government official's performance in managing homel"
reddit,62,B,0,1,"Comment Type: Express Their Opinion, Provide a Fact or Claim, Government Critique, Response Category: Solutions/Interventions, Perception Type: Not in my Backyard, Racist: No Reasoning: The comment expresses the opinion that the city and organization are doing their best to help the homeless within "
reddit,63,B,0,1,"Comment Type: Express Their Opinion, Provide an Observation Critique Category: None Response Category: Solutions/Interventions Perception Type: Harmful Generalization, Not in my Backyard Racist: No Reasoning: The comment expresses the observer's opinion about the local homeless situation and the eff"
reddit,64,B,0,1,"Comment Type: Express Their Opinion, Provide an Observation, Ask a Rhetorical Question Critique Category: None Response Category: Solutions/Interventions Perception Type: Harmful Generalization, Not in my Backyard Racist: No Reasoning: The comment expresses an opinion about the living conditions and"
reddit,65,B,0,0,"Comment Type: Express Their Opinion, Ask a Rhetorical Question, Provide an Observation Critique Category: Government Critique, Societal Critique Response Category: Solutions/Interventions Perception Type: Deserving/Undeserving Racist: No Reasoning: The comment expresses an opinion about the organiza"
reddit,66,B,0,0,"Comment Type: Express Their Opinion, Provide an Observation, Critique Category: Government Critique, Response Category: Solutions/Interventions, Perception Type: Harmful Generalization, Racist: No Reasoning: The comment expresses the commenter's opinion about an organization's policies, provides an "
reddit,67,B,0,1,"Comment Type: Express Their Opinion, Provide an Observation Critique Category: None Response Category: None Perception Type: Not in my Backyard Racist: No Reasoning: The comment expresses a personal opinion and observation about panhandlers, suggesting the speaker misses them. It implies a desire fo"
reddit,68,B,0,0,"Comment Type: Express Their Opinion, Provide an Observation Critique Category: Government Critique Response Category: Solutions/Interventions Perception Type: None Racist: No Reasoning: The comment expresses an opinion about the effectiveness of a measurement and an observation about the worsening o"
reddit,69,B,0,0,"Comment Type: Express Their Opinion, Provide an Observation Critique Category: No Response Category: Solutions/Interventions Perception Type: Personal Interaction Racist: No Reasoning: The comment expresses a positive opinion about a pastor's homeless outreach efforts and describes a positive atmosp"
reddit,70,B,0,1,"Comment Type: Express Their Opinion, Provide an Observation, Government Critique, Societal Critique Critique Category: Government Critique, Societal Critique Response Category: Solutions/Interventions Perception Type: Harmful Generalization, Not in my Backyard Racist: No Reasoning: The comment expre"
reddit,71,B,0,0,"Comment Type: Express Their Opinion, Provide an Observation Critique Category: None Response Category: None Perception Type: Harmful Generalization Racist: No Reasoning: The comment expresses an opinion about the perceived needs of homeless individuals and makes a derogatory comment about one of the"
reddit,72,B,0,0,"Comment Type: Provide an Observation, Ask a Genuine Question Critique Category: No Response Category: No Perception Type: Media Portrayal Racist: No Reasoning: The comment provides an observation about the visibility of homeless individuals based on weather conditions and mentions a few places where"
reddit,73,B,0,0,"Comment Type: Express Their Opinion, Provide a Fact or Claim, Government Critique Critique Category: Government Critique Response Category: Solutions/Interventions Perception Type: None Racist: No Reasoning: The comment expresses the speaker's opinion about the allocation of homeless funds and criti"
reddit,74,B,0,1,"Comment Type: Express Their Opinion, Government Critique, Perceive Homelessness Negatively Critique Category: Government Critique, Societal Critique Response Category: Solutions/Interventions Perception Type: Harmful Generalization, Not in my Backyard Racist: No Reasoning: The comment expresses stro"
reddit,75,B,0,0,"Comment Type: Express Their Opinion, Provide an Observation Critique Category: Government Critique Response Category: Solutions/Interventions Perception Type: None Racist: No Reasoning: The comment expresses an opinion about the need for affordable housing, which is an observation of a social issue."
reddit,76,B,0,1,"Comment Type: Express Their Opinion, Ask a Genuine Question, Government Critique, Response Category: Solutions/Interventions, Perception Type: Not in my Backyard, Racist: No Reasoning: The comment expresses the commenter's opinion about the distribution of blankets and tents by an organization. It a"
reddit,77,B,0,0,"Comment Type: Express Their Opinion, Provide an Observation Critique Category: None Response Category: None Perception Type: Harmful Generalization Racist: No Reasoning: The comment expresses an opinion about a person named PERSON0 and describes her actions and the outcomes of her work. It also make"
reddit,78,B,0,0,"Comment Type: Express Their Opinion, Provide an Observation, Provide a Fact or Claim Critique Category: No Response Category: Solutions/Interventions Perception Type: Harmful Generalization, Deserving/Undeserving Racist: No Reasoning: The comment expresses an opinion about the effectiveness of helpi"
reddit,79,B,0,0,"Comment Type: Express Their Opinion, Provide an Observation, Critique Category: Societal Critique, Response Category: Solutions/Interventions, Perception Type: Harmful Generalization, Racist: No Reasoning: The commenter expresses their opinion about a charity organization and provides an observation"
reddit,80,B,0,0,"Comment Type: Express Their Opinion, Provide an Observation Critique Category: No Response Category: Solutions/Interventions Perception Type: No Racist: No Reasoning: The comment is an observation about activists assisting people experiencing a lack of housing and provides a link to further informat"
reddit,81,B,0,0,"Comment Type: Express Their Opinion, Provide an Observation, Provide a Fact or Claim Critique Category: Government Critique, Money Aid Allocation Response Category: Solutions/Interventions Perception Type: None Racist: No Reasoning: The comment provides a factual observation about the difficulty of "
reddit,82,B,0,0,"Comment Type: Express Their Opinion, Provide a Fact or Claim Critique Category: Societal Critique, Government Critique Response Category: No Response Category Applies Perception Type: Harmful Generalization, Media Portrayal Racist: No Reasoning: The comment expresses an opinion about a person who po"
reddit,83,B,0,0,"Comment Type: Express Their Opinion, Ask a Rhetorical Question, Provide an Observation Critique Category: Government Critique, Societal Critique Response Category: Solutions/Interventions Perception Type: Deserving/Undeserving Racist: No Reasoning: The comment expresses the commenter's opinion and p"
reddit,84,B,0,1,"Comment Type: Express Their Opinion, Provide an Observation Critique Category: Government Critique, Societal Critique Response Category: Solutions/Interventions Perception Type: Harmful Generalization, Not in my Backyard Racist: No Reasoning: The comment expresses opinions about the organization's o"
reddit,85,B,0,0,"Comment Type: Provide an Observation, Express Their Opinion Critique Category: No Response Category: No Perception Type: No Racist: No Reasoning: The comment provides an observation about a homeless campout and expresses their opinion about the existence of an area that protects against the elements"
reddit,86,B,0,0,"Comment Type: Express Their Opinion, Provide an Observation Critique Category: None Response Category: None Perception Type: Harmful Generalization, Deserving/Undeserving Racist: No Reasoning: The comment expresses the observer's uncertainty and personal opinion about the homeless individuals they e"
reddit,87,B,0,0,"Comment Type: Express Their Opinion, Provide an Observation Critique Category: No Response Category: Solutions/Interventions Perception Type: No Racist: No Reasoning: The comment expresses an opinion about the availability of information and suggests specific actions for conducting research, such as"
reddit,88,B,0,0,"Comment Type: Express Their Opinion, Ask a Genuine Question Critique Category: Government Critique Response Category: None Perception Type: None Racist: No Reasoning: The comment expresses an opinion about a specific action or lack thereof by a person or organization, and asks a genuine question abo"
reddit,89,B,0,0,"Comment Type: Express Their Opinion, Provide an Observation, Harmful Generalization, Not in my Backyard Critique Category: None Response Category: None Perception Type: Media Portrayal, Harmful Generalization, Deserving/Undeserving, Personal Interaction Racist: No Reasoning: The comment expresses pe"
reddit,90,B,0,1,"Comment Type: Express Their Opinion, Provide an Observation, Government Critique, Response Category: Solutions/Interventions, Perception Type: Not in my Backyard Critique Category: Government Critique, Societal Critique Response Category: Solutions/Interventions Perception Type: Not in my Backyard R"
reddit,91,B,0,0,"Comment Type: Express Their Opinion, Provide an Observation Critique Category: Government Critique Response Category: No Response Category Applies Perception Type: Harmful Generalization Racist: No Reasoning: The comment expresses an opinion about the minimum wage and its impact on homelessness, whi"
reddit,92,B,0,1,"Comment Type: Express Their Opinion, Provide an Observation Critique Category: None Response Category: None Perception Type: Not in my Backyard Racist: No Reasoning: The comment expresses an opinion about the existence of homelessness and an observation about others' beliefs, but does not directly c"
reddit,93,B,0,0,"Comment Type: Express Their Opinion, Ask a Rhetorical Question, Provide an Observation Critique Category: None Response Category: Solutions/Interventions Perception Type: Harmful Generalization, Media Portrayal Racist: No Reasoning: The comment expresses the commenter's opinion about a homeless indi"
reddit,94,B,0,1,"Comment Type: Express Their Opinion, Provide an Observation, Provide a Fact or Claim Critique Category: Government Critique, Societal Critique Response Category: Solutions/Interventions Perception Type: Harmful Generalization, Not in my Backyard Racist: No Reasoning: The comment expresses an opinion"
reddit,95,B,0,0,"Comment Type: Express Their Opinion, Express Others' Opinions Critique Category: None Response Category: None Perception Type: Harmful Generalization Racist: No Reasoning: The comment expresses an opinion about giving money to homeless individuals and implies that they are irresponsible. It also ref"
reddit,96,B,0,0,"Comment Type: Ask a Genuine Question, Provide an Observation Critique Category: None Response Category: Solutions/Interventions Perception Type: None Racist: No Reasoning: The comment is asking genuine questions about the process of referrals for homelessness and the waiting times for treatment. It "
reddit,97,B,0,0,"Comment Type: Express Their Opinion, Provide an Observation, Provide a Fact or Claim Critique Category: Money Aid Allocation Response Category: No specific solutions/interventions mentioned Perception Type: No specific perceptions mentioned Racist: No Reasoning: The comment provides a factual descri"
reddit,98,B,0,0,"Comment Type: Express Their Opinion, Provide an Observation, Provide a Fact or Claim Critique Category: Government Critique, Societal Critique Response Category: Solutions/Interventions Perception Type: Harmful Generalization, Personal Interaction Racist: No Reasoning: The comment expresses an opini"
reddit,99,B,0,0,"Comment Type: Express Others' Opinions, Harmful Generalization Critique Category: None Response Category: None Perception Type: Harmful Generalization Racist: No Reasoning: The comment expresses the opinion that some homeless individuals are not actually homeless but are instead trying to make money"
reddit,100,B,0,0,"Comment Type: Express Their Opinion, Provide an Observation Critique Category: Government Critique, Societal Critique Response Category: No Response Category Applies Perception Type: No Perception Type Applies Racist: No Reasoning: The comment expresses the opinion of the author as a social worker a"
reddit,101,B,1,1,"Comment Type: Express Their Opinion, Provide an Observation Critique Category: Not Applicable Response Category: Solutions/Interventions Perception Type: Not in my Backyard Racist: No Reasoning: The comment expresses an opinion about the impact of homelessness on park usage and suggests a solution, "
reddit,102,B,0,1,"Comment Type: Express Their Opinion, Provide an Observation Critique Category: Government Critique, Money Aid Allocation Response Category: Solutions/Interventions Perception Type: Not in my Backyard Racist: No Reasoning: The comment expresses an opinion about the correlation between wealth and time"
reddit,103,B,0,1,"Comment Type: Express Their Opinion, Ask a Rhetorical Question Critique Category: Not Applicable Response Category: Solutions/Interventions Perception Type: Not in my Backyard Racist: No Reasoning: The comment expresses an opinion about offering personal space to homeless individuals and then critic"
reddit,104,B,0,0,"Comment Type: Express Their Opinion, Government Critique Critique Category: Government Critique Response Category: No Response Category Perception Type: Harmful Generalization Racist: No Reasoning: The comment expresses an opinion about police actions and suggests that addressing personal issues is "
reddit,105,B,0,1,"Comment Type: Express Their Opinion, Provide an Observation Critique Category: Government Critique Response Category: Solutions/Interventions Perception Type: Not in my Backyard Racist: No Reasoning: The comment expresses an opinion about a government action and suggests a solution, indicating dissa"
reddit,106,B,0,0,"Comment Type: Provide an Observation, Express Others' Opinions Critique Category: No Response Category: No Perception Type: Personal Interaction, Media Portrayal Racist: No Reasoning: The comment provides an observation about personal interactions with homeless individuals and their experiences. It "
reddit,107,B,0,0,"Comment Type: Express Their Opinion, Provide an Observation Critique Category: No Response Category: No Perception Type: No Racist: No Reasoning: The comment provides an observation about the reality of homelessness, suggesting that the number of homeless people coming to a certain organization is n"
reddit,108,B,0,1,"Comment Type: Express Their Opinion, Provide an Observation, Ask a Genuine Question Critique Category: Money Aid Allocation Response Category: Solutions/Interventions Perception Type: Not in my Backyard Racist: No Reasoning: The comment expresses an opinion about the lack of support in rural areas a"
reddit,109,B,0,0,"Comment Type: Express Their Opinion, Ask a Genuine Question Critique Category: No Response Category: No Perception Type: No Racist: No Reasoning: The comment expresses an opinion by challenging the existence of a homeless population in any metro area and asks a genuine question about the user's pers"
reddit,110,B,0,1,"Comment Type: Express Their Opinion, Provide an Observation Critique Category: Government Critique Response Category: Solutions/Interventions Perception Type: Not in my Backyard Racist: No Reasoning: The comment expresses frustration with delays in homelessness solutions and mentions the homeless co"
reddit,111,B,0,0,"Comment Type: Express Their Opinion, Provide an Observation, Government Critique, Societal Critique Critique Category: Government Critique, Societal Critique Response Category: Solutions/Interventions Perception Type: None Racist: No Reasoning: The comment expresses the speaker's opinion about the c"
reddit,112,B,0,0,"Comment Type: Express Their Opinion, Ask a Rhetorical Question Critique Category: Government Critique, Societal Critique Response Category: Solutions/Interventions Perception Type: Deserving/Undeserving Racist: No Reasoning: The comment expresses the speaker's opinion about government policies, the "
reddit,113,B,0,0,"Comment Type: Express Their Opinion, Ask a Genuine Question Critique Category: No Response Category: No Perception Type: No Racist: No Reasoning: The comment is asking for the commenter's opinion on the most common scenario for homelessness and seeking to understand the background of homeless indivi"
reddit,114,B,0,0,"Comment Type: Express Their Opinion, Express Others' Opinions Critique Category: None Response Category: None Perception Type: Media Portrayal Racist: No Reasoning: The comment expresses the speaker's opinion and references another's perspective on homelessness, but does not directly critique media "
reddit,115,B,0,0,"Comment Type: Express Their Opinion, Provide an Observation, Critique Category: Societal Critique, Response Category: Solutions/Interventions, Perception Type: Deserving/Undeserving, Racist: No Reasoning: The commenter expresses their opinion on the resources available to homeless individuals and th"
reddit,116,B,0,0,"Comment Type: Express Their Opinion, Provide an Observation Critique Category: Societal Critique Response Category: Solutions/Interventions Perception Type: Media Portrayal, Deserving/Undeserving Racist: No Reasoning: The comment expresses an opinion on the nature of homelessness and human society, "
reddit,117,B,0,0,"Comment Type: Express Their Opinion, Ask a Rhetorical Question, Provide a Fact or Claim Critique Category: Government Critique, Societal Critique, Money Aid Allocation Response Category: Solutions/Interventions Perception Type: Harmful Generalization, Deserving/Undeserving Racist: No Reasoning: The "
reddit,118,B,0,0,"Comment Type: Express Their Opinion, Provide an Observation, Solutions/Interventions Critique Category: Government Critique, Societal Critique Response Category: Solutions/Interventions Perception Type: Harmful Generalization, Personal Interaction Racist: No Reasoning: The comment expresses an opini"
reddit,119,B,0,0,"Comment Type: Express Their Opinion, Provide an Observation Critique Category: Money Aid Allocation Response Category: No Response Category Applies Perception Type: No Perception Type Applies Racist: No Reasoning: The comment expresses an opinion about the difficulty of funding homelessness solution"
reddit,120,B,0,0,"Comment Type: Express Their Opinion, Provide an Observation Critique Category: Societal Critique Response Category: Solutions/Interventions Perception Type: Deserving/Undeserving Racist: No Reasoning: The comment expresses an opinion about problematic tenants and suggests that they are homeless beca"
reddit,121,B,0,0,"Comment Type: Express Their Opinion, Ask a Rhetorical Question Critique Category: None Response Category: Solutions/Interventions Perception Type: None Racist: No Reasoning: The comment expresses the opinion that buying and renting out a property can help homeless individuals. It also asks a rhetori"
reddit,122,B,0,0,"Comment Type: Express Their Opinion, Government Critique Critique Category: Government Critique Response Category: Solutions/Interventions Perception Type: None Racist: No Reasoning: The comment expresses an opinion about policies related to homelessness and criticizes those who do not support givin"
reddit,123,B,0,0,"Comment Type: Express Their Opinion, Provide an Observation Critique Category: Government Critique, Societal Critique Response Category: No Response Category Perception Type: Harmful Generalization, Personal Interaction Racist: No Reasoning: The comment expresses the observer's opinion and shares an"
reddit,124,B,0,1,"Comment Type: Express Their Opinion, Provide an Observation, Provide a Fact or Claim Critique Category: Government Critique, Societal Critique Response Category: Solutions/Interventions Perception Type: Harmful Generalization, Not in my Backyard Racist: No Reasoning: The comment expresses an opinion"
reddit,125,B,0,0,"Comment Type: Express Their Opinion, Provide an Observation Critique Category: No Response Category: Solutions/Interventions Perception Type: No Racist: No Reasoning: The comment provides information about an organization that helps the homeless and suggests looking up another organization for more "
reddit,126,B,0,0,"Comment Type: Express Their Opinion, Ask a Rhetorical Question Critique Category: Societal Critique Response Category: No Response Category Applies Perception Type: Harmful Generalization Racist: No Reasoning: The comment expresses an opinion about the effectiveness of church in promoting empathy to"
reddit,127,B,0,0,"Comment Type: Express Their Opinion, Ask a Genuine Question Critique Category: No Response Category: Solutions/Interventions Perception Type: No Racist: No Reasoning: The comment is asking for an example of a city's approach to handling homelessness, which is an opinion and a genuine question. It do"
reddit,128,B,0,0,"Comment Type: Express Their Opinion, Provide an Observation Critique Category: Societal Critique Response Category: None Perception Type: Harmful Generalization Racist: No Reasoning: The comment expresses an opinion about the city's homelessness problem and provides an observation based on personal "
reddit,129,B,0,0,"Comment Type: Express Their Opinion, Ask a Rhetorical Question Critique Category: None Response Category: Solutions/Interventions Perception Type: Media Portrayal, Harmful Generalization Racist: No Reasoning: The comment expresses the commenter's opinion about the correlation between bike lanes and "
reddit,130,B,0,0,"Comment Type: Express Their Opinion, Provide an Observation Critique Category: No Response Category: Solutions/Interventions Perception Type: No Racist: No Reasoning: The comment expresses the speaker's opinion about the relationship between the economy and homelessness and suggests they might have "
reddit,131,B,0,0,"Comment Type: Express Their Opinion, Provide an Observation, Government Critique, Perceive Harmful Generalization, Not in my Backyard Critique Category: Government Critique, Societal Critique Response Category: Solutions/Interventions Perception Type: Harmful Generalization, Personal Interaction Rac"
reddit,132,B,0,0,"Comment Type: Express Their Opinion, Ask a Rhetorical Question, Provide an Observation Critique Category: Government Critique, Money Aid Allocation Response Category: Solutions/Interventions Perception Type: None Racist: No Reasoning: The comment expresses an opinion about the cost of maintaining a "
reddit,133,B,0,0,"Comment Type: Express Their Opinion, Provide an Observation Critique Category: Government Critique, Societal Critique Response Category: Solutions/Interventions Perception Type: Harmful Generalization Racist: No Reasoning: The comment expresses an opinion about a homeless individual's behavior and c"
reddit,134,B,0,0,"Comment Type: Express Their Opinion, Ask a Rhetorical Question Critique Category: Government Critique Response Category: No Response Category Applies Perception Type: No Perception Type Applies Racist: No Reasoning: The comment expresses an opinion about the relationship between the government shutd"
reddit,135,B,0,0,"Comment Type: Express Their Opinion, Express Others' Opinions Critique Category: None Response Category: Solutions/Interventions Perception Type: Deserving/Undeserving Racist: No Reasoning: The comment expresses an opinion about helping homeless individuals become more stable and productive, which i"
reddit,136,B,0,0,"Comment Type: Express Their Opinion, Provide an Observation Critique Category: Government Critique Response Category: No Response Category Applies Perception Type: No Perception Type Applies Racist: No Reasoning: The comment expresses an opinion about the inefficiency of individual action compared t"
reddit,137,B,0,0,"Comment Type: Express Their Opinion, Provide an Observation, Critique Category: Societal Critique, Response Category: Solutions/Interventions, Perception Type: Harmful Generalization, Racist: No Reasoning: The commenter expresses their opinion that homelessness is not due to laziness but rather bad "
reddit,138,B,0,0,"Comment Type: Express Their Opinion, Provide an Observation, Express Others' Opinions, Provide a Fact or Claim Critique Category: Government Critique, Societal Critique Response Category: Solutions/Interventions Perception Type: Deserving/Undeserving, Personal Interaction Racist: No Reasoning: The c"
reddit,139,B,0,0,"Comment Type: Express Their Opinion, Provide an Observation Critique Category: Government Critique Response Category: No Response Category Applies Perception Type: No Perception Type Applies Racist: No Reasoning: The comment expresses an opinion about the ineffectiveness of certain policies and prov"
reddit,140,B,0,0,"Comment Type: Express Their Opinion, Provide an Observation Critique Category: Government Critique Response Category: No Response Category Applies Perception Type: Harmful Generalization Racist: No Reasoning: The comment expresses a negative opinion about homelessness and suggests a harmful policy, "
reddit,141,B,0,0,"Comment Type: Express Their Opinion, Provide an Observation Critique Category: None Response Category: None Perception Type: Harmful Generalization, Personal Interaction Racist: No Reasoning: The comment expresses an opinion about homelessness and provides an observation about the behavior of homele"
reddit,142,B,0,0,"Comment Type: Express Their Opinion, Provide an Observation Critique Category: None Response Category: None Perception Type: Harmful Generalization Racist: No Reasoning: The comment expresses an opinion about not giving money to panhandlers, which can be seen as a harmful generalization about homele"
reddit,143,B,0,0,"Comment Type: Express Their Opinion, Provide an Observation Critique Category: Government Critique Response Category: Solutions/Interventions Perception Type: None Racist: No Reasoning: The comment expresses an opinion about the need for affordable housing solutions for homeless camps and is an obse"
reddit,144,B,0,0,"Comment Type: Express Their Opinion, Ask a Genuine Question Critique Category: Societal Critique Response Category: Solutions/Interventions Perception Type: Deserving/Undeserving Racist: No Reasoning: The comment expresses an opinion about homelessness and asks a genuine question to clarify the spea"
reddit,145,B,0,0,"Comment Type: Express Their Opinion, Provide an Observation Critique Category: None Response Category: None Perception Type: None Racist: No Reasoning: The comment expresses the speaker's observation of a common phrase and their agreement with the idea, but it does not fit into any of the other cate"
reddit,146,B,0,1,"Comment Type: Express Their Opinion, Ask a Rhetorical Question Critique Category: Government Critique Response Category: Solutions/Interventions Perception Type: Not in my Backyard Racist: No Reasoning: The comment expresses an opinion about the impact of providing housing to homeless populations an"
reddit,147,B,0,1,"Comment Type: Express Their Opinion, Provide an Observation, Deserving/Undeserving Critique Category: Societal Critique Response Category: Solutions/Interventions Perception Type: Harmful Generalization, Not in my Backyard Racist: No Reasoning: The comment expresses an opinion on the challenges of h"
reddit,148,B,0,0,"Comment Type: Express Their Opinion, Provide an Observation Critique Category: None Response Category: None Perception Type: None Racist: No Reasoning: The comment expresses the commenter's opinion about minimum wage and homelessness based on personal experiences and observations. It does not critiq"
reddit,149,B,0,0,"Comment Type: Express Their Opinion, Provide an Observation Critique Category: None Response Category: Solutions/Interventions Perception Type: None Racist: No Reasoning: The comment suggests a potential solution to homelessness by becoming a landlord and offering affordable housing, which is an obs"
reddit,150,B,0,1,"Comment Type: Express Their Opinion, Government Critique, Harmful Generalization, Solutions/Interventions Critique Category: Government Critique, Societal Critique Response Category: Solutions/Interventions Perception Type: Harmful Generalization, Not in my Backyard Racist: No Reasoning: The comment"
reddit,151,B,0,0,"Comment Type: Express Their Opinion, Ask a Rhetorical Question Critique Category: Government Critique Response Category: No Response Category Applies Perception Type: No Perception Type Applies Racist: No Reasoning: The comment expresses an opinion about the relationship between capitalism and affor"
reddit,152,B,0,0,"Comment Type: Provide an Observation, Express Their Opinion Critique Category: Government Critique, Societal Critique Response Category: Solutions/Interventions Perception Type: None Racist: No Reasoning: The comment observes the economic incentives behind housing construction and expresses an opini"
reddit,153,B,0,1,"Comment Type: Express Their Opinion, Provide an Observation Critique Category: Government Critique, Societal Critique Response Category: Solutions/Interventions Perception Type: Not in my Backyard Racist: No Reasoning: The comment expresses an opinion about housing costs and revitalization efforts, "
reddit,154,B,0,0,"Comment Type: Express Their Opinion, Provide an Observation Critique Category: Government Critique Response Category: Solutions/Interventions Perception Type: None Racist: No Reasoning: The comment expresses an opinion about affordable housing and observes a limitation in the project. It suggests a "
reddit,155,B,0,0,"Comment Type: Express Their Opinion, Provide an Observation Critique Category: Government Critique, Societal Critique Response Category: Solutions/Interventions Perception Type: Harmful Generalization Racist: No Reasoning: The comment expresses an opinion about the current approach to dealing with h"
reddit,156,B,0,0,"Comment Type: Express Their Opinion, Provide an Observation Critique Category: None Response Category: None Perception Type: Harmful Generalization Racist: No Reasoning: The comment suggests that homelessness might offer some form of privilege, which can be seen as a harmful generalization about the"
reddit,157,B,0,1,"Comment Type: Provide an Observation, Express Others' Opinions Critique Category: No Response Category: No Perception Type: Not in my Backyard Racist: No Reasoning: The comment describes an observation of a homeless person sleeping in a public place and mentions a concern about where such individual"
reddit,158,B,0,0,"Comment Type: Express Their Opinion, Provide an Observation Critique Category: Government Critique Response Category: Solutions/Interventions Perception Type: None Racist: No Reasoning: The comment expresses an opinion about the effectiveness of certain rules and observes the impact on addiction and"
reddit,159,B,0,0,"Comment Type: Provide an Observation, Express Others' Opinions Critique Category: No Response Category: No Perception Type: Government Critique, Media Portrayal Racist: No Reasoning: The comment provides an observation about a perceived practice involving the movement of homeless individuals and men"
reddit,160,B,0,0,"Comment Type: Express Their Opinion, Provide an Observation, Provide a Fact or Claim Critique Category: No Response Category: Solutions/Interventions Perception Type: No Racist: No Reasoning: The comment expresses an opinion about shelters not allowing pets, provides an observation about available r"
reddit,161,B,0,0,"Comment Type: Express Their Opinion, Harmful Generalization Critique Category: None Response Category: None Perception Type: Media Portrayal, Harmful Generalization Racist: No Reasoning: The comment expresses an opinion about making a street enjoyable, which implicitly excludes homeless individuals."
reddit,162,B,0,0,"Comment Type: Express Their Opinion, Provide an Observation Critique Category: None Response Category: Solutions/Interventions Perception Type: Deserving/Undeserving Racist: No Reasoning: The comment expresses the speaker's opinion and observation about homelessness, suggesting that more support is "
reddit,163,B,0,0,"Comment Type: Express Their Opinion, Ask a Rhetorical Question Critique Category: Government Critique, Money Aid Allocation Response Category: No Response Category Applies Perception Type: No Perception Type Applies Racist: No Reasoning: The comment expresses an opinion about housing policies and as"
reddit,164,B,0,1,"Comment Type: Express Their Opinion, Ask a Rhetorical Question, Government Critique Critique Category: Government Critique Response Category: No Response Category Applies Perception Type: Harmful Generalization, Not in my Backyard Racist: No Reasoning: The comment expresses an opinion about a conser"
reddit,165,B,0,0,"Comment Type: Express Their Opinion, Provide a Fact or Claim, Government Critique Critique Category: Government Critique, Societal Critique Response Category: Solutions/Interventions Perception Type: Media Portrayal Racist: No Reasoning: The comment expresses an opinion about the long waitlists for "
reddit,166,B,0,0,"Comment Type: Provide an Observation, Express Their Opinion Critique Category: Government Critique Response Category: Solutions/Interventions Perception Type: None Racist: No Reasoning: The comment provides an observation about a government plan and expresses an opinion about the reasons behind an i"
reddit,167,B,0,0,"Comment Type: Express Their Opinion, Government Critique Critique Category: Government Critique Response Category: No Response Category Applies Perception Type: No Perception Type Applies Racist: No Reasoning: The comment expresses an opinion about a government organization's actions or inactions re"
reddit,168,B,0,0,"Comment Type: Express Their Opinion, Provide an Observation Critique Category: No Response Category: Solutions/Interventions Perception Type: No Racist: No Reasoning: The comment is an observation about the mission of an organization that serves homeless individuals, which is a factual statement abo"
reddit,169,B,0,0,"Comment Type: Express Their Opinion, Ask a Rhetorical Question Critique Category: None Response Category: None Perception Type: None Racist: No Reasoning: The comment expresses an opinion about creating memes and implies that the discussion about homelessness is superficial. It does not directly cri"
reddit,170,B,0,0,"Comment Type: Express Their Opinion, Provide an Observation Critique Category: Government Critique Response Category: Solutions/Interventions Perception Type: None Racist: No Reasoning: The comment expresses an opinion on fee structures for housing licenses and observes the impact of current interes"
reddit,171,B,0,0,"Comment Type: Express Their Opinion, Provide an Observation Critique Category: None Response Category: None Perception Type: Harmful Generalization Racist: No Reasoning: The comment expresses an opinion about the behavior of homeless individuals and the impact of their actions on the community. It a"
reddit,172,B,0,1,"Comment Type: Express Their Opinion, Provide an Observation Critique Category: Government Critique, Societal Critique Response Category: Solutions/Interventions Perception Type: Not in my Backyard Racist: No Reasoning: The comment expresses an opinion about a solution to homelessness, provides an ob"
reddit,173,B,0,0,"Comment Type: Provide a Fact or Claim, Provide an Observation Critique Category: Money Aid Allocation Response Category: Solutions/Interventions Perception Type: None Racist: No Reasoning: The comment provides factual information about the Point-in-Time Count, an observation about its limitations, a"
reddit,174,B,0,0,"Comment Type: Express Their Opinion, Provide an Observation Critique Category: Government Critique, Societal Critique Response Category: No Response Category Applies Perception Type: No Perception Type Applies Racist: No Reasoning: The comment expresses an opinion about the increase in homelessness "
reddit,175,B,1,1,"Comment Type: Express Their Opinion, Provide an Observation, Harmful Generalization Critique Category: None Response Category: None Perception Type: Not in my Backyard, Harmful Generalization Racist: No Reasoning: The comment expresses personal discomfort and safety concerns related to homelessness "
reddit,176,B,0,0,"Comment Type: Express Their Opinion, Provide an Observation Critique Category: Government Critique, Societal Critique Response Category: Solutions/Interventions Perception Type: None Racist: No Reasoning: The comment expresses an opinion on the causes of homelessness and suggests solutions, includin"
reddit,177,B,0,0,"Comment Type: Provide an Observation, Express Their Opinion Critique Category: No Response Category: No Perception Type: Media Portrayal Racist: No Reasoning: The comment is an observation about adding context and sharing a link, which implies the user is providing additional information or evidence"
reddit,178,B,0,0,"Comment Type: Express Their Opinion, Provide an Observation Critique Category: None Response Category: None Perception Type: Harmful Generalization Racist: No Reasoning: The comment expresses the speaker's personal experience and opinion about homelessness, observing that unhoused individuals are mo"
reddit,179,B,0,0,"Comment Type: Express Their Opinion, Provide an Observation Critique Category: No Response Category: No Perception Type: No Racist: No Reasoning: The comment expresses the speaker's personal experience with housing affordability issues, which is an observation. It does not critique any policies or s"
reddit,180,B,0,0,"Comment Type: Express Their Opinion, Provide an Observation Critique Category: None Response Category: Solutions/Interventions Perception Type: None Racist: No Reasoning: The comment suggests sending the homeless to a specific organization, which can be seen as an opinion and an observation about a "
reddit,181,B,0,1,"Comment Type: Express Their Opinion, Provide an Observation Critique Category: Government Critique, Societal Critique Response Category: No Response Category Applies Perception Type: Harmful Generalization, Not in my Backyard Racist: No Reasoning: The comment expresses an opinion about the housing m"
reddit,182,B,1,0,"Comment Type: Express Their Opinion, Provide an Observation, Critique Category: Societal Critique, Response Category: Solutions/Interventions, Perception Type: Harmful Generalization, Racist: No Reasoning: The commenter expresses their opinion and shares an observation about the situation, criticizi"
reddit,183,B,0,1,"Comment Type: Express Their Opinion, Government Critique, Societal Critique Critique Category: Government Critique, Societal Critique Response Category: No Perception Type: Harmful Generalization, Not in my Backyard Racist: No Reasoning: The comment expresses an opinion that homelessness is a proble"
reddit,184,B,1,1,"Comment Type: Express Their Opinion, Provide an Observation Critique Category: Societal Critique, Government Critique Response Category: Solutions/Interventions Perception Type: Not in my Backyard Racist: No Reasoning: The comment expresses the speaker's opinion about the local community's reaction "
reddit,185,B,0,0,"Comment Type: Express Their Opinion, Provide an Observation, Critique Category: Government Critique, Response Category: Solutions/Interventions, Perception Type: Harmful Generalization, Racist: No Reasoning: The commenter expresses their opinion on the criminalization of homelessness and provides an"
reddit,186,B,0,0,"Comment Type: Express Their Opinion, Provide an Observation Critique Category: Government Critique Response Category: Solutions/Interventions Perception Type: None Racist: No Reasoning: The comment expresses an opinion about the homeless camps and suggests solutions, such as more shelters or housing"
reddit,187,B,0,0,"Comment Type: Express Their Opinion, Provide an Observation Critique Category: Government Critique Response Category: Solutions/Interventions Perception Type: Harmful Generalization Racist: No Reasoning: The comment expresses an opinion about a mayor's actions and observes the consequences of those "
reddit,188,B,0,0,"Comment Type: Express Their Opinion, Provide an Observation Critique Category: No Response Category: Solutions/Interventions Perception Type: Deserving/Undeserving Racist: No Reasoning: The comment expresses the commenter's opinion on the definition of homelessness and provides an observation about "
reddit,189,B,0,0,"Comment Type: Express Their Opinion, Provide an Observation Critique Category: None Response Category: None Perception Type: Harmful Generalization Racist: No Reasoning: The comment expresses an opinion about homelessness and provides an observation about the behavior of homeless individuals. It als"
reddit,190,B,0,0,"Comment Type: Express Their Opinion, Provide an Observation Critique Category: No Response Category: No Perception Type: No Racist: No Reasoning: The comment expresses the user's observation about the increasing homeless population and mentions receiving downvotes, which is an opinion about the reac"
reddit,191,B,0,0,"Comment Type: Express Their Opinion, Express Others' Opinions Critique Category: None Response Category: None Perception Type: Harmful Generalization Racist: No Reasoning: The comment expresses an opinion about treating homeless individuals with respect and not as pests. It also references an observ"
reddit,192,B,0,0,"Comment Type: Express Their Opinion, Provide an Observation Critique Category: Government Critique Response Category: No Response Category Applies Perception Type: No Perception Type Applies Racist: No Reasoning: The comment expresses an opinion about the methodology of counting homelessness and pro"
reddit,193,B,0,0,"Comment Type: Express Their Opinion, Provide an Observation Critique Category: Government Critique, Societal Critique Response Category: No Response Category Applies Perception Type: No Perception Type Applies Racist: No Reasoning: The comment expresses an opinion about the housing crisis and its im"
reddit,194,B,0,0,"Comment Type: Express Their Opinion, Ask a Genuine Question, Provide an Observation Critique Category: Government Critique, Societal Critique Response Category: Solutions/Interventions Perception Type: Personal Interaction Racist: No Reasoning: The comment expresses an opinion about a specific issue"
reddit,195,B,0,0,"Comment Type: Express Their Opinion, Ask a Rhetorical Question, Government Critique Critique Category: Government Critique, Societal Critique Response Category: Solutions/Interventions Perception Type: None Racist: No Reasoning: The comment expresses an opinion about the inadequacy of certain soluti"
reddit,196,B,0,0,"Comment Type: Ask a Genuine Question, Provide a Fact or Claim Critique Category: Money Aid Allocation Response Category: No responses Perception Type: No perceptions expressed Racist: No Reasoning: The comment is asking about the current spending per homeless person, which is a factual question abou"
reddit,197,B,0,0,"Comment Type: Express Their Opinion, Provide an Observation Critique Category: None Response Category: Solutions/Interventions Perception Type: Harmful Generalization Racist: No Reasoning: The comment expresses an opinion about homelessness and provides an observation about abandoned camps. It does "
reddit,198,B,0,0,"Comment Type: Express Their Opinion, Provide an Observation Critique Category: Government Critique, Solutions/Interventions Response Category: Solutions/Interventions Perception Type: None Racist: No Reasoning: The comment expresses an opinion about building homes for the homeless and suggests a sol"
reddit,199,B,0,0,"Comment Type: Express Their Opinion, Government Critique Critique Category: Government Critique Response Category: No Response Category Applies Perception Type: No Perception Type Applies Racist: No Reasoning: The comment expresses an opinion that county taxes are causing the homeless epidemic, whic"
reddit,200,B,0,0,"Comment Type: Express Their Opinion, Provide an Observation Critique Category: No Response Category: Solutions/Interventions Perception Type: No Racist: No Reasoning: The comment expresses an opinion about a new organization working on homelessness and provides an observation about the types of serv"
reddit,201,B,0,1,"Comment Type: Express Their Opinion, Provide a Fact or Claim, Critique Category: Government Critique, Response Category: Solutions/Interventions, Perception Type: Not in my Backyard, Racist: No Reasoning: The comment expresses an opinion about the government's handling of homelessness, provides a fa"
reddit,202,B,0,1,"Comment Type: Express Their Opinion, Government Critique, Response Category: Solutions/Interventions, Perception Type: Not in my Backyard Critique Category: Government Critique, Money Aid Allocation Response Category: Solutions/Interventions Perception Type: Not in my Backyard Racist: No Reasoning: "
reddit,203,B,0,1,"Comment Type: Express Their Opinion, Provide an Observation Critique Category: No Response Category: No Perception Type: Not in my Backyard Racist: No Reasoning: The comment expresses the opinion that certain areas are not dangerous and provides an observation about the prevalence of homelessness in"
reddit,204,B,0,0,"Comment Type: Express Their Opinion, Provide an Observation Critique Category: None Response Category: None Perception Type: Harmful Generalization, Personal Interaction Racist: No Reasoning: The comment expresses the observer's opinion and provides an observation about a neighbor's behavior towards"
reddit,205,B,1,1,"Comment Type: Express Their Opinion, Provide an Observation Critique Category: Government Critique, Societal Critique Response Category: Solutions/Interventions Perception Type: Harmful Generalization, Not in my Backyard Racist: No Reasoning: The comment expresses an opinion on the challenges of man"
reddit,206,B,0,0,"Comment Type: Express Their Opinion, Provide an Observation Critique Category: Not Applicable Response Category: Not Applicable Perception Type: Harmful Generalization, Deserving/Undeserving Racist: No Reasoning: The comment expresses the observer's opinion and shares an observation about their pers"
reddit,207,B,0,0,"Comment Type: Express Their Opinion, Provide an Observation, Provide a Fact or Claim, Solutions/Interventions Critique Category: No Response Category: Yes Perception Type: No Racist: No Reasoning: The comment expresses the commenter's opinion about the difficult lives of homeless individuals and enc"
reddit,208,B,0,0,"Comment Type: Express Their Opinion, Provide an Observation, Critique Category: Societal Critique, Response Category: Solutions/Interventions, Perception Type: Harmful Generalization, Racist: No Reasoning: The comment expresses an opinion about the employment status of homeless individuals and provi"
reddit,209,B,0,0,"Comment Type: Express Their Opinion, Provide an Observation Critique Category: None Response Category: None Perception Type: Harmful Generalization Racist: No Reasoning: The comment expresses an opinion about a specific situation involving a homeless individual and makes a negative observation about"
reddit,210,B,0,0,"Comment Type: Express Their Opinion, Provide an Observation Critique Category: None Response Category: None Perception Type: Media Portrayal Racist: No Reasoning: The comment expresses an opinion about the need for bilingual materials and an observation about the distribution of resources. It does n"
reddit,211,B,0,1,"Comment Type: Express Their Opinion, Provide an Observation Critique Category: Government Critique, Societal Critique Response Category: No Response Category Applies Perception Type: Not in my Backyard Racist: No Reasoning: The comment expresses the speaker's opinion about the cost of housing in the"
reddit,212,B,0,1,"Comment Type: Express Their Opinion, Provide an Observation Critique Category: No Response Category: No Perception Type: Harmful Generalization, Not in my Backyard Racist: No Reasoning: The comment expresses an opinion about a commute and observations about crime and homelessness in a specific area."
reddit,213,B,0,0,"Comment Type: Express Their Opinion, Ask a Rhetorical Question Critique Category: Government Critique Response Category: No Response Category Applies Perception Type: No Perception Type Applies Racist: No Reasoning: The comment expresses an opinion about affordable housing and asks a rhetorical ques"
reddit,214,B,0,1,"Comment Type: Express Their Opinion, Provide an Observation Critique Category: No Response Category: Solutions/Interventions Perception Type: Harmful Generalization, Not in my Backyard Racist: No Reasoning: The comment expresses the author's opinion and provides an observation about a specific locat"
reddit,215,B,0,0,"Comment Type: Express Their Opinion, Ask a Genuine Question, Provide an Observation Critique Category: Societal Critique, Not in my Backyard Response Category: Solutions/Interventions Perception Type: Harmful Generalization Racist: No Reasoning: The comment expresses an opinion about traffic calming"
reddit,216,B,0,0,"Comment Type: Express Their Opinion, Provide an Observation Critique Category: Government Critique, Societal Critique Response Category: Solutions/Interventions Perception Type: Deserving/Undeserving, Personal Interaction Racist: No Reasoning: The comment expresses the author's opinion on the challe"
reddit,217,B,0,0,"Comment Type: Express Their Opinion, Government Critique Critique Category: Government Critique Response Category: Solutions/Interventions Perception Type: None Racist: No Reasoning: The comment expresses an opinion about making homelessness illegal and suggests a potential economic benefit, which i"
reddit,218,B,0,0,"Comment Type: Express Their Opinion, Provide an Observation Critique Category: Societal Critique Response Category: No Response Category Applies Perception Type: No Perception Type Applies Racist: No Reasoning: The comment expresses an observation about societal preferences for housing and does not "
reddit,219,B,0,1,"Comment Type: Express Opinion, Provide an Observation Critique Category: None Response Category: None Perception Type: Harmful Generalization, Not in my Backyard Racist: No Reasoning: The comment expresses an opinion about the safety of living in a certain area and mentions that homeless people are "
reddit,220,B,0,0,"Comment Type: Express Their Opinion, Provide an Observation Critique Category: Government Critique Response Category: Solutions/Interventions Perception Type: None Racist: No Reasoning: The comment expresses an opinion about the motivations behind a resolution and the actions of a specific organizat"
reddit,221,B,0,0,"Comment Type: Express Their Opinion, Provide an Observation Critique Category: Societal Critique Response Category: Solutions/Interventions Perception Type: None Racist: No Reasoning: The comment expresses an opinion on how to address homelessness by making cities undesirable for the homeless. It al"
reddit,222,B,0,0,"Comment Type: Provide an Observation, Express Their Opinion Critique Category: Government Critique, Money Aid Allocation Response Category: Solutions/Interventions Perception Type: None Racist: No Reasoning: The comment provides an observation about land prices and housing density, expresses an opin"
reddit,223,B,0,1,"Comment Type: Express Their Opinion, Provide an Observation Critique Category: Not Applicable Response Category: Not Applicable Perception Type: Not in my Backyard Racist: No Reasoning: The comment expresses the speaker's opinion about living in an area with a high homeless population and traffic is"
reddit,224,B,0,0,"Comment Type: Express Their Opinion, Provide an Observation, Government Critique, Response Category: Solutions/Interventions, Perception Type: None, Racist: No Reasoning: The comment expresses the author's opinion on the housing resolutions, provides an observation about the efforts made by the orga"
reddit,225,B,1,0,"Comment Type: Express Their Opinion, Provide an Observation, Ask a Rhetorical Question Critique Category: Government Critique, Societal Critique Response Category: Solutions/Interventions Perception Type: Harmful Generalization, Deserving/Undeserving Racist: No Reasoning: The comment expresses an op"
reddit,226,B,0,0,"Comment Type: Express Their Opinion, Provide an Observation Critique Category: No Response Category: No Perception Type: Personal Interaction Racist: No Reasoning: The comment expresses an observation about the prevalence of homelessness and suggests ways to verify this observation. It does not cont"
reddit,227,B,0,1,"Comment Type: Express Their Opinion, Provide an Observation Critique Category: Not Applicable Response Category: Solutions/Interventions Perception Type: Not in my Backyard Racist: No Reasoning: The comment expresses the speaker's opinion about the impact of chain retail and restaurants on the commu"
reddit,228,B,0,0,"Comment Type: Express Their Opinion, Ask a Genuine Question Critique Category: Government Critique Response Category: Solutions/Interventions Perception Type: None Racist: No Reasoning: The comment is asking about the impact of plans on homelessness, which is an expression of opinion and a genuine q"
reddit,229,B,0,0,"Comment Type: Express Their Opinion, Provide an Observation Critique Category: No Response Category: Solutions/Interventions Perception Type: No Racist: No Reasoning: The comment expresses an opinion about the organizations providing soup kitchens and suggests that they will need help. It does not c"
reddit,230,B,0,0,"Comment Type: Provide an Observation, Express Others' Opinions Critique Category: No Response Category: No Perception Type: Media Portrayal Racist: No Reasoning: The comment describes an observation of homeless camps with a positive aspect (breath-taking view) and implies that others might have simi"
reddit,231,B,0,0,"Comment Type: Express Their Opinion, Provide an Observation Critique Category: Government Critique Response Category: Solutions/Interventions Perception Type: None Racist: No Reasoning: The comment expresses an opinion about a political organization's stance on housing insecurity and observes that t"
reddit,232,B,0,0,"Comment Type: Express Their Opinion, Provide an Observation, Government Critique Critique Category: Government Critique Response Category: Solutions/Interventions Perception Type: None Racist: No Reasoning: The comment expresses an opinion about the need for policy changes, provides an observation a"
reddit,233,B,0,0,"Comment Type: Express Their Opinion, Provide an Observation Critique Category: Societal Critique Response Category: No Response Category Applies Perception Type: No Perception Type Applies Racist: No Reasoning: The comment expresses an observation about the potential displacement of long-term reside"
reddit,234,B,0,0,"Comment Type: Express Their Opinion, Provide an Observation, Government Critique Critique Category: Government Critique Response Category: No Response Category Applies Perception Type: No Perception Type Applies Racist: No Reasoning: The comment expresses an opinion about the city council's decision"
reddit,235,B,0,0,"Comment Type: Express Their Opinion, Provide an Observation, Government Critique, Societal Critique Critique Category: Government Critique, Societal Critique Response Category: Solutions/Interventions Perception Type: None Racist: No Reasoning: The comment expresses the commenter's opinion on econom"
reddit,236,B,0,0,"Comment Type: Provide an Observation, Express Their Opinion Critique Category: No Response Category: No Perception Type: Personal Interaction Racist: No Reasoning: The comment provides an observation about living in a certain area and expresses an opinion about the experiences with homelessness. It "
reddit,237,B,0,0,"Comment Type: Express Their Opinion, Provide an Observation, Deserving/Undeserving Critique Category: None Response Category: Solutions/Interventions Perception Type: Personal Interaction, Deserving/Undeserving Racist: No Reasoning: The comment expresses the observer's personal experiences and opini"
reddit,238,B,0,0,"Comment Type: Express Their Opinion, Government Critique Critique Category: Government Critique Response Category: No Response Category Perception Type: No Perception Type Racist: No Reasoning: The comment expresses an opinion about a voter's decision to obstruct a certain organization, which is see"
reddit,239,B,0,0,"Comment Type: Express Their Opinion, Provide an Observation Critique Category: Money Aid Allocation Response Category: No Response Category Applies Perception Type: No Perception Type Applies Racist: No Reasoning: The comment expresses an opinion about affordable housing and observes a trend in hous"
reddit,240,B,0,0,"Comment Type: Express Their Opinion, Provide an Observation Critique Category: Government Critique Response Category: Solutions/Interventions Perception Type: None Racist: No Reasoning: The comment expresses an opinion about urban planning and its impact on homelessness, provides an observation abou"
reddit,241,B,0,0,"Comment Type: Express Their Opinion, Provide an Observation Critique Category: None Response Category: None Perception Type: Harmful Generalization, Personal Interaction Racist: No Reasoning: The comment expresses an opinion about homeless individuals harassing people and provides an observation bas"
reddit,242,B,0,0,"Comment Type: Express Their Opinion, Provide a Fact or Claim Critique Category: Government Critique Response Category: No Response Category Applies Perception Type: No Perception Type Applies Racist: No Reasoning: The comment expresses an opinion about a perceived requirement for employment document"
reddit,243,B,0,0,"Comment Type: Express Their Opinion, Provide an Observation Critique Category: Government Critique Response Category: Solutions/Interventions Perception Type: None Racist: No Reasoning: The comment expresses an opinion about a city's approach to homelessness and provides an observation about the cos"
reddit,244,B,0,0,"Comment Type: Express Their Opinion, Provide an Observation, Provide a Fact or Claim Critique Category: No Response Category: Solutions/Interventions Perception Type: No Racist: No Reasoning: The comment suggests checking out a specific homeless center and mentions programs available, which is an ob"
reddit,245,B,1,1,"Comment Type: Provide an Observation, Express Their Opinion Critique Category: No Response Category: Solutions/Interventions Perception Type: Harmful Generalization, Not in my Backyard Racist: No Reasoning: The comment provides an observation about the increase in homelessness in the area and expres"
reddit,246,B,0,0,"Comment Type: Express Others' Opinions, Provide an Observation Critique Category: No Response Category: No Perception Type: No Racist: No Reasoning: The comment is an observation about a housing crisis affecting multiple individuals, without expressing an opinion, asking a question, or making a crit"
reddit,247,B,0,0,"Comment Type: Express Their Opinion, Provide an Observation, Government Critique, Response Category: Solutions/Interventions Critique Category: Government Critique, Money Aid Allocation Response Category: Solutions/Interventions Perception Type: None Racist: No Reasoning: The comment expresses an op"
reddit,248,B,0,1,"Comment Type: Provide an Observation, Express Their Opinion Critique Category: No Response Category: Solutions/Interventions Perception Type: Personal Interaction, Not in my Backyard Racist: No Reasoning: The comment provides an observation about the location of homeless shelters and the safety conc"
reddit,249,B,0,0,"Comment Type: Express Their Opinion, Ask a Genuine Question Critique Category: Government Critique Response Category: No Response Category Applies Perception Type: No Perception Type Applies Racist: No Reasoning: The comment expresses an opinion about the housing crisis and asks a genuine question a"
reddit,250,B,0,0,"Comment Type: Express Their Opinion, Provide an Observation Critique Category: No Response Category: No Perception Type: No Racist: No Reasoning: The comment appears to be a jumbled phrase without a clear opinion or observation about homelessness. It does not express an opinion, ask a question, desc"
reddit,251,B,0,0,"Comment Type: Express Their Opinion, Provide a Fact or Claim Critique Category: Government Critique Response Category: No Response Category Applies Perception Type: No Perception Type Applies Racist: No Reasoning: The comment expresses an opinion about the source of homelessness, specifically mentio"
reddit,252,B,0,0,"Comment Type: Express Their Opinion, Provide an Observation Critique Category: Government Critique Response Category: No Response Category Applies Perception Type: Media Portrayal Racist: No Reasoning: The comment expresses an opinion about a government action and provides an observation about the s"
reddit,253,B,0,0,"Comment Type: Provide an Observation, Express Their Opinion Critique Category: No Response Category: No Perception Type: Personal Interaction Racist: No Reasoning: The comment provides an observation about homelessness in the area and shares a personal experience with it. There is no indication of g"
reddit,254,B,0,0,"Comment Type: Express Their Opinion, Provide a Solution/Intervention Critique Category: Government Critique Response Category: Solutions/Interventions Perception Type: None Racist: No Reasoning: The comment expresses an opinion on government policy and suggests solutions, such as building state hous"
reddit,255,B,0,1,"Comment Type: Express Their Opinion, Provide an Observation, Government Critique, Societal Critique, Harmful Generalization, Deserving/Undeserving, Not in my Backyard Critique Category: Government Critique, Societal Critique Response Category: Solutions/Interventions Perception Type: Harmful General"
reddit,256,B,0,0,"Comment Type: Express Their Opinion, Ask a Rhetorical Question Critique Category: Societal Critique Response Category: No Responses Perception Type: Harmful Generalization Racist: No Reasoning: The comment expresses the speaker's opinion about the nature of the comments in the thread and asks a rhet"
reddit,257,B,0,0,"Comment Type: Express Their Opinion, Provide a Fact or Claim Critique Category: None Response Category: None Perception Type: Harmful Generalization Racist: Yes Reasoning: The comment makes a comparison between Latino and black homelessness, implying a negative stereotype about black homelessness be"
reddit,258,B,0,0,"Comment Type: Express Others' Opinions, Provide an Observation Critique Category: None Response Category: None Perception Type: Harmful Generalization, Media Portrayal Racist: Yes Reasoning: The comment makes observations about the racial composition of homeless populations and suggests a correlatio"
reddit,259,B,1,0,"Comment Type: Express Their Opinion, Provide an Observation, Ask a Genuine Question Critique Category: Societal Critique, Government Critique Response Category: Solutions/Interventions Perception Type: Harmful Generalization, Personal Interaction Racist: No Reasoning: The comment expresses the speak"
reddit,260,B,1,1,"Comment Type: Express Their Opinion, Provide an Observation, Ask a Rhetorical Question Critique Category: Societal Critique, Government Critique Response Category: Solutions/Interventions Perception Type: Harmful Generalization, Not in my Backyard Racist: No Reasoning: The comment expresses an opini"
reddit,261,B,0,0,"Comment Type: Express Their Opinion, Ask a Rhetorical Question, Provide an Observation Critique Category: Government Critique, Societal Critique Response Category: No Response Category Perception Type: Media Portrayal, Deserving/Undeserving Racist: No Reasoning: The comment expresses an opinion abou"
reddit,262,B,0,0,"Comment Type: Express Their Opinion, Provide an Observation Critique Category: Societal Critique Response Category: No Response Category Applies Perception Type: Harmful Generalization, Personal Interaction Racist: No Reasoning: The comment expresses an opinion about people's attitudes towards homel"
reddit,263,B,0,0,"Comment Type: Express Their Opinion, Provide a Fact or Claim Critique Category: Government Critique Response Category: No Response Category Applies Perception Type: No Perception Type Applies Racist: No Reasoning: The comment expresses an opinion about government spending and provides a fact or clai"
reddit,264,B,0,0,"Comment Type: Express Their Opinion, Provide an Observation Critique Category: Government Critique Response Category: Solutions/Interventions Perception Type: Deserving/Undeserving Racist: No Reasoning: The comment expresses an opinion that resources should be allocated differently and observes the "
reddit,265,B,0,0,"Comment Type: Express Their Opinion, Provide an Observation Critique Category: No Response Category: No Perception Type: No Racist: No Reasoning: The comment expresses an opinion about the effectiveness of certain interventions or approaches to homelessness, and provides an observation about the beh"
reddit,266,B,0,0,"Comment Type: Express Their Opinion, Provide an Observation, Critique Category: Government Critique, Response Category: Solutions/Interventions, Perception Type: Deserving/Undeserving, Racist: No Reasoning: The commenter expresses their opinion about the effectiveness of public services in helping h"
reddit,267,B,0,0,"Comment Type: Express Their Opinion, Provide an Observation, Government Critique, Societal Critique Critique Category: Government Critique, Societal Critique Response Category: Solutions/Interventions Perception Type: Media Portrayal, Deserving/Undeserving Racist: No Reasoning: The comment expresses"
reddit,268,B,0,0,"Comment Type: Express Their Opinion, Provide a Fact or Claim, Government Critique Critique Category: Government Critique, Money Aid Allocation Response Category: No Perception Type: No Racist: No Reasoning: The comment expresses an opinion about government spending and aid distribution, specifically"
reddit,269,B,0,1,"Comment Type: Express Their Opinion, Provide an Observation Critique Category: Government Critique, Societal Critique Response Category: Solutions/Interventions Perception Type: Harmful Generalization, Not in my Backyard Racist: No Reasoning: The comment expresses personal opinion and observation ab"
reddit,270,B,0,0,"Comment Type: Express Their Opinion, Provide an Observation Critique Category: Government Critique, Societal Critique Response Category: Solutions/Interventions Perception Type: None Racist: No Reasoning: The comment expresses an opinion that addressing the housing crisis is crucial for solving home"
reddit,271,B,0,0,"Comment Type: Express Their Opinion, Provide a Fact or Claim Critique Category: Government Critique Response Category: No Response Category Applies Perception Type: No Perception Type Applies Racist: No Reasoning: The comment is a statement about an organization entering a conversation, which could "
reddit,272,B,0,0,"Comment Type: Express Their Opinion, Provide an Observation Critique Category: None Response Category: Solutions/Interventions Perception Type: Harmful Generalization, Personal Interaction Racist: No Reasoning: The comment expresses the observer's opinion and shares an observation about a specific i"
reddit,273,B,0,0,"Comment Type: Express Their Opinion, Critique Category: Government Critique, Response Category: No Response, Perception Type: Harmful Generalization, Racist: No Reasoning: The comment expresses an opinion about the effectiveness of government spending on homelessness and makes a critical statement a"
reddit,274,B,0,0,"Comment Type: Express Their Opinion, Provide an Observation, Solutions/Interventions Critique Category: Government Critique, Societal Critique Response Category: Solutions/Interventions Perception Type: Deserving/Undeserving Racist: No Reasoning: The comment expresses an opinion on decriminalizing h"
reddit,275,B,0,0,"Comment Type: Express Their Opinion, Provide an Observation Critique Category: No Response Category: No Perception Type: No Racist: No Reasoning: The comment expresses an opinion about the impact of weather on homelessness and provides an observation about the origins of homelessness in the area. It"
reddit,276,B,0,0,"Comment Type: Provide an Observation Critique Category: No Response Category: No Perception Type: No Racist: No Reasoning: The comment is simply providing an observation about an old account from an organization and noting that they have stopped posting. There is no indication of a critique, respons"
reddit,277,B,0,0,"Comment Type: Express Their Opinion, Ask a Rhetorical Question Critique Category: Government Critique, Societal Critique Response Category: No Response Category Applies Perception Type: Harmful Generalization Racist: No Reasoning: The comment expresses the speaker's opinion about the community's res"
reddit,278,B,0,0,"Comment Type: Express Their Opinion, Ask a Rhetorical Question Critique Category: Societal Critique Response Category: No Response Category Applies Perception Type: Deserving/Undeserving Racist: No Reasoning: The comment expresses an opinion about homeless individuals and questions the reader's worl"
reddit,279,B,0,0,"Comment Type: Express Their Opinion, Government Critique, Money Aid Allocation Critique Category: Government Critique, Money Aid Allocation Response Category: Solutions/Interventions Perception Type: None Racist: No Reasoning: The comment expresses an opinion about the allocation of housing resource"
reddit,280,B,0,0,"Comment Type: Express Their Opinion, Ask a Rhetorical Question Critique Category: Money Aid Allocation Response Category: No Response Category Applies Perception Type: No Perception Type Applies Racist: No Reasoning: The comment expresses an opinion about the budget allocation for homelessness and a"
reddit,281,B,0,0,"Comment Type: Express Their Opinion, Provide an Observation, Provide a Fact or Claim Critique Category: Government Critique, Money Aid Allocation Response Category: Solutions/Interventions Perception Type: None Racist: No Reasoning: The comment expresses an opinion on current government policies and"
reddit,282,B,0,1,"Comment Type: Express Their Opinion, Ask a Rhetorical Question, Provide an Observation Critique Category: Government Critique, Societal Critique Response Category: Solutions/Interventions Perception Type: Not in my Backyard Racist: No Reasoning: The comment expresses an opinion about the homelessnes"
reddit,283,B,0,0,"Comment Type: Express Their Opinion, Ask a Rhetorical Question Critique Category: Money Aid Allocation Response Category: No Response Category Applies Perception Type: No Perception Type Applies Racist: No Reasoning: The comment expresses an opinion about the cost of a hotel for homeless individuals"
reddit,284,B,0,0,"Comment Type: Express Their Opinion, Government Critique Critique Category: Government Critique Response Category: No Response Category Perception Type: No Perception Type Racist: No Reasoning: The comment expresses an opinion about government assistance and the potential for it to transition to sys"
reddit,285,B,0,0,"Comment Type: Express Their Opinion, Provide an Observation, Critique Category: Societal Critique, Response Category: Solutions/Interventions, Perception Type: Harmful Generalization, Racist: No Reasoning: The commenter expresses their opinion about the state of the neighborhood and criticizes socie"
reddit,286,B,0,0,"Comment Type: Express Their Opinion, Provide a Fact or Claim Critique Category: Government Critique Response Category: Solutions/Interventions Perception Type: None Racist: No Reasoning: The comment expresses an opinion on housing policy and provides a fact about vacancy taxes. It also suggests a so"
reddit,287,B,0,1,"Comment Type: Express Their Opinion, Government Critique, Societal Critique Critique Category: Government Critique, Societal Critique Response Category: Solutions/Interventions Perception Type: Not in my Backyard Racist: No Reasoning: The comment expresses the speaker's opinion about the district's "
reddit,288,B,0,0,"Comment Type: Express Their Opinion, Provide an Observation Critique Category: Government Critique, Societal Critique Response Category: No Response Category Applies Perception Type: No Perception Type Applies Racist: No Reasoning: The comment expresses an opinion about the wealth gap and the concep"
reddit,289,B,0,0,"Comment Type: Express Others' Opinions, Provide an Observation Critique Category: No Response Category: No Perception Type: Deserving/Undeserving Racist: No Reasoning: The comment is an observation about the nature of homelessness, suggesting that the situation hasn't changed but the circumstances o"
reddit,290,B,0,1,"Comment Type: Express Their Opinion, Provide an Observation Critique Category: No Response Category: Solutions/Interventions Perception Type: Not in my Backyard Racist: No Reasoning: The comment expresses the observer's personal experience and opinion about delivering food to homeless individuals an"
reddit,291,B,0,0,"Comment Type: Express Their Opinion, Ask a Rhetorical Question Critique Category: None Response Category: None Perception Type: Media Portrayal Racist: No Reasoning: The comment expresses an opinion about the term ""unhoused"" and asks a rhetorical question about its use. It also mentions that the ter"
reddit,292,B,0,0,"Comment Type: Express Their Opinion, Harmful Generalization Critique Category: None Response Category: None Perception Type: Harmful Generalization Racist: No Reasoning: The comment expresses an opinion about the differences between a college roommate and a homeless person, and it makes a harmful ge"
reddit,293,B,0,0,"Comment Type: Express Their Opinion, Provide an Observation Critique Category: Societal Critique Response Category: No Response Category Applies Perception Type: Harmful Generalization Racist: No Reasoning: The comment expresses an opinion that homelessness is caused by mental health and drug issues"
reddit,294,B,0,0,"Comment Type: Express Their Opinion, Ask a Rhetorical Question Critique Category: Societal Critique Response Category: Solutions/Interventions Perception Type: None Racist: No Reasoning: The comment expresses an opinion about the relationship between homelessness, drugs, and mental illness. It also "
reddit,295,B,0,0,"Comment Type: Express Their Opinion, Harmful Generalization Critique Category: None Response Category: None Perception Type: Harmful Generalization Racist: No Reasoning: The comment expresses a negative opinion about homeless individuals but does not contain explicit or implicit racial bias. It gene"
reddit,296,B,0,0,"Comment Type: Express Their Opinion, Express Others' Opinions Critique Category: None Response Category: None Perception Type: Harmful Generalization Racist: No Reasoning: The comment expresses an opinion about a post being biased against homeless people and references a personal experience to suppo"
reddit,297,B,0,0,"Comment Type: Express Their Opinion, Provide a Fact or Claim Critique Category: Government Critique, Societal Critique Response Category: No Response Category Applies Perception Type: No Perception Type Applies Racist: No Reasoning: The comment expresses an opinion about the data related to homeless"
reddit,298,B,0,0,"Comment Type: Express Their Opinion, Provide an Observation Critique Category: None Response Category: None Perception Type: None Racist: No Reasoning: The comment expresses an opinion about the causes of homelessness and provides an observation about the correlation between housing costs and homele"
reddit,299,B,0,0,"Comment Type: Express Others' Opinions, Provide an Observation Critique Category: None Response Category: Solutions/Interventions Perception Type: Harmful Generalization, Personal Interaction Racist: No Reasoning: The comment expresses the speaker's observations and opinions about homeless individua"
reddit,300,B,0,0,"Comment Type: Express Their Opinion, Provide an Observation Critique Category: Societal Critique Response Category: No Response Category Applies Perception Type: No Perception Type Applies Racist: No Reasoning: The comment expresses an opinion about how society should view homeless individuals, sugg"
reddit,301,B,0,0,"Comment Type: Express Their Opinion, Provide an Observation Critique Category: None Response Category: None Perception Type: Harmful Generalization Racist: No Reasoning: The comment expresses an opinion and provides an observation about homeless individuals, suggesting they are uninhibited and possi"
reddit,302,B,0,0,"Comment Type: Express Their Opinion, Provide an Observation Critique Category: None Response Category: Solutions/Interventions Perception Type: Deserving/Undeserving, Media Portrayal Racist: No Reasoning: The comment expresses an opinion about the choices of unhoused individuals and suggests a form "
reddit,303,B,0,0,"Comment Type: Express Their Opinion, Provide an Observation Critique Category: Government Critique, Societal Critique Response Category: Solutions/Interventions Perception Type: Harmful Generalization, Deserving/Undeserving Racist: No Reasoning: The comment expresses personal opinions and observatio"
reddit,304,B,0,0,"Comment Type: Express Their Opinion, Provide an Observation Critique Category: Government Critique Response Category: Solutions/Interventions Perception Type: None Racist: No Reasoning: The comment expresses an opinion about not wanting to copy policies from other organizations or individuals, provi"
reddit,305,B,0,1,"Comment Type: Express Their Opinion, Provide an Observation Critique Category: Government Critique, Societal Critique Response Category: Solutions/Interventions Perception Type: Harmful Generalization, Not in my Backyard Racist: No Reasoning: The comment expresses an opinion about government respons"
reddit,306,B,0,0,"Comment Type: Express Their Opinion, Ask a Genuine Question Critique Category: No Response Category: No Perception Type: No Racist: No Reasoning: The comment expresses an opinion about the differences in homelessness numbers between cities and asks a genuine question about the reasons behind these d"
reddit,307,B,0,0,"Comment Type: Express Their Opinion, Provide an Observation Critique Category: None Response Category: None Perception Type: Harmful Generalization Racist: No Reasoning: The comment expresses an opinion and provides an observation about the negative consequences of homelessness, such as high hospita"
reddit,308,B,0,0,"Comment Type: Express Their Opinion, Provide an Observation Critique Category: Societal Critique Response Category: Solutions/Interventions Perception Type: Deserving/Undeserving Racist: No Reasoning: The commenter expresses their opinion about the nature of homelessness and suggests that most homel"
reddit,309,B,0,0,"Comment Type: Express Their Opinion, Provide an Observation, Government Critique, Response Category: Solutions/Interventions, Perception Type: Harmful Generalization, Racist: No Reasoning: The comment expresses an opinion on the enforcement of camping bans, questions the enforcement method, and prov"
reddit,310,B,0,0,"Comment Type: Express Their Opinion, Government Critique, Societal Critique, Provide a Fact or Claim Critique Category: Government Critique, Societal Critique Response Category: Solutions/Interventions Perception Type: Harmful Generalization, Personal Interaction Racist: No Reasoning: The comment ex"
reddit,311,B,0,0,"Comment Type: Express Their Opinion, Provide an Observation, Government Critique Critique Category: Government Critique Response Category: Solutions/Interventions Perception Type: None Racist: No Reasoning: The comment expresses an opinion about the cost-effectiveness of providing housing for homele"
reddit,312,B,0,1,"Comment Type: Express Their Opinion, Provide an Observation Critique Category: Money Aid Allocation Response Category: Solutions/Interventions Perception Type: Not in my Backyard Racist: No Reasoning: The comment expresses an opinion on a specific issue related to homelessness, which is the lack of "
reddit,313,B,0,0,"Comment Type: Express Their Opinion, Critique Category: Societal Critique, Response Category: None, Perception Type: Harmful Generalization, Racist: No Reasoning: The comment expresses the speaker's opinion about societal attitudes towards homelessness and poverty. It criticizes the broader societal"
reddit,314,B,0,1,"Comment Type: Express Their Opinion, Provide an Observation, Government Critique, Societal Critique, Money Aid Allocation Critique Category: Government Critique, Societal Critique, Money Aid Allocation Response Category: Solutions/Interventions Perception Type: Harmful Generalization, Not in my Back"
reddit,315,B,0,0,"Comment Type: Express Their Opinion, Ask a Rhetorical Question Critique Category: Government Critique, Societal Critique Response Category: Solutions/Interventions Perception Type: Deserving/Undeserving Racist: No Reasoning: The comment expresses the commenter's opinion and asks a rhetorical questio"
reddit,316,B,1,1,"Comment Type: Express Their Opinion, Government Critique, Societal Critique, Money Aid Allocation Critique Category: Government Critique, Societal Critique, Money Aid Allocation Response Category: Solutions/Interventions Perception Type: Harmful Generalization, Not in my Backyard Racist: No Reasonin"
reddit,317,B,0,0,"Comment Type: Provide a Fact or Claim, Express Their Opinion Critique Category: Money Aid Allocation Response Category: No Response Category Applies Perception Type: No Perception Type Applies Racist: No Reasoning: The comment provides a factual calculation about the allocation of funds for homeless"
reddit,318,B,0,0,"Comment Type: Express Their Opinion, Provide an Observation Critique Category: Government Critique Response Category: No Response Category Applies Perception Type: No Perception Type Applies Racist: No Reasoning: The comment is expressing an opinion about the counting methods used for homelessness a"
reddit,319,B,0,1,"Comment Type: Express Their Opinion, Government Critique, Societal Critique Critique Category: Government Critique, Societal Critique Response Category: Solutions/Interventions Perception Type: Harmful Generalization, Not in my Backyard Racist: No Reasoning: The comment expresses an opinion about th"
reddit,320,B,0,0,"Comment Type: Express Their Opinion, Ask a Genuine Question Critique Category: Societal Critique Response Category: None Perception Type: Deserving/Undeserving Racist: No Reasoning: The comment expresses an opinion about the responsibility of homeless individuals and asks a genuine question about th"
reddit,321,B,0,0,"Comment Type: Express Their Opinion, Provide a Fact or Claim Critique Category: Government Critique Response Category: No Response Category Applies Perception Type: No Perception Type Applies Racist: No Reasoning: The comment expresses an opinion about the city's spending on clearing homeless camps "
reddit,322,B,0,0,"Comment Type: Express Their Opinion, Provide an Observation Critique Category: Government Critique Response Category: Solutions/Interventions Perception Type: None Racist: No Reasoning: The comment expresses an opinion about the feasibility of criminalizing homelessness and suggests a solution invol"
reddit,323,B,0,0,"Comment Type: Express Their Opinion, Ask a Genuine Question Critique Category: Government Critique Response Category: Solutions/Interventions Perception Type: None Racist: No Reasoning: The comment expresses an opinion about the need to give a homelessness measure enough time to assess its impact. I"
reddit,324,B,0,0,"Comment Type: Express Their Opinion, Provide an Observation, Government Critique, Societal Critique Critique Category: Government Critique, Societal Critique Response Category: Solutions/Interventions Perception Type: Harmful Generalization Racist: No Reasoning: The comment expresses an opinion abou"
reddit,325,B,0,0,"Comment Type: Express Their Opinion, Provide an Observation Critique Category: Government Critique Response Category: No Response Category Perception Type: No Perception Type Racist: No Reasoning: The comment expresses an opinion about a housing development and clarifies the process of how developme"
reddit,326,B,0,0,"Comment Type: Express Their Opinion, Provide a Fact or Claim, Government Critique Critique Category: Government Critique Response Category: Solutions/Interventions Perception Type: None Racist: No Reasoning: The comment expresses an opinion on tax policy and its potential impact on housing affordabi"
reddit,327,B,0,0,"Comment Type: Express Their Opinion, Provide an Observation Critique Category: Societal Critique Response Category: No Response Category Applies Perception Type: Harmful Generalization Racist: No Reasoning: The comment expresses an opinion about a perceived charitable overindulgence by an organizati"
reddit,328,B,0,1,"Comment Type: Express Their Opinion, Ask a Rhetorical Question Critique Category: Government Critique, Societal Critique Response Category: No Response Category Applies Perception Type: Not in my Backyard Racist: No Reasoning: The comment expresses an opinion about the subreddit's name and implies t"
reddit,329,B,0,0,"Comment Type: Express Their Opinion, Provide an Observation, Critique Category: Societal Critique, Response Category: Solutions/Interventions, Perception Type: Deserving/Undeserving, Racist: No Reasoning: The comment expresses an opinion on the treatment of homeless parents and their children, obser"
reddit,330,B,0,0,"Comment Type: Express Their Opinion, Provide an Observation Critique Category: Government Critique, Societal Critique Response Category: Solutions/Interventions Perception Type: Media Portrayal, Harmful Generalization Racist: No Reasoning: The comment expresses an opinion on the current garbage coll"
reddit,331,B,0,0,"Comment Type: Express Their Opinion, Ask a Rhetorical Question Critique Category: Government Critique Response Category: Solutions/Interventions Perception Type: None Racist: No Reasoning: The comment expresses an opinion about a potential solution to homelessness and asks a rhetorical question abou"
reddit,332,B,0,0,"Comment Type: Express Their Opinion, Provide an Observation Critique Category: None Response Category: None Perception Type: None Racist: No Reasoning: The comment expresses the observer's opinion about the severity of homelessness in a specific location and speculates about a potential cause. It do"
reddit,333,B,0,0,"Comment Type: Express Their Opinion, Provide a Fact or Claim Critique Category: Government Critique Response Category: Solutions/Interventions Perception Type: None Racist: No Reasoning: The comment expresses an opinion about the private market's unwillingness to house the homeless and provides a fa"
reddit,334,B,0,0,"Comment Type: Express Their Opinion, Provide an Observation Critique Category: Government Critique, Societal Critique Response Category: No Response Category Applies Perception Type: No Perception Type Applies Racist: No Reasoning: The comment expresses an opinion about the housing market and observ"
reddit,335,B,0,0,"Comment Type: Express Their Opinion, Provide an Observation Critique Category: Government Critique, Societal Critique Response Category: None Perception Type: Harmful Generalization, Media Portrayal Racist: No Reasoning: The comment expresses the speaker's opinion about the differences in homelessne"
reddit,336,B,0,0,"Comment Type: Express Their Opinion, Express Others' Opinions Critique Category: None Response Category: None Perception Type: Harmful Generalization Racist: No Reasoning: The comment expresses an opinion about the concept of using jail as a solution for homelessness and references the idea of digni"
reddit,337,B,0,0,"Comment Type: Express Their Opinion, Ask a Rhetorical Question Critique Category: Government Critique Response Category: Solutions/Interventions Perception Type: None Racist: No Reasoning: The comment expresses an opinion and asks a rhetorical question about a potential solution to homelessness, whi"
reddit,338,B,0,0,"Comment Type: Express Their Opinion, Harmful Generalization Critique Category: No Response Category: No Perception Type: Harmful Generalization Racist: Yes Reasoning: The comment contains an explicit racial stereotype by referring to ""street racers"" and ""homeless"" as a group that is ""untouchable,"" w"
reddit,339,B,0,0,"Comment Type: Express Their Opinion, Provide a Fact or Claim, Critique Category: Government Critique, Societal Critique, Response Category: Solutions/Interventions, Perception Type: Harmful Generalization, Racist: No Reasoning: The comment expresses an opinion on the solution to homelessness, provid"
reddit,340,B,0,0,"Comment Type: Express Their Opinion, Provide an Observation Critique Category: None Response Category: None Perception Type: Harmful Generalization Racist: No Reasoning: The comment makes a generalization about squatters, describing them as potentially being ""dicks or junkies,"" which is a harmful st"
reddit,341,B,0,0,"Comment Type: Express Their Opinion, Government Critique, Solutions/Interventions Critique Category: Government Critique, Societal Critique Response Category: Solutions/Interventions Perception Type: Harmful Generalization, Deserving/Undeserving Racist: No Reasoning: The comment expresses an opinion"
reddit,342,B,0,0,"Comment Type: Express Their Opinion, Provide an Observation Critique Category: Societal Critique Response Category: Solutions/Interventions Perception Type: Harmful Generalization, Personal Interaction Racist: No Reasoning: The comment expresses the opinion that increased law enforcement is desired "
reddit,343,B,0,0,"Comment Type: Express Their Opinion, Provide an Observation Critique Category: None Response Category: None Perception Type: None Racist: No Reasoning: The comment expresses an opinion about the consequences of a business failing and compares it to the situation of homelessness. It does not critique"
reddit,344,B,0,0,"Comment Type: Express Their Opinion, Provide an Observation Critique Category: Societal Critique Response Category: No Response Category Applies Perception Type: Harmful Generalization, Deserving/Undeserving Racist: No Reasoning: The comment expresses an opinion about the causes of homelessness and "
reddit,345,B,0,0,"Comment Type: Express Their Opinion, Provide an Observation, Government Critique Critique Category: Government Critique Response Category: No Response Category Applies Perception Type: No Perception Type Applies Racist: No Reasoning: The comment expresses an opinion about the use of tax dollars for "
reddit,346,B,0,0,"Comment Type: Express Their Opinion, Provide an Observation Critique Category: Government Critique Response Category: No Response Category Applies Perception Type: No Perception Type Applies Racist: No Reasoning: The comment expresses an opinion about involuntary commitment for individuals with seve"
reddit,347,B,1,1,"Comment Type: Express Their Opinion, Government Critique, Societal Critique Critique Category: Government Critique, Societal Critique Response Category: Solutions/Interventions Perception Type: Not in my Backyard Racist: No Reasoning: The comment expresses an opinion about the handling of the homele"
reddit,348,B,0,0,"Comment Type: Express Their Opinion, Provide a Fact or Claim, Government Critique, Response Category: Solutions/Interventions, Perception Type: Harmful Generalization, Racist: No Reasoning: The commenter expresses their opinion about forced inpatient treatment for drug addicts and criticizes current"
reddit,349,B,0,0,"Comment Type: Express Their Opinion, Provide a Fact or Claim Critique Category: Money Aid Allocation Response Category: No Response Category Applies Perception Type: No Perception Type Applies Racist: No Reasoning: The comment expresses an opinion about the limitations of homeless services funds and"
reddit,350,B,0,0,"Comment Type: Express Their Opinion, Provide an Observation, Provide a Fact or Claim Critique Category: No Response Category: Solutions/Interventions Perception Type: No Racist: No Reasoning: The comment provides links to housing and community resources, which is an observation or fact about availab"
reddit,351,B,0,0,"Comment Type: Express Their Opinion, Provide an Observation Critique Category: Not Applicable Response Category: Not Applicable Perception Type: Harmful Generalization Racist: No Reasoning: The comment expresses an opinion about the concentration of the ""worst"" homeless individuals in certain places"
reddit,352,B,0,1,"Comment Type: Express Their Opinion, Provide an Observation Critique Category: No Response Category: Solutions/Interventions Perception Type: Harmful Generalization, Not in my Backyard Racist: No Reasoning: The comment expresses the speaker's opinion on the challenges of homelessness, provides an ob"
reddit,353,B,0,0,"Comment Type: Express Their Opinion, Provide an Observation, Provide a Fact or Claim Critique Category: Government Critique, Money Aid Allocation Response Category: Solutions/Interventions Perception Type: None Racist: No Reasoning: The comment provides an observation about the current homelessness "
reddit,354,B,0,0,"Comment Type: Express Their Opinion, Provide an Observation Critique Category: No Response Category: Solutions/Interventions Perception Type: No Racist: No Reasoning: The comment expresses an opinion about a specific organization and suggests reaching out to them. It also shows a supportive response"
reddit,355,B,0,1,"Comment Type: Express Their Opinion, Ask a Rhetorical Question Critique Category: Government Critique Response Category: Solutions/Interventions Perception Type: Harmful Generalization, Not in my Backyard Racist: No Reasoning: The comment expresses an opinion about property taxes and a rhetorical qu"
reddit,356,B,0,0,"Comment Type: Express Their Opinion, Provide an Observation Critique Category: Government Critique, Societal Critique Response Category: No Response Category Applies Perception Type: Harmful Generalization Racist: No Reasoning: The comment expresses an opinion about the reasons why unhoused individu"
reddit,357,B,0,0,"Comment Type: Express Their Opinion, Provide an Observation Critique Category: No Response Category: Solutions/Interventions Perception Type: No Racist: No Reasoning: The comment provides specific actions and suggestions for dealing with homelessness, such as contacting local government and communit"
reddit,358,B,0,0,"Comment Type: Express Their Opinion, Provide an Observation, Ask a Genuine Question Critique Category: Societal Critique Response Category: Solutions/Interventions Perception Type: Deserving/Undeserving, Personal Interaction Racist: No Reasoning: The comment expresses an opinion about the organizati"
reddit,359,B,0,1,"Comment Type: Express Their Opinion, Provide an Observation Critique Category: No Response Category: No Perception Type: Not in my Backyard Racist: No Reasoning: The commenter shares their personal experience and observations about homelessness in different cities, expressing that they do not find t"
reddit,360,B,0,0,"Comment Type: Express Their Opinion, Provide an Observation Critique Category: Government Critique, Societal Critique Response Category: None Perception Type: Harmful Generalization Racist: No Reasoning: The comment expresses an opinion about the local government's and society's handling of homeless"
reddit,361,B,0,0,"Comment Type: Express Their Opinion, Provide an Observation Critique Category: No Response Category: No Perception Type: No Racist: No Reasoning: The comment expresses a positive opinion about giving to a homeless organization and makes an observation about the impact of such actions. There is no cr"
reddit,362,B,1,0,"Comment Type: Express Their Opinion, Provide a Fact or Claim Critique Category: None Response Category: Solutions/Interventions Perception Type: Harmful Generalization Racist: No Reasoning: The comment expresses an opinion on a solution to homelessness, which is a factual claim. It does not directly"
reddit,363,B,0,0,"Comment Type: Express Their Opinion, Provide an Observation Critique Category: None Response Category: Solutions/Interventions Perception Type: None Racist: No Reasoning: The comment expresses the speaker's opinion about not giving money to panhandlers and instead donating to homeless charities. It "
reddit,364,B,0,1,"Comment Type: Express Their Opinion, Provide an Observation, Provide a Fact or Claim Critique Category: Government Critique, Societal Critique, Money Aid Allocation Response Category: Solutions/Interventions Perception Type: Deserving/Undeserving, Not in my Backyard Racist: No Reasoning: The comment"
reddit,365,B,0,0,"Comment Type: Express Their Opinion, Provide an Observation Critique Category: Government Critique, Societal Critique Response Category: Solutions/Interventions Perception Type: Harmful Generalization Racist: No Reasoning: The comment expresses an opinion about the mayor's focus on homelessness and "
reddit,366,B,0,0,"Comment Type: Express Their Opinion, Provide an Observation Critique Category: Government Critique, Societal Critique Response Category: Solutions/Interventions Perception Type: Harmful Generalization Racist: No Reasoning: The comment expresses an opinion on the challenges of addressing homelessness"
reddit,367,B,0,0,"Comment Type: Express Their Opinion, Provide an Observation Critique Category: None Response Category: None Perception Type: None Racist: No Reasoning: The comment expresses concern about the potential increase in homelessness but does not provide an opinion, ask a question, critique anything, sugge"
reddit,368,B,0,0,"Comment Type: Provide a Fact or Claim, Express Their Opinion Critique Category: No Response Category: No Perception Type: No Racist: No Reasoning: The comment provides a factual statement about an article and mentions a community. It does not express an opinion about homelessness in a way that sugge"
reddit,369,B,0,0,"Comment Type: Express Their Opinion, Government Critique Critique Category: Government Critique Response Category: No Response Category Perception Type: No Perception Type Racist: No Reasoning: The comment expresses an opinion about government policies towards housing and criticizes the government's"
reddit,370,B,0,0,"Comment Type: Express Their Opinion, Provide an Observation Critique Category: None Response Category: None Perception Type: Harmful Generalization Racist: No Reasoning: The comment provides an observation about the difficulty of panhandling and expresses an opinion about the challenges faced by hom"
reddit,371,B,0,0,"Comment Type: Express Their Opinion, Provide an Observation Critique Category: None Response Category: None Perception Type: Media Portrayal Racist: No Reasoning: The comment expresses an opinion about the portrayal of homelessness in media, specifically referencing a scene from a movie. It does not"
reddit,372,B,0,0,"Comment Type: Express Their Opinion, Ask a Genuine Question Critique Category: No Response Category: Solutions/Interventions Perception Type: No Racist: No Reasoning: The comment is asking for information about volunteer opportunities, which is an expression of opinion and a genuine question. It doe"
reddit,373,B,0,0,"Comment Type: Express Their Opinion, Government Critique, Societal Critique Critique Category: Government Critique, Societal Critique Response Category: Solutions/Interventions Perception Type: Harmful Generalization Racist: No Reasoning: The comment expresses strong opinions about the current state"
reddit,374,B,0,1,"Comment Type: Express Their Opinion, Provide an Observation, Ask a Rhetorical Question Critique Category: None Response Category: Solutions/Interventions Perception Type: Deserving/Undeserving, Not in my Backyard Racist: No Reasoning: The comment expresses the author's opinion about giving money to "
reddit,375,B,0,0,"Comment Type: Express Their Opinion, Provide an Observation Critique Category: Societal Critique Response Category: Solutions/Interventions Perception Type: Deserving/Undeserving Racist: No Reasoning: The comment expresses an opinion about how homeless individuals are handled by programs and suggest"
reddit,376,B,0,1,"Comment Type: Express Their Opinion, Harmful Generalization, Not in my Backyard Critique Category: None Response Category: None Perception Type: Harmful Generalization, Not in my Backyard Racist: No Reasoning: The comment expresses a personal opinion about not helping homeless people due to safety c"
reddit,377,B,0,0,"Comment Type: Express Their Opinion, Government Critique Critique Category: Government Critique Response Category: No Response Category Applies Perception Type: No Perception Type Applies Racist: No Reasoning: The comment expresses an opinion about the government's approach to squatter rights and ev"
reddit,378,B,0,0,"Comment Type: Express Their Opinion, Provide an Observation Critique Category: None Response Category: None Perception Type: Harmful Generalization Racist: No Reasoning: The comment expresses an opinion about the living conditions of homeless individuals and observes a negative aspect of their situa"
reddit,379,B,0,1,"Comment Type: Express Their Opinion, Express Others' Opinions, Not in my Backyard Critique Category:  Response Category:  Perception Type: Not in my Backyard Racist: No Reasoning: The comment expresses the opinion of the speaker and references the views of others regarding homelessness. It also show"
reddit,380,B,1,1,"Comment Type: Express Their Opinion, Express Others' Opinions Critique Category: Not Applicable Response Category: Not Applicable Perception Type: Not in my Backyard Racist: No Reasoning: The comment expresses opposition to affordable housing in a specific area, which is a form of ""Not in my Backyar"
reddit,381,B,0,0,"Comment Type: Express Their Opinion, Provide an Observation Critique Category: Money Aid Allocation Response Category: No Response Category Applies Perception Type: No Perception Type Applies Racist: No Reasoning: The comment expresses an opinion about the affordability of housing and makes an obser"
reddit,382,B,0,0,"Comment Type: Express Their Opinion, Provide an Observation Critique Category: None Response Category: Solutions/Interventions Perception Type: None Racist: No Reasoning: The comment expresses the speaker's opinion on development and homelessness, provides an observation about the current state of t"
reddit,383,B,0,0,"Comment Type: Express Their Opinion, Government Critique, Societal Critique, Perception Type: Harmful Generalization, Racist: No Critique Category: Government Critique, Societal Critique Response Category: Solutions/Interventions Perception Type: Harmful Generalization Racist: No Reasoning: The comm"
reddit,384,B,0,0,"Comment Type: Express Their Opinion, Provide a Fact or Claim, Solutions/Interventions Critique Category: Government Critique, Money Aid Allocation Response Category: Solutions/Interventions Perception Type: None Racist: No Reasoning: The comment expresses the speaker's opinion about the housing trus"
reddit,385,B,0,0,"Comment Type: Express Their Opinion, Ask a Rhetorical Question Critique Category: Government Critique Response Category: No Response Category Applies Perception Type: Deserving/Undeserving Racist: No Reasoning: The comment expresses an opinion about the government's stance on homelessness and asks a"
reddit,386,B,0,0,"Comment Type: Express Their Opinion, Provide an Observation Critique Category: Government Critique, Societal Critique Response Category: Solutions/Interventions Perception Type: Harmful Generalization, Deserving/Undeserving Racist: No Reasoning: The comment expresses an opinion about a homeless indi"
reddit,387,B,0,0,"Comment Type: Express Their Opinion, Ask a Rhetorical Question, Provide a Fact or Claim Critique Category: Government Critique, Societal Critique, Money Aid Allocation Response Category: Solutions/Interventions Perception Type: Deserving/Undeserving Racist: No Reasoning: The comment expresses the sp"
reddit,388,B,0,0,"Comment Type: Express Their Opinion, Express Others' Opinions, Government Critique, Societal Critique Critique Category: Government Critique, Societal Critique Response Category: No Response Category Applies Perception Type: Harmful Generalization Racist: No Reasoning: The comment expresses an opini"
reddit,389,B,1,1,"Comment Type: Express Their Opinion, Ask a Rhetorical Question Critique Category: Societal Critique Response Category: No Response Category Applies Perception Type: Not in my Backyard Racist: No Reasoning: The comment expresses an opinion about societal resistance to affordable housing developments,"
reddit,390,B,0,0,"Comment Type: Provide an Observation, Express Others' Opinions Critique Category: No Response Category: No Perception Type: Harmful Generalization, Media Portrayal Racist: No Reasoning: The comment provides an observation about the availability of affordable housing and expresses the opinion that th"
reddit,391,B,0,1,"Comment Type: Express Their Opinion, Ask a Rhetorical Question Critique Category: Government Critique, Societal Critique Response Category: No Response Category Applies Perception Type: Harmful Generalization, Not in my Backyard Racist: No Reasoning: The comment expresses an opinion about police res"
reddit,392,B,0,0,"Comment Type: Express Their Opinion, Provide an Observation Critique Category: No Response Category: No Perception Type: No Racist: No Reasoning: The comment does not express an opinion on homelessness, nor does it provide an observation. Instead, it seems to be a response to a previous statement, d"
reddit,393,B,0,1,"Comment Type: Express Their Opinion, Provide an Observation, Provide a Fact or Claim Critique Category: Government Critique, Societal Critique, Money Aid Allocation Response Category: Solutions/Interventions Perception Type: Not in my Backyard Racist: No Reasoning: The comment expresses an opinion o"
reddit,394,B,0,1,"Comment Type: Express Their Opinion, Provide an Observation, Government Critique, Solutions/Interventions Critique Category: Government Critique, Societal Critique Response Category: Solutions/Interventions Perception Type: Not in my Backyard Racist: No Reasoning: The comment expresses personal obse"
reddit,395,B,0,1,"Comment Type: Express Their Opinion, Provide an Observation Critique Category: Not Applicable Response Category: Solutions/Interventions Perception Type: Not in my Backyard Racist: No Reasoning: The comment expresses an opinion about prioritizing affordable housing and criticizes a perspective that "
reddit,396,B,0,1,"Comment Type: Provide an Observation, Express Their Opinion Critique Category: No Response Category: No Perception Type: Not in my Backyard Racist: No Reasoning: The comment provides an observation about the location of panhandlers and expresses an opinion about the change in their distribution. The"
reddit,397,B,0,0,"Comment Type: Express Their Opinion, Provide an Observation Critique Category: None Response Category: None Perception Type: Harmful Generalization Racist: No Reasoning: The comment expresses an observation about interactions between homeless individuals and others, suggesting a harmful generalizati"
reddit,398,B,0,0,"Comment Type: Express Their Opinion, Provide an Observation Critique Category: Government Critique Response Category: Solutions/Interventions Perception Type: None Racist: No Reasoning: The comment expresses an opinion about the cost-effectiveness of paying panhandlers versus paying police to enforc"
reddit,399,B,0,0,"Comment Type: Express Their Opinion, Provide an Observation, Solutions/Interventions Critique Category: No Response Category: Solutions/Interventions Perception Type: No Racist: No Reasoning: The comment expresses the speaker's opinion and shares an observation about their personal experience moving"
reddit,400,B,0,0,"Comment Type: Express Their Opinion, Provide an Observation Critique Category: None Response Category: None Perception Type: Media Portrayal Racist: No Reasoning: The comment expresses an opinion about someone's potential intentions and observes the homeless individual's situation. It does not direc"
reddit,401,B,1,0,"Comment Type: Express Their Opinion, Provide an Observation, Government Critique, Societal Critique, Money Aid Allocation Critique Category: Government Critique, Societal Critique, Money Aid Allocation Response Category: Solutions/Interventions Perception Type: Harmful Generalization, Deserving/Unde"
reddit,402,B,0,0,"Comment Type: Express Their Opinion, Provide an Observation Critique Category: Money Aid Allocation Response Category: No Response Category Applies Perception Type: No Perception Type Applies Racist: No Reasoning: The comment expresses an opinion about the cost of housing development and observes th"
reddit,403,B,0,0,"Comment Type: Express Their Opinion, Provide an Observation Critique Category: Money Aid Allocation Response Category: Solutions/Interventions Perception Type: None Racist: No Reasoning: The comment expresses an opinion about a government action and suggests a solution for allocating aid, but does n"
reddit,404,B,0,0,"Comment Type: Express Their Opinion, Provide an Observation, Critique Category: Societal Critique, Response Category: Solutions/Interventions, Perception Type: Harmful Generalization, Racist: No Reasoning: The commenter expresses their opinion about the cost of housing, job market, and personal expe"
reddit,405,B,0,0,"Comment Type: Express Their Opinion, Provide an Observation Critique Category: None Response Category: None Perception Type: Harmful Generalization Racist: No Reasoning: The comment expresses an opinion about a percentage of homeless individuals seeking easy money, which can be seen as a harmful gen"
reddit,406,B,0,0,"Comment Type: Express Their Opinion, Provide an Observation Critique Category: No Response Category: No Perception Type: No Racist: No Reasoning: The comment expresses an observation that there are no homeless people present, which could be seen as an opinion. It does not critique any policies or so"
reddit,407,B,0,0,"Comment Type: Express Their Opinion, Provide an Observation Critique Category: None Response Category: Solutions/Interventions Perception Type: None Racist: No Reasoning: The comment expresses an opinion that many services are available for the homeless and implies that the lack of access to these s"
reddit,408,B,0,0,"Comment Type: Express Their Opinion, Provide an Observation Critique Category: No Response Category: No Perception Type: No Racist: No Reasoning: The comment expresses the author's personal opinion about living in a major city and mentions affordable housing, which is an observation. There is no cri"
reddit,409,B,0,0,"Comment Type: Express Their Opinion, Provide a Fact or Claim Critique Category: Government Critique Response Category: No Response Category Applies Perception Type: No Perception Type Applies Racist: No Reasoning: The comment expresses an opinion about affordable housing policies and their potential"
reddit,410,B,0,0,"Comment Type: Express Their Opinion, Provide an Observation Critique Category: No Response Category: No Perception Type: Media Portrayal Racist: No Reasoning: The comment expresses an opinion about the terminology used to describe individuals experiencing homelessness and provides an observation abo"
reddit,411,B,0,0,"Comment Type: Express Their Opinion, Provide an Observation Critique Category: None Response Category: None Perception Type: Deserving/Undeserving, Personal Interaction Racist: No Reasoning: The comment expresses an opinion about a person's behavior and provides an observation about a personal inter"
reddit,412,B,0,0,"Comment Type: Express Their Opinion, Provide an Observation, Government Critique Critique Category: Government Critique Response Category: Solutions/Interventions Perception Type: None Racist: No Reasoning: The comment expresses an opinion about the government's handling of homelessness, provides an"
reddit,413,B,0,1,"Comment Type: Express Their Opinion, Provide an Observation, Government Critique, Societal Critique, Money Aid Allocation Critique Category: Government Critique, Societal Critique, Money Aid Allocation Response Category: Solutions/Interventions Perception Type: Not in my Backyard Racist: No Reasonin"
reddit,414,B,0,0,"Comment Type: Express Their Opinion, Provide an Observation, Government Critique, Societal Critique Critique Category: Government Critique, Societal Critique Response Category: Solutions/Interventions Perception Type: Media Portrayal, Harmful Generalization Racist: No Reasoning: The comment expresse"
reddit,415,B,0,0,"Comment Type: Express Their Opinion, Ask a Rhetorical Question, Critique Category: Societal Critique, Response Category: Solutions/Interventions, Perception Type: Deserving/Undeserving, Racist: No Reasoning: The comment expresses the opinion that homelessness is not a choice for most people and ques"
reddit,416,B,0,0,"Comment Type: Express Their Opinion, Provide a Fact or Claim Critique Category: Money Aid Allocation Response Category: No Response Category Applies Perception Type: No Perception Type Applies Racist: No Reasoning: The comment expresses an opinion about the cost of homelessness compared to subsidize"
reddit,417,B,0,1,"Comment Type: Express Their Opinion, Provide an Observation, Provide a Fact or Claim Critique Category: Government Critique, Societal Critique Response Category: Solutions/Interventions Perception Type: Harmful Generalization, Not in my Backyard Racist: No Reasoning: The comment expresses an opinion"
reddit,418,B,0,0,"Comment Type: Express Others' Opinions, Harmful Generalization Critique Category: None Response Category: None Perception Type: Harmful Generalization Racist: No Reasoning: The comment expresses an opinion about a homeless individual, making a harmful generalization about them being a drug addict. W"
reddit,419,B,0,0,"Comment Type: Express Their Opinion, Government Critique, Money Aid Allocation Critique Category: Government Critique, Money Aid Allocation Response Category: Solutions/Interventions Perception Type: None Racist: No Reasoning: The comment expresses an opinion about government and organizational poli"
reddit,420,B,0,0,"Comment Type: Express Their Opinion, Provide an Observation Critique Category: Government Critique, Money Aid Allocation Response Category: Solutions/Interventions Perception Type: None Racist: No Reasoning: The comment expresses an opinion about the issue of affordable housing and poses a question "
reddit,421,B,0,0,"Comment Type: Express Their Opinion, Harmful Generalization Critique Category: None Response Category: None Perception Type: Harmful Generalization, Deserving/Undeserving Racist: No Reasoning: The comment expresses an opinion about homeless individuals and criticizes their behavior, which can be see"
reddit,422,B,0,0,"Comment Type: Express Their Opinion, Provide an Observation Critique Category: No Response Category: No Perception Type: Personal Interaction Racist: No Reasoning: The comment is an observation about a specific individual and their potential homelessness, without any explicit or implicit racial bias"
reddit,423,B,0,0,"Comment Type: Express Their Opinion, Provide an Observation Critique Category: Money Aid Allocation Response Category: No Response Category Applies Perception Type: No Perception Type Applies Racist: No Reasoning: The comment expresses an opinion about the challenges developers face in securing fina"
reddit,424,B,1,1,"Comment Type: Express Their Opinion, Ask a Rhetorical Question Critique Category: Not Applicable Response Category: Solutions/Interventions Perception Type: Not in my Backyard Racist: No Reasoning: The comment expresses an opinion about the placement of homeless facilities and asks a rhetorical ques"
reddit,425,B,0,0,"Comment Type: Express Their Opinion, Government Critique, Societal Critique Critique Category: Government Critique, Societal Critique Response Category: No Response Category Perception Type: No Perception Type Racist: No Reasoning: The comment expresses an opinion about the ineffectiveness of certai"
reddit,426,B,0,0,"Comment Type: Provide an Observation, Express Others' Opinions Critique Category: No Response Category: No Perception Type: Personal Interaction Racist: No Reasoning: The comment describes an observation of a homeless camp and implies that others are aware of it, suggesting personal interaction with"
reddit,427,B,0,0,"Comment Type: Express Their Opinion, Provide an Observation, Provide a Fact or Claim Critique Category: No Response Category: Solutions/Interventions Perception Type: No Racist: No Reasoning: The comment expresses an opinion about a walk event, provides an observation about the location and time, an"
reddit,428,B,0,0,"Comment Type: Express Their Opinion, Provide an Observation Critique Category: No Response Category: No Perception Type: Deserving/Undeserving Racist: No Reasoning: The commenter is expressing their opinion about the homeless individual and questioning whether the person deserves help, based on thei"
reddit,429,B,0,0,"Comment Type: Express Their Opinion, Provide an Observation Critique Category: Government Critique Response Category: No Response Category Applies Perception Type: No Perception Type Applies Racist: No Reasoning: The comment expresses an opinion about property owners and squatting cases, providing a"
reddit,430,B,0,0,"Comment Type: Provide a Fact or Claim, Provide an Observation Critique Category: Government Critique, Money Aid Allocation Response Category: Solutions/Interventions Perception Type: Deserving/Undeserving Racist: No Reasoning: The comment provides factual information about the shelter system and hou"
reddit,431,B,0,1,"Comment Type: Express Their Opinion, Provide an Observation Critique Category: Not Applicable Response Category: Not Applicable Perception Type: Not in my Backyard Racist: No Reasoning: The comment expresses an observation about the high number of homeless people in the area and a personal reaction "
reddit,432,B,0,0,"Comment Type: Express Their Opinion, Provide an Observation, Government Critique, Money Aid Allocation Critique Category: Government Critique, Money Aid Allocation Response Category: Solutions/Interventions Perception Type: None Racist: No Reasoning: The comment expresses an opinion about the ineffe"
reddit,433,B,0,0,"Comment Type: Express Their Opinion, Provide an Observation, Provide a Fact or Claim Critique Category: Government Critique, Money Aid Allocation Response Category: Solutions/Interventions Perception Type: None Racist: No Reasoning: The comment expresses an opinion on solutions to homelessness, prov"
reddit,434,B,0,0,"Comment Type: Express Their Opinion, Provide an Observation, Provide a Fact or Claim Critique Category: Money Aid Allocation Response Category: Solutions/Interventions Perception Type: None Racist: No Reasoning: The comment expresses an opinion about a potential solution for homelessness, provides a"
reddit,435,B,0,0,"Comment Type: Express Their Opinion, Provide an Observation Critique Category: Government Critique Response Category: No Response Category Applies Perception Type: No Perception Type Applies Racist: No Reasoning: The comment expresses an opinion about a government organization's initiative and makes"
reddit,436,B,0,0,"Comment Type: Express Their Opinion, Provide an Observation Critique Category: No Response Category: Solutions/Interventions Perception Type: Personal Interaction Racist: No Reasoning: The commenter shares their personal experience with homelessness and suggests that the issue is more severe elsewhe"
reddit,437,B,1,1,"Comment Type: Express Their Opinion, Ask a Rhetorical Question, Harmful Generalization Critique Category: Not Applicable Response Category: Solutions/Interventions Perception Type: Not in my Backyard, Deserving/Undeserving Racist: No Reasoning: The comment expresses the speaker's opinion about a pro"
reddit,438,B,0,0,"Comment Type: Express Their Opinion, Provide an Observation Critique Category: None Response Category: Solutions/Interventions Perception Type: None Racist: No Reasoning: The comment expresses an opinion about calling an organization for help and provides an observation about a resource. It does not"
reddit,439,B,0,0,"Comment Type: Express Their Opinion, Express Others' Opinions Critique Category: Societal Critique Response Category: No Response Category Applies Perception Type: Deserving/Undeserving Racist: No Reasoning: The comment expresses an opinion about complainers and their unwillingness to hire homeless "
reddit,440,B,0,0,"Comment Type: Express Their Opinion, Provide an Observation Critique Category: None Response Category: Solutions/Interventions Perception Type: None Racist: No Reasoning: The comment expresses an opinion about the separation of a dog and its owner, which is an observation of a common issue. It also "
reddit,441,B,0,1,"Comment Type: Express Their Opinion, Provide an Observation Critique Category: Government Critique, Societal Critique Response Category: Solutions/Interventions Perception Type: Not in my Backyard Racist: No Reasoning: The comment expresses an opinion about rising housing prices and the observation "
reddit,442,B,1,1,"Comment Type: Express Their Opinion, Government Critique, Societal Critique, Money Aid Allocation Critique Category: Government Critique, Societal Critique, Money Aid Allocation Response Category: Solutions/Interventions Perception Type: Not in my Backyard Racist: No Reasoning: The comment expresses"
reddit,443,B,0,0,"Comment Type: Express Their Opinion, Ask a Rhetorical Question Critique Category: None Response Category: None Perception Type: None Racist: No Reasoning: The comment is expressing an opinion about the behavior of homeless individuals and asking a rhetorical question, but it does not provide a criti"
reddit,444,B,0,0,"Comment Type: Express Their Opinion, Provide a Fact or Claim Critique Category: No Response Category: No Perception Type: No Racist: No Reasoning: The comment provides a factual explanation about property law and adverse possession, expressing the speaker's opinion on the topic. It does not critique"
reddit,445,B,0,0,"Comment Type: Provide an Observation, Express Their Opinion Critique Category: No Response Category: No Perception Type: Media Portrayal Racist: No Reasoning: The comment observes the prevalence of homelessness in various cities and mentions a trend of increasing numbers. It does not explicitly or i"
reddit,446,B,0,1,"Comment Type: Express Their Opinion, Provide an Observation Critique Category: None Response Category: None Perception Type: Not in my Backyard Racist: No Reasoning: The comment expresses an observation about the increase in homelessness in certain neighborhoods and implies a negative attitude towar"
reddit,447,B,0,0,"Comment Type: Express Their Opinion, Provide an Observation, Harmful Generalization Critique Category: No Response Category: No Perception Type: Media Portrayal, Deserving/Undeserving, Personal Interaction Racist: No Reasoning: The comment expresses an opinion about a homeless individual and provide"
reddit,448,B,0,0,"Comment Type: Express Their Opinion, Provide an Observation Critique Category: Government Critique Response Category: Solutions/Interventions Perception Type: None Racist: No Reasoning: The comment expresses an opinion about a specific policy change regarding affordable housing and provides an obser"
reddit,449,B,0,0,"Comment Type: Express Their Opinion, Provide an Observation Critique Category: Government Critique Response Category: No Response Category Applies Perception Type: No Perception Type Applies Racist: No Reasoning: The comment expresses an opinion about the lack of replacement for demolished affordabl"
reddit,450,B,0,0,"Comment Type: Express Their Opinion, Provide an Observation Critique Category: Societal Critique Response Category: None Perception Type: Media Portrayal Racist: No Reasoning: The commenter is expressing their opinion and observation about the current state of homelessness, drawing a parallel to a m"
reddit,451,B,0,0,"Comment Type: Express Their Opinion, Government Critique Critique Category: Government Critique, Societal Critique Response Category: No Response Category Applies Perception Type: Harmful Generalization, Media Portrayal Racist: No Reasoning: The comment expresses an opinion about the relationship be"
reddit,452,B,0,0,"Comment Type: Express Their Opinion, Provide an Observation Critique Category: None Response Category: None Perception Type: Harmful Generalization Racist: No Reasoning: The comment expresses an observation about a recurring issue and mentions a decrease in urine smell due to a homeless bus, which c"
reddit,453,B,0,1,"Comment Type: Express Their Opinion, Express Others' Opinions Critique Category: Government Critique Response Category: No Response Category Applies Perception Type: Not in my Backyard Racist: No Reasoning: The comment expresses an opinion about a local official's stance on homelessness and mentions"
reddit,454,B,0,1,"Comment Type: Express Their Opinion, Provide an Observation, Critique Category: Government Critique, Response Category: Solutions/Interventions, Perception Type: Not in my Backyard, Racist: No Reasoning: The commenter expresses their opinion about a program for homeless people and provides an observ"
reddit,455,B,0,1,"Comment Type: Express Their Opinion, Government Critique, Perceive Harmful Generalization Critique Category: Government Critique, Societal Critique Response Category: Solutions/Interventions Perception Type: Not in my Backyard Racist: No Reasoning: The comment expresses an opinion about the governor"
reddit,456,B,0,0,"Comment Type: Express Their Opinion, Provide an Observation, Provide a Fact or Claim Critique Category: No Response Category: Solutions/Interventions Perception Type: Personal Interaction, Deserving/Undeserving Racist: No Reasoning: The comment provides an observation about how gas station managers "
reddit,457,B,0,0,"Comment Type: Express Their Opinion, Provide an Observation Critique Category: No Response Category: No Perception Type: Media Portrayal Racist: No Reasoning: The comment expresses an opinion about the misconception that panhandlers are homeless and provides an observation about the behavior of home"
reddit,458,B,0,0,"Comment Type: Express Their Opinion, Provide a Fact or Claim Critique Category: Government Critique, Money Aid Allocation Response Category: No Response Category Applies Perception Type: No Perception Type Applies Racist: No Reasoning: The comment expresses an opinion about the worsening homelessnes"
reddit,459,B,0,0,"Comment Type: Express Their Opinion, Provide an Observation Critique Category: No Response Category: No Perception Type: Personal Interaction Racist: No Reasoning: The comment expresses an opinion about a personal interaction with someone who may be homeless and describes an observation about a pote"
reddit,460,B,0,0,"Comment Type: Express Their Opinion, Provide an Observation Critique Category: None Response Category: Solutions/Interventions Perception Type: Harmful Generalization, Media Portrayal Racist: No Reasoning: The commenter expresses their opinion about an increase in homelessness and provides an observ"
reddit,461,B,0,0,"Comment Type: Express Their Opinion, Provide an Observation Critique Category: Societal Critique Response Category: No Response Category Applies Perception Type: Harmful Generalization Racist: No Reasoning: The comment expresses an opinion about the characteristics of homeless individuals, specifica"
reddit,462,B,0,0,"Comment Type: Express Their Opinion, Provide an Observation Critique Category: No Response Category: Solutions/Interventions Perception Type: Harmful Generalization, Personal Interaction Racist: No Reasoning: The comment expresses personal opinions and observations about homelessness, including nega"
reddit,463,B,0,0,"Comment Type: Express Their Opinion, Provide an Observation Critique Category: No Response Category: No Perception Type: Harmful Generalization, Personal Interaction Racist: No Reasoning: The comment expresses the speaker's personal experience and observation of a homeless individual making them unc"
reddit,464,B,0,0,"Comment Type: Express Their Opinion, Provide an Observation Critique Category: No Response Category: No Perception Type: Harmful Generalization Racist: No Reasoning: The comment expresses an opinion and provides an observation about the distinction between homeless individuals and transients, sugges"
reddit,465,B,0,1,"Comment Type: Express Their Opinion, Provide an Observation Critique Category: Societal Critique Response Category: None Perception Type: Not in my Backyard Racist: No Reasoning: The comment expresses an opinion about the presence of homeless individuals in a specific organization and street, observ"
reddit,466,B,0,1,"Comment Type: Express Their Opinion, Provide an Observation Critique Category: None Response Category: None Perception Type: Not in my Backyard Racist: No Reasoning: The comment expresses an opinion about the presence of migrants versus homeless people in certain areas and observes the current state"
reddit,467,B,0,0,"Comment Type: Express Their Opinion, Provide an Observation Critique Category: No Response Category: No Perception Type: No Racist: No Reasoning: The comment expresses the user's personal observation about the number of homeless people they see in a specific location and time. There are no explicit "
reddit,468,B,0,0,"Comment Type: Express Their Opinion, Provide a Fact or Claim Critique Category: Government Critique Response Category: No Response Category Applies Perception Type: No Perception Type Applies Racist: No Reasoning: The comment expresses an opinion about a specific policy regarding food stamps for hom"
reddit,469,B,0,0,"Comment Type: Express Their Opinion, Provide an Observation Critique Category: No Response Category: No Perception Type: Personal Interaction Racist: No Reasoning: The comment expresses an observation about shelters and mentions providing services to homeless individuals with severe mental illnesses"
reddit,470,B,0,0,"Comment Type: Express Their Opinion, Provide an Observation Critique Category: No Response Category: No Perception Type: No Racist: No Reasoning: The comment provides an observation about the travel patterns of homeless individuals and expresses a positive sentiment (""God bless""), but does not expre"
reddit,471,B,0,0,"Comment Type: Express Their Opinion, Provide an Observation Critique Category: Money Aid Allocation Response Category: No Response Category Applies Perception Type: No Perception Type Applies Racist: No Reasoning: The comment suggests a potential solution for homeless individuals by directing them t"
reddit,472,B,0,0,"Comment Type: Express Their Opinion, Provide an Observation Critique Category: No Response Category: No Perception Type: No Racist: No Reasoning: The comment expresses the observer's opinion and provides an observation about a specific location being a flop house for homeless and addicts. It does no"
reddit,473,B,0,1,"Comment Type: Express Their Opinion, Provide an Observation, Government Critique, Societal Critique Critique Category: Government Critique, Societal Critique Response Category: Solutions/Interventions Perception Type: Harmful Generalization, Not in my Backyard Racist: No Reasoning: The comment expre"
reddit,474,B,0,0,"Comment Type: Express Others' Opinions, Government Critique Critique Category: Government Critique Response Category: No Response Category Perception Type: Harmful Generalization Racist: No Reasoning: The comment expresses the opinion that the burden of homelessness is being unfairly placed on a spe"
reddit,475,B,0,0,"Comment Type: Provide an Observation, Express Others' Opinions Critique Category: Government Critique, Societal Critique Response Category: No Response Category Applies Perception Type: No Perception Type Applies Racist: No Reasoning: The comment lists various organizations related to homelessness, "
reddit,476,B,0,0,"Comment Type: Provide an Observation, Express Others' Opinions Critique Category: No Response Category: No Perception Type: No Racist: No Reasoning: The comment provides an observation about drug use in a specific area near an institution and expresses the opinions of others who may be concerned abo"
reddit,477,B,0,0,"Comment Type: Provide an Observation, Express Others' Opinions Critique Category: No Response Category: No Perception Type: No Racist: No Reasoning: The comment describes an observation of homeless individuals' behavior and mentions the presence of drugs, which could be inferred as a concern or obse"
reddit,478,B,0,0,"Comment Type: Express Their Opinion, Ask a Rhetorical Question Critique Category: None Response Category: None Perception Type: None Racist: No Reasoning: The comment expresses an opinion about the lack of homelessness and affordable homes, and asks a rhetorical question about a high quality of life"
reddit,479,B,0,0,"Comment Type: Express Their Opinion, Provide an Observation Critique Category: Government Critique Response Category: No Response Category Applies Perception Type: No Perception Type Applies Racist: No Reasoning: The comment expresses an opinion about affordable housing and its impact on crime, and "
reddit,480,B,0,0,"Comment Type: Express Their Opinion, Ask a Rhetorical Question Critique Category: Government Critique, Societal Critique Response Category: No Response Category Applies Perception Type: No Perception Type Applies Racist: No Reasoning: The comment expresses an opinion about the relationship between p"
reddit,481,B,0,0,"Comment Type: Express Their Opinion, Provide an Observation Critique Category: None Response Category: Solutions/Interventions Perception Type: None Racist: No Reasoning: The comment expresses the speaker's opinion about not liking dogs being a poor excuse and provides an observation about the numbe"
reddit,482,B,0,0,"Comment Type: Express Their Opinion, Provide an Observation Critique Category: No Response Category: No Perception Type: Media Portrayal, Harmful Generalization Racist: No Reasoning: The comment expresses an opinion about a place and makes a comparison with another location, observing that the cost "
reddit,483,B,0,0,"Comment Type: Express Their Opinion, Ask a Rhetorical Question Critique Category: None Response Category: None Perception Type: Media Portrayal, Harmful Generalization Racist: Yes Reasoning: The comment contains an explicit racial slur (""soy boys"") and makes a harmful generalization about people bas"
reddit,484,B,0,0,"Comment Type: Provide an Observation, Express Their Opinion Critique Category: No Response Category: Solutions/Interventions Perception Type: Media Portrayal, Personal Interaction Racist: No Reasoning: The comment provides an observation about where to find homeless individuals and suggests going to"
reddit,485,B,0,1,"Comment Type: Express Their Opinion, Ask a Rhetorical Question Critique Category: Government Critique Response Category: Solutions/Interventions Perception Type: Not in my Backyard Racist: No Reasoning: The comment expresses an opinion about cities moving homeless individuals to other states and ask"
reddit,486,B,0,0,"Comment Type: Express Others' Opinions, Provide an Observation Critique Category: None Response Category: None Perception Type: Harmful Generalization Racist: No Reasoning: The comment expresses an observation about a perceived behavior of some people asking for money, suggesting they might be scamm"
reddit,487,B,0,0,"Comment Type: Express Their Opinion, Provide an Observation Critique Category: No Response Category: No Perception Type: No Racist: No Reasoning: The comment expresses an opinion about the housing crisis leading to more homelessness, which is an observation of a current situation. It does not critiq"
reddit,488,B,0,0,"Comment Type: Express Their Opinion, Provide an Observation Critique Category: No Response Category: Solutions/Interventions Perception Type: No Racist: No Reasoning: The comment describes a personal experience of volunteering and provides a specific solution by recommending a location for others to"
reddit,489,B,0,0,"Comment Type: Provide an Observation, Express Others' Opinions Critique Category: No Response Category: No Perception Type: Media Portrayal Racist: No Reasoning: The comment provides an observation about the behavior of homeless people and references a map, suggesting that they tend to move to areas"
reddit,490,B,0,0,"Comment Type: Express Their Opinion, Ask a Rhetorical Question Critique Category: Government Critique Response Category: None Perception Type: None Racist: No Reasoning: The comment expresses an opinion about an organization's stance on homelessness and asks a rhetorical question, implying a critiqu"
reddit,491,B,0,0,"Comment Type: Provide an Observation, Express Their Opinion Critique Category: No Response Category: No Perception Type: Media Portrayal, Harmful Generalization Racist: No Reasoning: The comment provides an observation about the increase in homelessness since the pandemic and speculates about the re"
reddit,492,B,0,0,"Comment Type: Express Their Opinion, Provide an Observation Critique Category: Government Critique Response Category: Solutions/Interventions Perception Type: None Racist: No Reasoning: The comment expresses an opinion about the infrastructure and transportation issues related to homelessness, provi"
reddit,493,B,0,0,"Comment Type: Express Others' Opinions, Provide an Observation Critique Category: No Response Category: No Perception Type: Personal Interaction Racist: No Reasoning: The comment shares an observation about interactions with homeless individuals and does not contain any explicit or implicit racial b"
reddit,494,B,0,0,"Comment Type: Express Their Opinion, Provide an Observation Critique Category: Government Critique Response Category: No Response Category Applies Perception Type: No Perception Type Applies Racist: No Reasoning: The comment expresses an opinion about the comparison of homelessness between the city "
reddit,495,B,0,1,"Comment Type: Express Their Opinion, Government Critique Critique Category: Government Critique Response Category: No Response Category Applies Perception Type: Not in my Backyard Racist: No Reasoning: The comment expresses an opinion about cities sending homeless individuals to other locations, whi"
reddit,496,B,0,0,"Comment Type: Express Their Opinion, Provide an Observation, Critique Category: Societal Critique, Response Category: Solutions/Interventions, Perception Type: Harmful Generalization, Racist: No Reasoning: The commenter expresses their opinion and shares observations about homelessness, criticizing "
reddit,497,B,0,1,"Comment Type: Express Their Opinion, Provide an Observation Critique Category: No Response Category: No Perception Type: Not in my Backyard Racist: No Reasoning: The comment expresses a positive opinion about the place where the person's family member resides and contrasts it with other locations, s"
reddit,498,B,0,0,"Comment Type: Express Their Opinion, Ask a Rhetorical Question Critique Category: None Response Category: None Perception Type: None Racist: No Reasoning: The comment expresses skepticism about the absence of homelessness, which can be seen as a rhetorical question. It does not fit into any of the o"
reddit,499,B,0,0,"Comment Type: Express Their Opinion, Provide an Observation Critique Category: No Response Category: No Perception Type: Personal Interaction Racist: No Reasoning: The comment describes a personal interaction with a homeless individual but does not express any opinion about government policies, soci"
x,0,B,0,1,"Comment Type: Express Their Opinion, Provide an Observation Critique Category: None Response Category: None Perception Type: Not in my Backyard Racist: No Reasoning: The post describes a situation where a homeless person is sleeping on someone's property and has been asked to leave multiple times. I"
x,1,B,0,1,"Comment Type: Express Their Opinion, Ask a Rhetorical Question Critique Category: Government Critique, Societal Critique Response Category: Solutions/Interventions Perception Type: Not in my Backyard Racist: No Reasoning: The user expresses their opinion about the negative effects of homelessness an"
x,2,B,0,0,"Comment Type: Express Their Opinion, Provide an Observation Critique Category: No Response Category: Solutions/Interventions Perception Type: No Racist: No Reasoning: The post describes an organization serving dinner to homeless people and planning to help more, which is an observation and an expres"
x,3,B,0,0,"Comment Type: Express Their Opinion, Government Critique Critique Category: Government Critique Response Category: No Response Category Applies Perception Type: No Perception Type Applies Racist: Yes Reasoning: The comment explicitly criticizes a government organization and includes a derogatory ter"
x,4,B,0,0,"Comment Type: Express Their Opinion, Provide an Observation Critique Category: No Response Category: Solutions/Interventions Perception Type: No Racist: No Reasoning: The post is an observation about local organizations raising awareness and collecting donations for the homeless, and it provides a l"
x,5,B,0,0,"Comment Type: Provide an Observation Critique Category: No Response Category: No Perception Type: No Racist: No Reasoning: The comment provides an observation about a medical situation, specifically about a patient who was in a ""cart"" rather than a car. There is no indication of a critique, response"
x,6,B,0,0,"Comment Type: Provide an Observation, Express Their Opinion Critique Category: No Response Category: Solutions/Interventions Perception Type: No Racist: No Reasoning: The comment describes a group's actions and next steps for a new low-barrier institution, which is an observation and an expression o"
x,7,B,0,0,"Comment Type: Express Their Opinion, Provide a Fact or Claim, Provide an Observation Critique Category: No Response Category: Solutions/Interventions Perception Type: No Racist: No Reasoning: The comment expresses an opinion about donating to a specific organization, provides a fact about the organi"
x,8,B,0,0,"Comment Type: Express Their Opinion, Provide an Observation Critique Category: No Response Category: Solutions/Interventions Perception Type: No Racist: No Reasoning: The post is an observation about a nonprofit organization's ground-breaking ceremony for affordable housing. It does not express an o"
x,9,B,1,0,"Comment Type: Express Their Opinion, Provide an Observation Critique Category: Government Critique Response Category: No Response Category Applies Perception Type: No Perception Type Applies Racist: No Reasoning: The comment expresses an opinion about a specific organization's stadium and criticizes"
x,10,B,0,0,"Comment Type: Express Their Opinion, Provide an Observation Critique Category: No Response Category: Solutions/Interventions Perception Type: No Racist: No Reasoning: The comment expresses an opinion about providing food to the homeless and describes an observation or action being taken. There is no"
x,11,B,0,0,"Comment Type: Express Their Opinion, Ask a Genuine Question Critique Category: Government Critique, Societal Critique Response Category: Solutions/Interventions Perception Type: None Racist: No Reasoning: The comment expresses the user's opinion and asks a genuine question about showing interest in "
x,12,B,0,1,"Comment Type: Provide an Observation, Express Others' Opinions Critique Category: No Response Category: Solutions/Interventions Perception Type: Not in my Backyard Racist: No Reasoning: The post is an observation about the completion of a new homeless intake center and expresses the opinion of other"
x,13,B,0,0,"Comment Type: Express Their Opinion, Government Critique Critique Category: Government Critique Response Category: No Response Category Perception Type: No Perception Type Racist: No Reasoning: The comment expresses an opinion about the mayor's decisions and criticizes his administration for not add"
x,14,B,0,0,"Comment Type: Express Their Opinion, Ask a Rhetorical Question Critique Category: Government Critique Response Category: None Perception Type: None Racist: No Reasoning: The comment expresses an opinion about a record on homelessness and asks a rhetorical question, implying criticism of the governme"
x,15,B,0,0,"Comment Type: Express Their Opinion, Government Critique Critique Category: Government Critique Response Category: Solutions/Interventions Perception Type: None Racist: No Reasoning: The comment expresses an opinion about how someone treated homeless people and criticizes the organization's approach"
x,16,B,0,0,"Comment Type: Provide an Observation, Express Others' Opinions Critique Category: No Response Category: No Perception Type: No Racist: No Reasoning: The comment provides an observation about an affordable housing project and mentions a building type. It does not express an opinion about homelessness"
x,17,B,0,0,"Comment Type: Express Their Opinion, Provide an Observation Critique Category: No Response Category: No Perception Type: No Racist: No Reasoning: The post expresses the author's opinion and shares an observation about various groups of people who are struggling. It does not critique any government o"
x,18,B,0,0,"Comment Type: Express Their Opinion, Government Critique Critique Category: Government Critique Response Category: No Response Category Perception Type: No Perception Type Racist: No Reasoning: The comment expresses an opinion about a specific organization's treatment of homelessness and criticizes "
x,19,B,0,0,"Comment Type: Express Their Opinion, Government Critique Critique Category: Government Critique Response Category: No Response Category Perception Type: No Perception Type Racist: No Reasoning: The comment expresses an opinion about a political organization's presidential run and criticizes the gove"
x,20,B,0,0,"Comment Type: Express Their Opinion, Provide an Observation Critique Category: No Response Category: No Perception Type: No Racist: No Reasoning: The post expresses a positive opinion about the event and an observation about the warmth of the community supporting unhoused neighbors. There is no crit"
x,21,B,0,0,"Comment Type: Express Their Opinion, Provide an Observation Critique Category: Government Critique Response Category: No Response Category Applies Perception Type: No Perception Type Applies Racist: No Reasoning: The comment expresses an opinion about a past mayor's actions and provides an observati"
x,22,B,0,0,"Comment Type: Express Their Opinion, Provide an Observation Critique Category: No Response Category: Solutions/Interventions Perception Type: No Racist: No Reasoning: The comment expresses the opinion of the organization and provides an observation about their actions to help the homeless. It does n"
x,23,B,0,1,"Comment Type: Provide an Observation, Express Their Opinion Critique Category: Money Aid Allocation Response Category: Solutions/Interventions Perception Type: Not in my Backyard Racist: No Reasoning: The comment observes a development plan and expresses an opinion about it, suggesting that the plan"
x,24,B,0,0,"Comment Type: Express Their Opinion, Provide an Observation Critique Category: None Response Category: Solutions/Interventions Perception Type: None Racist: No Reasoning: The comment expresses an opinion about a past action by an organization and suggests a similar action for the future. It does not"
x,25,B,0,0,"Comment Type: Express Their Opinion, Provide an Observation Critique Category: Government Critique Response Category: Solutions/Interventions Perception Type: None Racist: No Reasoning: The comment expresses an opinion about a housing idea and observes its potential benefits. It also criticizes when"
x,26,B,0,0,"Comment Type: Express Their Opinion, Provide an Observation, Government Critique Critique Category: Government Critique Response Category: Solutions/Interventions Perception Type: Harmful Generalization Racist: No Reasoning: The comment expresses an opinion about someone's credibility and provides a"
x,27,B,0,0,Comment Type: No applicable Critique Category: No applicable Response Category: No applicable Perception Type: No applicable Racist: No Reasoning: The text provided does not contain any comments about homelessness or related issues. It appears to be a neutral statement about a Mayor discussing Presi
x,28,B,0,0,"Comment Type: Provide an Observation, Express Their Opinion Critique Category: No Response Category: Solutions/Interventions Perception Type: No Racist: No Reasoning: The post is sharing an observation about a new initiative to address the affordable housing crisis and expressing the opinion that th"
x,29,B,0,0,"Comment Type: Express Their Opinion, Provide an Observation Critique Category: Government Critique Response Category: No Response Category Applies Perception Type: No Perception Type Applies Racist: No Reasoning: The comment does not express an opinion about homelessness or related issues. Instead, "
x,30,B,0,0,"Comment Type: Express Their Opinion, Provide an Observation Critique Category: Government Critique Response Category: Solutions/Interventions Perception Type: None Racist: No Reasoning: The comment is an observation of a discussion between organizations and a mayor about handling immigration policie"
x,31,B,0,0,"Comment Type: Express Their Opinion, Provide an Observation Critique Category: No Response Category: No Perception Type: No Racist: No Reasoning: The comment appears to be a dismissive and vulgar response to someone, likely in response to a post about homelessness. It does not provide an opinion on "
x,32,B,0,0,"Comment Type: Express Their Opinion, Provide an Observation Critique Category: No Response Category: No Perception Type: Media Portrayal Racist: No Reasoning: The comment appears to be a reference to a link or article about homelessness, suggesting the user is sharing an observation or opinion based"
x,33,B,0,0,"Comment Type: Express Their Opinion, Provide an Observation Critique Category: No Response Category: Solutions/Interventions Perception Type: No Racist: No Reasoning: The post expresses a positive opinion about an organization's actions and provides an observation about their donation. It does not c"
x,34,B,0,0,"Comment Type: Express Their Opinion, Provide an Observation Critique Category: No Response Category: Solutions/Interventions Perception Type: No Racist: No Reasoning: The comment is an observation about an organization's call to action regarding animal abusers and does not express an opinion on home"
x,35,B,0,0,"Comment Type: Provide an Observation, Express Others' Opinions Critique Category: No Response Category: Solutions/Interventions Perception Type: No Racist: No Reasoning: The post describes plans for new facilities intended to help homeless individuals, which is an observation and an expression of ot"
x,36,B,0,0,"Comment Type: Express Their Opinion, Provide an Observation Critique Category: None Response Category: None Perception Type: Harmful Generalization Racist: No Reasoning: The comment expresses an opinion about the speaker's own fortunate situation compared to homeless individuals, and provides an obs"
x,37,B,0,0,"Comment Type: Express Their Opinion, Provide an Observation Critique Category: No Response Category: No Perception Type: No Racist: No Reasoning: The post appears to be a location tag or a mention of an organization, possibly related to South Bend. It does not express an opinion, ask a question, pro"
x,38,B,0,0,"Comment Type: Express Their Opinion, Provide an Observation Critique Category: No Response Category: Solutions/Interventions Perception Type: Media Portrayal Racist: No Reasoning: The comment expresses an opinion about a charity organization's mission and provides an observation about homelessness i"
x,39,B,0,0,"Comment Type: Express Their Opinion, Provide an Observation Critique Category: No Response Category: No Perception Type: No Racist: No Reasoning: The comment appears to be a location or organization reference without any clear opinion, observation, critique, response, or perception about homelessnes"
x,40,B,0,0,"Comment Type: Express Their Opinion, Provide an Observation Critique Category: None Response Category: None Perception Type: None Racist: No Reasoning: The comment describes a platform for people to share their stories, which is an observation about the event. There is no indication of expressing an"
x,41,B,0,0,"Comment Type: Express Opinion, Provide a Fact or Claim Critique Category: Government Critique Response Category: No Response Category Applies Perception Type: No Perception Type Applies Racist: No Reasoning: The comment expresses an opinion about a government action and provides a factual statement."
x,42,B,0,0,"Comment Type: Express Their Opinion, Provide an Observation, Provide a Fact or Claim Critique Category: No Response Category: Solutions/Interventions Perception Type: No Racist: No Reasoning: The post is an observation about a charity event and a fact about the donation process. It does not express "
x,43,B,0,0,"Comment Type: Provide a Fact or Claim, Provide an Observation Critique Category: Money Aid Allocation Response Category: Solutions/Interventions Perception Type: None Racist: No Reasoning: The comment provides a factual statement about the purpose of an event and the organization it supports, which "
x,44,B,0,0,"Comment Type: Express Their Opinion, Provide an Observation, Provide a Fact or Claim Critique Category: No Response Category: Solutions/Interventions Perception Type: No Racist: No Reasoning: The post is an appeal for donations to an organization that helps people experiencing homelessness during th"
x,45,B,0,0,"Comment Type: Express Their Opinion, Provide an Observation Critique Category: No Response Category: Solutions/Interventions Perception Type: No Racist: No Reasoning: The comment expresses an opinion about the allocation of proceeds from an organization's designs to another organization. It also pro"
x,46,B,0,0,"Comment Type: Provide an Observation Critique Category: Government Critique Response Category: No Response Category Perception Type: No Perception Type Racist: No Reasoning: The comment is an observation about a city purchase allowing a project to move forward, which is a factual statement. It does "
x,47,B,0,0,"Comment Type: Express Their Opinion, Provide an Observation, Harmful Generalization Critique Category: No Response Category: No Perception Type: Media Portrayal, Deserving/Undeserving, Personal Interaction Racist: No Reasoning: The comment expresses the speaker's opinion about a specific organizatio"
x,48,B,0,0,"Comment Type: Express Their Opinion, Provide an Observation Critique Category: Government Critique Response Category: Solutions/Interventions Perception Type: None Racist: No Reasoning: The comment expresses an opinion about a Christmas giving initiative and mentions a podcast discussion. It also re"
x,49,B,0,0,"Comment Type: Express Their Opinion, Government Critique Critique Category: Government Critique Response Category: No Response Category Perception Type: Harmful Generalization Racist: No Reasoning: The comment expresses an opinion about the actions of a specific mayor and criticizes the government's"
x,50,B,0,0,"Comment Type: Express Their Opinion, Provide an Observation Critique Category: Government Critique, Money Aid Allocation Response Category: Solutions/Interventions Perception Type: None Racist: No Reasoning: The comment expresses an opinion about a non-profit organization that supports the homeless "
x,51,B,0,0,"Comment Type: Express Opinion, Provide Observation Critique Category: Government Critique Response Category: No Response Category Applies Perception Type: No Perception Type Applies Racist: No Reasoning: The comment expresses an opinion about the location of affordable housing and criticizes the gov"
x,52,B,0,1,"Comment Type: Express Their Opinion, Government Critique, Societal Critique Critique Category: Government Critique, Societal Critique Response Category: Solutions/Interventions Perception Type: Not in my Backyard Racist: No Reasoning: The comment expresses frustration with the organization and the g"
x,53,B,0,0,"Comment Type: Provide an Observation, Provide a Fact or Claim Critique Category: No Response Category: No Perception Type: No Racist: No Reasoning: The post is providing an observation and a fact about the organization seeking funds to assist the homeless population. It does not contain any critique"
x,54,B,0,1,"Comment Type: Provide an Observation, Express Others' Opinions Critique Category: Government Critique, Societal Critique Response Category: Solutions/Interventions Perception Type: Media Portrayal, Not in my Backyard Racist: No Reasoning: The comment provides an observation about the location of a s"
x,55,B,0,0,"Comment Type: Express Their Opinion, Provide an Observation Critique Category: No Response Category: No Perception Type: No Racist: No Reasoning: The post expresses gratitude for an organization's donation of festive decorations to residents, which is an observation and expression of opinion. There "
x,56,B,0,0,"Comment Type: Express Their Opinion, Provide an Observation Critique Category: Government Critique, Societal Critique Response Category: Solutions/Interventions Perception Type: Harmful Generalization, Media Portrayal Racist: No Reasoning: The comment expresses an opinion about greedy people and mak"
x,57,B,0,0,"Comment Type: Express Their Opinion, Provide an Observation Critique Category: No Response Category: No Perception Type: No Racist: No Reasoning: The post is an observation about an event organized by a homelessness organization to honor the deceased, which does not express an opinion, ask a questio"
x,58,B,0,0,"Comment Type: Express Their Opinion, Provide an Observation Critique Category: No Response Category: Solutions/Interventions Perception Type: No Racist: No Reasoning: The post expresses the author's opinion about their community service and provides an observation about their experience giving out w"
x,59,B,0,0,"Comment Type: Provide a Fact or Claim, Provide an Observation Critique Category: Money Aid Allocation Response Category: Solutions/Interventions Perception Type: None Racist: No Reasoning: The comment provides a factual statement about a housing project and an observation about the housing crisis. I"
x,60,B,0,0,"Comment Type: Provide an Observation, Express Their Opinion Critique Category: No Response Category: Solutions/Interventions Perception Type: No Racist: No Reasoning: The post is an observation about the organization's role in providing assistance and does not contain any explicit or implicit racial"
x,61,B,0,0,"Comment Type: Express Their Opinion, Provide an Observation, Government Critique Critique Category: Government Critique Response Category: Solutions/Interventions Perception Type: None Racist: No Reasoning: The comment expresses an opinion about the need for change, provides an observation about res"
x,62,B,0,0,"Comment Type: Express Their Opinion, Provide a Fact or Claim Critique Category: Government Critique Response Category: Solutions/Interventions Perception Type: None Racist: No Reasoning: The comment expresses an opinion about a system and a solution provided by an organization and a person, which is"
x,63,B,0,0,"Comment Type: Express Their Opinion, Provide an Observation, Critique Category: Government Critique, Response Category: Solutions/Interventions, Perception Type: Harmful Generalization, Racist: No Reasoning: The post expresses an opinion about a government organization's actions, suggests a solution"
x,64,B,0,1,"Comment Type: Express Their Opinion, Government Critique, Perceive Harmful Generalization Critique Category: Government Critique, Societal Critique Response Category: Solutions/Interventions Perception Type: Not in my Backyard Racist: No Reasoning: The comment expresses dissatisfaction with the city"
x,65,B,0,0,"Comment Type: Provide an Observation, Provide a Fact or Claim Critique Category: Government Critique Response Category: Solutions/Interventions Perception Type: None Racist: No Reasoning: The post provides a factual statement about a new proposal for affordable housing for veterans. It does not expr"
x,66,B,0,0,"Comment Type: Express Their Opinion, Government Critique Critique Category: Government Critique Response Category: No Response Category Perception Type: No Perception Type Racist: No Reasoning: The comment expresses an opinion about the government's handling of homelessness and criticizes their poli"
x,67,B,0,0,"Comment Type: Express Their Opinion, Provide an Observation Critique Category: Government Critique Response Category: Solutions/Interventions Perception Type: None Racist: No Reasoning: The comment expresses an opinion about the effectiveness of an organization in reducing homelessness and mentions "
x,68,B,0,0,"Comment Type: Express Others' Opinions, Provide an Observation Critique Category: No Response Category: No Perception Type: Media Portrayal Racist: No Reasoning: The comment expresses an observation about the homelessness in a specific location, suggesting that the homeless individuals are refugees."
x,69,B,0,0,"Comment Type: Express Their Opinion, Provide an Observation Critique Category: No Response Category: Solutions/Interventions Perception Type: No Racist: No Reasoning: The post is an observation about a specific organization's success in reducing homelessness, particularly chronic and veteran homeles"
x,70,B,0,0,"Comment Type: Provide an Observation, Express Their Opinion Critique Category: No Response Category: Solutions/Interventions Perception Type: No Racist: No Reasoning: The comment is an announcement about an affordable housing summit and does not express an opinion, ask a question, or provide an obse"
x,71,B,0,0,"Comment Type: Provide an Observation, Government Critique Critique Category: Government Critique Response Category: Solutions/Interventions Perception Type: None Racist: No Reasoning: The comment observes a meeting between lawmakers and local leaders about affordable housing and a state budget defic"
x,72,B,1,0,"Comment Type: Express Others' Opinions, Provide an Observation Critique Category: Government Critique Response Category: Solutions/Interventions Perception Type: Media Portrayal Racist: No Reasoning: The comment suggests observing homeless Americans at an organization, which is an observation. It im"
x,73,B,0,0,"Comment Type: Provide an Observation, Express Others' Opinions Critique Category: No Response Category: No Perception Type: Media Portrayal Racist: No Reasoning: The post observes the risk to homeless individuals during a heatwave and references external sources, suggesting concern for the homeless "
x,74,B,0,1,"Comment Type: Express Their Opinion, Provide a Fact or Claim, Government Critique, Response Category: Solutions/Interventions, Perception Type: Not in my Backyard Critique Category: Government Critique, Money Aid Allocation Response Category: Solutions/Interventions Perception Type: Not in my Backya"
x,75,B,0,1,"Comment Type: Express Their Opinion, Provide an Observation Critique Category: Government Critique, Societal Critique Response Category: Solutions/Interventions Perception Type: Harmful Generalization, Not in my Backyard Racist: No Reasoning: The comment expresses an opinion about the causes of home"
x,76,B,0,0,"Comment Type: Express Their Opinion, Provide an Observation Critique Category: No Response Category: Solutions/Interventions Perception Type: No Racist: No Reasoning: The post shares a positive experience of attending a housing summit and the opportunity to share resources and meet other organizatio"
x,77,B,0,0,"Comment Type: Express Their Opinion, Provide an Observation Critique Category: No Response Category: Solutions/Interventions Perception Type: No Racist: No Reasoning: The comment expresses a personal opinion and observation about homelessness, suggesting that help should be given to the homeless. It"
x,78,B,0,0,"Comment Type: Provide an Observation, Express Their Opinion Critique Category: None Response Category: None Perception Type: None Racist: No Reasoning: The comment provides an observation about the capacity of warming centers and expresses an opinion about the challenge faced by those without stable"
x,79,B,0,0,"Comment Type: Express Their Opinion, Provide an Observation Critique Category: No Response Category: No Perception Type: Deserving/Undeserving Racist: No Reasoning: The comment expresses the opinion that people experiencing homelessness are like everyone else and deserve to be treated with the same "
x,80,B,0,0,"Comment Type: Express Their Opinion, Provide an Observation Critique Category: No Response Category: No Perception Type: No Racist: No Reasoning: The post expresses an opinion about a specific event and provides an observation about the situation. It does not critique any government or societal poli"
x,81,B,1,0,"Comment Type: Express Opinion, Harmful Generalization Critique Category: None Response Category: None Perception Type: Media Portrayal, Harmful Generalization Racist: No Reasoning: The comment expresses an opinion about the streets in specific locations and criticizes the presence of homeless indivi"
x,82,B,0,0,"Comment Type: Express Their Opinion, Government Critique, Money Aid Allocation Critique Category: Government Critique, Money Aid Allocation Response Category: Solutions/Interventions Perception Type: None Racist: No Reasoning: The comment expresses an opinion about a non-profit that supports the hom"
x,83,B,0,0,"Comment Type: Express Their Opinion, Provide an Observation Critique Category: None Response Category: Solutions/Interventions Perception Type: None Racist: No Reasoning: The post describes an observation of an organization providing aid to homeless individuals and does not express an opinion about "
x,84,B,0,0,"Comment Type: Express Their Opinion, Provide an Observation Critique Category: No Response Category: Solutions/Interventions Perception Type: No Racist: No Reasoning: The post is an observation about a country music artist donating and raising awareness for homelessness. It does not express an opini"
x,85,B,0,0,"Comment Type: Provide an Observation, Express Their Opinion Critique Category: No Response Category: Solutions/Interventions Perception Type: No Racist: No Reasoning: The post is an observation about an organization seeking community aid and does not express an opinion about homelessness, critique a"
x,86,B,0,0,"Comment Type: Provide an Observation, Provide a Fact or Claim Critique Category: No Response Category: No Perception Type: No Racist: No Reasoning: The post is providing an observation by sharing information about an organization seeking financial support for homeless individuals. It does not expres"
x,87,B,0,0,"Comment Type: Express Their Opinion, Provide an Observation Critique Category: No Response Category: Solutions/Interventions Perception Type: No Racist: No Reasoning: The post expresses an opinion about the positive impact of an organization's efforts to provide shelter and community to 100 people i"
x,88,B,0,0,"Comment Type: Express Their Opinion, Provide an Observation, Government Critique Critique Category: Government Critique Response Category: Solutions/Interventions Perception Type: None Racist: No Reasoning: The comment expresses an opinion about the housing situation, provides an observation about t"
x,89,B,0,0,"Comment Type: Express Their Opinion, Provide a Solution/Intervention Critique Category: No Response Category: Solutions/Interventions Perception Type: No Racist: No Reasoning: The comment expresses an opinion about the need for more support to end homelessness and encourages responsibility. It does "
x,90,B,0,0,"Comment Type: Provide an Observation, Express Their Opinion Critique Category: No Response Category: Solutions/Interventions Perception Type: No Racist: No Reasoning: The post observes the arrival of mobile homes funded by a location and expresses an opinion on the situation. It does not critique an"
x,91,B,0,1,"Comment Type: Provide an Observation, Express Others' Opinions Critique Category: Government Critique, Societal Critique Response Category: Solutions/Interventions Perception Type: Not in my Backyard Racist: No Reasoning: The comment provides an observation about the homeless population growing and "
x,92,B,0,0,"Comment Type: Express Their Opinion, Provide an Observation Critique Category: No Response Category: Solutions/Interventions Perception Type: No Racist: No Reasoning: The comment is an observation about a new home that aims to help homelessness and addiction, expressing the opinion that such initiat"
x,93,B,0,0,"Comment Type: Express Their Opinion, Provide an Observation, Provide a Fact or Claim Critique Category: No Response Category: Solutions/Interventions Perception Type: No Racist: No Reasoning: The post expresses the donor's opinion and provides a fact about the donation's impact. It also describes an"
x,94,B,0,0,"Comment Type: Express Their Opinion, Provide a Fact or Claim Critique Category: No Response Category: Solutions/Interventions Perception Type: No Racist: No Reasoning: The comment expresses an opinion about an organization receiving a grant to address homelessness among jail inmates and provides a f"
x,95,B,0,0,"Comment Type: Provide an Observation, Government Critique Critique Category: Government Critique Response Category: Solutions/Interventions Perception Type: None Racist: No Reasoning: The comment observes a re-evaluation of plans to convert a hotel into an institution, which is a government action. "
x,96,B,0,0,"Comment Type: Provide an Observation, Provide a Fact or Claim Critique Category: No Response Category: No Perception Type: No Racist: No Reasoning: The comment provides a factual statement about the number of new housing units that will be created by a project. It does not express an opinion, ask a "
x,97,B,0,0,"Comment Type: Provide an Observation Critique Category: No Response Category: No Perception Type: No Racist: No Reasoning: The comment is simply sharing an observation about a potential change in a project location, without expressing an opinion, asking a question, or showing any form of critique or"
x,98,B,0,0,"Comment Type: Provide an Observation, Express Others' Opinions Critique Category: No Response Category: Solutions/Interventions Perception Type: No Racist: No Reasoning: The comment observes the organization's actions in providing affordable housing and expresses opinions about it, which could be se"
x,99,B,0,0,"Comment Type: Express Their Opinion, Provide a Fact or Claim Critique Category: Government Critique, Solutions/Interventions Response Category: Solutions/Interventions Perception Type: None Racist: No Reasoning: The comment provides a factual statement about an organization's actions and suggests sp"
x,100,B,0,0,"Comment Type: Provide an Observation, Critique Category: Money Aid Allocation, Response Category: No Response, Perception Type: No Perception, Racist: No Reasoning: The post is an observation about the cancellation of a plan due to high costs, which is a factual statement about the financial aspect "
x,101,B,0,0,"Comment Type: Express Others' Opinions, Provide an Observation Critique Category: No Response Category: No Perception Type: Harmful Generalization Racist: No Reasoning: The comment expresses an observation about someone being homeless and uses a negative phrase (""homeless mess""), which can be seen a"
x,102,B,0,0,"Comment Type: Express Their Opinion, Provide an Observation Critique Category: None Response Category: Solutions/Interventions Perception Type: None Racist: No Reasoning: The comment expresses an opinion about the purpose of tiny houses and provides an observation about who benefits from them. It do"
x,103,B,0,0,"Comment Type: Express Their Opinion, Provide an Observation Critique Category: None Response Category: Solutions/Interventions Perception Type: Personal Interaction Racist: No Reasoning: The post discusses a common issue at public transportation motor pools and maintenance bays involving homeless pe"
x,104,B,0,0,"Comment Type: Express Their Opinion, Provide an Observation Critique Category: Government Critique Response Category: Solutions/Interventions Perception Type: None Racist: No Reasoning: The comment is expressing an opinion about a government decision to support affordable housing projects and observ"
x,105,B,0,0,"Comment Type: Provide an Observation, Express Their Opinion Critique Category: Government Critique Response Category: Solutions/Interventions Perception Type: None Racist: No Reasoning: The comment provides an observation about a pre-approved plan and expresses an opinion about the organization's ef"
x,106,B,0,0,"Comment Type: Express Their Opinion, Provide an Observation Critique Category: Government Critique Response Category: Solutions/Interventions Perception Type: None Racist: No Reasoning: The comment expresses an opinion about a government action and an observation about affordable housing projects. I"
x,107,B,0,0,"Comment Type: Provide an Observation, Express Their Opinion Critique Category: No Response Category: Solutions/Interventions Perception Type: No Racist: No Reasoning: The comment observes a trend in student homelessness and mentions a program aimed at addressing it. It does not criticize any governm"
x,108,B,0,0,"Comment Type: Express Their Opinion, Provide an Observation Critique Category: No Response Category: No Perception Type: No Racist: No Reasoning: The comment expresses an opinion about an organization's mission and provides an observation about their efforts to ensure comfort and joy for everyone. T"
x,109,B,0,0,"Comment Type: Express Their Opinion, Provide an Observation Critique Category: No Response Category: Solutions/Interventions Perception Type: No Racist: No Reasoning: The post is an observation about a program aimed at addressing student homelessness, expressing the opinion that the organization aim"
x,110,B,0,0,"Comment Type: Provide an Observation, Provide a Fact or Claim Critique Category: No Response Category: No Perception Type: No Racist: No Reasoning: The post provides factual information about an affordable housing project without expressing an opinion, asking a question, or showing any form of criti"
x,111,B,0,0,"Comment Type: Express Their Opinion, Provide an Observation Critique Category: No Response Category: Solutions/Interventions Perception Type: No Racist: No Reasoning: The post expresses a positive opinion about a donation and its impact on homelessness, provides an observation about the donation's p"
x,112,B,1,1,"Comment Type: Express Their Opinion, Provide an Observation, Solutions/Interventions Critique Category: Not Applicable Response Category: Solutions/Interventions Perception Type: Not in my Backyard Racist: No Reasoning: The comment expresses an opinion about reducing homelessness, observes a current"
x,113,B,0,0,"Comment Type: Provide an Observation, Government Critique Critique Category: Government Critique Response Category: Solutions/Interventions Perception Type: None Racist: No Reasoning: The comment observes a government decision to support housing projects and does not contain any explicit or implicit"
x,114,B,0,0,"Comment Type: Express Their Opinion, Government Critique, Money Aid Allocation Critique Category: Government Critique, Money Aid Allocation Response Category:  Perception Type:  Racist: No Reasoning: The comment expresses an opinion about cities sending homeless individuals to other states, which is"
x,115,B,0,0,"Comment Type: Provide an Observation, Express Their Opinion Critique Category: No Response Category: No Perception Type: No Racist: No Reasoning: The post is sharing an observation about the increase in homelessness in a specific location and time, and the author expresses their opinion about the si"
x,116,B,0,0,"Comment Type: Express Their Opinion, Provide an Observation, Provide a Fact or Claim Critique Category: No Response Category: Solutions/Interventions Perception Type: No Racist: No Reasoning: The post provides a fact or claim about an organization's actions to help homeless individuals by offering h"
x,117,B,0,0,"Comment Type: Express Their Opinion, Provide an Observation, Provide a Fact or Claim Critique Category: No Response Category: Solutions/Interventions Perception Type: No Racist: No Reasoning: The post expresses an opinion about the organization's efforts to help a specific group of people (likely ve"
x,118,B,0,0,"Comment Type: Provide an Observation, Express Others' Opinions Critique Category: No Response Category: Solutions/Interventions Perception Type: No Racist: No Reasoning: The comment observes new housing projects being initiated by an organization and shares this information, which could be seen as a"
x,119,B,0,0,"Comment Type: Express Their Opinion, Provide an Observation Critique Category: No Response Category: No Perception Type: No Racist: No Reasoning: The comment is an observation about homelessness concerns continuing in a specific location, but it does not express an opinion on a specific policy, solu"
x,120,B,0,0,"Comment Type: Express Their Opinion, Provide an Observation Critique Category: No Response Category: No Perception Type: No Racist: No Reasoning: The comment expresses an observation about a facility reopening during cold weather, which is likely a concern for those experiencing homelessness. There "
x,121,B,0,1,"Comment Type: Express Their Opinion, Provide an Observation Critique Category: No Response Category: Solutions/Interventions Perception Type: Not in my Backyard Racist: No Reasoning: The comment expresses an opinion and observation about welcoming homeless folks, suggesting a solution or interventio"
x,122,B,0,0,"Comment Type: Express Their Opinion, Provide a Fact or Claim Critique Category: Government Critique Response Category: Solutions/Interventions Perception Type: None Racist: No Reasoning: The comment expresses an opinion about the allocation of taxpayer money and suggests a specific solution for home"
x,123,B,0,0,"Comment Type: Express Their Opinion, Government Critique Critique Category: Government Critique Response Category: No Response Category Perception Type: Harmful Generalization Racist: No Reasoning: The comment expresses an opinion about a specific organization and its leader, criticizing them for th"
x,124,B,0,0,"Comment Type: Express Their Opinion, Government Critique, Societal Critique Critique Category: Government Critique, Societal Critique Response Category:  Perception Type:  Racist: No Reasoning: The comment expresses skepticism about the organization's policies and links them to homelessness, but doe"
x,125,B,0,0,"Comment Type: Express Their Opinion, Provide an Observation, Provide a Fact or Claim Critique Category: Government Critique Response Category: Solutions/Interventions Perception Type: Deserving/Undeserving Racist: No Reasoning: The comment expresses an opinion about the government's care for veteran"
x,126,B,0,0,"Comment Type: Express Their Opinion, Provide a Fact or Claim Critique Category: Government Critique Response Category: Solutions/Interventions Perception Type: Harmful Generalization Racist: No Reasoning: The comment expresses an opinion about a local hotel's initiative and mentions a study showing "
x,127,B,0,0,"Comment Type: Express Their Opinion, Provide an Observation Critique Category: No Response Category: Solutions/Interventions Perception Type: No Racist: No Reasoning: The post is an observation about a non-profit organization preparing for a specific event, which is related to helping people experie"
x,128,B,0,0,"Comment Type: Express Their Opinion, Provide an Observation Critique Category: No Response Category: Solutions/Interventions Perception Type: No Racist: No Reasoning: The post expresses the author's opinion on their charitable activities and observations about their support for different charities. "
x,129,B,0,0,"Comment Type: Provide an Observation, Express Others' Opinions Critique Category: No Response Category: No Perception Type: Media Portrayal Racist: No Reasoning: The post shares an observation about homelessness in a specific location and references a media source. It does not express an opinion abo"
x,130,B,0,1,"Comment Type: Provide an Observation, Express Their Opinion Critique Category: Government Critique, Money Aid Allocation Response Category: Solutions/Interventions Perception Type: Not in my Backyard Racist: No Reasoning: The post discusses the scale of homelessness and the logistical challenges of "
x,131,B,0,0,"Comment Type: Express Their Opinion, Provide a Fact or Claim Critique Category: Government Critique, Societal Critique Response Category: No Response Category Applies Perception Type: Media Portrayal, Harmful Generalization Racist: No Reasoning: The comment expresses the speaker's opinion and provid"
x,132,B,0,0,"Comment Type: Provide an Observation, Express Their Opinion Critique Category: No Response Category: Solutions/Interventions Perception Type: No Racist: No Reasoning: The comment appears to be a news article or organization post about a project to revitalize old lots, which can be seen as an observa"
x,133,B,0,0,"Comment Type: Express Their Opinion, Provide an Observation Critique Category: No Response Category: Solutions/Interventions Perception Type: No Racist: No Reasoning: The post expresses the user's opinion by mentioning their family connections to religious leaders and provides an observation about a"
x,134,B,0,0,"Comment Type: Express Their Opinion, Provide an Observation Critique Category: None Response Category: None Perception Type: None Racist: No Reasoning: The comment expresses the user's personal experience and observations about the impact of the pandemic and forced vaccinations on their health and h"
x,135,B,0,1,"Comment Type: Express Their Opinion, Government Critique Critique Category: Government Critique Response Category: No Response Category Perception Type: Not in my Backyard Racist: No Reasoning: The comment expresses an opinion about the perceived hypocrisy of organizations that host parades with cel"
x,136,B,0,0,"Comment Type: Express Their Opinion, Provide an Observation, Ask a Genuine Question Critique Category: No Response Category: Solutions/Interventions Perception Type: Harmful Generalization, Personal Interaction Racist: No Reasoning: The post expresses the user's personal situation and asks for help,"
x,137,B,0,0,"Comment Type: Express Their Opinion, Ask a Rhetorical Question Critique Category: Government Critique Response Category: None Perception Type: Media Portrayal Racist: No Reasoning: The comment expresses frustration and disbelief about a situation involving homeless Americans moving between organizat"
x,138,B,0,1,"Comment Type: Express Their Opinion, Ask a Rhetorical Question Critique Category: Government Critique Response Category: Solutions/Interventions Perception Type: Not in my Backyard Racist: No Reasoning: The comment expresses dissatisfaction with a government organization's actions and suggests that "
x,139,B,0,0,"Comment Type: Provide a Fact or Claim, Provide an Observation Critique Category: Money Aid Allocation Response Category: Solutions/Interventions Perception Type: None Racist: No Reasoning: The post provides a factual statement about a federal grant for affordable housing and mentions a specific orga"
x,140,B,0,1,"Comment Type: Express Their Opinion, Provide an Observation Critique Category: Government Critique Response Category: No Response Category Applies Perception Type: Not in my Backyard Racist: No Reasoning: The comment expresses an opinion about a government action (bulldozing an encampment) and an ob"
x,141,B,0,0,"Comment Type: Express Their Opinion, Government Critique, Harmful Generalization Critique Category: Government Critique Response Category: None Perception Type: Harmful Generalization Racist: No Reasoning: The comment expresses an opinion about immigrants being deported and criticizes a government o"
x,142,B,0,1,"Comment Type: Express Their Opinion, Provide a Fact or Claim, Government Critique Critique Category: Government Critique Response Category: Solutions/Interventions Perception Type: Not in my Backyard Racist: No Reasoning: The comment expresses an opinion about government spending, specifically criti"
x,143,B,0,0,"Comment Type: Provide an Observation, Ask a Rhetorical Question Critique Category: No Response Category: Solutions/Interventions Perception Type: No Racist: No Reasoning: The post is about an organization accepting applications for support programs, which is an observation and an invitation to apply"
x,144,B,0,0,"Comment Type: Express Their Opinion, Ask a Rhetorical Question Critique Category: Government Critique Response Category: No Response Category Applies Perception Type: Harmful Generalization Racist: No Reasoning: The post expresses frustration and rhetorical questions about government priorities, spe"
x,145,B,0,0,"Comment Type: Provide an Observation, Express Their Opinion Critique Category: No Response Category: Solutions/Interventions Perception Type: Media Portrayal Racist: No Reasoning: The comment observes the availability of affordable housing and points out a location, suggesting a solution or interven"
x,146,B,0,0,"Comment Type: Express Their Opinion, Government Critique, Harmful Generalization Critique Category: Government Critique, Societal Critique Response Category: None Perception Type: Harmful Generalization Racist: No Reasoning: The comment expresses dissatisfaction with government policies and job cond"
x,147,B,0,0,"Comment Type: Express Their Opinion, Ask a Rhetorical Question Critique Category: Government Critique Response Category: No Response Category Applies Perception Type: Harmful Generalization Racist: No Reasoning: The comment expresses an opinion and asks a rhetorical question, criticizing the governm"
x,148,B,0,0,"Comment Type: Express Their Opinion, Provide an Observation Critique Category: No Response Category: Solutions/Interventions Perception Type: No Racist: No Reasoning: The post is an observation about the construction of a new shelter for homeless men, which is an intervention. It does not express an"
x,149,B,0,0,"Comment Type: Express Their Opinion, Provide an Observation Critique Category: No Response Category: Solutions/Interventions Perception Type: No Racist: No Reasoning: The comment expresses an opinion about a future development and an observation about the type of housing being developed. It does not"
x,150,B,0,1,"Comment Type: Express Their Opinion, Provide an Observation Critique Category: Government Critique, Societal Critique Response Category: Solutions/Interventions Perception Type: Not in my Backyard Racist: No Reasoning: The comment expresses an opinion about a 15-minute city concept and observes loca"
x,151,B,0,1,"Comment Type: Express Their Opinion, Ask a Rhetorical Question, Provide an Observation Critique Category: Government Critique Response Category: Solutions/Interventions Perception Type: Not in my Backyard Racist: No Reasoning: The comment expresses an opinion about a headline, asks a rhetorical ques"
x,152,B,0,0,"Comment Type: Express Their Opinion, Provide an Observation Critique Category: None Response Category: Solutions/Interventions Perception Type: None Racist: No Reasoning: The post expresses the user's personal situation and need for help, which can be seen as an observation. It does not directly cri"
x,153,B,0,0,"Comment Type: Express Their Opinion, Provide an Observation Critique Category: Government Critique Response Category: Solutions/Interventions Perception Type: Media Portrayal Racist: No Reasoning: The comment expresses an opinion about the processing of homeless individuals for voting and suggests l"
x,154,B,0,0,"Comment Type: Express Others' Opinions, Harmful Generalization Critique Category: None Response Category: None Perception Type: Harmful Generalization Racist: No Reasoning: The comment expresses an opinion about someone's appearance and implies a negative stereotype about homelessness, which can be "
x,155,B,0,0,"Comment Type: Express Their Opinion, Harmful Generalization Critique Category: No Response Category: No Perception Type: Harmful Generalization Racist: No Reasoning: The comment expresses an opinion about a politician's appearance and behavior, suggesting a harmful generalization about homeless indi"
x,156,B,0,0,"Comment Type: Provide an Observation, Express Others' Opinions Critique Category: No Response Category: No Perception Type: Media Portrayal Racist: No Reasoning: The comment provides an observation about homelessness in a specific location and references others' opinions, but does not make any criti"
x,157,B,0,0,"Comment Type: Express Their Opinion, Provide an Observation Critique Category: Government Critique Response Category: Solutions/Interventions Perception Type: Harmful Generalization Racist: No Reasoning: The post expresses an opinion about a government organization's policies and actions, suggesting"
x,158,B,0,0,"Comment Type: Express Their Opinion, Provide an Observation, Government Critique Critique Category: Government Critique, Societal Critique Response Category: Solutions/Interventions Perception Type: Media Portrayal Racist: No Reasoning: The comment expresses an opinion about the treatment of homeles"
x,159,B,0,0,"Comment Type: Express Their Opinion, Provide an Observation Critique Category: Government Critique, Societal Critique Response Category: Solutions/Interventions Perception Type: Media Portrayal, Harmful Generalization Racist: No Reasoning: The comment expresses an opinion about a person's homelessne"
x,160,B,0,0,"Comment Type: Express Their Opinion, Provide an Observation, Rhetorical Question Critique Category: Government Critique Response Category: No Response Category Applies Perception Type: Harmful Generalization Racist: No Reasoning: The comment expresses personal experience and opinion about government"
x,161,B,0,0,"Comment Type: Express Their Opinion, Ask a Rhetorical Question Critique Category: Government Critique Response Category: No Response Category Applies Perception Type: No Perception Type Applies Racist: No Reasoning: The comment expresses an opinion and asks a rhetorical question about the organizati"
x,162,B,0,0,"Comment Type: Express Their Opinion, Ask a Rhetorical Question Critique Category: No Response Category: No Perception Type: Personal Interaction Racist: No Reasoning: The comment expresses the user's opinion about being homeless and their desire for investigation. It also asks a rhetorical question "
x,163,B,0,0,"Comment Type: Express Their Opinion, Government Critique Critique Category: Government Critique Response Category: No Response Category Perception Type: Harmful Generalization Racist: No Reasoning: The user expresses their opinion about the government's actions regarding homelessness, criticizing th"
x,164,B,0,0,"Comment Type: Provide an Observation, Express Others' Opinions Critique Category: Government Critique, Money Aid Allocation Response Category: Solutions/Interventions Perception Type: None Racist: No Reasoning: The comment observes a development in affordable housing and mentions transportation impr"
x,165,B,0,0,"Comment Type: Express Their Opinion, Government Critique Critique Category: Government Critique Response Category: Solutions/Interventions Perception Type: None Racist: No Reasoning: The comment expresses an opinion about the government's actions and their impact on homelessness, suggesting that add"
x,166,B,0,0,"Comment Type: Express Their Opinion, Harmful Generalization Critique Category: None Response Category: None Perception Type: Harmful Generalization Racist: No Reasoning: The comment expresses a negative opinion about the homeless and uses derogatory terms like ""worn out dead enders and losers,"" whic"
x,167,B,0,0,"Comment Type: Express Their Opinion, Government Critique, Deserving/Undeserving Critique Category: Government Critique, Societal Critique Response Category: Solutions/Interventions Perception Type: Harmful Generalization, Deserving/Undeserving Racist: No Reasoning: The comment expresses an opinion a"
x,168,B,0,0,"Comment Type: Express Their Opinion, Provide an Observation Critique Category: No Response Category: Solutions/Interventions Perception Type: No Racist: No Reasoning: The post is an observation about an organization providing respite cabins for chronically unhoused individuals. It does not express a"
x,169,B,0,0,"Comment Type: Express Their Opinion, Provide an Observation Critique Category: Government Critique Response Category: No Response Category Applies Perception Type: No Perception Type Applies Racist: No Reasoning: The comment expresses an opinion about the process of voting and an observation about u"
x,170,B,0,0,"Comment Type: Express Their Opinion, Provide an Observation Critique Category: No Response Category: Solutions/Interventions Perception Type: No Racist: No Reasoning: The post expresses an opinion about helping a friend who was homeless and now needs transportation and utilities. It does not critiqu"
x,171,B,0,0,"Comment Type: Express Their Opinion, Provide an Observation Critique Category: No Response Category: No Perception Type: No Racist: No Reasoning: The comment expresses an opinion about a specific case of a child found in a location other than where she was expected to be. It provides an observation "
x,172,B,0,0,"Comment Type: Express Their Opinion, Provide a Solution/Intervention Critique Category: No Response Category: Solutions/Interventions Perception Type: No Racist: No Reasoning: The comment expresses an opinion about repurposing empty buildings for homeless veterans and suggests a specific solution, w"
x,173,B,0,1,"Comment Type: Provide an Observation, Express Others' Opinions Critique Category: Not Applicable Response Category: Not Applicable Perception Type: Not in my Backyard Racist: No Reasoning: The comment observes the impact of a construction project on unhoused residents and expresses the opinion of ot"
x,174,B,0,0,"Comment Type: Express Their Opinion, Provide a Fact or Claim Critique Category: Government Critique Response Category: Solutions/Interventions Perception Type: None Racist: No Reasoning: The comment expresses an opinion about the need for affordable housing and access to healthy food, provides a fac"
x,175,B,0,0,"Comment Type: Express Their Opinion, Provide an Observation Critique Category: No Response Category: Solutions/Interventions Perception Type: No Racist: No Reasoning: The post expresses the opinion that participating in the event is a great social action and provides an observation about the event's"
x,176,B,0,1,"Comment Type: Express Their Opinion, Provide an Observation Critique Category: Government Critique, Societal Critique Response Category: Solutions/Interventions Perception Type: Harmful Generalization, Not in my Backyard Racist: No Reasoning: The comment expresses an opinion and observation about th"
x,177,B,0,0,"Comment Type: Express Their Opinion, Provide an Observation Critique Category: No Response Category: Solutions/Interventions Perception Type: No Racist: No Reasoning: The comment is an invitation to a discussion event, which can be seen as expressing an opinion about addressing homelessness through "
x,178,B,0,1,"Comment Type: Express Their Opinion, Provide an Observation Critique Category: Not Applicable Response Category: Not Applicable Perception Type: Not in my Backyard Racist: No Reasoning: The user expresses an opinion about two towns, [ORGANIZATION] and [PERSON], and makes a comparison based on the pr"
x,179,B,0,0,"Comment Type: Express Their Opinion, Provide an Observation Critique Category: Government Critique Response Category: Solutions/Interventions Perception Type: None Racist: No Reasoning: The comment expresses an opinion about the city's future in the housing market and suggests the city needs to find"
x,180,B,0,0,"Comment Type: Express Their Opinion, Ask a Rhetorical Question Critique Category: Government Critique Response Category: Solutions/Interventions Perception Type: None Racist: No Reasoning: The comment expresses an opinion about the legality of providing addresses to homeless people for voting purpos"
x,181,B,0,0,"Comment Type: Express Their Opinion, Provide an Observation Critique Category: Government Critique Response Category: Solutions/Interventions Perception Type: None Racist: No Reasoning: The comment expresses an opinion about the need for investment in resources and community partnerships, which is a"
x,182,B,0,0,"Comment Type: Express Their Opinion, Provide an Observation Critique Category: No Response Category: Solutions/Interventions Perception Type: No Racist: No Reasoning: The post is an observation about a charitable action taken by the organization, expressing their opinion on the impact of their servi"
x,183,B,0,0,"Comment Type: Provide an Observation, Express Others' Opinions Critique Category: No Response Category: Solutions/Interventions Perception Type: No Racist: No Reasoning: The post is providing information about a new affordable housing development, which is an observation and an expression of others'"
x,184,B,0,0,"Comment Type: Express Their Opinion, Provide an Observation Critique Category: Money Aid Allocation Response Category: Solutions/Interventions Perception Type: None Racist: No Reasoning: The post is an observation about a startup competition aimed at ending homelessness with a monetary prize. It doe"
x,185,B,0,0,"Comment Type: Express Their Opinion, Provide an Observation, Government Critique Critique Category: Government Critique Response Category: Solutions/Interventions Perception Type: Deserving/Undeserving Racist: No Reasoning: The comment expresses an opinion about the government's lack of action towar"
x,186,B,0,0,"Comment Type: Provide an Observation, Government Critique Critique Category: Government Critique Response Category: Solutions/Interventions Perception Type: None Racist: No Reasoning: The comment provides an observation about a nuisance lawsuit related to homeless camping and implicitly critiques go"
x,187,B,0,0,"Comment Type: Provide an Observation Critique Category: No Response Category: No Perception Type: No Racist: No Reasoning: The comment is an observation about the challenges of building in the city, which is related to homelessness, but it does not express an opinion, ask a question, provide a fact,"
x,188,B,0,1,"Comment Type: Express Their Opinion, Provide an Observation Critique Category: Not Applicable Response Category: Not Applicable Perception Type: Not in my Backyard Racist: No Reasoning: The comment expresses an opinion and observation about homelessness being present in certain areas but not others,"
x,189,B,0,0,"Comment Type: Provide a Fact or Claim, Provide an Observation Critique Category: Money Aid Allocation Response Category: Solutions/Interventions Perception Type: None Racist: No Reasoning: The post provides a factual statement about a grant being approved for affordable housing and mentions the arti"
x,190,B,0,0,"Comment Type: Express Their Opinion, Provide an Observation Critique Category: No Response Category: Solutions/Interventions Perception Type: No Racist: No Reasoning: The post is an observation about a partnership and an opportunity for engagement, suggesting solutions or interventions to address ho"
x,191,B,0,1,"Comment Type: Express Their Opinion, Provide an Observation Critique Category: Government Critique, Societal Critique Response Category: Solutions/Interventions Perception Type: Harmful Generalization, Not in my Backyard Racist: No Reasoning: The comment expresses an opinion about a specific interac"
x,192,B,0,1,"Comment Type: Express Their Opinion, Government Critique, Perception Type: Not in my Backyard Critique Category: Government Critique Response Category: No Perception Type: Not in my Backyard Racist: No Reasoning: The comment expresses an opinion about the lawsuit and criticizes the government's appr"
x,193,B,0,0,"Comment Type: Express Their Opinion, Provide an Observation Critique Category: None Response Category: None Perception Type: Harmful Generalization Racist: No Reasoning: The comment expresses an opinion about a specific organization and describes an observation of a personal interaction with homeles"
x,194,B,0,1,"Comment Type: Express Their Opinion, Provide an Observation, Ask a Rhetorical Question, Provide a Fact or Claim Critique Category: No Response Category: Solutions/Interventions Perception Type: Harmful Generalization, Not in my Backyard Racist: No Reasoning: The post expresses the user's personal si"
x,195,B,0,0,"Comment Type: Express Their Opinion, Provide an Observation Critique Category: Government Critique Response Category: Solutions/Interventions Perception Type: None Racist: No Reasoning: The comment expresses an opinion about investing in affordable housing and observes the impact on a future. It cri"
x,196,B,0,0,"Comment Type: Express Their Opinion, Provide an Observation Critique Category: Government Critique Response Category: Solutions/Interventions Perception Type: None Racist: No Reasoning: The comment expresses an opinion about the challenges faced by those experiencing homelessness and provides an obs"
x,197,B,0,0,"Comment Type: Express Their Opinion, Provide an Observation Critique Category: No Response Category: Solutions/Interventions Perception Type: No Racist: No Reasoning: The comment is an observation about the mission of an organization and an expression of their intention to help, which can be seen as"
x,198,B,0,0,"Comment Type: Provide a Fact or Claim, Provide an Observation Critique Category: Money Aid Allocation Response Category: No Response Category Applies Perception Type: No Perception Type Applies Racist: No Reasoning: The comment provides a factual statement about the allocation of funds to an organiz"
x,199,B,0,0,"Comment Type: Express Their Opinion, Provide an Observation, Government Critique Critique Category: Government Critique Response Category: Solutions/Interventions Perception Type: Personal Interaction Racist: No Reasoning: The comment expresses the observer's personal interaction with homelessness a"
x,200,B,0,0,"Comment Type: Provide an Observation, Express Their Opinion Critique Category: No Response Category: Solutions/Interventions Perception Type: No Racist: No Reasoning: The post is sharing an observation about housing strategies and encouraging engagement by providing a link. It does not express an op"
x,201,B,0,0,"Comment Type: Express Their Opinion, Provide an Observation Critique Category: Government Critique Response Category: Solutions/Interventions Perception Type: None Racist: No Reasoning: The comment expresses an opinion about a political change and an observation about a platform focused on housing. "
x,202,B,0,0,"Comment Type: Express Their Opinion, Provide an Observation Critique Category: No Response Category: Solutions/Interventions Perception Type: Personal Interaction Racist: No Reasoning: The post expresses the author's personal experience with homelessness and their current status. It also mentions dr"
x,203,B,0,0,"Comment Type: Express Their Opinion, Ask a Rhetorical Question Critique Category: None Response Category: None Perception Type: None Racist: No Reasoning: The comment expresses the user's opinion about giving money to homeless people and questions the validity of someone else's opinion. It does not "
x,204,B,0,0,"Comment Type: Express Their Opinion, Provide an Observation Critique Category: Government Critique Response Category: No Response Category Applies Perception Type: No Perception Type Applies Racist: No Reasoning: The comment expresses an opinion about the board of elections and the process of obtain"
x,205,B,0,0,"Comment Type: Express Their Opinion, Provide an Observation, Government Critique, Money Aid Allocation Critique Category: Government Critique, Money Aid Allocation Response Category: Solutions/Interventions Perception Type: None Racist: No Reasoning: The comment expresses the user's opinion about th"
x,206,B,0,1,"Comment Type: Express Their Opinion, Provide an Observation, Rhetorical Question Critique Category: Government Critique, Societal Critique Response Category: Solutions/Interventions Perception Type: Harmful Generalization, Not in my Backyard Racist: No Reasoning: The comment expresses an opinion abo"
x,207,B,0,0,"Comment Type: Express Their Opinion, Provide an Observation, Government Critique Critique Category: Government Critique Response Category: Solutions/Interventions Perception Type: Harmful Generalization, Deserving/Undeserving Racist: No Reasoning: The comment expresses an opinion about a policy (put"
x,208,B,0,0,"Comment Type: Express Their Opinion, Provide an Observation Critique Category: Government Critique, Societal Critique Response Category: Solutions/Interventions Perception Type: Harmful Generalization Racist: No Reasoning: The comment expresses an opinion and observation about the lack of support fo"
x,209,B,0,0,"Comment Type: Express Their Opinion, Provide an Observation Critique Category: No Response Category: Solutions/Interventions Perception Type: No Racist: No Reasoning: The comment expresses an observation about a new housing development intended to enhance affordable housing options. It does not crit"
x,210,B,0,0,"Comment Type: Express Their Opinion, Provide an Observation Critique Category: None Response Category: Solutions/Interventions Perception Type: None Racist: No Reasoning: The post expresses an opinion about a homelessness issue and provides an observation about the lack of public transportation. It "
x,211,B,0,1,"Comment Type: Express Their Opinion, Provide an Observation Critique Category: None Response Category: Solutions/Interventions Perception Type: Not in my Backyard Racist: No Reasoning: The user shares their personal experience with homelessness and observes the lack of shelters in their area. They e"
x,212,B,0,0,"Comment Type: Express Their Opinion, Provide an Observation Critique Category: None Response Category: None Perception Type: Personal Interaction Racist: No Reasoning: The comment is an observation from a former patient expressing gratitude towards the people who helped them, which is a personal int"
x,213,B,0,0,"Comment Type: Provide an Observation, Express Their Opinion Critique Category: Government Critique Response Category: Solutions/Interventions Perception Type: None Racist: No Reasoning: The post provides an observation about the housing market competitiveness and expresses an opinion about the housi"
x,214,B,0,0,"Comment Type: Express Their Opinion, Provide an Observation, Government Critique, Money Aid Allocation Critique Category: Government Critique, Money Aid Allocation Response Category: Solutions/Interventions Perception Type: None Racist: No Reasoning: The comment expresses an opinion about a governme"
x,215,B,0,0,"Comment Type: Express Their Opinion, Provide an Observation Critique Category: Government Critique Response Category: No Response Category Applies Perception Type: No Perception Type Applies Racist: No Reasoning: The comment expresses an opinion about a political race and observes the impact of the "
x,216,B,0,0,"Comment Type: Express Their Opinion, Provide a Fact or Claim Critique Category: Money Aid Allocation Response Category: No Response Category Applies Perception Type: No Perception Type Applies Racist: No Reasoning: The comment expresses an opinion about the distinction between operating costs and lu"
x,217,B,0,1,"Comment Type: Express Their Opinion, Provide an Observation Critique Category: Government Critique, Societal Critique Response Category:  Perception Type: Not in my Backyard Racist: No Reasoning: The comment expresses an opinion about the homelessness problem in a specific organization and implies t"
x,218,B,0,0,"Comment Type: Express Their Opinion, Ask a Rhetorical Question Critique Category: Government Critique Response Category: None Perception Type: Harmful Generalization Racist: No Reasoning: The comment expresses an opinion about the organization being a ""criminal haven"" and questions the safety of the"
x,219,B,0,0,"Comment Type: Express Opinion, Ask a Genuine Question Critique Category: Government Critique Response Category: None Perception Type: Media Portrayal Racist: No Reasoning: The comment expresses an opinion about the disappearance of homeless individuals and asks a genuine question about their whereab"
x,220,B,0,1,"Comment Type: Express Their Opinion, Government Critique Critique Category: Government Critique Response Category: No Response Category Perception Type: Not in my Backyard Racist: No Reasoning: The comment expresses dissatisfaction with the government's handling of issues such as homelessness and cr"
x,221,B,0,1,"Comment Type: Express Their Opinion, Provide an Observation Critique Category: Societal Critique Response Category: Solutions/Interventions Perception Type: Not in my Backyard Racist: No Reasoning: The comment expresses an opinion about the negative impact of homelessness on a business and suggests "
x,222,B,0,0,"Comment Type: Provide an Observation, Provide a Fact or Claim Critique Category: Government Critique, Money Aid Allocation Response Category: Solutions/Interventions Perception Type: None Racist: No Reasoning: The comment provides an observation about the cost of tents and describes the services pro"
x,223,B,0,0,"Comment Type: Express Their Opinion, Provide an Observation Critique Category: None Response Category: None Perception Type: Harmful Generalization Racist: No Reasoning: The comment provides an observation about a specific individual's experience with homelessness and the shelter system. It does not"
x,224,B,0,1,"Comment Type: Express Their Opinion, Express Others' Opinions Critique Category: Government Critique Response Category: Solutions/Interventions Perception Type: Harmful Generalization, Not in my Backyard Racist: No Reasoning: The comment expresses the speaker's opinion and references the views of ot"
x,225,B,0,0,"Comment Type: Express Their Opinion, Ask a Rhetorical Question Critique Category: Government Critique Response Category: No Response Category Applies Perception Type: Media Portrayal Racist: No Reasoning: The user is making a comparison between the perceived influence of a homeless individual on a g"
x,226,B,0,0,"Comment Type: Express Their Opinion, Government Critique, Harmful Generalization Critique Category: Government Critique, Societal Critique Response Category: None Perception Type: Media Portrayal, Harmful Generalization Racist: No Reasoning: The comment expresses opinion about a government organizat"
x,227,B,0,0,"Comment Type: Express Their Opinion, Government Critique Critique Category: Government Critique Response Category: No Response Category Applies Perception Type: No Perception Type Applies Racist: No Reasoning: The comment expresses an opinion about a political figure and criticizes the government's "
x,228,B,0,1,"Comment Type: Express Their Opinion, Provide an Observation, Critique Category: Government Critique, Response Category: Solutions/Interventions, Perception Type: Not in my Backyard, Racist: No Reasoning: The user expresses their opinion about homelessness being a form of protest and suggests that th"
x,229,B,0,0,"Comment Type: Express Others' Opinions, Racist Critique Category: No Response Category: No Perception Type: No Racist: Yes Reasoning: The comment expresses the opinion that homeless people are actually Indians, which implies a racial classification and stereotype. This is an explicit form of racial "
x,230,B,0,0,"Comment Type: Express Their Opinion, Provide an Observation Critique Category: No Response Category: No Perception Type: Media Portrayal, Harmful Generalization Racist: No Reasoning: The comment discusses various topics that people might share at a holiday party, including interactions with homeless"
x,231,B,0,1,"Comment Type: Express Their Opinion, Provide an Observation Critique Category: Money Aid Allocation Response Category: No Response Category Applies Perception Type: Not in my Backyard Racist: No Reasoning: The comment expresses an opinion about the organization's practices and observes the presence "
x,232,B,0,0,"Comment Type: Express Their Opinion, Provide an Observation Critique Category: Government Critique Response Category: Solutions/Interventions Perception Type: None Racist: No Reasoning: The comment expresses an opinion about the challenges of long-term recovery and suggests that a specific organizat"
x,233,B,0,0,"Comment Type: Express Their Opinion, Government Critique Critique Category: Government Critique Response Category: No Response Category Perception Type: No Perception Type Racist: No Reasoning: The comment expresses an opinion about the government's decision to privatize services and criticizes the "
x,234,B,1,1,"Comment Type: Express Their Opinion, Provide an Observation, Government Critique, Perceive Harmful Generalization Critique Category: Government Critique, Societal Critique Response Category: Solutions/Interventions Perception Type: Harmful Generalization, Not in my Backyard Racist: No Reasoning: The"
x,235,B,0,0,"Comment Type: Express Their Opinion, Provide a Fact or Claim Critique Category: Money Aid Allocation Response Category: No Response Category Applies Perception Type: No Perception Type Applies Racist: No Reasoning: The user expresses their opinion and provides a fact or claim about helping the homel"
x,236,B,0,1,"Comment Type: Express Their Opinion, Provide an Observation Critique Category: Money Aid Allocation Response Category: Solutions/Interventions Perception Type: Not in my Backyard Racist: No Reasoning: The comment expresses an opinion about the allocation of resources for homelessness and suggests a "
x,237,B,0,0,"Comment Type: Express Others' Opinions, Provide a Fact or Claim Critique Category: Government Critique Response Category: Solutions/Interventions Perception Type: None Racist: No Reasoning: The comment expresses the opinions of others about housing the unhoused and provides a factual comparison to a"
x,238,B,0,0,"Comment Type: Express Their Opinion, Ask a Rhetorical Question Critique Category: Money Aid Allocation Response Category: Solutions/Interventions Perception Type: None Racist: No Reasoning: The comment expresses an opinion about the allocation of money for homelessness and asks a rhetorical question"
x,239,B,0,0,"Comment Type: Provide a Fact or Claim, Express Their Opinion Critique Category: No Response Category: No Perception Type: No Racist: No Reasoning: The post provides a factual homelessness statistic and expresses an opinion about someone being ""free,"" which could imply a judgment about their situatio"
x,240,B,0,0,"Comment Type: Express Their Opinion, Provide an Observation Critique Category: Government Critique, Societal Critique Response Category:  Perception Type: Media Portrayal Racist: No Reasoning: The comment expresses an opinion about a specific organization's approach to homelessness and makes an obse"
x,241,B,0,1,"Comment Type: Express Their Opinion, Provide an Observation Critique Category: Government Critique Response Category: Solutions/Interventions Perception Type: Not in my Backyard Racist: No Reasoning: The comment expresses an opinion about the implementation of homelessness solutions in other places,"
x,242,B,0,0,"Comment Type: Express Their Opinion, Provide an Observation Critique Category: Government Critique Response Category: Solutions/Interventions Perception Type: None Racist: No Reasoning: The comment expresses the user's opinion about a homeless veteran and provides an observation about the veteran's "
x,243,B,0,0,"Comment Type: Express Their Opinion, Provide an Observation Critique Category: Government Critique Response Category: No Response Category Applies Perception Type: No Perception Type Applies Racist: No Reasoning: The comment expresses an opinion about a lawsuit related to a homeless people's lawsuit"
x,244,B,0,0,"Comment Type: Express Their Opinion, Provide an Observation, Provide a Fact or Claim Critique Category: No Response Category: Solutions/Interventions Perception Type: No Racist: No Reasoning: The post expresses an opinion about a solution to the housing crisis, provides an observation about converti"
x,245,B,0,1,"Comment Type: Express Their Opinion, Government Critique, Harmful Generalization Critique Category: Government Critique Response Category: Solutions/Interventions Perception Type: Not in my Backyard Racist: No Reasoning: The comment expresses an opinion about a business owner being punished for help"
x,246,B,0,0,"Comment Type: Express Their Opinion, Provide an Observation, Harmful Generalization Critique Category: Societal Critique Response Category: No Response Category Applies Perception Type: Media Portrayal, Harmful Generalization Racist: Yes Reasoning: The comment makes a comparison between homeless peo"
x,247,B,0,1,"Comment Type: Express Their Opinion, Critique Category: Government Critique, Response Category: No Response, Perception Type: Not in my Backyard, Racist: No Reasoning: The user expresses their opinion about the homelessness problem in a city near wealthy elites. They are questioning why the issue is"
x,248,B,0,0,"Comment Type: Express Their Opinion, Provide an Observation Critique Category: Government Critique Response Category: Solutions/Interventions Perception Type: None Racist: No Reasoning: The comment expresses an opinion about a homeless solution being a costly disaster and asks about the next steps, "
x,249,B,0,0,"Comment Type: Express Their Opinion, Provide an Observation Critique Category: No Response Category: No Perception Type: Media Portrayal Racist: No Reasoning: The post appears to be sharing an observation or opinion about an organization's actions, likely related to homelessness, and referencing a n"
x,250,B,0,0,"Comment Type: Express Their Opinion, Government Critique Critique Category: Government Critique Response Category: No Response Category Perception Type: No Perception Type Racist: No Reasoning: The comment expresses an opinion about the Democratic party's policies and their effectiveness in addressi"
x,251,B,0,0,"Comment Type: Express Their Opinion, Ask a Rhetorical Question Critique Category: Government Critique Response Category: Solutions/Interventions Perception Type: Media Portrayal Racist: No Reasoning: The comment expresses an opinion about a specific organization and its impact on homelessness, askin"
x,252,B,0,0,"Comment Type: Express Their Opinion, Ask a Rhetorical Question Critique Category: Government Critique Response Category: None Perception Type: None Racist: No Reasoning: The post expresses an opinion about the government's handling of homelessness during a visit by a foreign leader and asks a rhetor"
x,253,B,0,0,"Comment Type: Express Their Opinion, Government Critique Critique Category: Government Critique Response Category: Solutions/Interventions Perception Type: None Racist: No Reasoning: The comment expresses an opinion about a local government's approach to homelessness and criticizes their policies. I"
x,254,B,0,0,"Comment Type: Express Their Opinion, Provide an Observation Critique Category: Media Portrayal Response Category: No Response Category Applies Perception Type: Media Portrayal Racist: No Reasoning: The comment expresses an opinion about a European colleague's preconceived notions based on biased med"
x,255,B,0,0,"Comment Type: Express Their Opinion, Provide an Observation Critique Category: Government Critique Response Category: Solutions/Interventions Perception Type: None Racist: No Reasoning: The comment expresses an opinion about a specific organization and suggests a solution involving conditional aid. "
x,256,B,0,0,"Comment Type: Express Their Opinion, Express Others' Opinions Critique Category: Societal Critique Response Category: No Response Category Perception Type: Deserving/Undeserving, Harmful Generalization Racist: No Reasoning: The comment expresses an opinion about the past status of homeless individua"
x,257,B,0,1,"Comment Type: Provide an Observation, Express Others' Opinions Critique Category: Societal Critique Response Category: Solutions/Interventions Perception Type: Not in my Backyard Racist: No Reasoning: The comment observes the presence of homeless encampments around hotels and expresses the opinion t"
x,258,B,0,0,"Comment Type: Express Their Opinion, Ask a Rhetorical Question Critique Category: Government Critique Response Category: Solutions/Interventions Perception Type: None Racist: No Reasoning: The comment expresses an opinion about the actions of billionaire companies and asks a rhetorical question abou"
x,259,B,0,1,"Comment Type: Provide an Observation, Express Their Opinion Critique Category: Societal Critique Response Category: Solutions/Interventions Perception Type: Not in my Backyard Racist: No Reasoning: The comment observes the transformation of the downtown area and expresses an opinion about it, sugges"
x,260,B,0,0,"Comment Type: Express Their Opinion, Government Critique, Societal Critique Critique Category: Government Critique, Societal Critique Response Category:  Perception Type: Harmful Generalization Racist: No Reasoning: The comment expresses an opinion about the management of a location, criticizes gove"
x,261,B,0,0,"Comment Type: Express Their Opinion, Provide an Observation Critique Category: Government Critique, Societal Critique Response Category: No Response Category Applies Perception Type: No Perception Type Applies Racist: No Reasoning: The comment expresses an opinion about the social services in a city"
x,262,B,0,0,"Comment Type: Express Their Opinion, Provide a Fact or Claim, Government Critique Critique Category: Government Critique Response Category: Solutions/Interventions Perception Type: None Racist: No Reasoning: The comment expresses an opinion about a specific organization and a person, and provides a "
x,263,B,0,0,"Comment Type: Express Their Opinion, Provide an Observation, Government Critique Critique Category: Government Critique, Societal Critique Response Category: Solutions/Interventions Perception Type: Media Portrayal Racist: No Reasoning: The comment expresses the speaker's opinion and observation abo"
x,264,B,0,0,"Comment Type: Express Their Opinion, Ask a Rhetorical Question Critique Category: None Response Category: None Perception Type: Harmful Generalization Racist: No Reasoning: The comment expresses an opinion about the income of people associated with an organization and questions their ability to inte"
x,265,B,0,1,"Comment Type: Express Their Opinion, Provide a Fact or Claim Critique Category: Government Critique Response Category: No Response Category Applies Perception Type: Not in my Backyard Racist: No Reasoning: The user expresses their opinion about the effectiveness of government spending on homelessnes"
x,266,B,0,0,"Comment Type: Express Opinion, Harmful Generalization Critique Category: None Response Category: None Perception Type: Harmful Generalization Racist: No Reasoning: The comment expresses a negative opinion about homeless individuals and uses derogatory language, which can be harmful and generalize a "
x,267,B,0,0,"Comment Type: Express Their Opinion, Provide an Observation Critique Category: No Response Category: No Perception Type: No Racist: No Reasoning: The comment appears to be a call to action or a reference to various organizations and individuals, possibly related to homelessness. It does not express "
x,268,B,0,0,"Comment Type: Express Their Opinion, Government Critique Critique Category: Government Critique Response Category: Solutions/Interventions Perception Type: Harmful Generalization Racist: No Reasoning: The comment expresses an opinion about government policies and criticizes the current approach to h"
x,269,B,0,0,"Comment Type: Express Their Opinion, Provide an Observation Critique Category: Government Critique Response Category: Solutions/Interventions Perception Type: Harmful Generalization Racist: Yes Reasoning: The comment expresses an opinion about H1b visas replacing American citizens, including those w"
x,270,B,0,0,"Comment Type: Provide an Observation, Express Others' Opinions Critique Category: No Response Category: No Perception Type: Harmful Generalization Racist: No Reasoning: The comment provides an observation about a specific issue related to homelessness, mentioning arson and accidental fires. It also "
x,271,B,0,1,"Comment Type: Express Their Opinion, Government Critique, Perception Type: Not in my Backyard Critique Category: Government Critique Response Category: None Perception Type: Not in my Backyard Racist: No Reasoning: The comment expresses an opinion about a perceived lack of safety at a specific organ"
x,272,B,0,0,"Comment Type: Express Their Opinion, Provide an Observation Critique Category: Government Critique Response Category: No Response Category Applies Perception Type: Harmful Generalization Racist: No Reasoning: The comment expresses an opinion about a specific organization's actions towards homeless w"
x,273,B,0,0,"Comment Type: Express Their Opinion, Ask a Rhetorical Question Critique Category: Government Critique Response Category: Solutions/Interventions Perception Type: Harmful Generalization Racist: No Reasoning: The comment expresses an opinion about government policy and asks a rhetorical question, crit"
x,274,B,0,0,"Comment Type: Express Their Opinion, Provide an Observation Critique Category: No Response Category: Solutions/Interventions Perception Type: No Racist: No Reasoning: The post describes the speaker's professional experience and the services their organization provides, which is an observation and an"
x,275,B,0,0,"Comment Type: Express Their Opinion, Provide a Fact or Claim Critique Category: Money Aid Allocation Response Category: No Response Category Applies Perception Type: No Perception Type Applies Racist: No Reasoning: The comment expresses an opinion about the organization's need for more funding for h"
x,276,B,0,0,"Comment Type: Express Their Opinion, Provide an Observation Critique Category: None Response Category: None Perception Type: Media Portrayal Racist: No Reasoning: The comment does not express an opinion about homelessness that is explicitly or implicitly racial. It is an observation about the threat"
x,277,B,0,1,"Comment Type: Express Their Opinion, Provide an Observation Critique Category: Government Critique Response Category: Solutions/Interventions Perception Type: Harmful Generalization, Not in my Backyard Racist: No Reasoning: The comment expresses an opinion about the potential consequences of not fun"
x,278,B,0,0,"Comment Type: Provide an Observation, Express Others' Opinions Critique Category: No Response Category: No Perception Type: Media Portrayal Racist: No Reasoning: The comment describes an observation of homelessness and mentions a personal experience with a hotel view, but does not make any explicit "
x,279,B,1,0,"Comment Type: Express Their Opinion, Government Critique, Perception Type: Harmful Generalization Critique Category: Government Critique, Societal Critique Response Category:  Perception Type: Harmful Generalization Racist: No Reasoning: The comment expresses an opinion about the city's current stat"
x,280,B,0,0,"Comment Type: Express Their Opinion, Provide a Fact or Claim Critique Category: Government Critique Response Category: No Response Category Applies Perception Type: No Perception Type Applies Racist: No Reasoning: The comment expresses an opinion and provides a fact or claim about an organization an"
x,281,B,0,0,"Comment Type: Express Their Opinion, Provide an Observation, Ask a Rhetorical Question Critique Category: None Response Category: Solutions/Interventions Perception Type: Personal Interaction Racist: No Reasoning: The comment expresses an opinion about the purity of fentanyl, asks for research, and "
x,282,B,0,0,"Comment Type: Express Their Opinion, Provide an Observation, Government Critique Critique Category: Government Critique Response Category: Solutions/Interventions Perception Type: Harmful Generalization Racist: No Reasoning: The post expresses an opinion about the treatment of homeless individuals, "
x,283,B,0,0,"Comment Type: Express Their Opinion, Provide an Observation Critique Category: None Response Category: None Perception Type: Media Portrayal Racist: No Reasoning: The comment expresses an opinion about the portrayal of homelessness in a movie and compares it to the actual reality. It does not direct"
x,284,B,0,0,"Comment Type: Express Their Opinion, Provide an Observation Critique Category: Government Critique, Societal Critique Response Category: Solutions/Interventions Perception Type: Harmful Generalization Racist: No Reasoning: The comment expresses an opinion about the availability of services and drugs"
x,285,B,0,0,"Comment Type: Express Their Opinion, Provide an Observation, Provide a Fact or Claim Critique Category: No Response Category: Solutions/Interventions Perception Type: No Racist: No Reasoning: The post expresses an opinion about housing and homelessness, provides an observation about the situation in"
x,286,B,0,0,"Comment Type: Provide a Fact or Claim, Provide an Observation Critique Category: Money Aid Allocation Response Category: No Response Category Applies Perception Type: No Perception Type Applies Racist: No Reasoning: The post provides a factual statement about the increase in homelessness and the amo"
x,287,B,0,0,"Comment Type: Express Their Opinion, Provide an Observation Critique Category: No Response Category: No Perception Type: No Racist: No Reasoning: The user is sharing their personal observation about how homeless individuals travel, which is an expression of their own experience and opinion. There is"
x,288,B,0,0,"Comment Type: Express Opinion, Harmful Generalization Critique Category: None Response Category: None Perception Type: Harmful Generalization Racist: No Reasoning: The comment expresses an opinion about homeless people being addicted and implies potential negative outcomes, which can be seen as harm"
x,289,B,0,0,"Comment Type: Express Their Opinion, Provide an Observation Critique Category: Media Portrayal Response Category: None Perception Type: Media Portrayal Racist: No Reasoning: The comment expresses an opinion about a news story and an observation about the portrayal of unsheltered families. It does no"
x,290,B,0,0,"Comment Type: Express Their Opinion, Ask a Genuine Question Critique Category: Government Critique Response Category: No Response Category Applies Perception Type: No Perception Type Applies Racist: No Reasoning: The comment expresses the speaker's opinion about a question they have received since a"
x,291,B,0,0,"Comment Type: Express Their Opinion, Provide an Observation Critique Category: Government Critique, Societal Critique Response Category: Solutions/Interventions Perception Type: Media Portrayal Racist: No Reasoning: The comment expresses an opinion about the inefficiency of law enforcement and the p"
x,292,B,0,0,"Comment Type: Express Their Opinion, Provide an Observation Critique Category: Government Critique, Societal Critique Response Category: No Response Category Applies Perception Type: Harmful Generalization Racist: No Reasoning: The comment expresses an opinion about the treatment of homeless people "
x,293,B,0,0,"Comment Type: Express Their Opinion, Ask a Rhetorical Question Critique Category: Government Critique Response Category: Solutions/Interventions Perception Type: None Racist: No Reasoning: The comment expresses an opinion about the government's handling of homelessness and asks a rhetorical question"
x,294,B,0,0,"Comment Type: Express Their Opinion, Provide an Observation Critique Category: No Response Category: No Perception Type: Harmful Generalization Racist: No Reasoning: The comment expresses a negative opinion and observation about encountering an unhoused person's waste, which reflects a harmful gener"
x,295,B,0,1,"Comment Type: Express Their Opinion, Provide an Observation, Government Critique, Societal Critique Critique Category: Government Critique, Societal Critique Response Category: Solutions/Interventions Perception Type: Harmful Generalization, Not in my Backyard Racist: No Reasoning: The comment expre"
x,296,B,0,0,"Comment Type: Express Their Opinion, Government Critique Critique Category: Government Critique Response Category: No Response Category Perception Type: No Perception Type Racist: No Reasoning: The comment expresses an opinion about a news article and criticizes government policies related to homele"
x,297,B,0,0,"Comment Type: Express Their Opinion, Government Critique, Harmful Generalization Critique Category: Government Critique, Societal Critique Response Category: Solutions/Interventions Perception Type: Harmful Generalization Racist: No Reasoning: The comment expresses an opinion about a homeless indivi"
x,298,B,0,0,"Comment Type: Express Their Opinion, Provide an Observation Critique Category: No Response Category: Solutions/Interventions Perception Type: Media Portrayal, Harmful Generalization Racist: No Reasoning: The comment expresses an opinion about homelessness and mentions a fireman and a homeless advise"
x,299,B,1,1,"Comment Type: Express Their Opinion, Ask a Rhetorical Question Critique Category: Societal Critique, Government Critique Response Category: Solutions/Interventions Perception Type: Harmful Generalization, Not in my Backyard Racist: No Reasoning: The user expresses their opinion about homelessness, u"
x,300,B,0,0,"Comment Type: Express Their Opinion, Provide a Fact or Claim Critique Category: Government Critique Response Category: Solutions/Interventions Perception Type: None Racist: No Reasoning: The comment expresses an opinion about the current homelessness statistics and mentions a plan by a socialist org"
x,301,B,0,0,"Comment Type: Express Their Opinion, Ask a Rhetorical Question Critique Category: Government Critique Response Category: No Response Category Applies Perception Type: Harmful Generalization Racist: No Reasoning: The user expresses an opinion about a larger factor related to an organization's handlin"
x,302,B,0,0,"Comment Type: Express Their Opinion, Provide an Observation Critique Category: Government Critique Response Category: No Response Category Applies Perception Type: Harmful Generalization Racist: No Reasoning: The user expresses their opinion about a statistic and provides an observation about a poli"
x,303,B,0,1,"Comment Type: Express Their Opinion, Provide an Observation Critique Category: None Response Category: Solutions/Interventions Perception Type: Harmful Generalization, Not in my Backyard Racist: No Reasoning: The post expresses an opinion and observation about homelessness, suggesting solutions and "
x,304,B,0,0,"Comment Type: Express Their Opinion, Provide an Observation Critique Category: Government Critique Response Category: Solutions/Interventions Perception Type: None Racist: No Reasoning: The comment expresses an opinion about a rise in homeless deaths and calls for urgent action, which can be seen as"
x,305,B,0,0,"Comment Type: Express Their Opinion, Provide an Observation, Government Critique Critique Category: Government Critique Response Category: Solutions/Interventions Perception Type: None Racist: No Reasoning: The comment expresses an opinion about the impact of a specific organization on homelessness,"
x,306,B,0,0,"Comment Type: Express Their Opinion, Ask a Genuine Question Critique Category: None Response Category: None Perception Type: Media Portrayal Racist: No Reasoning: The comment expresses an opinion about the author's focus on homelessness and asks a genuine question about the author's coverage. It als"
x,307,B,0,0,"Comment Type: Express Their Opinion, Provide an Observation Critique Category: Societal Critique Response Category: No Response Category Applies Perception Type: Harmful Generalization Racist: No Reasoning: The user expresses their opinion about the impact of homelessness on public transit and the t"
x,308,B,0,0,"Comment Type: Express Their Opinion, Government Critique, Societal Critique Critique Category: Government Critique, Societal Critique Response Category:  Perception Type: Harmful Generalization Racist: No Reasoning: The comment expresses an opinion about the government's failure to help both disaste"
x,309,B,0,0,"Comment Type: Express Their Opinion, Provide a Fact or Claim Critique Category: Government Critique Response Category: Solutions/Interventions Perception Type: None Racist: No Reasoning: The comment expresses an opinion and provides a factual statement about demanding action from an organization, wh"
x,310,B,0,0,"Comment Type: Express Their Opinion, Government Critique, Harmful Generalization Critique Category: Government Critique, Societal Critique Response Category:  Perception Type: Media Portrayal, Harmful Generalization Racist: No Reasoning: The comment expresses the speaker's opinion about the homeless"
x,311,B,0,0,"Comment Type: Express Their Opinion, Government Critique, Money Aid Allocation Critique Category: Government Critique, Money Aid Allocation Response Category: Solutions/Interventions Perception Type: None Racist: No Reasoning: The comment expresses an opinion about the allocation of resources and su"
x,312,B,0,0,"Comment Type: Express Their Opinion, Ask a Rhetorical Question Critique Category: Government Critique Response Category: No Response Category Applies Perception Type: No Perception Type Applies Racist: No Reasoning: The comment expresses concern about other cities' actions towards homelessness and u"
x,313,B,0,1,"Comment Type: Express Their Opinion, Government Critique, Societal Critique Critique Category: Government Critique, Societal Critique Response Category: Solutions/Interventions Perception Type: Not in my Backyard Racist: No Reasoning: The comment expresses an opinion on enforcing laws and making a c"
x,314,B,0,1,"Comment Type: Provide an Observation, Express Their Opinion Critique Category: No Response Category: No Perception Type: Not in my Backyard Racist: No Reasoning: The comment describes a personal observation of increased homelessness and a negative change in the area, leading to a reduction in the au"
x,315,B,0,1,"Comment Type: Express Opinion, Provide an Observation Critique Category: Not Applicable Response Category: Not Applicable Perception Type: Not in my Backyard Racist: No Reasoning: The comment expresses a personal opinion about the current state of homelessness and drug use in the area, describing an"
x,316,B,0,0,"Comment Type: Provide a Fact or Claim, Provide an Observation Critique Category: Money Aid Allocation Response Category: Solutions/Interventions Perception Type: None Racist: No Reasoning: The post provides factual information about a completed project and its impact, which includes the construction"
x,317,B,0,0,"Comment Type: Express Their Opinion, Provide an Observation Critique Category: No Response Category: No Perception Type: Personal Interaction Racist: No Reasoning: The comment describes a personal experience of being removed from a library while interviewing homeless people. It does not express an o"
x,318,B,0,1,"Comment Type: Express Their Opinion, Provide an Observation Critique Category: Government Critique Response Category: Solutions/Interventions Perception Type: Not in my Backyard Racist: No Reasoning: The comment expresses an opinion about the lack of affordable housing in a specific town and provide"
x,319,B,0,0,"Comment Type: Express Their Opinion, Ask a Rhetorical Question, Government Critique Critique Category: Government Critique Response Category: Solutions/Interventions Perception Type: None Racist: No Reasoning: The comment expresses an opinion about the organization's business practices and questions"
x,320,B,0,0,"Comment Type: Express Their Opinion, Provide an Observation, Government Critique Critique Category: Government Critique Response Category: Solutions/Interventions Perception Type: None Racist: No Reasoning: The comment expresses an opinion about the government's handling of homelessness, provides an"
x,321,B,0,0,"Comment Type: Express Their Opinion, Provide an Observation Critique Category: No Response Category: Solutions/Interventions Perception Type: Personal Interaction Racist: No Reasoning: The post shares a personal story of someone who experienced homelessness and their positive interaction with a ment"
x,322,B,0,0,"Comment Type: Express Their Opinion, Provide an Observation Critique Category: No Response Category: No Perception Type: Media Portrayal Racist: No Reasoning: The post describes a personal observation of interacting with a homeless individual during a blizzard, which is an expression of their opinio"
x,323,B,0,0,"Comment Type: Express Their Opinion, Provide an Observation Critique Category: No Response Category: No Perception Type: Personal Interaction Racist: No Reasoning: The user shares a personal experience of being homeless and staying at an institution, describing it as a ""nightmare."" This is an observ"
x,324,B,0,0,"Comment Type: Express Their Opinion, Provide a Fact or Claim Critique Category: Money Aid Allocation Response Category: Solutions/Interventions Perception Type: None Racist: No Reasoning: The comment expresses an opinion about the allocation of funds and suggests a specific solution, but does not ex"
x,325,B,0,0,"Comment Type: Express Their Opinion, Provide an Observation Critique Category: No Response Category: Solutions/Interventions Perception Type: Media Portrayal Racist: No Reasoning: The comment expresses an opinion about homelessness and shares an observation about a personal story. It does not critiq"
x,326,B,0,1,"Comment Type: Express Their Opinion, Provide an Observation Critique Category: Government Critique, Societal Critique Response Category: Solutions/Interventions Perception Type: Not in my Backyard Racist: No Reasoning: The comment expresses the speaker's opinion about their personal experience with "
x,327,B,0,0,"Comment Type: Express Their Opinion, Provide an Observation Critique Category: No Response Category: Solutions/Interventions Perception Type: No Racist: No Reasoning: The post expresses gratitude for donations and observes the impact of community generosity on a specific project. It does not critiqu"
x,328,B,0,0,"Comment Type: Express Opinion, Provide Observation Critique Category: None Response Category: None Perception Type: Harmful Generalization Racist: No Reasoning: The comment expresses an opinion about homeless individuals and their behavior, providing an observation about their reluctance to enter sh"
x,329,B,0,0,"Comment Type: Express Their Opinion, Provide an Observation Critique Category: No Response Category: No Perception Type: No Racist: No Reasoning: The post is an observation about a personal experience with homelessness and a positive story about a mentor. It does not express an opinion on government"
x,330,B,0,0,"Comment Type: Express Their Opinion, Government Critique Critique Category: Government Critique Response Category: No Response Category Applies Perception Type: No Perception Type Applies Racist: No Reasoning: The comment expresses an opinion about the organization's approach to solving homelessness"
x,331,B,0,0,"Comment Type: Provide an Observation, Express Their Opinion Critique Category: Government Critique Response Category: Solutions/Interventions Perception Type: None Racist: No Reasoning: The post observes the homelessness crisis and expresses an opinion about the expansion of a program to help, which"
x,332,B,0,0,"Comment Type: Express Their Opinion, Provide an Observation Critique Category: None Response Category: Solutions/Interventions Perception Type: Personal Interaction Racist: No Reasoning: The post describes a personal experience with homelessness and a charitable action taken by a community. There is"
x,333,B,0,0,"Comment Type: Express Their Opinion, Provide an Observation Critique Category: No Response Category: No Perception Type: Personal Interaction Racist: No Reasoning: The comment expresses an observation about homelessness while traveling and mentions personal experiences with twin babies. There is no "
x,334,B,0,0,"Comment Type: Express Their Opinion, Provide an Observation Critique Category: Government Critique, Societal Critique Response Category: Solutions/Interventions Perception Type: None Racist: No Reasoning: The comment expresses an opinion about the current state of affordable housing and suggests sol"
x,335,B,0,0,"Comment Type: Express Their Opinion, Provide an Observation Critique Category: Government Critique, Societal Critique Response Category: Solutions/Interventions Perception Type: None Racist: No Reasoning: The comment expresses an opinion about how someone would manage a certain organization or initi"
x,336,B,0,0,"Comment Type: Provide an Observation, Express Others' Opinions Critique Category: No Response Category: No Perception Type: Media Portrayal Racist: No Reasoning: The post shares an observation about a homeless woman who was killed, referencing media coverage. It does not express an opinion about gov"
x,337,B,0,0,"Comment Type: Express Their Opinion, Government Critique, Societal Critique Critique Category: Government Critique, Societal Critique Response Category: Solutions/Interventions Perception Type: Harmful Generalization Racist: No Reasoning: The comment expresses an opinion about wealth inequality and "
x,338,B,0,0,"Comment Type: Express Their Opinion, Government Critique Critique Category: Government Critique Response Category: No Response Category Perception Type: No Perception Type Racist: No Reasoning: The comment expresses an opinion about various social and economic issues and criticizes local politicians"
x,339,B,0,0,"Comment Type: Provide an Observation, Express Others' Opinions Critique Category: No Response Category: No Perception Type: No Racist: No Reasoning: The comment provides an observation about a site that is currently subject to a preservation fight. It does not express an opinion about homelessness, "
x,340,B,0,0,"Comment Type: Provide an Observation, Express Their Opinion Critique Category: No Response Category: Solutions/Interventions Perception Type: No Racist: No Reasoning: The post shares an observation about a meeting between organizations and the mayor to discuss affordable housing, which is an observa"
x,341,B,0,0,"Comment Type: Express Their Opinion, Government Critique, Money Aid Allocation Critique Category: Government Critique, Money Aid Allocation Response Category: Solutions/Interventions Perception Type: None Racist: No Reasoning: The comment expresses an opinion about local government members and criti"
x,342,B,0,0,"Comment Type: Express Opinion, Provide a Fact or Claim, Government Critique Critique Category: Government Critique Response Category: No Response Category Applies Perception Type: Harmful Generalization Racist: No Reasoning: The comment expresses an opinion about a government action and provides a f"
x,343,B,0,0,"Comment Type: Provide an Observation, Express Others' Opinions Critique Category: No Response Category: Solutions/Interventions Perception Type: No Racist: No Reasoning: The post is an observation about a new shelter opening and mentions an organization. It does not express an opinion about the gove"
x,344,B,0,0,"Comment Type: Express Their Opinion, Provide an Observation Critique Category: No Response Category: Solutions/Interventions Perception Type: Media Portrayal Racist: No Reasoning: The post shares an observation about an individual's journey from homelessness to success, which can be seen as an expre"
x,345,B,0,0,"Comment Type: Provide an Observation, Express Their Opinion Critique Category: No Response Category: Solutions/Interventions Perception Type: No Racist: No Reasoning: The post describes a volunteer activity at a soup kitchen and mentions serving dinner to the less fortunate. It does not express an o"
x,346,B,0,0,"Comment Type: Express Their Opinion, Provide an Observation Critique Category: No Response Category: Solutions/Interventions Perception Type: No Racist: No Reasoning: The comment expresses an opinion about the continuation of a mission by individuals inspired by an organization, and provides an obse"
x,347,B,0,0,"Comment Type: Express Their Opinion, Provide an Observation Critique Category: Government Critique, Societal Critique Response Category: Solutions/Interventions Perception Type: None Racist: No Reasoning: The comment expresses an opinion about the weather and housing conditions, observes the city's "
x,348,B,0,0,"Comment Type: Express Their Opinion, Provide a Fact or Claim, Government Critique Critique Category: Government Critique, Money Aid Allocation Response Category: Solutions/Interventions Perception Type: Harmful Generalization, Deserving/Undeserving Racist: Yes Reasoning: The comment expresses an opi"
x,349,B,0,0,"Comment Type: Provide an Observation, Express Their Opinion Critique Category: No Response Category: No Perception Type: No Racist: No Reasoning: The post provides an observation about where the user stayed and shares a link, which could be related to a shelter or organization. It does not express a"
x,350,B,0,1,"Comment Type: Express Their Opinion, Provide an Observation Critique Category: None Response Category: None Perception Type: Not in my Backyard Racist: No Reasoning: The user expresses a preference for being homeless in a specific organization, which could be seen as a form of sarcasm or a humorous "
x,351,B,0,0,"Comment Type: Provide a Fact or Claim, Provide an Observation Critique Category: Money Aid Allocation Response Category: Solutions/Interventions Perception Type: None Racist: No Reasoning: The post provides a factual statement about a project that transforms a former organization into affordable hou"
x,352,B,0,0,"Comment Type: Express Their Opinion, Ask a Genuine Question Critique Category: Government Critique Response Category: No Response Category Applies Perception Type: No Perception Type Applies Racist: No Reasoning: The comment expresses an opinion about someone not listening to a homeless person and q"
x,353,B,0,0,"Comment Type: Express Others' Opinions, Provide an Observation Critique Category: Government Critique, Societal Critique Response Category: No Response Category Applies Perception Type: Media Portrayal Racist: Yes Reasoning: The comment makes a comparison between the food quality for homeless indivi"
x,354,B,0,0,"Comment Type: Express Their Opinion, Provide an Observation Critique Category: No Response Category: No Perception Type: Personal Interaction Racist: No Reasoning: The post shares a personal story of a child who was homeless and the impact of a mentor. It does not express an opinion about government"
x,355,B,0,0,"Comment Type: Express Their Opinion, Provide an Observation Critique Category: No Response Category: No Perception Type: No Racist: No Reasoning: The post is an announcement about a food service event and does not express an opinion, ask a question, critique anything, respond to a specific issue, or"
x,356,B,0,0,"Comment Type: Express Their Opinion, Government Critique, Money Aid Allocation Critique Category: Government Critique, Money Aid Allocation Response Category: Solutions/Interventions Perception Type: None Racist: No Reasoning: The comment expresses an opinion about government spending and policies, "
x,357,B,0,0,"Comment Type: Express Their Opinion, Provide an Observation Critique Category: Government Critique Response Category: No Response Category Applies Perception Type: No Perception Type Applies Racist: No Reasoning: The comment expresses an opinion about the higher homeless rate in a specific organizat"
x,358,B,0,0,"Comment Type: Express Their Opinion, Provide a Solution/Intervention Critique Category: No Response Category: Solutions/Interventions Perception Type: No Racist: No Reasoning: The comment expresses an opinion about donating to the homeless in the area and suggests a specific action (donating to the "
x,359,B,0,0,"Comment Type: Express Their Opinion, Provide an Observation Critique Category: None Response Category: None Perception Type: Harmful Generalization Racist: No Reasoning: The post expresses an opinion about homelessness and makes a generalization about homeless individuals, suggesting they are undese"
x,360,B,0,0,"Comment Type: Express Their Opinion, Provide an Observation Critique Category: No Response Category: Solutions/Interventions Perception Type: No Racist: No Reasoning: The post expresses the speaker's opinion about their desire for a thriving city and their intention to run for mayor to achieve this "
x,361,B,0,0,"Comment Type: Express Their Opinion, Government Critique Critique Category: Government Critique Response Category: No Response Category Applies Perception Type: No Perception Type Applies Racist: No Reasoning: The comment expresses an opinion about a government mandate and criticizes it as unnecessa"
x,362,B,0,0,"Comment Type: Express Their Opinion, Provide an Observation Critique Category: No Response Category: Solutions/Interventions Perception Type: No Racist: No Reasoning: The comment expresses an opinion about a charitable organization's actions and provides an observation about the services offered. It"
x,363,B,0,0,"Comment Type: Provide an Observation, Express Others' Opinions Critique Category: No Response Category: No Perception Type: No Racist: No Reasoning: The comment provides an observation about a housing project and mentions different groups that might be eligible for the housing. It does not express a"
x,364,B,0,0,"Comment Type: Express Their Opinion, Provide an Observation Critique Category: None Response Category: None Perception Type: Personal Interaction Racist: No Reasoning: The comment describes a personal experience with a homeless individual and the decision to choose a particular organization based on"
x,365,B,0,0,"Comment Type: Express Their Opinion, Provide a Fact or Claim, Government Critique, Response Category: Solutions/Interventions, Perceptioin Type: None, Racist: No Reasoning: The post expresses an opinion about wanting real change, mentions helping with the cost of living, calls for multinational comp"
x,366,B,0,0,"Comment Type: Express Their Opinion, Provide a Solution/Intervention Critique Category: No Response Category: Solutions/Interventions Perception Type: No Racist: No Reasoning: The comment expresses an opinion about a homecoming project and encourages job opportunities for those in need. It does not "
x,367,B,0,0,"Comment Type: Express Their Opinion, Provide an Observation Critique Category: Government Critique Response Category: No Response Category Applies Perception Type: No Perception Type Applies Racist: No Reasoning: The post is an observation about a legal case involving the sentencing of an individual"
x,368,B,0,0,"Comment Type: Express Their Opinion, Ask a Genuine Question, Critique Category: Government Critique, Response Category: Solutions/Interventions, Perception Type: Harmful Generalization, Racist: No Reasoning: The user expresses their opinion about inhumane treatment of a homeless mother and child, qu"
x,369,B,0,0,"Comment Type: Express Their Opinion, Provide an Observation Critique Category: No Response Category: Solutions/Interventions Perception Type: Media Portrayal Racist: No Reasoning: The comment expresses gratitude for support and wishes for a holiday season, which can be seen as an observation of comm"
x,370,B,0,0,"Comment Type: Express Their Opinion, Provide an Observation Critique Category: No Response Category: No Perception Type: Media Portrayal Racist: No Reasoning: The post is an observation about a street being named in honor of a woman who feeds the homeless, which is a positive action. It does not exp"
x,371,B,0,0,"Comment Type: Express Their Opinion, Provide an Observation Critique Category: No Response Category: Solutions/Interventions Perception Type: No Racist: No Reasoning: The post expresses the user's opinion about participating in an event to help the homeless and needy, and provides an observation abo"
x,372,B,0,0,"Comment Type: Express Their Opinion, Provide an Observation, Provide a Fact or Claim Critique Category: No Response Category: Solutions/Interventions Perception Type: Personal Interaction Racist: No Reasoning: The comment expresses the user's opinion about a local organization helping the homeless, "
x,373,B,0,0,"Comment Type: Express Their Opinion, Ask a Rhetorical Question Critique Category: Government Critique Response Category: No Response Category Applies Perception Type: No Perception Type Applies Racist: No Reasoning: The comment expresses an opinion about economic progress and homelessness, and asks "
x,374,B,0,1,"Comment Type: Express Their Opinion, Provide an Observation Critique Category: Government Critique, Societal Critique Response Category: No Response Category Applies Perception Type: Harmful Generalization, Not in my Backyard Racist: No Reasoning: The user expresses their opinion about the safety an"
x,375,B,0,0,"Comment Type: Express Their Opinion, Provide an Observation Critique Category: No Response Category: Solutions/Interventions Perception Type: No Racist: No Reasoning: The post shares an observation about a discussion with others regarding an organization's district and bonds for affordable housing. "
x,376,B,0,0,"Comment Type: Express Their Opinion, Provide an Observation Critique Category: No Response Category: No Perception Type: No Racist: No Reasoning: The comment expresses gratitude for an organization and shares a link, indicating the user is observing and sharing a positive action or resource related "
x,377,B,0,0,"Comment Type: Provide an Observation, Express Others' Opinions Critique Category: No Response Category: Solutions/Interventions Perception Type: No Racist: No Reasoning: The post is providing information about a shelter extension and encouraging people to call for help, which is an observation and a"
x,378,B,0,0,"Comment Type: Express Their Opinion, Provide an Observation Critique Category: None Response Category: Solutions/Interventions Perception Type: None Racist: No Reasoning: The comment expresses an opinion about starting an organization to interact with homeless people, which can be seen as an observa"
x,379,B,0,1,"Comment Type: Express Their Opinion, Provide an Observation, Harmful Generalization, Not in my Backyard Critique Category: No Response Category: Solutions/Interventions Perception Type: Media Portrayal, Harmful Generalization, Not in my Backyard Racist: No Reasoning: The post expresses the user's op"
x,380,B,0,0,"Comment Type: Express Their Opinion, Government Critique, Societal Critique, Money Aid Allocation Critique Category: Government Critique, Societal Critique, Money Aid Allocation Response Category: Solutions/Interventions Perception Type: Harmful Generalization Racist: No Reasoning: The comment expre"
x,381,B,0,0,"Comment Type: Express Their Opinion, Provide an Observation Critique Category: No Response Category: No Perception Type: No Racist: No Reasoning: The post is primarily an observation about a dog's preferences and a call for adoption, which does not fit into any of the specified categories. It does n"
x,382,B,0,0,"Comment Type: Express Their Opinion, Provide an Observation Critique Category: No Response Category: Solutions/Interventions Perception Type: No Racist: No Reasoning: The comment expresses an opinion about helping the homeless by buying and giving them pies, which is an intervention. It does not cri"
x,383,B,0,0,"Comment Type: Express Their Opinion, Provide an Observation Critique Category: Government Critique, Societal Critique Response Category: Solutions/Interventions Perception Type: Harmful Generalization, Personal Interaction Racist: No Reasoning: The comment expresses an opinion about the city's infra"
x,384,B,0,0,"Comment Type: Express Their Opinion, Ask a Rhetorical Question, Government Critique Critique Category: Government Critique Response Category: Solutions/Interventions Perception Type: None Racist: No Reasoning: The comment expresses an opinion about the government's handling of homelessness funding a"
x,385,B,0,0,"Comment Type: Provide an Observation, Express Their Opinion Critique Category: Government Critique Response Category: Solutions/Interventions Perception Type: None Racist: No Reasoning: The comment observes a strategy being laid out by an organization and expresses an opinion on it. It does not expl"
x,386,B,0,1,"Comment Type: Express Their Opinion, Ask a Rhetorical Question Critique Category: Societal Critique Response Category: None Perception Type: Not in my Backyard Racist: No Reasoning: The comment expresses the speaker's opinion about how their personal life is being questioned in relation to homelessn"
x,387,B,0,0,"Comment Type: Express Their Opinion, Provide an Observation Critique Category: Societal Critique Response Category: No Response Category Applies Perception Type: Harmful Generalization Racist: No Reasoning: The comment expresses an opinion about seeing addicts and homelessness in surplus at a specif"
x,388,B,0,0,"Comment Type: Provide a Fact or Claim Critique Category: No Response Category: No Perception Type: No Racist: No Reasoning: The comment provides a factual statement about the states collapsing fastest in a certain organization, without expressing an opinion, asking a question, or showing any critiqu"
x,389,B,0,0,"Comment Type: Provide an Observation, Ask a Rhetorical Question Critique Category: No Response Category: Solutions/Interventions Perception Type: No Racist: No Reasoning: The post is an observation about a community event and an invitation to volunteer, which can be seen as an indirect call for acti"
x,390,B,0,0,"Comment Type: Express Their Opinion, Provide a Fact or Claim Critique Category: Government Critique Response Category: Solutions/Interventions Perception Type: None Racist: No Reasoning: The user is expressing their opinion about the allocation of tax money and suggesting a solution to help the home"
x,391,B,0,0,"Comment Type: Express Their Opinion, Provide an Observation Critique Category: No Response Category: Solutions/Interventions Perception Type: No Racist: No Reasoning: The user expresses their opinion and gratitude towards an organization's actions, and mentions their intention to support regular rec"
x,392,B,0,0,"Comment Type: Express Their Opinion, Provide an Observation Critique Category: No Response Category: No Perception Type: No Racist: No Reasoning: The comment expresses an opinion about a lady who cares about people and mentions overcoming an organization. There are no explicit or implicit racial bia"
x,393,B,0,0,"Comment Type: Express Their Opinion, Provide an Observation Critique Category: No Response Category: No Perception Type: No Racist: No Reasoning: The post observes that homelessness affects certain communities disproportionately and provides resources. It does not express an opinion in a critical or"
x,394,B,0,0,"Comment Type: Express Their Opinion, Provide an Observation Critique Category: Government Critique, Money Aid Allocation Response Category: Solutions/Interventions Perception Type: None Racist: No Reasoning: The comment expresses an opinion about affordable housing and mentions specific locations (M"
x,395,B,0,0,"Comment Type: Express Their Opinion, Provide an Observation Critique Category: Government Critique, Money Aid Allocation Response Category: Solutions/Interventions Perception Type: None Racist: No Reasoning: The comment expresses an opinion about improving the housing paradigm and provides an observ"
x,396,B,0,0,"Comment Type: Provide an Observation, Express Others' Opinions Critique Category: No Response Category: No Perception Type: Media Portrayal Racist: No Reasoning: The comment provides an observation about homelessness, specifically mentioning the number of youth and young adults facing homelessness a"
x,397,B,0,0,"Comment Type: Express Their Opinion, Racist Critique Category: No Response Category: No Perception Type: No Racist: Yes Reasoning: The comment expresses an opinion that implies a racial bias, suggesting that black people are more likely to commit crimes against each other and that whites do not kill"
x,398,B,0,0,"Comment Type: Express Their Opinion, Provide an Observation Critique Category: No Response Category: Solutions/Interventions Perception Type: No Racist: No Reasoning: The comment expresses an opinion about a mixed-income affordable housing development and provides an observation about a tour of a si"
x,399,B,0,0,"Comment Type: Express Their Opinion, Provide an Observation Critique Category: Government Critique Response Category: Solutions/Interventions Perception Type: None Racist: No Reasoning: The comment expresses an opinion about the need for improved procedures in shelters and hotels, which is an observ"
x,400,B,0,1,"Comment Type: Express Their Opinion, Provide an Observation Critique Category: No Response Category: No Perception Type: Not in my Backyard Racist: No Reasoning: The user shares their personal experience of living in an area with crime, drugs, and homelessness, expressing a negative view of the neig"
x,401,B,0,0,"Comment Type: Express Their Opinion, Provide an Observation Critique Category: Societal Critique Response Category: Solutions/Interventions Perception Type: Media Portrayal Racist: No Reasoning: The comment expresses an opinion about the crisis of LGBTQ+ homelessness and provides an observation by r"
x,402,B,0,1,"Comment Type: Express Their Opinion, Provide an Observation Critique Category: Not Applicable Response Category: Not Applicable Perception Type: Not in my Backyard Racist: No Reasoning: The comment expresses personal opinions and observations about the risk of arson in a specific organization's area"
x,403,B,0,0,"Comment Type: Express Their Opinion, Provide a Fact or Claim Critique Category: Money Aid Allocation Response Category: Solutions/Interventions Perception Type: None Racist: No Reasoning: The comment is expressing an opinion about the mayor's efforts and providing a factual statement about the fundi"
x,404,B,0,0,"Comment Type: Express Others' Opinions, Provide an Observation Critique Category: Media Portrayal Response Category: None Perception Type: None Racist: No Reasoning: The comment expresses an observation about a picture and references a perceived inaccuracy, but does not express an opinion about home"
x,405,B,0,0,"Comment Type: Provide an Observation, Express Others' Opinions Critique Category: No Response Category: Solutions/Interventions Perception Type: No Racist: No Reasoning: The post describes the activation of organizations as warming centers and provides information on how to connect with emergency sh"
x,406,B,0,0,"Comment Type: Express Others' Opinions, Provide an Observation Critique Category: No Response Category: No Perception Type: Media Portrayal Racist: No Reasoning: The comment is observing and referencing a media episode, which likely portrays a homeless person in a negative light. It does not express"
x,407,B,0,0,"Comment Type: Express Their Opinion, Provide an Observation Critique Category: None Response Category: None Perception Type: Media Portrayal Racist: No Reasoning: The user is expressing their opinion and observation about areas with high crime and homelessness, suggesting they can recognize these ar"
x,408,B,0,0,"Comment Type: Express Their Opinion, Provide an Observation Critique Category: Government Critique Response Category: Solutions/Interventions Perception Type: None Racist: No Reasoning: The comment expresses an opinion about a specific situation and an observation about an organization's absence. It"
x,409,B,0,0,"Comment Type: Express Their Opinion, Provide an Observation Critique Category: No Response Category: No Perception Type: No Racist: No Reasoning: The post expresses the user's personal experience and opinion about homelessness, mentioning their journey from drug use to sobriety. It does not critique"
x,410,B,0,0,"Comment Type: Provide a Fact or Claim, Provide an Observation Critique Category: Money Aid Allocation Response Category: No Response Category Applies Perception Type: No Perception Type Applies Racist: No Reasoning: The post provides a factual statement about an organization's donation to an afforda"
x,411,B,0,0,"Comment Type: Express Others' Opinions, Provide an Observation Critique Category: No Response Category: Solutions/Interventions Perception Type: Media Portrayal Racist: No Reasoning: The comment shares positive stories about initiatives helping various groups, including the homeless and children. It"
x,412,B,0,0,"Comment Type: Provide a Fact or Claim, Government Critique Critique Category: Government Critique, Money Aid Allocation Response Category: No Response Category Perception Type: Media Portrayal Racist: No Reasoning: The comment provides a factual statement about the allocation of funds for organizati"
x,413,B,0,0,"Comment Type: Provide a Fact or Claim, Provide an Observation Critique Category: Money Aid Allocation Response Category: Solutions/Interventions Perception Type: None Racist: No Reasoning: The comment provides a factual statement about a government initiative to address homelessness through funding "
x,414,B,0,0,"Comment Type: Express Their Opinion, Provide an Observation Critique Category: Government Critique Response Category: Solutions/Interventions Perception Type: None Racist: No Reasoning: The comment expresses an opinion about the situation of the organization and its leadership, and it also provides "
x,415,B,0,0,"Comment Type: Provide an Observation, Express Their Opinion Critique Category: No Response Category: Solutions/Interventions Perception Type: No Racist: No Reasoning: The post is an advertisement for a guide to help people find affordable homes, which can be seen as an observation and an opinion on "
x,416,B,0,1,"Comment Type: Provide an Observation, Express Others' Opinions Critique Category: No Response Category: No Perception Type: Not in my Backyard Racist: No Reasoning: The post shares an observation about a new rental housing community and expresses opinions about it, which could be seen as opposition "
x,417,B,0,0,"Comment Type: Express Their Opinion, Provide an Observation Critique Category: No Response Category: Solutions/Interventions Perception Type: No Racist: No Reasoning: The post describes the work of a non-profit organization that uses the arts to help various groups of youth, including those who are "
x,418,B,0,0,"Comment Type: Express Their Opinion, Provide an Observation, Provide a Fact or Claim Critique Category: Government Critique Response Category: Solutions/Interventions Perception Type: None Racist: No Reasoning: The comment expresses an opinion about the potential benefits of tiny home communities an"
x,419,B,0,0,"Comment Type: Express Their Opinion, Provide an Observation Critique Category: Money Aid Allocation Response Category: No Response Category Perception Type: Harmful Generalization Racist: No Reasoning: The post expresses an opinion and provides an observation about the financial aspects of homelessn"
x,420,B,0,0,"Comment Type: Express Their Opinion, Provide a Solution/Intervention Critique Category: Government Critique Response Category: Solutions/Interventions Perception Type: None Racist: No Reasoning: The comment expresses an opinion on how the organization should focus on affordable housing and provides "
x,421,B,0,0,"Comment Type: Provide an Observation Critique Category: No Response Category: No Perception Type: No Racist: No Reasoning: The comment is an observation about an artwork made of glass, which does not express an opinion, ask a question, provide a fact, critique any aspect of homelessness, discuss sol"
x,422,B,0,0,"Comment Type: Express Others' Opinions, Provide an Observation Critique Category: None Response Category: None Perception Type: Media Portrayal Racist: No Reasoning: The comment describes an observation of an event involving a homeless man and a guard, likely in a jail setting. It does not express a"
x,423,B,0,0,"Comment Type: Express Their Opinion, Provide an Observation Critique Category: None Response Category: None Perception Type: Harmful Generalization Racist: No Reasoning: The comment observes a situation where a suspect claims to have resorted to crime to survive, which could lead to harmful generali"
x,424,B,1,1,"Comment Type: Provide an Observation, Express Others' Opinions Critique Category: Government Critique Response Category: No Response Perception Type: Not in my Backyard Racist: No Reasoning: The post shares an observation about a homeless encampment that city officials are struggling to address. It "
x,425,B,0,0,"Comment Type: Express Their Opinion, Provide an Observation Critique Category: Government Critique, Societal Critique Response Category: Solutions/Interventions Perception Type: None Racist: No Reasoning: The comment expresses an opinion about a lawsuit involving a church that provides homeless serv"
x,426,B,0,0,"Comment Type: Provide an Observation, Express Others' Opinions Critique Category: No Response Category: No Perception Type: Media Portrayal Racist: No Reasoning: The comment shares an observation about homelessness being rampant in a specific location and mentions other people's experiences, but doe"
x,427,B,0,0,"Comment Type: Express Their Opinion, Provide an Observation Critique Category: Government Critique Response Category: Solutions/Interventions Perception Type: None Racist: No Reasoning: The comment expresses an opinion about reducing crime and recidivism through social services and provides an obser"
x,428,B,0,0,"Comment Type: Express Their Opinion, Provide an Observation Critique Category: No Response Category: Solutions/Interventions Perception Type: No Racist: No Reasoning: The post is an observation about a church bringing cheer to the community, which can be seen as an expression of opinion and an obser"
x,429,B,1,0,"Comment Type: Provide an Observation, Express Others' Opinions Critique Category: No Response Category: No Perception Type: No Racist: No Reasoning: The post describes the observation of homeless encampments appearing in various parts of the town, which is an observation. It also suggests that other"
x,430,B,1,1,"Comment Type: Provide an Observation, Express Others' Opinions Critique Category: No Response Category: No Perception Type: Not in my Backyard Racist: No Reasoning: The comment describes an observation of a homeless camp causing concern for nearby residents, which reflects the opinions of the nearby"
x,431,B,0,0,"Comment Type: Provide an Observation Critique Category: No Response Category: No Perception Type: No Racist: No Reasoning: The comment is simply sharing information about a new mural created by a local artist, without expressing an opinion, asking a question, or providing any critique or perception "
x,432,B,0,0,"Comment Type: Express Their Opinion, Provide an Observation Critique Category: No Response Category: Solutions/Interventions Perception Type: No Racist: No Reasoning: The post is an observation about a local nonprofit providing free meals to those experiencing homelessness, which is an intervention."
x,433,B,0,0,"Comment Type: Express Others' Opinions, Provide an Observation Critique Category: No Response Category: No Perception Type: No Racist: No Reasoning: The post is an observation about a tragic event involving a homeless individual, sharing facts about the incident. It does not express an opinion, ask "
x,434,B,0,0,"Comment Type: Express Their Opinion, Provide an Observation, Provide a Fact or Claim Critique Category: No Response Category: Solutions/Interventions Perception Type: No Racist: No Reasoning: The post describes a charitable action taken by an organization and its families, providing food to the home"
x,435,B,0,0,"Comment Type: Provide a Fact or Claim, Provide an Observation Critique Category: Money Aid Allocation Response Category: No Response Category Applies Perception Type: No Perception Type Applies Racist: No Reasoning: The comment provides a factual statement about a funding award, which falls under pr"
x,436,B,0,0,"Comment Type: Express Their Opinion, Provide an Observation Critique Category: None Response Category: None Perception Type: Harmful Generalization Racist: No Reasoning: The comment expresses an opinion about a person's situation and their struggle to eat, which could be seen as a harmful generaliza"
x,437,B,0,0,"Comment Type: Express Their Opinion, Critique Category: Media Portrayal, Response Category: None, Perception Type: Media Portrayal, Racist: No Reasoning: The user expresses their opinion about how the media is portraying homelessness and suggests that the media is trying to make homeless individuals"
x,438,B,0,0,"Comment Type: Express Their Opinion, Provide an Observation Critique Category: No Response Category: Solutions/Interventions Perception Type: No Racist: No Reasoning: The post is an observation about the impact of a community service organization and does not express an opinion, ask a question, or p"
x,439,B,0,0,Please provide the text of the Twitter post for analysis.
x,440,B,0,0,"Comment Type: Express Their Opinion, Provide an Observation Critique Category: Societal Critique Response Category: No Response Category Applies Perception Type: Media Portrayal Racist: No Reasoning: The comment expresses an opinion about the affordable housing market and mentions moving away, which"
x,441,B,0,0,"Comment Type: Express Their Opinion, Provide an Observation Critique Category: No Response Category: Solutions/Interventions Perception Type: No Racist: No Reasoning: The comment describes an observation of a workplace interaction involving a homeless individual and an offer of help. It does not exp"
x,442,B,0,0,"Comment Type: Provide an Observation, Express Their Opinion Critique Category: No Response Category: No Perception Type: No Racist: No Reasoning: The post provides an observation about a tragic event involving a homeless individual and expresses the observer's opinion about the incident. There is no"
x,443,B,1,0,"Comment Type: Provide an Observation, Express Others' Opinions Critique Category: No Response Category: No Perception Type: Media Portrayal Racist: No Reasoning: The post is an observation about the location of homeless people and reflects the user's opinion that they are not in a certain area. Ther"
x,444,B,0,0,"Comment Type: Provide an Observation, Express Their Opinion Critique Category: No Response Category: Solutions/Interventions Perception Type: No Racist: No Reasoning: The post describes a new mural at an affordable housing development, which is an observation and an expression of opinion. It does no"
x,445,B,0,0,"Comment Type: Express Their Opinion, Provide an Observation Critique Category: None Response Category: None Perception Type: None Racist: No Reasoning: The comment expresses an opinion about the high cost of living and relates it to homelessness, but does not explicitly or implicitly make a racial c"
x,446,B,0,0,"Comment Type: Express Their Opinion, Ask a Rhetorical Question Critique Category: No Critique Response Category: No Response Perception Type: Harmful Generalization Racist: No Reasoning: The first statement expresses an opinion about the impact of homelessness on a specific organization. The second "
x,447,B,0,0,"Comment Type: Express Their Opinion, Provide an Observation, Ask a Rhetorical Question Critique Category: Government Critique Response Category: Solutions/Interventions Perception Type: None Racist: No Reasoning: The comment expresses an opinion about an organization's investment in supporting forme"
x,448,B,0,0,"Comment Type: Express Their Opinion, Provide an Observation Critique Category: No Response Category: No Perception Type: No Racist: No Reasoning: The comment expresses the speaker's personal opinion about their willingness to face legal consequences for the sake of food, which is an observation abou"
x,449,B,0,0,"Comment Type: Provide a Fact or Claim, Express Others' Opinions Critique Category: Money Aid Allocation Response Category: Solutions/Interventions Perception Type: None Racist: No Reasoning: The post provides a factual comparison between the cost of homelessness and the cost of buying a house, sugge"
x,450,B,0,0,"Comment Type: Express Their Opinion, Provide an Observation Critique Category: No Response Category: Solutions/Interventions Perception Type: No Racist: No Reasoning: The post describes an event organized by an organization to honor homeless individuals, which can be seen as an expression of opinion"
x,451,B,0,0,"Comment Type: Express Their Opinion, Provide a Fact or Claim Critique Category: Government Critique Response Category: Solutions/Interventions Perception Type: No Perception Type Applies Racist: No Reasoning: The comment provides a factual statement about a government award to enhance skills for cer"
x,452,B,0,1,"Comment Type: Express Their Opinion, Government Critique, Perceive Harmful Generalization, Racist Critique Category: Government Critique, Societal Critique Response Category: Solutions/Interventions Perception Type: Harmful Generalization, Not in my Backyard Racist: Yes Reasoning: The comment expres"
x,453,B,0,1,"Comment Type: Express Their Opinion, Ask a Rhetorical Question Critique Category: Not Applicable Response Category: Not Applicable Perception Type: Not in my Backyard Racist: No Reasoning: The comment expresses an opinion about someone's social media behavior and asks a rhetorical question, implying"
x,454,B,1,0,"Comment Type: Express Their Opinion, Express Others' Opinions Critique Category: None Response Category: None Perception Type: Harmful Generalization Racist: No Reasoning: The comment expresses a negative opinion about a homeless person being seen as a burden or nuisance, which can be seen as a harm"
x,455,B,0,0,"Comment Type: Provide an Observation, Express Others' Opinions Critique Category: Government Critique, Societal Critique Response Category: Solutions/Interventions Perception Type: None Racist: No Reasoning: The comment provides an observation about the housing crisis and poverty rates, expresses th"
