source,item_idx,variant,gold_nimby,pred_nimby,raw_preview
meeting_minutes,0,C,1,1,"Comment Type: Provide an Observation, Ask a Genuine Question Critique Category: Not applicable Response Category: Not applicable Perception Type: Not in my Backyard Racist: No Reasoning: The comment provides an observation about a disputed area with many homeless people and asks a genuine question a"
meeting_minutes,1,C,0,0,"Comment Type: Express Their Opinion, Provide an Observation Critique Category: None Response Category: Solutions/Interventions Perception Type: None Racist: No Reasoning: The comment expresses personal excitement about affordable housing being implemented in a specific district, which is an observat"
meeting_minutes,2,C,0,1,"Comment Type: Ask a Genuine Question, Provide an Observation Critique Category: Not Applicable Response Category: Solutions/Interventions Perception Type: Not in my Backyard Racist: No Reasoning: The comment suggests moving tents to a different location to solve the problem, which is an observation "
meeting_minutes,3,C,0,1,"Comment Type: Provide a Fact or Claim, Express Others' Opinions Critique Category: Government Critique Response Category: Solutions/Interventions Perception Type: Not in my Backyard Racist: No Reasoning: The comment provides a factual statement about an ordinance being considered by the organization"
meeting_minutes,4,C,0,0,"Comment Type: Provide a Fact or Claim, Ask a Rhetorical Question Critique Category: Money Aid Allocation Response Category: Solutions/Interventions Perception Type: None Racist: No Reasoning: The comment provides a factual statement about the allocation of funds during the weather amnesty and asks a"
meeting_minutes,5,C,0,0,"Comment Type: Ask a Genuine Question, Express Their Opinion Critique Category: None Response Category: Solutions/Interventions Perception Type: None Racist: No Reasoning: The comment expresses gratitude and an intention to continue progress, which can be seen as an ask for support and an opportunity"
meeting_minutes,6,C,0,0,"Comment Type: Express Their Opinion, Provide an Observation Critique Category: None Response Category: Solutions/Interventions Perception Type: None Racist: No Reasoning: The comment expresses an opinion about the importance of a tracking system for homeless individuals during a health crisis. It al"
meeting_minutes,7,C,0,1,"Comment Type: Provide a Fact or Claim, Express Others' Opinions Critique Category: Money Aid Allocation Response Category: Solutions/Interventions Perception Type: Not in my Backyard Racist: No Reasoning: The comment provides a factual statement about the status of reports and approvals for projects"
meeting_minutes,8,C,0,0,"Comment Type: Provide an Observation, Express Their Opinion Critique Category: None Response Category: Solutions/Interventions Perception Type: None Racist: No Reasoning: The comment provides an observation about the lack of walk-ins at warming centers and expresses a positive opinion about the situ"
meeting_minutes,9,C,0,1,"Comment Type: Ask a Rhetorical Question, Provide an Observation Critique Category: Government Critique Response Category: Solutions/Interventions Perception Type: Not in my Backyard Racist: No Reasoning: The comment is asking a rhetorical question by implying that voting no on the resolution does no"
meeting_minutes,10,C,0,0,"Comment Type: Provide an Observation, Express Others' Opinions Critique Category: Not applicable Response Category: Solutions/Interventions Perception Type: Not applicable Racist: No Reasoning: The comment provides an observation about the rezoning of properties and expresses the opinions of others "
meeting_minutes,11,C,0,0,"Comment Type: Provide an Observation, Ask a Genuine Question Critique Category: None Response Category: Solutions/Interventions Perception Type: None Racist: No Reasoning: The comment provides an observation about the organization's affordable housing initiative and asks a genuine question about the"
meeting_minutes,12,C,0,0,"Comment Type: Provide an Observation, Ask a Rhetorical Question Critique Category: None Response Category: None Perception Type: None Racist: No Reasoning: The comment provides an observation about homelessness by mentioning a regional comparison. It also asks a rhetorical question by saying ""That's"
meeting_minutes,13,C,0,0,"Comment Type: Express Their Opinion, Provide an Observation Critique Category: Government Critique Response Category: Solutions/Interventions Perception Type: Harmful Generalization Racist: No Reasoning: The comment expresses an opinion about the city's actions and an observation about the condition"
meeting_minutes,14,C,0,1,"Comment Type: Provide an Opinion, Express Others' Opinions Critique Category: Government Critique, Media Portrayal Response Category: Solutions/Interventions Perception Type: Not in my Backyard Racist: No Reasoning: The comment expresses an opinion about fairness for the homeless, fiscal responsibil"
meeting_minutes,15,C,0,0,"Comment Type: Provide a Fact or Claim, Ask a Rhetorical Question Critique Category: None Response Category: Solutions/Interventions Perception Type: None Racist: No Reasoning: The comment provides a factual statement about the plan for encampments and asks a rhetorical question about the timeline of"
meeting_minutes,16,C,0,0,"Comment Type: Express Their Opinion, Provide a Fact or Claim Critique Category: None Response Category: Solutions/Interventions Perception Type: None Racist: No Reasoning: The comment expresses the speaker's opinion and belief that homelessness can be ended with the organization's willpower. It does"
meeting_minutes,17,C,0,0,"Comment Type: Provide a Fact or Claim, Express Their Opinion Critique Category: None Response Category: Solutions/Interventions Perception Type: None Racist: No Reasoning: The comment provides a factual statement about receiving federal approval for affordable housing and expresses a positive opinio"
meeting_minutes,18,C,0,0,"Comment Type: Provide an Observation, Express Their Opinion Critique Category: Not applicable Response Category: Solutions/Interventions Perception Type: Not applicable Racist: No Reasoning: The comment provides an observation about activities around encampments and homeless individuals and expresse"
meeting_minutes,19,C,0,0,"Comment Type: Provide a Fact or Claim, Express Their Opinion Critique Category: None Response Category: Solutions/Interventions Perception Type: None Racist: No Reasoning: The comment provides a factual statement about community land trust homes and expresses an opinion about improving the housing s"
meeting_minutes,20,C,0,0,"Comment Type: Provide an Observation, Express Others' Opinions Critique Category: No Response Category: No Perception Type: Media Portrayal, Harmful Generalization Racist: No Reasoning: The comment provides an observation of the community and expresses the opinions of the speaker, including a prayer"
meeting_minutes,21,C,0,1,"Comment Type: Provide an Observation, Express Their Opinion Critique Category: Government Critique Response Category: Solutions/Interventions Perception Type: Not in my Backyard Racist: No Reasoning: The comment observes the speaker's presence as the president of an organization representing busines"
meeting_minutes,22,C,0,1,"Comment Type: Ask a Genuine Question, Provide a Fact or Claim Critique Category: Money Aid Allocation Response Category: Solutions/Interventions Perception Type: Not in my Backyard Racist: No Reasoning: The comment raises a genuine question about providing services for mental health and substance ab"
meeting_minutes,23,C,0,0,"Comment Type: Provide an Observation, Express Others' Opinions Critique Category: None Response Category: Solutions/Interventions Perception Type: None Racist: No Reasoning: The comment observes a need for affordable housing and expresses the opinion that addressing this need could bring hope to dev"
meeting_minutes,24,C,0,0,"Comment Type: Provide a Fact or Claim, Provide an Observation Critique Category: No Response Category: Solutions/Interventions Perception Type: No Racist: No Reasoning: The comment provides a factual observation about future phases of an affordable housing project and mentions specific project codes"
meeting_minutes,25,C,0,0,"Comment Type: Provide an Observation, Express Their Opinion Critique Category: None Response Category: Solutions/Interventions Perception Type: None Racist: No Reasoning: The comment provides an observation about the perspective gained from ground-level experiences and expresses an opinion that the "
meeting_minutes,26,C,0,1,"Comment Type: Ask a Genuine Question, Provide an Observation Critique Category: Money Aid Allocation Response Category: Solutions/Interventions Perception Type: Not in my Backyard Racist: No Reasoning: The comment is asking a genuine question about the sustainability of services for homeless individ"
meeting_minutes,27,C,0,1,"Comment Type: Provide a Fact or Claim, Provide an Observation, Express Their Opinion Critique Category: Money Aid Allocation, Government Critique Response Category: Solutions/Interventions Perception Type: Not in my Backyard, Harmful Generalization Racist: No Reasoning: The comment provides factual "
meeting_minutes,28,C,0,1,"Comment Type: Provide an Observation, Express Others' Opinions Critique Category: Money Aid Allocation, Government Critique Response Category: Solutions/Interventions Perception Type: Not in my Backyard Racist: No Reasoning: The comment provides an observation about the current approach to homelessn"
meeting_minutes,29,C,0,1,"Comment Type: Provide an Observation, Express Others' Opinions, Express Their Opinion Critique Category: Government Critique, Media Portrayal Response Category: Solutions/Interventions Perception Type: Not in my Backyard Racist: No Reasoning: The comment observes the situation of homelessness in the"
meeting_minutes,30,C,0,0,"Comment Type: Provide a Fact or Claim, Provide an Observation Critique Category: Money Aid Allocation Response Category: Solutions/Interventions Perception Type: None Racist: No Reasoning: The comment provides factual information about housing options and shelter placements, as well as observations "
meeting_minutes,31,C,0,0,"Comment Type: Ask a Genuine Question, Provide an Observation Critique Category: None Response Category: None Perception Type: None Racist: No Reasoning: The comment is a genuine question seeking information about a coordinator mentioned in the meeting. It also observes the speaker's participation in"
meeting_minutes,32,C,0,0,"Comment Type: Ask a Genuine Question, Provide an Observation Critique Category: None Response Category: None Perception Type: None Racist: No Reasoning: The comment describes the process of discussing affordable housing issues and citizens asking questions, but does not provide a genuine question, o"
meeting_minutes,33,C,0,0,"Comment Type: Provide an Observation, Express Their Opinion Critique Category: None Response Category: Solutions/Interventions Perception Type: None Racist: No Reasoning: The comment observes the positive effects of neighborhood collaboration and expresses an opinion about the need for affordable ho"
meeting_minutes,34,C,0,0,"Comment Type: Provide a Fact or Claim, Ask a Rhetorical Question Critique Category: Money Aid Allocation Response Category: Solutions/Interventions Perception Type: None Racist: No Reasoning: The comment provides a factual statement about federal funding for shelters and asks a rhetorical question b"
meeting_minutes,35,C,0,0,"Comment Type: Provide a Fact or Claim, Ask a Rhetorical Question Critique Category: Money Aid Allocation Response Category: Solutions/Interventions Perception Type: None Racist: No Reasoning: The comment provides a factual statement about the allocation of funds for mental health and homelessness, a"
meeting_minutes,36,C,0,0,"Comment Type: Provide an Observation, Express Others' Opinions Critique Category: No Response Category: No Perception Type: No Racist: No Reasoning: The comment provides an observation about the duration of subcommittee meetings and expresses the group's recognition of the homelessness situation, wi"
meeting_minutes,37,C,0,0,"Comment Type: Provide a Fact or Claim, Express Others' Opinions Critique Category: Government Critique Response Category: Solutions/Interventions Perception Type: None Racist: No Reasoning: The comment provides a factual statement about a court ruling and the Eighth Amendment, and expresses the opin"
meeting_minutes,38,C,0,1,"Comment Type: Ask a Rhetorical Question, Provide an Observation Critique Category: Government Critique Response Category: Solutions/Interventions Perception Type: Not in my Backyard Racist: No Reasoning: The comment is asking a rhetorical question about the source of funding for affordable housing p"
meeting_minutes,39,C,0,1,"Comment Type: Ask a Rhetorical Question, Express Their Opinion Critique Category: Government Critique, Societal Critique Response Category: Solutions/Interventions Perception Type: Not in my Backyard Racist: No Reasoning: The comment expresses an opinion and asks a rhetorical question about includin"
meeting_minutes,40,C,0,0,"Comment Type: Ask a Genuine Question, Provide an Observation Critique Category: No Response Category: No Perception Type: No Racist: No Reasoning: The comment is a genuine question about the care of homeless individuals using library centers. It does not critique any policies or societal norms, nor "
meeting_minutes,41,C,0,0,"Comment Type: Express Their Opinion, Provide an Observation Critique Category: No Response Category: No Perception Type: No Racist: No Reasoning: The comment expresses agreement with the Vice President's presentation and acknowledges the situation with the homeless population as a shared concern. Th"
meeting_minutes,42,C,0,1,"Comment Type: Provide an Observation, Express Their Opinion Critique Category: Not applicable Response Category: Solutions/Interventions Perception Type: Not in my Backyard Racist: No Reasoning: The speaker shares an observation about their experience in a neighborhood and expresses their opinion on"
meeting_minutes,43,C,0,1,"Comment Type: Ask a Genuine Question, Express Their Opinion Critique Category: Solutions/Interventions Response Category: Solutions/Interventions Perception Type: Not in my Backyard Racist: No Reasoning: The comment asks a genuine question about the city's approach to homelessness prevention and exp"
meeting_minutes,44,C,0,0,"Comment Type: Provide an Observation, Express Their Opinion Critique Category: Not applicable Response Category: Solutions/Interventions Perception Type: Not applicable Racist: No Reasoning: The comment provides an observation about the current situation and expresses an opinion about the focus on t"
meeting_minutes,45,C,0,1,"Comment Type: Provide an Observation, Express Their Opinion Critique Category: No Response Category: Solutions/Interventions Perception Type: Not in my Backyard Racist: No Reasoning: The comment observes the positive impact of employment and care for the homeless, expresses a positive opinion, and t"
meeting_minutes,46,C,0,1,"Comment Type: Provide an Observation, Express Others' Opinions Critique Category: Government Critique Response Category: Solutions/Interventions Perception Type: Not in my Backyard Racist: No Reasoning: The comment observes the difficulty in finding accommodations and expresses the opinion of others"
meeting_minutes,47,C,0,0,"Comment Type: Provide an Observation, Ask a Rhetorical Question Critique Category: Money Aid Allocation Response Category: Solutions/Interventions Perception Type: None Racist: No Reasoning: The comment observes the need for a financing plan and asks a rhetorical question by using ""AGAIN"" to emphasi"
meeting_minutes,48,C,0,0,"Comment Type: Provide an Observation, Express Others' Opinions Critique Category: None Response Category: None Perception Type: Media Portrayal Racist: No Reasoning: The comment observes a resolution acknowledging a pastor's advocacy for homelessness and mentions a sponsor. It also expresses the opi"
meeting_minutes,49,C,0,0,"Comment Type: Express Others' Opinions, Express Their Opinion Critique Category: None Response Category: Solutions/Interventions Perception Type: None Racist: No Reasoning: The comment expresses gratitude and appreciation for the work done by individuals in addressing homelessness, which can be seen"
meeting_minutes,50,C,0,1,"Comment Type: Provide an Observation, Express Others' Opinions Critique Category: Money Aid Allocation Response Category: Solutions/Interventions Perception Type: Not in my Backyard Racist: No Reasoning: The comment observes the financial discussions and expresses opinions from other directors. It m"
meeting_minutes,51,C,0,0,"Comment Type: Provide a Fact or Claim, Express Their Opinion Critique Category: None Response Category: None Perception Type: None Racist: No Reasoning: The comment provides a factual claim about the causes of crime and homelessness, and expresses an opinion about these causes. There are no critique"
meeting_minutes,52,C,0,0,"Comment Type: Express Their Opinion, Provide an Observation Critique Category: None Response Category: Solutions/Interventions Perception Type: Personal Interaction Racist: No Reasoning: The comment expresses the speaker's opinion and observation about their work with homeless veterans. It does not "
meeting_minutes,53,C,0,0,"Comment Type: Provide an Observation, Express Their Opinion Critique Category: Not Applicable Response Category: Not Applicable Perception Type: Personal Interaction, Harmful Generalization Racist: No Reasoning: The comment provides an observation about the reality of homelessness and expresses a pe"
meeting_minutes,54,C,0,1,"Comment Type: Provide an Observation, Express Others' Opinions Critique Category: Not applicable Response Category: Not applicable Perception Type: Not in my Backyard Racist: No Reasoning: The comment observes the positive changes in the area and expresses the opinion that these changes are leading "
meeting_minutes,55,C,0,1,"Comment Type: Provide an Observation, Express Their Opinion Critique Category: None Response Category: None Perception Type: Not in my Backyard Racist: No Reasoning: The comment expresses an observation about the speaker's experience with the meeting and their opinion about having to be at a specifi"
meeting_minutes,56,C,0,1,"Comment Type: Provide an Observation, Express Others' Opinions Critique Category: Not applicable Response Category: Solutions/Interventions Perception Type: Not in my Backyard Racist: No Reasoning: The comment observes the situation of homeless people and mentions their living conditions, which is a"
meeting_minutes,57,C,0,1,"Comment Type: Provide an Observation, Express Their Opinion Critique Category: Not applicable Response Category: Solutions/Interventions Perception Type: Not in my Backyard Racist: No Reasoning: The comment observes a challenging situation faced by children who are homeless and expresses an opinion "
meeting_minutes,58,C,0,0,"Comment Type: Provide an Observation, Express Their Opinion Critique Category: None Response Category: Solutions/Interventions Perception Type: Personal Interaction Racist: No Reasoning: The comment provides an observation about a specific situation and expresses a positive opinion about the directo"
meeting_minutes,59,C,0,0,"Comment Type: Provide a Fact or Claim, Express Others' Opinions Critique Category: Not applicable Response Category: Not applicable Perception Type: Harmful Generalization, Deserving/Undeserving Racist: No Reasoning: The comment provides a statistical fact about poverty rates and mentions that homel"
meeting_minutes,60,C,0,0,"Comment Type: Provide a Fact or Claim, Express Their Opinion Critique Category: None Response Category: Solutions/Interventions Perception Type: Harmful Generalization, Deserving/Undeserving Racist: No Reasoning: The comment provides a factual statement about income levels and homelessness, expresse"
meeting_minutes,61,C,0,0,"Comment Type: Express Their Opinion, Provide an Observation Critique Category: None Response Category: None Perception Type: Personal Interaction Racist: No Reasoning: The comment expresses gratitude and acknowledges the contribution of a person or group to ending veteran homelessness within an orga"
meeting_minutes,62,C,0,0,"Comment Type: Provide a Fact or Claim, Provide an Observation Critique Category: Money Aid Allocation Response Category: Solutions/Interventions Perception Type: None Racist: No Reasoning: The comment provides a factual statement about a grant award and its intended use, which is related to addressi"
meeting_minutes,63,C,0,0,"Comment Type: Provide a Fact or Claim, Ask a Rhetorical Question Critique Category: Money Aid Allocation Response Category: Solutions/Interventions Perception Type: None Racist: No Reasoning: The comment provides a factual statement about the grant program and asks a rhetorical question about the di"
meeting_minutes,64,C,0,0,"Comment Type: Ask a Rhetorical Question, Express Their Opinion Critique Category: Not Applicable Response Category: Not Applicable Perception Type: Harmful Generalization Racist: No Reasoning: The comment uses a rhetorical question to express an opinion that the race or profession of a panhandler sh"
meeting_minutes,65,C,0,0,"Comment Type: Provide an Observation, Express Others' Opinions Critique Category: No Response Category: No Perception Type: Media Portrayal Racist: No Reasoning: The comment observes the community's situation and expresses prayers for those experiencing homelessness, hunger, and tragedy. It does not"
meeting_minutes,66,C,0,0,"Comment Type: Provide a Fact or Claim, Express Their Opinion Critique Category: Money Aid Allocation Response Category: Solutions/Interventions Perception Type: None Racist: No Reasoning: The comment provides a factual statement about the allocation of funds and expresses an opinion about the recomm"
meeting_minutes,67,C,0,0,"Comment Type: Provide an Observation, Express Their Opinion Critique Category: No Response Category: Solutions/Interventions Perception Type: Personal Interaction Racist: No Reasoning: The speaker is sharing an observation about their travel experiences and expressing their opinion on the handling o"
meeting_minutes,68,C,0,1,"Comment Type: Provide a Fact or Claim, Express Others' Opinions Critique Category: Money Aid Allocation, Government Critique Response Category: Solutions/Interventions Perception Type: Not in my Backyard Racist: No Reasoning: The comment provides a factual statement about a congresswoman's efforts a"
meeting_minutes,69,C,0,0,"Comment Type: Provide a Fact or Claim, Provide a Fact or Claim, Provide a Fact or Claim Critique Category: Money Aid Allocation, Money Aid Allocation, Money Aid Allocation Response Category: Solutions/Interventions, Solutions/Interventions, Solutions/Interventions Perception Type: None Racist: No Re"
meeting_minutes,70,C,0,1,"Comment Type: Provide a Fact or Claim, Ask a Rhetorical Question Critique Category: Money Aid Allocation Response Category: Solutions/Interventions Perception Type: Not in my Backyard Racist: No Reasoning: The comment provides a factual claim about the use of money for homelessness and asks a rhetor"
meeting_minutes,71,C,0,0,"Comment Type: Provide a Fact or Claim, Ask a Genuine Question Critique Category: None Response Category: None Perception Type: None Racist: No Reasoning: The comment provides a factual statement about the distribution of information and asks about youth homelessness, but does not fit into any of the"
meeting_minutes,72,C,0,0,"Comment Type: Provide a Fact or Claim, Express Their Opinion Critique Category: Not applicable Response Category: Solutions/Interventions Perception Type: Not applicable Racist: No Reasoning: The comment provides a factual claim about an organization that feeds and clothes the homeless, expresses an"
meeting_minutes,73,C,0,0,"Comment Type: Provide a Fact or Claim, Express Their Opinion Critique Category: None Response Category: Solutions/Interventions Perception Type: None Racist: No Reasoning: The comment provides a factual claim about progress made in eliminating homelessness, expresses an opinion of gratitude, and ack"
meeting_minutes,74,C,0,0,"Comment Type: Provide a Fact or Claim, Provide an Observation Critique Category: Money Aid Allocation Response Category: Solutions/Interventions Perception Type: None Racist: No Reasoning: The comment provides a factual statement about the award of a non-competitive contract for mental health counse"
meeting_minutes,75,C,0,0,"Comment Type: Provide an Observation, Express Their Opinion Critique Category: Not Applicable Response Category: Solutions/Interventions Perception Type: Harmful Generalization, Deserving/Undeserving Racist: No Reasoning: The comment provides an observation about a specific instance of what the spea"
meeting_minutes,76,C,0,1,"Comment Type: Provide a Fact or Claim, Express Their Opinion Critique Category: Money Aid Allocation Response Category: Solutions/Interventions Perception Type: Not in my Backyard Racist: No Reasoning: The comment provides a factual statement about an organization giving money to the homeless and ex"
meeting_minutes,77,C,0,0,"Comment Type: Provide an Observation, Express Their Opinion Critique Category: Not applicable Response Category: Solutions/Interventions Perception Type: Personal Interaction Racist: No Reasoning: The speaker provides an observation about their personal experience with homelessness and expresses the"
meeting_minutes,78,C,0,1,"Comment Type: Ask a Rhetorical Question, Provide an Observation Critique Category: Not Applicable Response Category: Solutions/Interventions Perception Type: Not in my Backyard Racist: No Reasoning: The comment is asking a rhetorical question by repeating the observation that the same issues are dis"
meeting_minutes,79,C,0,0,"Comment Type: Ask a Genuine Question, Provide an Observation Critique Category: None Response Category: None Perception Type: None Racist: No Reasoning: The comment is an introduction to a presentation and does not fit into any of the specified categories. It is an observation of the agenda and a re"
meeting_minutes,80,C,0,0,"Comment Type: Ask a Genuine Question, Express Their Opinion Critique Category: None Response Category: Solutions/Interventions Perception Type: Personal Interaction Racist: No Reasoning: The comment includes a genuine question about the person's status as a veteran and an opinion about representing "
meeting_minutes,81,C,0,0,"Comment Type: Provide a Fact or Claim, Provide an Observation Critique Category: None Response Category: None Perception Type: None Racist: No Reasoning: The text is a formal meeting note that provides factual information about the acceptance of memorandums. It does not ask a question, express an op"
meeting_minutes,82,C,0,0,"Comment Type: Provide an Observation, Express Others' Opinions Critique Category: No Response Category: No Perception Type: No Racist: No Reasoning: The comment is an observation about an upcoming proclamation and an expression of others' opinions through the introduction of a speaker. There is no c"
meeting_minutes,83,C,0,0,"Comment Type: Provide a Fact or Claim, Express Their Opinion Critique Category: None Response Category: Solutions/Interventions Perception Type: None Racist: No Reasoning: The comment provides a factual statement about the organizations' purpose and the mayor's proclamation, expressing an opinion ab"
meeting_minutes,84,C,1,0,"Comment Type: Provide an Observation, Express Their Opinion, Not in my Backyard Critique Category: No Response Category: No Perception Type: Media Portrayal, Harmful Generalization Racist: No Reasoning: The comment expresses personal frustration with the presence of homeless individuals, alcoholics,"
meeting_minutes,85,C,0,0,"Comment Type: Provide a Fact or Claim, Provide a Fact or Claim, Provide a Fact or Claim Critique Category: None Response Category: None Perception Type: None Racist: No Reasoning: The text simply lists three causes of homelessness without providing any commentary, critique, response, or perception. "
meeting_minutes,86,C,0,0,"Comment Type: Provide a Fact or Claim, Express Their Opinion Critique Category: Money Aid Allocation Response Category: Solutions/Interventions Perception Type: Harmful Generalization Racist: No Reasoning: The comment provides a factual claim about homelessness and mental health issues, expresses an"
meeting_minutes,87,C,0,0,"Comment Type: Provide a Fact or Claim, Express Their Opinion Critique Category: None Response Category: Solutions/Interventions Perception Type: Harmful Generalization, Deserving/Undeserving Racist: No Reasoning: The comment provides a factual claim about poverty rates and homelessness among childre"
meeting_minutes,88,C,0,1,"Comment Type: Ask a Genuine Question, Provide a Fact or Claim Critique Category: Government Critique Response Category: Solutions/Interventions Perception Type: Not in my Backyard Racist: No Reasoning: The comment is asking genuine questions about the city's approach to housing and income sustainabi"
meeting_minutes,89,C,0,0,"Comment Type: Express Others' Opinions, Express Their Opinion Critique Category: Government Critique Response Category: Solutions/Interventions Perception Type: Deserving/Undeserving Racist: No Reasoning: The comment expresses opinions about a family helping homeless people and criticizes the govern"
meeting_minutes,90,C,0,0,"Comment Type: Provide an Observation, Express Others' Opinions Critique Category: No Response Category: No Perception Type: No Racist: No Reasoning: The comment is an observation about a future meeting and expresses the opinion of another person about the location of the meeting. There is no critiqu"
meeting_minutes,91,C,0,0,"Comment Type: Provide a Fact or Claim, Express Their Opinion Critique Category: Not applicable Response Category: Solutions/Interventions Perception Type: Not applicable Racist: No Reasoning: The comment provides a factual statement about the need for more housing projects and expresses an opinion a"
meeting_minutes,92,C,0,1,"Comment Type: Provide an Observation, Express Others' Opinions Critique Category: Government Critique Response Category: Solutions/Interventions Perception Type: Not in my Backyard Racist: No Reasoning: The comment observes the speaker's experience in representing homeless veterans and expresses sup"
meeting_minutes,93,C,0,1,"Comment Type: Provide a Fact or Claim, Express Their Opinion Critique Category: Government Critique, Societal Critique Response Category: Solutions/Interventions Perception Type: Not in my Backyard Racist: No Reasoning: The speaker provides a factual claim about homelessness statistics and expresses"
meeting_minutes,94,C,0,0,"Comment Type: Provide a Fact or Claim, Ask a Genuine Question Critique Category: Money Aid Allocation Response Category: Solutions/Interventions Perception Type: None Racist: No Reasoning: The comment provides a factual statement about the allocation of funds for homelessness prevention and related "
meeting_minutes,95,C,0,0,"Comment Type: Provide a Fact or Claim, Express Others' Opinions Critique Category: None Response Category: Solutions/Interventions Perception Type: None Racist: No Reasoning: The comment provides a factual statement about the involvement of police, fire, and human services in the triage center and c"
meeting_minutes,96,C,0,0,"Comment Type: Ask a Rhetorical Question, Provide a Fact or Claim, Express Their Opinion Critique Category: Government Critique, Societal Critique Response Category: Solutions/Interventions Perception Type: Harmful Generalization, Deserving/Undeserving Racist: Yes Reasoning: The comment criticizes go"
meeting_minutes,97,C,0,0,"Comment Type: Provide a Fact or Claim, Express Their Opinion Critique Category: None Response Category: None Perception Type: None Racist: No Reasoning: The comment provides a factual statement about the number of abandoned homeless individuals and their percentage of the total homeless population. "
meeting_minutes,98,C,0,0,"Comment Type: Provide a Fact or Claim, Express Their Opinion Critique Category: None Response Category: Solutions/Interventions Perception Type: None Racist: No Reasoning: The comment provides a factual statement about housing children and expresses an opinion of gratitude towards the organization. "
meeting_minutes,99,C,0,1,"Comment Type: Provide an Observation, Express Their Opinion Critique Category: Not applicable Response Category: Not applicable Perception Type: Not in my Backyard Racist: No Reasoning: The comment observes the positive impact of stabilizing growth and mentions a challenge related to bonds, which co"
meeting_minutes,100,C,0,0,"Comment Type: Ask a Rhetorical Question, Provide an Observation Critique Category: None Response Category: None Perception Type: Personal Interaction Racist: No Reasoning: The comment is an observation about interactions with people who are concerned about homelessness and a rhetorical question abou"
meeting_minutes,101,C,0,0,"Comment Type: Ask a Genuine Question, Express Their Opinion Critique Category: Not applicable Response Category: Not applicable Perception Type: Deserving/Undeserving Racist: No Reasoning: The comment expresses an opinion that homeless individuals are not throwaway people and asks a genuine question"
meeting_minutes,102,C,0,0,"Comment Type: Ask a Genuine Question, Provide an Observation Critique Category: None Response Category: None Perception Type: None Racist: No Reasoning: The comment is asking a genuine question about the number of shelters for the homeless, specifically distinguishing between night shelters and day "
meeting_minutes,103,C,0,1,"Comment Type: Provide a Fact or Claim, Express Their Opinion Critique Category: Not applicable Response Category: Solutions/Interventions Perception Type: Not in my Backyard Racist: No Reasoning: The comment suggests that homeless individuals should be responsible for buying their own services and i"
meeting_minutes,104,C,0,1,"Comment Type: Provide an Observation, Express Their Opinion Critique Category: Government Critique, Societal Critique Response Category: Solutions/Interventions Perception Type: Harmful Generalization, Not in my Backyard Racist: No Reasoning: The comment provides an observation about a dangerous sit"
meeting_minutes,105,C,0,0,"Comment Type: Provide a Fact or Claim, Express Their Opinion Critique Category: None Response Category: Solutions/Interventions Perception Type: None Racist: No Reasoning: The comment provides a factual statement about Code Blue and its purpose, which is to inform people about cold weather condition"
meeting_minutes,106,C,0,1,"Comment Type: Provide an Observation, Express Their Opinion Critique Category: Government Critique Response Category: Solutions/Interventions Perception Type: Not in my Backyard Racist: No Reasoning: The comment observes a situation in the city and expresses an opinion that the response could be imp"
meeting_minutes,107,C,0,0,"Comment Type: Ask a Genuine Question, Express Their Opinion Critique Category: None Response Category: Solutions/Interventions Perception Type: None Racist: No Reasoning: The comment is a genuine question about the progress of addressing homelessness and an opinion on the need for a public caucus to"
meeting_minutes,108,C,0,0,"Comment Type: [Provide an Observation, Express Their Opinion] Critique Category: [None] Response Category: [Solutions/Interventions] Perception Type: [None] Racist: [No] Reasoning: The comment discusses the issue of homelessness and mentions solutions such as hiring and providing homes, which sugges"
meeting_minutes,109,C,0,0,"Comment Type: Ask a Rhetorical Question, Express Others' Opinions Critique Category: Not Applicable Response Category: Solutions/Interventions Perception Type: Deserving/Undeserving Racist: No Reasoning: The comment is a rhetorical question and expresses the opinions of the homeless people, suggesti"
meeting_minutes,110,C,0,0,"Comment Type: Provide an Observation, Express Others' Opinions Critique Category: Not Applicable Response Category: Not Applicable Perception Type: Media Portrayal, Harmful Generalization Racist: No Reasoning: The comment provides an observation about the increase in needles, drug paraphernalia, and"
meeting_minutes,111,C,0,1,"Comment Type: Express Their Opinion, Provide an Observation Critique Category: Not Applicable Response Category: Not Applicable Perception Type: Not in my Backyard, Harmful Generalization Racist: No Reasoning: The comment expresses personal opinion and observation about the city's deterioration due "
meeting_minutes,112,C,0,1,"Comment Type: Ask a Genuine Question, Provide a Fact or Claim, Express Others' Opinions Critique Category: Money Aid Allocation Response Category: Solutions/Interventions Perception Type: Not in my Backyard Racist: No Reasoning: The comment asks for transparency about the allocation of funds from th"
meeting_minutes,113,C,0,0,"Comment Type: Provide an Observation, Express Their Opinion Critique Category: Not applicable Response Category: Solutions/Interventions Perception Type: Personal Interaction Racist: No Reasoning: The comment provides an observation about personal interactions with homeless individuals and expresses"
meeting_minutes,114,C,0,0,"Comment Type: Provide a Fact or Claim, Provide an Observation, Solutions/Interventions Critique Category: Money Aid Allocation Response Category: Solutions/Interventions Perception Type: None Racist: No Reasoning: The comment provides factual information about the allocation of funds for affordable "
meeting_minutes,115,C,0,1,"Comment Type: Ask a Genuine Question, Provide a Fact or Claim, Express Their Opinion Critique Category: Money Aid Allocation, Government Critique Response Category: Solutions/Interventions Perception Type: Not in my Backyard Racist: No Reasoning: The comment asks a genuine question about the city's "
meeting_minutes,116,C,0,0,"Comment Type: Provide an Observation, Express Others' Opinions Critique Category: Not applicable Response Category: Not applicable Perception Type: Not applicable Racist: No Reasoning: The comment provides an observation about a discussion involving various organizations and individuals regarding ho"
meeting_minutes,117,C,0,1,"Comment Type: Provide an Observation, Express Their Opinion Critique Category: Government Critique Response Category: Solutions/Interventions Perception Type: Not in my Backyard Racist: No Reasoning: The comment observes the legal and institutional aspects of homelessness and expresses an opinion ab"
meeting_minutes,118,C,0,0,"Comment Type: Provide a Fact or Claim, Provide an Observation Critique Category: None Response Category: None Perception Type: None Racist: No Reasoning: The comment provides a factual statement about the number of homeless people and shares an observation about an event. There are no indications of"
meeting_minutes,119,C,0,1,"Comment Type: Ask a Genuine Question, Express Their Opinion Critique Category: Government Critique Response Category: Solutions/Interventions Perception Type: Not in my Backyard Racist: No Reasoning: The comment asks a genuine question about the vetting process and expresses an opinion about the lac"
meeting_minutes,120,C,1,1,"Comment Type: Provide an Observation, Express Others' Opinions Critique Category: Not applicable Response Category: Not applicable Perception Type: Not in my Backyard, Harmful Generalization Racist: No Reasoning: The comment describes a personal observation of homeless camps and expresses the speake"
meeting_minutes,121,C,0,1,"Comment Type: Provide a Fact or Claim, Ask a Rhetorical Question Critique Category: Money Aid Allocation Response Category: Solutions/Interventions Perception Type: Not in my Backyard Racist: No Reasoning: The comment provides a factual statement about the allocation of funds for homelessness and as"
meeting_minutes,122,C,0,1,"Comment Type: Provide a Fact or Claim, Express Their Opinion Critique Category: Government Critique Response Category: Solutions/Interventions Perception Type: Not in my Backyard Racist: No Reasoning: The comment provides a factual statement about the lack of knowledge among judges regarding the Lan"
meeting_minutes,123,C,0,1,"Comment Type: Ask a Rhetorical Question, Provide an Observation, Express Their Opinion Critique Category: Government Critique Response Category: Solutions/Interventions Perception Type: Not in my Backyard Racist: No Reasoning: The comment poses a rhetorical question about the lack of action from the"
meeting_minutes,124,C,0,0,"Comment Type: Express Their Opinion, Provide an Observation Critique Category: None Response Category: Solutions/Interventions Perception Type: None Racist: No Reasoning: The speaker is expressing their opinion in favor of solutions to alleviate the homelessness problem, which is an observation of t"
meeting_minutes,125,C,0,0,"Comment Type: Provide an Observation, Express Their Opinion Critique Category: Not applicable Response Category: Solutions/Interventions Perception Type: Not applicable Racist: No Reasoning: The comment observes a problem with affordable housing and expresses an opinion on the need for improvement. "
meeting_minutes,126,C,0,1,"Comment Type: Ask a Rhetorical Question, Provide an Observation, Express Their Opinion Critique Category: Government Critique, Societal Critique Response Category: Solutions/Interventions Perception Type: Not in my Backyard Racist: No Reasoning: The comment raises questions about the allocation of f"
meeting_minutes,127,C,0,0,"Comment Type: Provide an Observation, Express Their Opinion Critique Category: Not applicable Response Category: Solutions/Interventions Perception Type: Not applicable Racist: No Reasoning: The comment observes the city's efforts to integrate homeless individuals into society and suggests that clea"
meeting_minutes,128,C,0,0,"Comment Type: Ask a Genuine Question, Provide an Observation, Express Others' Opinions Critique Category: Government Critique, Societal Critique Response Category: Solutions/Interventions Perception Type: Media Portrayal Racist: No Reasoning: The comment asks for a meeting to discuss homelessness an"
meeting_minutes,129,C,0,1,"Comment Type: Ask a Rhetorical Question, Express Others' Opinions Critique Category: Government Critique Response Category: Solutions/Interventions Perception Type: Not in my Backyard Racist: No Reasoning: The comment is asking a rhetorical question about why a nonprofit would take free land from an"
meeting_minutes,130,C,0,0,"Comment Type: Provide an Observation, Express Their Opinion Critique Category: Solutions/Interventions Response Category: Solutions/Interventions Perception Type: None Racist: No Reasoning: The comment observes the current situation and expresses an opinion on a potential solution, which is providin"
meeting_minutes,131,C,0,1,"Comment Type: Provide an Observation, Express Others' Opinions Critique Category: No Response Category: No Perception Type: Not in my Backyard, Harmful Generalization Racist: No Reasoning: The comment observes a condition in the playground and expresses concern about a homeless person taking shelter"
meeting_minutes,132,C,0,0,"Comment Type: Ask a Rhetorical Question, Provide an Observation Critique Category: No Response Category: No Perception Type: No Racist: No Reasoning: The speaker is asking a rhetorical question by mentioning their own name and observing that they talk a lot about the homeless population, but does no"
meeting_minutes,133,C,0,1,"Comment Type: Provide an Observation, Express Their Opinion Critique Category: No Response Category: Solutions/Interventions Perception Type: Not in my Backyard, Harmful Generalization Racist: No Reasoning: The comment observes and expresses an opinion about homelessness, suggesting a negative view "
meeting_minutes,134,C,0,0,"Comment Type: Provide a Fact or Claim, Provide an Observation Critique Category: Money Aid Allocation Response Category: Solutions/Interventions Perception Type: None Racist: No Reasoning: The comment provides facts about the organization's activities and donations, which can be considered an observ"
meeting_minutes,135,C,0,0,"Comment Type: Ask a Rhetorical Question, Provide an Observation Critique Category: No Response Category: No Perception Type: No Racist: No Reasoning: The comment is an observation about the rescheduling of the caucus and a mention of a public hearing, which can be seen as a rhetorical question by th"
meeting_minutes,136,C,0,0,"Comment Type: Provide an Observation, Express Their Opinion Critique Category: Government Critique, Societal Critique Response Category: Solutions/Interventions Perception Type: Deserving/Undeserving, Harmful Generalization Racist: No Reasoning: The comment observes the actions of a specific organiz"
meeting_minutes,137,C,0,0,"Comment Type: Provide an Observation, Express Their Opinion Critique Category: Not applicable Response Category: Solutions/Interventions Perception Type: Not applicable Racist: No Reasoning: The comment provides an observation about the impact of cleaning up homeless areas and expresses an opinion o"
meeting_minutes,138,C,0,0,"Comment Type: Provide an Observation, Ask a Rhetorical Question Critique Category: None Response Category: Solutions/Interventions Perception Type: None Racist: No Reasoning: The comment provides an observation about the Code Blue Alert system and asks a rhetorical question by listing dates and shel"
meeting_minutes,139,C,0,1,"Comment Type: Provide an Observation, Express Others' Opinions Critique Category: No Response Category: Solutions/Interventions Perception Type: Not in my Backyard Racist: No Reasoning: The comment observes homelessness and expresses the opinion that it is a problem, suggesting a local issue (""Not i"
meeting_minutes,140,C,0,0,"Comment Type: Ask a Genuine Question, Provide an Observation Critique Category: None Response Category: Solutions/Interventions Perception Type: None Racist: No Reasoning: The comment asks genuine questions about public notification and participation in meetings, which are observations about the pro"
meeting_minutes,141,C,0,0,"Comment Type: Provide an Observation, Express Their Opinion Critique Category: Not applicable Response Category: Solutions/Interventions Perception Type: Not applicable Racist: No Reasoning: The comment provides an observation about the human aspect of homelessness and expresses an opinion about a p"
meeting_minutes,142,C,0,0,"Comment Type: Provide an Observation, Express Their Opinion Critique Category: None Response Category: None Perception Type: Personal Interaction Racist: No Reasoning: The comment provides an observation about the items collected and expresses an opinion on the nature of the belongings. It does not "
meeting_minutes,143,C,0,1,"Comment Type: [Provide an Observation, Express Others' Opinions] Critique Category: [None] Response Category: [None] Perception Type: [Not in my Backyard] Racist: [No] Reasoning: The comments appear to be observations and expressions of others' opinions about homelessness, including mentions of squa"
meeting_minutes,144,C,0,1,"Comment Type: Ask a Genuine Question, Provide a Fact or Claim Critique Category: Money Aid Allocation Response Category: Solutions/Interventions Perception Type: Not in my Backyard Racist: No Reasoning: The comment asks a genuine question about data availability and funding distribution, which is a "
meeting_minutes,145,C,0,0,"Comment Type: Ask a Genuine Question, Express Their Opinion Critique Category: None Response Category: None Perception Type: None Racist: No Reasoning: The comment is a genuine question about the welfare of the homeless during a snowstorm, expressing the speaker's concern. There are no critiques, re"
meeting_minutes,146,C,0,1,"Comment Type: Provide a Fact or Claim, Express Their Opinion Critique Category: Government Critique, Money Aid Allocation Response Category: Solutions/Interventions Perception Type: Not in my Backyard Racist: No Reasoning: The comment provides a factual claim about a friend becoming homeless due to "
meeting_minutes,147,C,0,0,"Comment Type: Provide an Observation, Express Their Opinion Critique Category: No Response Category: Solutions/Interventions Perception Type: Personal Interaction, Harmful Generalization Racist: No Reasoning: The comment provides an observation about a personal experience of picking up a homeless wo"
meeting_minutes,148,C,0,1,"Comment Type: Provide an Observation, Express Their Opinion Critique Category: Not applicable Response Category: Not applicable Perception Type: Not in my Backyard Racist: No Reasoning: The speaker shares an observation about homelessness and expresses their personal experience with the issue. They "
meeting_minutes,149,C,0,1,"Comment Type: Provide an Observation, Express Their Opinion Critique Category: No Response Category: Solutions/Interventions Perception Type: Not in my Backyard, Harmful Generalization Racist: No Reasoning: The comment observes the presence of homelessness and expresses an opinion about it, suggesti"
meeting_minutes,150,C,0,0,"Comment Type: Ask a Rhetorical Question, Provide an Observation Critique Category: None Response Category: Solutions/Interventions Perception Type: None Racist: No Reasoning: The comment is asking a rhetorical question about implementing recommendations and observing the need to proceed with caution"
meeting_minutes,151,C,0,1,"Comment Type: Provide a Fact or Claim, Express Their Opinion Critique Category: Money Aid Allocation Response Category: Solutions/Interventions Perception Type: Not in my Backyard Racist: No Reasoning: The comment provides a factual claim about the homeless returning to the street and expresses an o"
meeting_minutes,152,C,0,0,"Comment Type: Provide a Fact or Claim, Ask a Rhetorical Question Critique Category: Money Aid Allocation Response Category: Solutions/Interventions Perception Type: None Racist: No Reasoning: The comment provides a factual statement about the eligibility of funding for homelessness services and asks"
meeting_minutes,153,C,0,0,"Comment Type: Ask a Genuine Question, Provide an Observation Critique Category: None Response Category: Solutions/Interventions Perception Type: Personal Interaction Racist: No Reasoning: The comment is an observation about the issue of homelessness and asks a genuine question about the legal conseq"
meeting_minutes,154,C,0,1,"Comment Type: Provide an Observation, Express Their Opinion Critique Category: Not applicable Response Category: Not applicable Perception Type: Not in my Backyard Racist: No Reasoning: The comment expresses an opinion about the potential impact of zoning on affordable housing and the neighborhood, "
meeting_minutes,155,C,0,1,"Comment Type: Ask a Rhetorical Question, Provide a Fact or Claim, Express Their Opinion Critique Category: Government Critique, Societal Critique Response Category: Solutions/Interventions Perception Type: Not in my Backyard Racist: No Reasoning: The comment asks a rhetorical question by echoing con"
meeting_minutes,156,C,0,0,"Comment Type: Express Their Opinion, Provide an Observation Critique Category: No Response Category: Solutions/Interventions Perception Type: No Racist: No Reasoning: The speaker expresses their opinion and gratitude towards the council and staff, and encourages citizens to speak out. They also make"
meeting_minutes,157,C,0,0,"Comment Type: Provide a Fact or Claim, Express Their Opinion Critique Category: None Response Category: Solutions/Interventions Perception Type: None Racist: No Reasoning: The comment provides a factual claim about the return on investment (ROI) for chronically homeless individuals and expresses an "
meeting_minutes,158,C,0,1,"Comment Type: Provide an Observation, Express Their Opinion Critique Category: Not applicable Response Category: Not applicable Perception Type: Not in my Backyard Racist: No Reasoning: The speaker expresses concerns about affordable housing being built on a steep hillside, which reflects a percepti"
meeting_minutes,159,C,0,1,"Comment Type: Provide a Fact or Claim, Express Their Opinion, Ask a Genuine Question Critique Category: Money Aid Allocation, Government Critique Response Category: Solutions/Interventions Perception Type: Not in my Backyard Racist: No Reasoning: The comment provides a factual statement about the co"
meeting_minutes,160,C,0,0,"Comment Type: Provide an Observation, Express Their Opinion Critique Category: None Response Category: None Perception Type: None Racist: No Reasoning: The comment provides an observation about a specific housing issue and expresses an opinion about the urgency of the situation. There are no critiqu"
meeting_minutes,161,C,0,1,"Comment Type: Provide a Fact or Claim, Express Their Opinion Critique Category: Government Critique Response Category: Solutions/Interventions Perception Type: Not in my Backyard Racist: No Reasoning: The speaker provides a factual claim about people who have been working and saving to get a home, e"
meeting_minutes,162,C,0,0,"Comment Type: Provide a Fact or Claim, Provide an Observation Critique Category: Money Aid Allocation Response Category: Solutions/Interventions Perception Type: None Racist: No Reasoning: The comment provides facts about budget adjustments and contract approvals related to funding for homelessness,"
meeting_minutes,163,C,0,1,"Comment Type: Provide an Observation, Express Others' Opinions Critique Category: Not applicable Response Category: Solutions/Interventions Perception Type: Not in my Backyard Racist: No Reasoning: The comment observes the need for affordable housing and expresses the opinion of the southern sellers"
meeting_minutes,164,C,0,1,"Comment Type: Provide an Observation, Express Their Opinion Critique Category: None Response Category: None Perception Type: Not in my Backyard Racist: No Reasoning: The comment provides an observation about the speaker's concern for affordable housing and homelessness in their community. It also ex"
meeting_minutes,165,C,0,0,"Comment Type: Provide a Fact or Claim, Express Their Opinion Critique Category: None Response Category: Solutions/Interventions Perception Type: None Racist: No Reasoning: The comment provides a factual statement about the organization's funding and information sharing process. It also expresses an "
meeting_minutes,166,C,0,0,"Comment Type: Provide an Observation, Express Their Opinion Critique Category: Not applicable Response Category: Solutions/Interventions Perception Type: Personal Interaction Racist: No Reasoning: The comment provides an observation about the challenges of finding housing and expresses an opinion ba"
meeting_minutes,167,C,0,1,"Comment Type: Provide a Fact or Claim, Express Their Opinion Critique Category: Money Aid Allocation, Government Critique Response Category: Solutions/Interventions Perception Type: Not in my Backyard Racist: No Reasoning: The comment provides a factual statement about the challenges of pricing infr"
meeting_minutes,168,C,0,1,"Comment Type: Provide an Observation, Express Others' Opinions Critique Category: Not Applicable Response Category: Solutions/Interventions Perception Type: Not in my Backyard Racist: No Reasoning: The comment observes concerns about the development history and the potential future use of the units,"
meeting_minutes,169,C,0,0,"Comment Type: Provide an Observation, Express Others' Opinions Critique Category: None Response Category: None Perception Type: Personal Interaction Racist: No Reasoning: The comment provides an observation about how homelessness appears differently to different people and expresses that personal in"
meeting_minutes,170,C,0,0,"Comment Type: Provide an Observation, Express Their Opinion Critique Category: No Response Category: Solutions/Interventions Perception Type: Personal Interaction Racist: No Reasoning: The speaker provides an observation about their past views on homelessness and shares their personal experience wit"
meeting_minutes,171,C,1,1,"Comment Type: Provide an Observation, Express Their Opinion Critique Category: Not Applicable Response Category: Solutions/Interventions Perception Type: Not in my Backyard, Harmful Generalization Racist: No Reasoning: The comment observes the impracticality of enforcing parking regulations and expr"
meeting_minutes,172,C,0,0,"Comment Type: Provide an Observation, Express Their Opinion Critique Category: None Response Category: Solutions/Interventions Perception Type: None Racist: No Reasoning: The comment expresses a positive outlook and a desire to contribute to a study that aims to provide more affordable housing. It d"
meeting_minutes,173,C,0,0,"Comment Type: Provide a Fact or Claim, Express Their Opinion Critique Category: Money Aid Allocation, Solutions/Interventions Response Category: Solutions/Interventions Perception Type: Harmful Generalization, Deserving/Undeserving Racist: No Reasoning: The comment provides a factual statement about"
meeting_minutes,174,C,0,0,"Comment Type: Provide an Observation, Express Their Opinion Critique Category: Not applicable Response Category: Not applicable Perception Type: Personal Interaction Racist: No Reasoning: The comment provides an observation about the housing crisis and expresses a personal opinion about the fear of "
meeting_minutes,175,C,0,0,"Comment Type: Provide a Fact or Claim, Express Their Opinion Critique Category: Not applicable Response Category: Not applicable Perception Type: Harmful Generalization Racist: No Reasoning: The comment provides a factual claim about the characteristics of chronically homeless individuals and expres"
meeting_minutes,176,C,0,0,"Comment Type: Provide a Fact or Claim, Express Their Opinion Critique Category: None Response Category: None Perception Type: Personal Interaction Racist: No Reasoning: The comment provides a fact about homelessness, expressing an opinion that challenges the common misconception that homelessness is"
meeting_minutes,177,C,0,0,"Comment Type: Express Their Opinion, Provide an Observation Critique Category: Government Critique Response Category: Solutions/Interventions Perception Type: Personal Interaction Racist: No Reasoning: The comment expresses the speaker's opinion and personal observation about the issue of criminaliz"
meeting_minutes,178,C,0,1,"Comment Type: Provide a Fact or Claim, Ask a Rhetorical Question Critique Category: Money Aid Allocation, Government Critique Response Category: Solutions/Interventions Perception Type: Not in my Backyard Racist: No Reasoning: The comment provides a factual statement about tax dollars and asks a rhe"
meeting_minutes,179,C,0,0,"Comment Type: Provide a Fact or Claim, Express Their Opinion Critique Category: Not applicable Response Category: Solutions/Interventions Perception Type: Not applicable Racist: No Reasoning: The comment provides a factual claim about the causes of homelessness and expresses an opinion about potenti"
meeting_minutes,180,C,0,1,"Comment Type: Provide a Fact or Claim, Express Their Opinion Critique Category: Money Aid Allocation, Government Critique Response Category: Solutions/Interventions Perception Type: Not in my Backyard Racist: No Reasoning: The comment provides a factual statement about the impact of garage placement"
meeting_minutes,181,C,0,0,"Comment Type: Provide an Observation, Express Others' Opinions Critique Category: No Response Category: No Perception Type: Media Portrayal Racist: No Reasoning: The comment provides an observation about the meeting and expresses the opinions of the organizers about the purpose of the meeting. It do"
meeting_minutes,182,C,0,0,"Comment Type: Ask a Rhetorical Question, Provide an Observation Critique Category: None Response Category: None Perception Type: None Racist: No Reasoning: The comment appears to be a response to a question, providing an observation about the organization and its work with individuals impacted by th"
meeting_minutes,183,C,0,0,"Comment Type: Express Their Opinion, Provide an Observation Critique Category: Not applicable Response Category: Not applicable Perception Type: Personal Interaction Racist: No Reasoning: The comment expresses the speaker's personal experience with homelessness and questions whether their background"
meeting_minutes,184,C,0,0,"Comment Type: Ask a Genuine Question, Provide an Observation Critique Category: None Response Category: None Perception Type: Personal Interaction Racist: No Reasoning: The comment is an observation about a vacant house and a genuine question about homelessness, but it does not contain any explicit "
meeting_minutes,185,C,0,1,"Comment Type: Provide a Fact or Claim, Ask a Rhetorical Question Critique Category: Money Aid Allocation Response Category: Solutions/Interventions Perception Type: Not in my Backyard Racist: No Reasoning: The comment provides a factual statement about the allocation of money and mentions a statisti"
meeting_minutes,186,C,0,1,"Comment Type: Provide a Fact or Claim, Express Their Opinion Critique Category: Government Critique Response Category: Solutions/Interventions Perception Type: Not in my Backyard Racist: No Reasoning: The comment provides a factual statement about affordable housing and expresses an opinion about th"
meeting_minutes,187,C,0,0,"Comment Type: Provide an Observation, Express Their Opinion Critique Category: No Response Category: No Perception Type: Personal Interaction Racist: No Reasoning: The speaker shares a personal observation about their experience with homelessness and expresses a positive view of the local environmen"
meeting_minutes,188,C,0,0,"Comment Type: Provide an Observation, Ask a Rhetorical Question Critique Category: None Response Category: None Perception Type: None Racist: No Reasoning: The comment provides an observation about the current state of homelessness, noting the difficult living conditions and the struggle of families"
meeting_minutes,189,C,0,0,"Comment Type: Provide an Observation, Express Their Opinion Critique Category: None Response Category: Solutions/Interventions Perception Type: None Racist: No Reasoning: The comment provides an observation about the current state of housing and expresses an opinion that affordable housing is needed"
meeting_minutes,190,C,0,0,"Comment Type: Ask a Rhetorical Question, Express Their Opinion, Perception Type: Harmful Generalization, Racist: No Critique Category: Not Applicable Response Category: Not Applicable Perception Type: Harmful Generalization Reasoning: The comment expresses an opinion about being stereotyped as an el"
meeting_minutes,191,C,0,0,"Comment Type: Ask a Genuine Question, Provide an Observation Critique Category: None Response Category: None Perception Type: None Racist: No Reasoning: The comment is a genuine question about the definition of affordable housing and an observation about a previous discussion. It does not fit into a"
meeting_minutes,192,C,0,1,"Comment Type: Provide a Fact or Claim, Express Their Opinion Critique Category: Government Critique Response Category: Solutions/Interventions Perception Type: Not in my Backyard Racist: No Reasoning: The comment provides a factual statement about policy decisions and expresses an opinion about the "
meeting_minutes,193,C,0,0,"Comment Type: Provide an Observation, Ask a Genuine Question Critique Category: No Response Category: No Perception Type: No Racist: No Reasoning: The comment provides an observation about the current state of positions within an organization and asks a genuine question about a vacant position. Ther"
meeting_minutes,194,C,0,0,"Comment Type: Provide an Observation, Express Their Opinion Critique Category: None Response Category: Solutions/Interventions Perception Type: None Racist: No Reasoning: The comment observes the need for affordable housing and addresses stormwater issues, expressing the speaker's opinion on the imp"
meeting_minutes,195,C,0,0,"Comment Type: Provide an Observation, Express Others' Opinions Critique Category: None Response Category: Solutions/Interventions Perception Type: Personal Interaction Racist: No Reasoning: The comment observes the living conditions of two individuals experiencing homelessness and references a book "
meeting_minutes,196,C,0,0,"Comment Type: Provide a Fact or Claim, Express Their Opinion, Provide an Observation Critique Category: None Response Category: Solutions/Interventions Perception Type: Personal Interaction Racist: No Reasoning: The comment provides a factual claim about the number one priority being housing and ree"
meeting_minutes,197,C,0,0,"Comment Type: Ask a Rhetorical Question, Provide an Observation Critique Category: Government Critique Response Category: Not applicable Perception Type: Not applicable Racist: No Reasoning: The comment is asking a rhetorical question about the vision and purpose of an ordinance, which is an observa"
meeting_minutes,198,C,0,0,"Comment Type: Provide a Fact or Claim, Express Their Opinion Critique Category: Money Aid Allocation Response Category: Solutions/Interventions Perception Type: None Racist: No Reasoning: The comment provides a factual statement about the affordable housing crisis and expresses an opinion about requ"
meeting_minutes,199,C,0,0,"Comment Type: Provide a Fact or Claim, Provide an Observation Critique Category: Money Aid Allocation Response Category: Solutions/Interventions Perception Type: None Racist: No Reasoning: The comment provides a factual statement about an ordinance that exempts homeless shelters from paying impact f"
meeting_minutes,200,C,0,1,"Comment Type: Ask a Rhetorical Question, Provide an Observation, Express Their Opinion Critique Category: Government Critique, Societal Critique Response Category: Solutions/Interventions Perception Type: Not in my Backyard Racist: No Reasoning: The comment raises questions about the effectiveness o"
meeting_minutes,201,C,0,0,"Comment Type: Ask a Genuine Question, Provide an Observation Critique Category: None Response Category: None Perception Type: Media Portrayal Racist: No Reasoning: The comment is asking a genuine question about how the public perceives homelessness, mental health, and drug crises. It also observes t"
meeting_minutes,202,C,0,1,"Comment Type: Ask a Genuine Question, Provide an Observation Critique Category: Government Critique Response Category: Solutions/Interventions Perception Type: Not in my Backyard Racist: No Reasoning: The speaker is questioning the working conditions of deputies who are unhoused and sleeping in trai"
meeting_minutes,203,C,0,0,"Comment Type: Provide a Fact or Claim, Express Their Opinion Critique Category: Government Critique Response Category: Solutions/Interventions Perception Type: None Racist: No Reasoning: The comment provides a factual statement about the budget allocation and expresses an opinion on the need for spe"
meeting_minutes,204,C,0,0,"Comment Type: Provide a Fact or Claim, Express Their Opinion Critique Category: Government Critique, Societal Critique Response Category: Solutions/Interventions Perception Type: Harmful Generalization, Deserving/Undeserving Racist: No Reasoning: The comment provides a factual claim about the crimin"
meeting_minutes,205,C,0,0,"Comment Type: Ask a Rhetorical Question, Provide an Observation Critique Category: Not Applicable Response Category: Not Applicable Perception Type: Harmful Generalization Racist: No Reasoning: The comment suggests that providing needles to homeless individuals might be making the situation worse, w"
meeting_minutes,206,C,0,0,"Comment Type: Provide an Observation, Express Their Opinion Critique Category: Not Applicable Response Category: Not Applicable Perception Type: Not Applicable Racist: No Reasoning: The comment provides an observation about the need for a solution to homelessness and expresses an opinion about the p"
meeting_minutes,207,C,0,0,"Comment Type: Ask a Genuine Question, Provide an Observation Critique Category: Not applicable Response Category: Not applicable Perception Type: Personal Interaction Racist: No Reasoning: The comment is an observation about the current state of homelessness and a personal interaction, as the speake"
meeting_minutes,208,C,0,0,"Comment Type: Express Their Opinion, Provide an Observation Critique Category: No Response Category: Solutions/Interventions Perception Type: No Racist: No Reasoning: The speaker expresses their opinion about their role and the importance of bridging the gap between the jail and the community. They "
meeting_minutes,209,C,0,0,"Comment Type: Provide a Fact or Claim, Express Others' Opinions, Racist Critique Category: Not Applicable Response Category: Not Applicable Perception Type: Harmful Generalization, Deserving/Undeserving Racist: Yes Reasoning: The comment provides a fact about the demographics of the organization's c"
meeting_minutes,210,C,0,0,"Comment Type: Provide an Observation, Express Their Opinion Critique Category: No Response Category: Solutions/Interventions Perception Type: No Racist: No Reasoning: The comment provides an observation about the organization's role and responsibilities, expresses the opinion of the speaker about th"
meeting_minutes,211,C,0,0,"Comment Type: Express Their Opinion, Provide an Observation Critique Category: Government Critique, Societal Critique Response Category: Solutions/Interventions Perception Type: Deserving/Undeserving, Harmful Generalization Racist: No Reasoning: The speaker expresses their opinion and shares an obse"
meeting_minutes,212,C,0,0,"Comment Type: Provide an Observation, Express Their Opinion Critique Category: No Response Category: No Perception Type: Personal Interaction Racist: No Reasoning: The comment observes the community aspect of homelessness and expresses an opinion about the individuals experiencing homelessness, desc"
meeting_minutes,213,C,0,1,"Comment Type: Provide an Observation, Express Their Opinion Critique Category: Not applicable Response Category: Solutions/Interventions Perception Type: Not in my Backyard Racist: No Reasoning: The comment observes a social issue and expresses an opinion about using a piece of land to provide a saf"
meeting_minutes,214,C,0,1,"Comment Type: Provide a Fact or Claim, Ask a Rhetorical Question Critique Category: Money Aid Allocation Response Category: Solutions/Interventions Perception Type: Not in my Backyard Racist: No Reasoning: The comment provides a factual comparison between the number of affordable houses demolished a"
meeting_minutes,215,C,0,1,"Comment Type: Provide an Observation, Express Others' Opinions Critique Category: Money Aid Allocation, Government Critique Response Category: Solutions/Interventions Perception Type: Not in my Backyard Racist: No Reasoning: The comment provides observations from unhoused people and expresses their "
meeting_minutes,216,C,0,1,"Comment Type: Provide a Fact or Claim, Express Their Opinion Critique Category: Government Critique, Societal Critique Response Category: Solutions/Interventions Perception Type: Harmful Generalization, Not in my Backyard Racist: No Reasoning: The comment provides a factual claim about the impact of"
meeting_minutes,217,C,0,0,"Comment Type: Provide a Fact or Claim, Express Their Opinion Critique Category: No Response Category: Solutions/Interventions Perception Type: No Racist: No Reasoning: The comment provides a factual claim about the importance of design in creating sustainable and functional solutions for homelessnes"
meeting_minutes,218,C,0,0,"Comment Type: Provide a Fact or Claim, Express Their Opinion Critique Category: Money Aid Allocation Response Category: Solutions/Interventions Perception Type: None Racist: No Reasoning: The comment provides a factual statement about the allocation of funds for housing services and expresses an opi"
meeting_minutes,219,C,0,1,"Comment Type: Provide a Fact or Claim, Express Others' Opinions Critique Category: Not applicable Response Category: Solutions/Interventions Perception Type: Not in my Backyard Racist: No Reasoning: The comment provides a factual statement about a policy and expresses an opinion about its applicatio"
meeting_minutes,220,C,0,0,"Comment Type: Provide an Observation, Express Others' Opinions Critique Category: Not applicable Response Category: Not applicable Perception Type: Media Portrayal, Harmful Generalization Racist: No Reasoning: The comment provides an observation about youth from the foster care system becoming homel"
meeting_minutes,221,C,0,0,"Comment Type: Provide a Fact or Claim, Express Their Opinion Critique Category: None Response Category: None Perception Type: Harmful Generalization Racist: No Reasoning: The comment provides a factual claim about the suicide rates among homeless heroin and meth addicts but also expresses an opinion"
meeting_minutes,222,C,0,0,"Comment Type: Provide a Fact or Claim, Express Their Opinion Critique Category: No Response Category: Solutions/Interventions Perception Type: Personal Interaction Racist: No Reasoning: The speaker provides a factual claim about the proposal and expresses their personal opinion based on their past e"
meeting_minutes,223,C,0,1,"Comment Type: Ask a Genuine Question, Provide an Observation Critique Category: Not Applicable Response Category: Solutions/Interventions Perception Type: Not in my Backyard Racist: No Reasoning: The comment asks for reconsideration of a specific organization and expresses an observation about the i"
meeting_minutes,224,C,0,0,"Comment Type: Provide a Fact or Claim, Express Their Opinion Critique Category: None Response Category: Solutions/Interventions Perception Type: None Racist: No Reasoning: The comment provides a factual statement about the efficiency and environmental impact of ""little homes"" and expresses an opinio"
meeting_minutes,225,C,0,1,"Comment Type: Ask a Rhetorical Question, Express Their Opinion Critique Category: Not Applicable Response Category: Solutions/Interventions Perception Type: Not in my Backyard Racist: No Reasoning: The comment asks a rhetorical question about meeting a goal and expresses an opinion about supporting "
meeting_minutes,226,C,0,1,"Comment Type: Provide an Observation, Express Their Opinion Critique Category: Government Critique, Societal Critique Response Category: Solutions/Interventions Perception Type: Not in my Backyard Racist: No Reasoning: The comment observes the city's focus on technical aspects of earthquakes and the"
meeting_minutes,227,C,0,1,"Comment Type: Provide a Fact or Claim, Ask a Rhetorical Question Critique Category: Money Aid Allocation Response Category: Solutions/Interventions Perception Type: Not in my Backyard Racist: No Reasoning: The comment provides a factual statement about the funding and its purpose, and asks a rhetori"
meeting_minutes,228,C,0,0,"Comment Type: Provide a Fact or Claim, Express Their Opinion Critique Category: None Response Category: Solutions/Interventions Perception Type: None Racist: No Reasoning: The comment provides a factual statement about the package being discussed and expresses an opinion on how it aims to integrate "
meeting_minutes,229,C,0,1,"Comment Type: Provide an Observation, Express Their Opinion Critique Category: Money Aid Allocation Response Category: Solutions/Interventions Perception Type: Not in my Backyard Racist: No Reasoning: The comment observes the organization's limits and expresses an opinion on leveraging private secto"
meeting_minutes,230,C,0,1,"Comment Type: Ask a Rhetorical Question, Provide a Fact or Claim, Express Their Opinion Critique Category: Money Aid Allocation Response Category: Solutions/Interventions Perception Type: Not in my Backyard Racist: No Reasoning: The comment asks a rhetorical question about financial policies, provid"
meeting_minutes,231,C,0,0,"Comment Type: Provide a Fact or Claim, Ask a Rhetorical Question Critique Category: Not applicable Response Category: Not applicable Perception Type: Not applicable Racist: No Reasoning: The comment provides a factual statement about the current owner of an affordable housing development and asks a "
meeting_minutes,232,C,0,0,"Comment Type: Provide a Fact or Claim, Express Others' Opinions Critique Category: Money Aid Allocation Response Category: Solutions/Interventions Perception Type: None Racist: No Reasoning: The comment provides a factual statement about a housing developer and expresses an opinion about private dev"
meeting_minutes,233,C,0,0,"Comment Type: Provide a Fact or Claim, Express Others' Opinions Critique Category: None Response Category: Solutions/Interventions Perception Type: None Racist: No Reasoning: The comment provides factual information about the organization's efforts to prevent homelessness and the number of individua"
meeting_minutes,234,C,0,0,"Comment Type: Provide a Fact or Claim, Express Their Opinion Critique Category: Not applicable Response Category: Solutions/Interventions Perception Type: Not applicable Racist: No Reasoning: The comment provides a factual statement about the housing crisis being a significant issue in the city and "
meeting_minutes,235,C,0,1,"Comment Type: Provide a Fact or Claim, Express Their Opinion Critique Category: Money Aid Allocation, Government Critique Response Category: Solutions/Interventions Perception Type: Not in my Backyard Racist: No Reasoning: The comment provides a factual statement about the allocation of funds and ex"
meeting_minutes,236,C,0,0,"Comment Type: Provide an Observation, Express Their Opinion Critique Category: Not applicable Response Category: Solutions/Interventions Perception Type: Personal Interaction, Harmful Generalization Racist: No Reasoning: The comment provides an observation about seeing homelessness, mentions veteran"
meeting_minutes,237,C,0,0,"Comment Type: Provide an Observation, Express Their Opinion Critique Category: Not applicable Response Category: Not applicable Perception Type: Deserving/Undeserving Racist: No Reasoning: The comment observes a personal experience and expresses an opinion about the belief that chronically homeless "
meeting_minutes,238,C,0,0,"Comment Type: Provide an Observation, Provide a Fact or Claim Critique Category: No Response Category: Solutions/Interventions Perception Type: No Racist: No Reasoning: The comment provides an observation about the properties and suggests a solution by grouping them for consideration. There is no cr"
meeting_minutes,239,C,0,1,"Comment Type: Ask a Genuine Question, Provide an Observation Critique Category: Not Applicable Response Category: Solutions/Interventions Perception Type: Not in my Backyard Racist: No Reasoning: The comment asks a genuine question about the selection process for giving aid and provides an observati"
meeting_minutes,240,C,0,1,"Comment Type: Provide an Observation, Express Their Opinion Critique Category: Not applicable Response Category: Solutions/Interventions Perception Type: Not in my Backyard Racist: No Reasoning: The comment observes the current situation of homeless families and expresses a positive outlook on spend"
meeting_minutes,241,C,0,0,"Comment Type: Provide an Observation, Express Their Opinion Critique Category: None Response Category: Solutions/Interventions Perception Type: None Racist: No Reasoning: The comment observes a current practice of sweeps and expresses an opinion on its harmful effects. It also suggests providing bas"
meeting_minutes,242,C,0,0,"Comment Type: Provide a Fact or Claim, Express Their Opinion Critique Category: No Response Category: No Perception Type: No Racist: No Reasoning: The comment provides a factual statement about the organization's projects and the individual's role in affordable housing. It does not ask a question, e"
meeting_minutes,243,C,0,0,"Comment Type: Ask a Genuine Question, Express Their Opinion Critique Category: None Response Category: Solutions/Interventions Perception Type: None Racist: No Reasoning: The comment asks a genuine question about communication direction and expresses an opinion about the speaker's efforts for the ho"
meeting_minutes,244,C,0,0,"Comment Type: Provide a Fact or Claim, Express Their Opinion Critique Category: Not applicable Response Category: Solutions/Interventions Perception Type: Not applicable Racist: No Reasoning: The comment provides a factual statement about the limitations of market housing and expresses an opinion on"
meeting_minutes,245,C,0,1,"Comment Type: Express Their Opinion, Express Others' Opinions Critique Category: Not Applicable Response Category: Solutions/Interventions Perception Type: Not in my Backyard Racist: No Reasoning: The comment expresses an opinion about where homeless people should be allowed to camp and implies that"
meeting_minutes,246,C,0,1,"Comment Type: Provide an Observation, Express Others' Opinions Critique Category: Government Critique Response Category: Solutions/Interventions Perception Type: Not in my Backyard Racist: No Reasoning: The comment provides an observation about fines for feeding homeless people and expresses the opi"
meeting_minutes,247,C,0,1,"Comment Type: Provide a Fact or Claim, Express Others' Opinions Critique Category: Government Critique Response Category: Solutions/Interventions Perception Type: Not in my Backyard Racist: No Reasoning: The comment provides a factual statement about the history of racial covenants and expresses an "
meeting_minutes,248,C,0,0,"Comment Type: Provide an Observation, Express Their Opinion Critique Category: Not applicable Response Category: Solutions/Interventions Perception Type: Personal Interaction Racist: No Reasoning: The speaker shares a personal experience with foreclosure and expresses an opinion about affordable hou"
meeting_minutes,249,C,0,0,"Comment Type: Provide an Observation, Provide a Fact or Claim Critique Category: None Response Category: Solutions/Interventions Perception Type: None Racist: No Reasoning: The comment provides an observation about the process and a fact about the requirement for signed agreements. It does not criti"
meeting_minutes,250,C,0,0,"Comment Type: Provide a Fact or Claim, Express Their Opinion Critique Category: Not Applicable Response Category: Solutions/Interventions Perception Type: Not Applicable Racist: No Reasoning: The comment provides a factual statement about the organization's efforts to address inequities and mentions"
meeting_minutes,251,C,0,0,"Comment Type: Provide a Fact or Claim, Express Others' Opinions Critique Category: No Response Category: Solutions/Interventions Perception Type: Media Portrayal, Deserving/Undeserving Racist: No Reasoning: The comment provides a factual statement about the development's focus and mentions a histori"
meeting_minutes,252,C,0,0,"Comment Type: Ask a Rhetorical Question, Express Their Opinion Critique Category: None Response Category: Solutions/Interventions Perception Type: None Racist: No Reasoning: The comment is an opinion suggesting expanding an organization's mission to include homelessness, which can be seen as a rheto"
meeting_minutes,253,C,0,1,"Comment Type: Ask a Rhetorical Question, Express Their Opinion Critique Category: Government Critique, Societal Critique Response Category: Not applicable Perception Type: Not in my Backyard Racist: No Reasoning: The comment is a rhetorical question expressing the speaker's opinion about police beha"
meeting_minutes,254,C,0,0,"Comment Type: Provide a Fact or Claim, Express Their Opinion Critique Category: None Response Category: Solutions/Interventions Perception Type: None Racist: No Reasoning: The comment provides a factual statement about the tenant population and expresses an opinion about the importance of advancing "
meeting_minutes,255,C,0,0,"Comment Type: Provide a Fact or Claim, Express Their Opinion Critique Category: None Response Category: Solutions/Interventions Perception Type: None Racist: No Reasoning: The comment provides a factual statement about a project and expresses agreement with it, suggesting a solution or intervention "
meeting_minutes,256,C,0,0,"Comment Type: Provide a Fact or Claim, Express Others' Opinions Critique Category: Government Critique Response Category: Solutions/Interventions Perception Type: None Racist: No Reasoning: The comment provides a factual statement about housing development not qualifying as affordable housing and ex"
meeting_minutes,257,C,0,1,"Comment Type: Ask a Rhetorical Question, Provide a Fact or Claim Critique Category: Money Aid Allocation Response Category: Solutions/Interventions Perception Type: Not in my Backyard Racist: No Reasoning: The comment asks a rhetorical question about the allocation of funds for homelessness and prov"
meeting_minutes,258,C,0,0,"Comment Type: Ask a Rhetorical Question, Provide an Observation, Express Their Opinion Critique Category: Not Applicable Response Category: Solutions/Interventions Perception Type: Personal Interaction Racist: No Reasoning: The comment suggests engaging with people where they are, which is an observ"
meeting_minutes,259,C,0,0,"Comment Type: Ask a Genuine Question, Provide an Observation Critique Category: Not Applicable Response Category: Solutions/Interventions Perception Type: Not Applicable Racist: No Reasoning: The comment is a genuine question seeking additional input on a specific issue related to affordable housing"
meeting_minutes,260,C,0,0,"Comment Type: Express Their Opinion, Provide an Observation Critique Category: None Response Category: Solutions/Interventions Perception Type: None Racist: No Reasoning: The comment expresses the speaker's opinion and observation about their organization's support for a proposal, which is a form of"
meeting_minutes,261,C,0,0,"Comment Type: Ask a Genuine Question, Provide an Observation, Express Their Opinion Critique Category: None Response Category: Solutions/Interventions Perception Type: None Racist: No Reasoning: The comment is a genuine question about approving a proposal, an observation about the potential impact o"
meeting_minutes,262,C,0,1,"Comment Type: Provide a Fact or Claim, Express Their Opinion Critique Category: Government Critique Response Category: Solutions/Interventions Perception Type: Not in my Backyard Racist: No Reasoning: The comment provides a factual statement about the county's efforts to open shelters and expresses "
meeting_minutes,263,C,0,0,"Comment Type: Provide an Observation, Express Their Opinion Critique Category: None Response Category: Solutions/Interventions Perception Type: None Racist: No Reasoning: The comment provides an observation about the potential for social service fairs and expresses an opinion about the organization'"
meeting_minutes,264,C,0,1,"Comment Type: Ask a Genuine Question, Provide an Observation, Express Their Opinion Critique Category: Money Aid Allocation, Government Critique Response Category: Solutions/Interventions Perception Type: Not in my Backyard Racist: No Reasoning: The comment is a genuine question about the organizati"
meeting_minutes,265,C,0,1,"Comment Type: Provide a Fact or Claim, Express Their Opinion Critique Category: Money Aid Allocation Response Category: Solutions/Interventions Perception Type: Not in my Backyard Racist: No Reasoning: The comment provides a factual statement about a new monitoring mechanism for affordable housing u"
meeting_minutes,266,C,0,0,"Comment Type: Provide a Fact or Claim, Express Their Opinion Critique Category: None Response Category: Solutions/Interventions Perception Type: None Racist: No Reasoning: The comment provides a factual statement about the role of an organization in providing affordable housing and expresses an opin"
meeting_minutes,267,C,0,0,"Comment Type: Provide an Observation, Provide a Fact or Claim Critique Category: Money Aid Allocation Response Category: Solutions/Interventions Perception Type: None Racist: No Reasoning: The comment observes the action of sending a report to legislation, which is a factual statement. It also sugge"
meeting_minutes,268,C,0,1,"Comment Type: Ask a Genuine Question, Provide an Observation, Express Their Opinion Critique Category: Money Aid Allocation, Solutions/Interventions Response Category: Solutions/Interventions Perception Type: Not in my Backyard Racist: No Reasoning: The comment asks a genuine question about action t"
meeting_minutes,269,C,0,0,"Comment Type: Provide an Observation, Express Their Opinion Critique Category: None Response Category: None Perception Type: None Racist: No Reasoning: The comment provides an observation about the organization's experience with homeless youth and expresses an opinion that the issue is well-known. T"
meeting_minutes,270,C,0,0,"Comment Type: Express Others' Opinions, Provide an Observation Critique Category: None Response Category: Solutions/Interventions Perception Type: Personal Interaction Racist: No Reasoning: The comment expresses gratitude and acknowledges the support for an organization that helps runaway and homele"
meeting_minutes,271,C,0,1,"Comment Type: Provide a Fact or Claim, Express Their Opinion Critique Category: Not applicable Response Category: Solutions/Interventions Perception Type: Not in my Backyard Racist: No Reasoning: The comment provides a factual observation about future developments and affordable housing, expresses a"
meeting_minutes,272,C,0,1,"Comment Type: Ask a Genuine Question, Express Their Opinion Critique Category: Money Aid Allocation Response Category: Solutions/Interventions Perception Type: Not in my Backyard Racist: No Reasoning: The comment expresses a genuine question and opinion about voting for an affordable housing compone"
meeting_minutes,273,C,0,1,"Comment Type: Provide an Observation, Express Others' Opinions Critique Category: Not applicable Response Category: Solutions/Interventions Perception Type: Not in my Backyard Racist: No Reasoning: The comment observes a situation where a facility for homeless youth was proposed in a district and ex"
meeting_minutes,274,C,0,1,"Comment Type: Provide a Fact or Claim, Express Their Opinion Critique Category: Money Aid Allocation Response Category: Solutions/Interventions Perception Type: Not in my Backyard Racist: No Reasoning: The comment suggests a policy change regarding affordable housing, which is a fact or claim. The o"
meeting_minutes,275,C,0,0,"Comment Type: Provide an Opinion, Express Others' Opinions Critique Category: Not applicable Response Category: Solutions/Interventions Perception Type: Not applicable Racist: No Reasoning: The comment expresses an opinion about supporting inclusionary zoning and the need for affordable housing, whi"
meeting_minutes,276,C,0,0,"Comment Type: Ask a Rhetorical Question, Provide an Observation Critique Category: None Response Category: Solutions/Interventions Perception Type: None Racist: No Reasoning: The comment is asking for a motion to send legislation related to affordable housing, which can be seen as a rhetorical quest"
meeting_minutes,277,C,0,0,"Comment Type: Ask a Genuine Question, Provide an Observation Critique Category: None Response Category: Solutions/Interventions Perception Type: None Racist: No Reasoning: The comment is asking for additional information about the demolitions for affordable housing, which is a genuine question. It a"
meeting_minutes,278,C,0,1,"Comment Type: Provide an Observation, Express Their Opinion Critique Category: Government Critique Response Category: Solutions/Interventions Perception Type: Not in my Backyard Racist: No Reasoning: The speaker is observing and expressing their opinion on a specific situation involving affordable h"
meeting_minutes,279,C,0,0,"Comment Type: Provide a Fact or Claim, Express Their Opinion Critique Category: No Response Category: Solutions/Interventions Perception Type: No Racist: No Reasoning: The comment provides a factual statement about the need for affordable housing and expresses the speaker's opinion on the matter. It"
meeting_minutes,280,C,0,0,"Comment Type: Provide a Fact or Claim, Express Their Opinion Critique Category: Not applicable Response Category: Solutions/Interventions Perception Type: Not applicable Racist: No Reasoning: The comment provides a factual statement about the changes in the application and expresses an opinion about"
meeting_minutes,281,C,0,1,"Comment Type: Provide an Observation, Express Others' Opinions Critique Category: Not applicable Response Category: Solutions/Interventions Perception Type: Not in my Backyard Racist: No Reasoning: The comment observes concerns about new developments downtown and expresses the observation that much "
meeting_minutes,282,C,0,0,"Comment Type: Provide a Fact or Claim, Express Their Opinion Critique Category: Government Critique Response Category: Solutions/Interventions Perception Type: None Racist: No Reasoning: The comment provides a factual statement about legislative work and expresses an opinion about the need for affor"
meeting_minutes,283,C,0,1,"Comment Type: Provide an Observation, Express Their Opinion Critique Category: Not applicable Response Category: Solutions/Interventions Perception Type: Not in my Backyard Racist: No Reasoning: The comment observes the current state of an empty lot and expresses an opinion about the importance of a"
meeting_minutes,284,C,0,1,"Comment Type: Ask a Rhetorical Question, Express Their Opinion Critique Category: Government Critique Response Category: Solutions/Interventions Perception Type: Not in my Backyard Racist: No Reasoning: The comment is a rhetorical question and an expression of opinion about the speaker's personal si"
meeting_minutes,285,C,0,1,"Comment Type: Provide an Observation, Express Others' Opinions Critique Category: Money Aid Allocation Response Category: Solutions/Interventions Perception Type: Not in my Backyard Racist: No Reasoning: The comment observes the organization's recommendations and expresses their opinions on sending "
meeting_minutes,286,C,0,0,"Comment Type: Provide an Observation, Express Their Opinion Critique Category: No Response Category: Solutions/Interventions Perception Type: No Racist: No Reasoning: The comment observes the efforts of an organization in helping families overcome homelessness and expresses a positive opinion about "
meeting_minutes,287,C,0,0,"Comment Type: Provide a Fact or Claim, Express Their Opinion Critique Category: None Response Category: Solutions/Interventions Perception Type: Personal Interaction Racist: No Reasoning: The comment provides a factual statement about family homelessness and expresses an opinion about the importance"
meeting_minutes,288,C,0,0,"Comment Type: Provide an Observation, Express Their Opinion Critique Category: Not applicable Response Category: Solutions/Interventions Perception Type: Not applicable Racist: No Reasoning: The comment provides an observation about working with the homeless population and expresses an opinion about"
meeting_minutes,289,C,0,0,"Comment Type: Ask a Genuine Question, Express Others' Opinions Critique Category: Not Applicable Response Category: Solutions/Interventions Perception Type: Not Applicable Racist: No Reasoning: The comment does not directly ask a question or provide a fact, but it does express support for people who"
meeting_minutes,290,C,0,0,"Comment Type: Express Their Opinion, Provide an Observation Critique Category: Government Critique Response Category: Solutions/Interventions Perception Type: None Racist: No Reasoning: The comment expresses an opinion about a potential policy change and observes the actions of a council person. It "
meeting_minutes,291,C,0,0,"Comment Type: Provide a Fact or Claim, Express Their Opinion Critique Category: No Response Category: No Perception Type: No Racist: No Reasoning: The comment provides a factual statement about the organization's history and mission, and the speaker expresses an opinion about the organization's work"
meeting_minutes,292,C,0,0,"Comment Type: Provide an Observation, Express Their Opinion Critique Category: None Response Category: Solutions/Interventions Perception Type: None Racist: No Reasoning: The comment is an observation about the organization's desire to use various tools to maintain affordable housing. It does not fi"
meeting_minutes,293,C,0,1,"Comment Type: Provide an Observation, Express Others' Opinions Critique Category: Government Critique Response Category: Solutions/Interventions Perception Type: Not in my Backyard Racist: No Reasoning: The comment provides an observation about a designated developer agreement and expresses opinions"
meeting_minutes,294,C,0,1,"Comment Type: Provide a Fact or Claim, Express Their Opinion Critique Category: Government Critique Response Category: Solutions/Interventions Perception Type: Not in my Backyard Racist: No Reasoning: The comment provides a factual statement about the city's efforts to assist new residents and expre"
meeting_minutes,295,C,0,0,"Comment Type: Provide a Fact or Claim, Express Their Opinion Critique Category: None Response Category: Solutions/Interventions Perception Type: None Racist: No Reasoning: The comment provides a factual statement about an affordable housing component being included in a project and expresses an opin"
meeting_minutes,296,C,0,0,"Comment Type: Provide an Observation, Express Their Opinion Critique Category: None Response Category: Solutions/Interventions Perception Type: None Racist: No Reasoning: The comment provides an observation about the organization's role in affordable housing development and expresses an opinion abou"
meeting_minutes,297,C,0,0,"Comment Type: Provide an Observation, Express Others' Opinions Critique Category: None Response Category: Solutions/Interventions Perception Type: None Racist: No Reasoning: The comment provides an observation about a development project and expresses the desire for input, which can be seen as an ob"
meeting_minutes,298,C,0,1,"Comment Type: Provide an Observation, Express Their Opinion Critique Category: Government Critique Response Category: Solutions/Interventions Perception Type: Not in my Backyard Racist: No Reasoning: The comment provides an observation about the community meetings and supports the townhouses and aff"
meeting_minutes,299,C,0,1,"Comment Type: Provide an Observation, Express Others' Opinions Critique Category: Not applicable Response Category: Solutions/Interventions Perception Type: Not in my Backyard Racist: No Reasoning: The comment observes a potential consequence of addressing homelessness, suggesting that people in nee"
meeting_minutes,300,C,0,0,"Comment Type: Provide a Fact or Claim, Express Their Opinion Critique Category: Government Critique Response Category: Solutions/Interventions Perception Type: None Racist: No Reasoning: The comment provides a factual claim about current housing practices and expresses an opinion on the importance o"
meeting_minutes,301,C,0,0,"Comment Type: Ask a Genuine Question, Provide an Observation Critique Category: Government Critique Response Category: Solutions/Interventions Perception Type: None Racist: No Reasoning: The comment is asking a genuine question about Ms. [PERSON]'s questionnaire and observing the process of appointi"
meeting_minutes,302,C,0,0,"Comment Type: Provide a Fact or Claim, Express Their Opinion Critique Category: None Response Category: Solutions/Interventions Perception Type: None Racist: No Reasoning: The comment provides a factual statement about tax breaks and the affordable housing component, and expresses the speaker's opin"
meeting_minutes,303,C,0,1,"Comment Type: Ask a Rhetorical Question, Express Their Opinion Critique Category: Government Critique Response Category: Solutions/Interventions Perception Type: Not in my Backyard Racist: No Reasoning: The comment is a rhetorical question expressing the speaker's opinion about the allocation of res"
meeting_minutes,304,C,0,1,"Comment Type: Provide an Observation, Express Their Opinion Critique Category: Not applicable Response Category: Solutions/Interventions Perception Type: Not in my Backyard Racist: No Reasoning: The comment observes the broader scope of homelessness beyond visible individuals and expresses an opinio"
meeting_minutes,305,C,0,0,"Comment Type: Provide a Fact or Claim, Express Their Opinion Critique Category: Government Critique Response Category: Solutions/Interventions Perception Type: None Racist: No Reasoning: The comment provides a factual claim about the connection between tax breaks and the council's stance on affordab"
meeting_minutes,306,C,0,1,"Comment Type: Provide a Fact or Claim, Express Their Opinion, Provide an Observation Critique Category: Money Aid Allocation, Government Critique Response Category: Solutions/Interventions Perception Type: Not in my Backyard Racist: No Reasoning: The comment provides a factual observation about the "
meeting_minutes,307,C,0,1,"Comment Type: Provide an Observation, Express Their Opinion Critique Category: Government Critique Response Category: Solutions/Interventions Perception Type: Not in my Backyard Racist: No Reasoning: The speaker is observing the actions of the council and expressing their opinion that more action is"
meeting_minutes,308,C,0,1,"Comment Type: Ask a Rhetorical Question, Provide an Observation, Express Their Opinion Critique Category: Not Applicable Response Category: Solutions/Interventions Perception Type: Not in my Backyard Racist: No Reasoning: The comment is a rhetorical question and an observation about the city's prope"
meeting_minutes,309,C,0,1,"Comment Type: Provide a Fact or Claim, Express Their Opinion Critique Category: Money Aid Allocation Response Category: Solutions/Interventions Perception Type: Not in my Backyard Racist: No Reasoning: The comment provides a factual statement about the sale price of a building and expresses an opini"
meeting_minutes,310,C,0,0,"Comment Type: Provide an Observation, Express Others' Opinions Critique Category: Not applicable Response Category: Solutions/Interventions Perception Type: Not applicable Racist: No Reasoning: The comment is an observation about a motion being sent to a ledge, which could be seen as an expression o"
meeting_minutes,311,C,0,0,"Comment Type: Ask a Rhetorical Question, Provide a Fact or Claim Critique Category: Not Applicable Response Category: Not Applicable Perception Type: Not Applicable Racist: No Reasoning: The comment includes a rhetorical question and a factual statement about affordable housing and community history"
meeting_minutes,312,C,0,0,"Comment Type: Provide a Fact or Claim, Express Others' Opinions Critique Category: Not applicable Response Category: Solutions/Interventions Perception Type: Not applicable Racist: No Reasoning: The comment provides a factual statement about the number of affordable housing units required and expres"
meeting_minutes,313,C,0,0,"Comment Type: Provide a Fact or Claim, Express Their Opinion Critique Category: No Response Category: Solutions/Interventions Perception Type: No Racist: No Reasoning: The comment provides facts about goals related to education, housing, and employment. It expresses the speaker's opinion on what the"
meeting_minutes,314,C,0,0,"Comment Type: Provide a Fact or Claim, Express Their Opinion Critique Category: None Response Category: Solutions/Interventions Perception Type: None Racist: No Reasoning: The comment provides a factual statement about the organization's role in addressing homelessness and expresses an opinion about"
meeting_minutes,315,C,0,0,"Comment Type: Provide a Fact or Claim, Express Their Opinion Critique Category: Government Critique Response Category: Solutions/Interventions Perception Type: None Racist: No Reasoning: The comment provides a factual statement about the authority given to Dr. [PERSON] to issue a countywide mandate "
meeting_minutes,316,C,0,1,"Comment Type: Provide a Fact or Claim, Provide an Observation, Express Their Opinion Critique Category: Money Aid Allocation Response Category: Solutions/Interventions Perception Type: Not in my Backyard Racist: No Reasoning: The comment provides factual information about a partnership and a strateg"
meeting_minutes,317,C,0,0,"Comment Type: Provide a Fact or Claim, Express Their Opinion Critique Category: Money Aid Allocation Response Category: Solutions/Interventions Perception Type: None Racist: No Reasoning: The comment provides a factual statement about the organization's support for addressing homelessness and expres"
meeting_minutes,318,C,0,0,"Comment Type: Ask a Genuine Question, Ask a Rhetorical Question Critique Category: None Response Category: None Perception Type: None Racist: No Reasoning: The comment is a genuine question about the scope of homelessness assistance, but it does not fit neatly into any of the other categories. It do"
meeting_minutes,319,C,0,1,"Comment Type: Provide a Fact or Claim, Provide an Observation, Express Their Opinion Critique Category: Money Aid Allocation Response Category: Solutions/Interventions Perception Type: Not in my Backyard Racist: No Reasoning: The comment provides a factual statement about the process for issuing a n"
meeting_minutes,320,C,0,1,"Comment Type: Express Their Opinion, Provide an Observation Critique Category: Government Critique, Societal Critique Response Category: Solutions/Interventions Perception Type: Not in my Backyard Racist: No Reasoning: The comment expresses the speaker's opinion and observations about the plan, incl"
meeting_minutes,321,C,0,1,"Comment Type: Ask a Rhetorical Question, Provide a Fact or Claim Critique Category: Money Aid Allocation Response Category: Solutions/Interventions Perception Type: Not in my Backyard Racist: No Reasoning: The comment is asking a rhetorical question about the quality of projects and expressing a fac"
meeting_minutes,322,C,0,0,"Comment Type: Provide a Fact or Claim, Express Their Opinion Critique Category: None Response Category: Solutions/Interventions Perception Type: None Racist: No Reasoning: The comment provides a factual claim about the benefits of the statement, expresses an opinion about increasing education in the"
meeting_minutes,323,C,0,0,"Comment Type: Provide a Fact or Claim, Express Their Opinion Critique Category: Money Aid Allocation Response Category: Solutions/Interventions Perception Type: None Racist: No Reasoning: The comment provides a factual statement about the number of affordable units and expresses an opinion about the"
meeting_minutes,324,C,0,0,"Comment Type: Provide a Fact or Claim, Express Their Opinion Critique Category: Money Aid Allocation Response Category: Solutions/Interventions Perception Type: Personal Interaction Racist: No Reasoning: The comment provides a factual statement about the community and expresses an opinion on the hou"
meeting_minutes,325,C,0,1,"Comment Type: Provide an Observation, Ask a Rhetorical Question Critique Category: Not Applicable Response Category: Solutions/Interventions Perception Type: Not in my Backyard Racist: No Reasoning: The comment provides an observation about issues in a regional park and asks a rhetorical question ab"
meeting_minutes,326,C,0,1,"Comment Type: Provide a Fact or Claim, Express Others' Opinions Critique Category: Government Critique, Societal Critique Response Category: Solutions/Interventions Perception Type: Not in my Backyard Racist: No Reasoning: The comment provides factual claims about the organization's contributions an"
meeting_minutes,327,C,0,1,"Comment Type: Provide an Observation, Express Their Opinion Critique Category: Government Critique Response Category: Solutions/Interventions Perception Type: Not in my Backyard Racist: No Reasoning: The comment observes the lack of public transportation in affordable housing projects and expresses "
meeting_minutes,328,C,0,0,"Comment Type: Ask a Genuine Question, Provide an Observation Critique Category: None Response Category: None Perception Type: None Racist: No Reasoning: The comment is a genuine question about the source of matches for homeless housing, which is an observation about the current situation. There are "
meeting_minutes,329,C,0,1,"Comment Type: Provide a Fact or Claim, Ask a Rhetorical Question Critique Category: Money Aid Allocation Response Category: Solutions/Interventions Perception Type: Not in my Backyard Racist: No Reasoning: The comment suggests increasing funding for affordable housing, which is a factual claim and a"
meeting_minutes,330,C,0,1,"Comment Type: Provide a Fact or Claim, Provide an Observation, Ask a Rhetorical Question Critique Category: Money Aid Allocation Response Category: Solutions/Interventions Perception Type: Not in my Backyard Racist: No Reasoning: The comment provides facts about funding sources and observations abou"
meeting_minutes,331,C,0,1,"Comment Type: Provide a Fact or Claim, Ask a Rhetorical Question Critique Category: Money Aid Allocation Response Category: Solutions/Interventions Perception Type: Not in my Backyard Racist: No Reasoning: The comment provides a factual statement about the organization's plans to invest in affordabl"
meeting_minutes,332,C,0,1,"Comment Type: Provide a Fact or Claim, Express Their Opinion Critique Category: Money Aid Allocation, Societal Critique Response Category: Solutions/Interventions Perception Type: Not in my Backyard Racist: No Reasoning: The comment provides a factual statement about the regional housing plan and ex"
meeting_minutes,333,C,0,0,"Comment Type: Provide a Fact or Claim, Express Others' Opinions Critique Category: Money Aid Allocation Response Category: Solutions/Interventions Perception Type: Not applicable Racist: No Reasoning: The comment provides a factual statement about the organization's action plan and expresses gratitu"
meeting_minutes,334,C,0,1,"Comment Type: Ask a Genuine Question, Provide an Observation Critique Category: Not Applicable Response Category: Solutions/Interventions Perception Type: Not in my Backyard Racist: No Reasoning: The comment asks a genuine question about the nature of homelessness and the community's response. It al"
meeting_minutes,335,C,0,0,"Comment Type: Ask a Rhetorical Question, Provide an Observation Critique Category: None Response Category: None Perception Type: None Racist: No Reasoning: The comment makes an observation about the vulnerability of homeless shelters, employees, and the homeless themselves. It ends with a rhetorical"
meeting_minutes,336,C,0,0,"Comment Type: Provide an Observation, Express Their Opinion Critique Category: None Response Category: Solutions/Interventions Perception Type: None Racist: No Reasoning: The comment observes a concern about creating a cycle of homelessness related to jail and suggests having discussions about an al"
meeting_minutes,337,C,0,0,"Comment Type: Provide a Fact or Claim, Ask a Genuine Question Critique Category: Money Aid Allocation Response Category: Solutions/Interventions Perception Type: None Racist: No Reasoning: The comment provides a factual statement about the allocation of funds and the resulting investment in affordab"
meeting_minutes,338,C,0,0,"Comment Type: Ask a Genuine Question, Provide a Fact or Claim Critique Category: None Response Category: None Perception Type: None Racist: No Reasoning: The comment is asking a genuine question about the application of an ordinance and providing a factual statement about the non-discrimination aspe"
meeting_minutes,339,C,0,1,"Comment Type: Provide a Fact or Claim, Express Their Opinion, Provide an Observation Critique Category: Money Aid Allocation, Solutions/Interventions Response Category: Solutions/Interventions Perception Type: Not in my Backyard Racist: No Reasoning: The comment provides a factual statement about th"
meeting_minutes,340,C,0,0,"Comment Type: Provide a Fact or Claim, Express Their Opinion Critique Category: None Response Category: None Perception Type: Harmful Generalization Racist: No Reasoning: The comment provides a factual claim about protecting the homeless and expresses an opinion that they are vulnerable and need hel"
meeting_minutes,341,C,0,0,"Comment Type: Provide a Fact or Claim, Ask a Rhetorical Question Critique Category: Money Aid Allocation Response Category: Solutions/Interventions Perception Type: None Racist: No Reasoning: The comment provides a factual statement about the organization's new affordable housing project and asks a "
meeting_minutes,342,C,0,0,"Comment Type: Ask a Genuine Question, Provide a Fact or Claim Critique Category: Money Aid Allocation Response Category: Solutions/Interventions Perception Type: None Racist: No Reasoning: The comment is asking for clarification on funding and making a factual statement about the current use of fund"
meeting_minutes,343,C,0,0,"Comment Type: Ask a Genuine Question, Provide an Observation Critique Category: None Response Category: Solutions/Interventions Perception Type: None Racist: No Reasoning: The comment is a genuine question about a hotel project and an observation about the potential relocation of an institution to a"
meeting_minutes,344,C,0,0,"Comment Type: Provide a Fact or Claim, Express Their Opinion Critique Category: None Response Category: Solutions/Interventions Perception Type: None Racist: No Reasoning: The comment provides a factual statement about the number of homeless individuals served and the percentage of unfunded patients"
meeting_minutes,345,C,0,1,"Comment Type: Provide a Fact or Claim, Provide an Observation Critique Category: Money Aid Allocation, Solutions/Interventions Response Category: Solutions/Interventions Perception Type: Not in my Backyard Racist: No Reasoning: The comment provides a factual statement about the allocation of funds a"
meeting_minutes,346,C,0,1,"Comment Type: Provide an Observation, Express Their Opinion Critique Category: Government Critique Response Category: Solutions/Interventions Perception Type: Not in my Backyard Racist: No Reasoning: The comment observes the potential negative impacts of infill development and expresses an opinion a"
meeting_minutes,347,C,0,0,"Comment Type: Provide a Fact or Claim, Express Their Opinion Critique Category: Money Aid Allocation Response Category: Solutions/Interventions Perception Type: None Racist: No Reasoning: The speaker is providing a fact about the limited nature of funds and the importance of value added in applicati"
meeting_minutes,348,C,0,0,"Comment Type: Ask a Genuine Question, Provide an Observation Critique Category: None Response Category: Solutions/Interventions Perception Type: None Racist: No Reasoning: The comment is asking a genuine question about the administrative process for addressing an ordinance related to homelessness. I"
meeting_minutes,349,C,0,1,"Comment Type: Provide a Fact or Claim, Ask a Rhetorical Question Critique Category: Money Aid Allocation Response Category: Solutions/Interventions Perception Type: Not in my Backyard Racist: No Reasoning: The comment provides a factual statement about an email request and asks a rhetorical question"
meeting_minutes,350,C,0,0,"Comment Type: Provide an Observation, Express Their Opinion Critique Category: None Response Category: None Perception Type: None Racist: No Reasoning: The comment is an introduction by the Deputy Director of an organization, providing an observation about their role and intention to share points of"
meeting_minutes,351,C,0,1,"Comment Type: Ask a Genuine Question, Provide a Fact or Claim Critique Category: Money Aid Allocation Response Category: Solutions/Interventions Perception Type: Not in my Backyard Racist: No Reasoning: The comment asks a genuine question about the cost of additional steps after an arrest and provid"
meeting_minutes,352,C,0,0,"Comment Type: Provide a Fact or Claim, Express Their Opinion Critique Category: Money Aid Allocation Response Category: Solutions/Interventions Perception Type: None Racist: No Reasoning: The comment provides a factual statement about the cost of infrastructure improvements and expresses an opinion "
meeting_minutes,353,C,0,1,"Comment Type: Provide an Observation, Express Their Opinion Critique Category: Government Critique Response Category: Solutions/Interventions Perception Type: Not in my Backyard Racist: No Reasoning: The comment observes the debate within the community and expresses an opinion on the impact of certa"
meeting_minutes,354,C,0,0,"Comment Type: Provide a Fact or Claim, Ask a Genuine Question Critique Category: Money Aid Allocation Response Category: Solutions/Interventions Perception Type: None Racist: No Reasoning: The comment provides a factual statement about the number of affordable housing units being added through rehab"
meeting_minutes,355,C,0,0,"Comment Type: Provide a Fact or Claim, Ask a Rhetorical Question Critique Category: Money Aid Allocation Response Category: Solutions/Interventions Perception Type: None Racist: No Reasoning: The comment provides a factual statement about the funding and then asks a rhetorical question to emphasize "
meeting_minutes,356,C,0,1,"Comment Type: Provide a Fact or Claim, Express Others' Opinions Critique Category: Money Aid Allocation, Government Critique Response Category: Solutions/Interventions Perception Type: Not in my Backyard Racist: No Reasoning: The comment provides a factual statement about the funding sources and the"
meeting_minutes,357,C,0,0,"Comment Type: Provide a Fact or Claim, Ask a Genuine Question Critique Category: Money Aid Allocation Response Category: Solutions/Interventions Perception Type: None Racist: No Reasoning: The comment provides factual information about the allocation of grants for addressing homelessness. It asks a "
meeting_minutes,358,C,0,0,"Comment Type: Ask a Rhetorical Question, Express Their Opinion, Provide an Observation Critique Category: Government Critique Response Category: Solutions/Interventions Perception Type: Harmful Generalization, Deserving/Undeserving Racist: No Reasoning: The comment questions the legality and moralit"
meeting_minutes,359,C,0,0,"Comment Type: Provide a Fact or Claim, Express Their Opinion Critique Category: Government Critique Response Category: Solutions/Interventions Perception Type: None Racist: No Reasoning: The comment provides a factual statement about the mapping of homeless shelters and expresses an opinion about th"
meeting_minutes,360,C,0,1,"Comment Type: Provide a Fact or Claim, Express Their Opinion Critique Category: Money Aid Allocation Response Category: Solutions/Interventions Perception Type: Not in my Backyard Racist: No Reasoning: The comment provides a factual statement about the investment in affordable housing and expresses "
meeting_minutes,361,C,0,0,"Comment Type: Provide an Observation, Express Others' Opinions Critique Category: None Response Category: Solutions/Interventions Perception Type: None Racist: No Reasoning: The comment provides an observation about the meeting's agenda and includes an expression of opinion from another individual ("
meeting_minutes,362,C,0,1,"Comment Type: Provide an Observation, Express Their Opinion Critique Category: Government Critique Response Category: Solutions/Interventions Perception Type: Not in my Backyard Racist: No Reasoning: The comment provides an observation about the current policy and expresses an opinion on how it shou"
meeting_minutes,363,C,0,1,"Comment Type: Provide a Fact or Claim, Express Their Opinion Critique Category: Government Critique Response Category: Solutions/Interventions Perception Type: Not in my Backyard Racist: No Reasoning: The speaker provides a factual statement about the complexity of homelessness situations and expres"
news,0,C,0,0,"Comment Type: Provide a Fact or Claim, Express Others' Opinions Critique Category: None Response Category: None Perception Type: Media Portrayal Racist: No Reasoning: The comment provides a factual statement about the growth of homelessness and addiction in specific locations and expresses an opinio"
news,1,C,0,0,"Comment Type: Provide a Fact or Claim, Express Others' Opinions Critique Category: Money Aid Allocation Response Category: Solutions/Interventions Perception Type: Not applicable Racist: No Reasoning: The comment provides a factual statement about the organization's investments and does not directly"
news,2,C,0,0,"Comment Type: Provide a Fact or Claim, Express Others' Opinions Critique Category: Not applicable Response Category: Solutions/Interventions Perception Type: Not applicable Racist: No Reasoning: The comment provides a factual statement about a development plan and expresses the opinion of the organi"
news,3,C,0,1,"Comment Type: Provide a Fact or Claim, Ask a Rhetorical Question Critique Category: Government Critique Response Category: Solutions/Interventions Perception Type: Not in my Backyard Racist: No Reasoning: The comment provides a factual statement about homelessness among children and asks a rhetorica"
news,4,C,0,1,"Comment Type: Provide a Fact or Claim, Express Their Opinion Critique Category: Money Aid Allocation, Government Critique Response Category: Solutions/Interventions Perception Type: Not in my Backyard Racist: No Reasoning: The comment provides a factual statement about a plan proposed by a former or"
news,5,C,0,1,"Comment Type: Provide a Fact or Claim, Express Their Opinion Critique Category: Money Aid Allocation, Government Critique Response Category: Solutions/Interventions Perception Type: Not in my Backyard Racist: No Reasoning: The comment provides a factual statement about a housing plan and expresses a"
news,6,C,0,0,"Comment Type: Provide a Fact or Claim, Express Others' Opinions Critique Category: Government Critique Response Category: Solutions/Interventions Perception Type: None Racist: No Reasoning: The comment provides a factual statement about an initiative by an organization aimed at addressing the housin"
news,7,C,0,1,"Comment Type: Provide a Fact or Claim, Express Their Opinion, Provide an Observation Critique Category: Money Aid Allocation, Government Critique Response Category: Solutions/Interventions Perception Type: Not in my Backyard Racist: No Reasoning: The comment provides factual claims about plans to ad"
news,8,C,0,1,"Comment Type: Provide a Fact or Claim, Express Their Opinion Critique Category: Money Aid Allocation, Government Critique Response Category: Solutions/Interventions Perception Type: Not in my Backyard Racist: No Reasoning: The comment provides factual information about proposed government funding an"
news,9,C,0,0,"Comment Type: None Critique Category: None Response Category: None Perception Type: None Racist: No Reasoning: The text does not contain any information related to homelessness, nor does it express any opinions, observations, or perceptions about homelessness. It appears to be a biographical snippet"
news,10,C,0,0,"Comment Type: Provide a Fact or Claim, Provide an Observation Critique Category: None Response Category: None Perception Type: None Racist: No Reasoning: The text provides a factual statement about a homelessness survey process and an observation about the locations where people are found. It does n"
news,11,C,0,1,"Comment Type: Provide a Fact or Claim, Provide an Observation Critique Category: Money Aid Allocation Response Category: Solutions/Interventions Perception Type: Not in my Backyard Racist: No Reasoning: The comment provides a factual statement about a new housing project for the homeless, which is a"
news,12,C,0,0,"Comment Type: Provide a Fact or Claim, Express Their Opinion Critique Category: Government Critique Response Category: Solutions/Interventions Perception Type: Deserving/Undeserving Racist: No Reasoning: The comment provides a factual statement about homelessness among veterans and expresses an opin"
news,13,C,0,0,"Comment Type: Provide an Observation, Express Others' Opinions Critique Category: None Response Category: None Perception Type: Media Portrayal Racist: No Reasoning: The comment provides an observation about the situation of homeless pets before and after Hurricane Harvey, and it references the effo"
news,14,C,0,0,"Comment Type: Provide a Fact or Claim, Express Others' Opinions Critique Category: None Response Category: Solutions/Interventions Perception Type: None Racist: No Reasoning: The comment provides a factual statement about the preference given to artists for residency at a hotel. It does not express "
news,15,C,0,0,"Comment Type: Provide a Fact or Claim, Express Their Opinion Critique Category: None Response Category: Solutions/Interventions Perception Type: None Racist: No Reasoning: The comment provides a factual statement about the harsh conditions faced by homeless individuals and expresses an opinion about"
news,16,C,0,1,"Comment Type: Provide a Fact or Claim, Express Their Opinion Critique Category: Not Applicable Response Category: Solutions/Interventions Perception Type: Not in my Backyard Racist: No Reasoning: The comment provides a factual claim about the increase in persecution of Christians and expresses an op"
news,17,C,0,0,"Comment Type: Provide a Fact or Claim, Express Their Opinion Critique Category: None Response Category: None Perception Type: Harmful Generalization Racist: No Reasoning: The comment provides a factual claim about homelessness and expresses an opinion, but it also makes a harmful generalization by l"
news,18,C,0,0,"Comment Type: Provide an Observation, Express Others' Opinions Critique Category: Not applicable Response Category: Not applicable Perception Type: Deserving/Undeserving Racist: No Reasoning: The comment provides an observation about a person being forgotten, which implies a judgment about who deser"
news,19,C,0,0,"Comment Type: Provide a Fact or Claim, Provide an Observation Critique Category: Money Aid Allocation Response Category: Solutions/Interventions Perception Type: None Racist: No Reasoning: The comment provides a factual statement about a survey opening up funding for a day center for the homeless, w"
news,20,C,0,0,"Comment Type: Provide a Fact or Claim, Express Others' Opinions Critique Category: Not Applicable Response Category: Solutions/Interventions Perception Type: Not Applicable Racist: No Reasoning: The comment provides a factual statement about a program and expresses an opinion about the impact of the"
news,21,C,0,0,"Comment Type: Provide an Observation, Express Their Opinion Critique Category: None Response Category: Solutions/Interventions Perception Type: Personal Interaction Racist: No Reasoning: The comment provides an observation about someone's personal experience with homelessness and expresses an opinio"
news,22,C,0,1,"Comment Type: Provide a Fact or Claim, Express Their Opinion Critique Category: Government Critique Response Category: Solutions/Interventions Perception Type: Not in my Backyard Racist: No Reasoning: The comment provides factual claims about the mayor's housing policies and their impact on homeless"
news,23,C,0,1,"Comment Type: Provide a Fact or Claim, Express Their Opinion Critique Category: Money Aid Allocation, Government Critique Response Category: Solutions/Interventions Perception Type: Not in my Backyard Racist: No Reasoning: The comment provides a factual statement about a government plan and expresse"
news,24,C,0,1,"Comment Type: Provide a Fact or Claim, Express Others' Opinions Critique Category: Money Aid Allocation, Government Critique Response Category: Solutions/Interventions Perception Type: Not in my Backyard Racist: No Reasoning: The comment provides factual information about the housing plans of a Demo"
news,25,C,0,0,"Comment Type: Provide a Fact or Claim, Express Their Opinion Critique Category: Not applicable Response Category: Solutions/Interventions Perception Type: Not applicable Racist: No Reasoning: The comment provides a factual statement about a past charitable action and expresses an opinion about the p"
news,26,C,0,0,"Comment Type: Provide an Observation, Express Others' Opinions Critique Category: Not applicable Response Category: Not applicable Perception Type: Media Portrayal Racist: No Reasoning: The comment provides an observation of homeless conditions and expresses the opinions of the organization's contri"
news,27,C,0,0,"Comment Type: Provide a Fact or Claim, Express Their Opinion, Government Critique Critique Category: Money Aid Allocation, Government Critique Response Category: Solutions/Interventions Perception Type: None Racist: No Reasoning: The comment provides a factual statement about a senator's plan to add"
news,28,C,0,0,"Comment Type: Provide an Observation, Express Their Opinion Critique Category: Not applicable Response Category: Not applicable Perception Type: Personal Interaction Racist: No Reasoning: The comment describes a personal interaction with a homeless individual but does not provide an opinion, critiqu"
news,29,C,0,1,"Comment Type: Provide a Fact or Claim, Provide an Observation, Solutions/Interventions Critique Category: Money Aid Allocation, Government Critique Response Category: Solutions/Interventions Perception Type: Not in my Backyard Racist: No Reasoning: The comment provides a factual statement about acce"
news,30,C,0,1,"Comment Type: Provide a Fact or Claim, Express Others' Opinions Critique Category: Money Aid Allocation, Government Critique Response Category: Solutions/Interventions Perception Type: Not in my Backyard Racist: No Reasoning: The comment provides a factual statement about two efforts to connect the "
news,31,C,0,1,"Comment Type: Ask a Rhetorical Question, Provide a Fact or Claim Critique Category: Government Critique Response Category: Not applicable Perception Type: Not in my Backyard Racist: No Reasoning: The comment poses a rhetorical question about the opportunity homelessness presents, which is a critique"
news,32,C,0,0,"Comment Type: Provide an Observation, Express Their Opinion Critique Category: None Response Category: Solutions/Interventions Perception Type: None Racist: No Reasoning: The comment describes an individual's actions to help the homeless by making blankets and care baskets, setting up a GoFundMe pag"
news,33,C,0,0,"Comment Type: Provide a Fact or Claim, Express Others' Opinions Critique Category: None Response Category: None Perception Type: None Racist: No Reasoning: The text provides a factual statement about a fire and its impact on homelessness but does not ask a question, express an opinion, critique any "
news,34,C,0,0,"Comment Type: Provide a Fact or Claim, Express Others' Opinions Critique Category: None Response Category: Solutions/Interventions Perception Type: None Racist: No Reasoning: The comment provides a factual statement about an organization giving blankets to the homeless and expresses an opinion about"
news,35,C,0,1,"Comment Type: Provide a Fact or Claim, Express Others' Opinions Critique Category: Government Critique Response Category: Solutions/Interventions Perception Type: Not in my Backyard Racist: No Reasoning: The comment provides a factual statement about a legal case involving a monument and homelessnes"
news,36,C,0,1,"Comment Type: Provide a Fact or Claim, Express Others' Opinions Critique Category: Government Critique, Societal Critique Response Category: Solutions/Interventions Perception Type: Harmful Generalization, Not in my Backyard Racist: No Reasoning: The comment provides a factual claim about the city's"
news,37,C,0,1,"Comment Type: Provide a Fact or Claim, Express Others' Opinions Critique Category: Government Critique, Societal Critique Response Category: Solutions/Interventions Perception Type: Not in my Backyard Racist: No Reasoning: The comment provides a factual statement about the percentage of renter house"
news,38,C,0,1,"Comment Type: Provide a Fact or Claim, Express Others' Opinions, Money Aid Allocation, Government Critique Critique Category: Money Aid Allocation, Government Critique Response Category: Solutions/Interventions Perception Type: Not in my Backyard Racist: No Reasoning: The comment provides a factual "
news,39,C,0,0,"Comment Type: Provide a Fact or Claim, Express Their Opinion Critique Category: None Response Category: None Perception Type: Harmful Generalization Racist: No Reasoning: The comment provides a factual claim about the reasons for homelessness but also includes harmful generalizations about individua"
news,40,C,0,1,"Comment Type: Ask a Rhetorical Question, Provide a Fact or Claim, Express Others' Opinions Critique Category: Not Applicable Response Category: Not Applicable Perception Type: Media Portrayal, Not in my Backyard Racist: No Reasoning: The comment asks a rhetorical question about housing affordability"
news,41,C,0,0,"Comment Type: Provide an Observation Critique Category: None Response Category: None Perception Type: None Racist: No Reasoning: The text provides an observation about a student and her sister who are part of a program at a specific organization. There are no questions, claims, solutions, critiques,"
news,42,C,0,1,"Comment Type: Provide a Fact or Claim, Express Their Opinion Critique Category: Government Critique Response Category: Solutions/Interventions Perception Type: Not in my Backyard Racist: No Reasoning: The comment provides a factual statement about the city's plans for affordable housing and expresse"
news,43,C,0,0,"Comment Type: Provide a Fact or Claim, Express Others' Opinions Critique Category: Not applicable Response Category: Solutions/Interventions Perception Type: Not applicable Racist: No Reasoning: The comment provides a factual statement about a resource guide being developed for the newly homeless an"
news,44,C,0,0,"Comment Type: Provide an Observation, Express Their Opinion Critique Category: None Response Category: Solutions/Interventions Perception Type: None Racist: No Reasoning: The comment describes an observation of a charitable action by an individual and expresses an opinion about the frequency and con"
news,45,C,0,0,"Comment Type: Provide a Fact or Claim, Express Others' Opinions Critique Category: None Response Category: Solutions/Interventions Perception Type: None Racist: No Reasoning: The comment provides a factual statement about a campaign dedicated to ending veteran homelessness and expresses the opinion "
news,46,C,0,1,"Comment Type: Provide a Fact or Claim, Ask a Rhetorical Question Critique Category: Money Aid Allocation Response Category: Solutions/Interventions Perception Type: Not in my Backyard Racist: No Reasoning: The comment provides a factual statement about the impact of COVID-19 on the homelessness coun"
news,47,C,0,1,"Comment Type: Provide a Fact or Claim, Express Others' Opinions Critique Category: Government Critique, Money Aid Allocation Response Category: Solutions/Interventions Perception Type: Not in my Backyard Racist: No Reasoning: The comment provides factual information about government measures and hou"
news,48,C,0,0,"Comment Type: Provide an Observation, Express Their Opinion Critique Category: None Response Category: None Perception Type: Personal Interaction, Harmful Generalization Racist: No Reasoning: The comment provides an observation about the living conditions of the alleged ringleader and expresses an o"
news,49,C,0,0,"Comment Type: Provide an Observation, Express Others' Opinions Critique Category: No Response Category: No Perception Type: Media Portrayal Racist: No Reasoning: The comment observes the portrayal of homelessness and diversity in media through the lens of Muppets, which is an observation. It also ex"
news,50,C,0,0,"Comment Type: Provide a Fact or Claim, Express Their Opinion Critique Category: None Response Category: Solutions/Interventions Perception Type: None Racist: No Reasoning: The comment provides a factual statement about an initiative to improve services for the homeless and expresses a positive opini"
news,51,C,0,0,"Comment Type: Provide a Fact or Claim, Express Others' Opinions Critique Category: Not applicable Response Category: Not applicable Perception Type: Not applicable Racist: No Reasoning: The comment provides a factual statement about the number of homeless people and expresses an opinion about the si"
news,52,C,0,0,"Comment Type: Provide an Observation, Express Their Opinion Critique Category: None Response Category: Solutions/Interventions Perception Type: None Racist: No Reasoning: The comment is an observation and opinion about an initiative to improve services for the homeless, but it does not provide a spe"
news,53,C,0,0,"Comment Type: Provide a Fact or Claim, Express Their Opinion Critique Category: None Response Category: None Perception Type: Media Portrayal Racist: No Reasoning: The comment provides a factual statement about an award and expresses an opinion about the increase in homelessness. There is no indicat"
news,54,C,0,0,"Comment Type: Provide a Fact or Claim, Express Their Opinion Critique Category: None Response Category: Solutions/Interventions Perception Type: None Racist: No Reasoning: The comment provides a factual statement about the establishment of local continuums of care and the role of a full-time coordin"
news,55,C,0,0,"Comment Type: Provide a Fact or Claim, Express Their Opinion Critique Category: None Response Category: Solutions/Interventions Perception Type: None Racist: No Reasoning: The comment expresses an opinion about a step towards resolving homelessness and implies that more action is needed, but does no"
news,56,C,0,1,"Comment Type: Provide a Fact or Claim, Express Their Opinion Critique Category: Government Critique, Money Aid Allocation Response Category: Solutions/Interventions Perception Type: Not in my Backyard Racist: No Reasoning: The comment provides a factual statement about the organization's efforts to "
news,57,C,0,0,"Comment Type: Provide an Observation, Express Others' Opinions Critique Category: None Response Category: None Perception Type: Media Portrayal Racist: No Reasoning: The comment provides an observation about a book that describes the journey of a homeless woman. It does not explicitly or implicitly "
news,58,C,0,1,"Comment Type: Provide a Fact or Claim, Express Others' Opinions Critique Category: Government Critique Response Category: Not applicable Perception Type: Not in my Backyard, Harmful Generalization Racist: No Reasoning: The comment provides a factual claim about a fine being imposed on homeless peopl"
news,59,C,0,0,"Comment Type: Provide a Fact or Claim, Provide an Observation Critique Category: None Response Category: None Perception Type: None Racist: No Reasoning: The comment provides a factual statement about the impact of cold weather and shelter closures on homelessness, along with an observation based on"
news,60,C,0,0,"Comment Type: Provide a Fact or Claim, Express Their Opinion Critique Category: Government Critique Response Category: Solutions/Interventions Perception Type: Personal Interaction Racist: No Reasoning: The comment provides a factual claim about the impact of the pandemic on veterans facing homeless"
news,61,C,0,1,"Comment Type: Provide a Fact or Claim, Express Others' Opinions Critique Category: Government Critique, Societal Critique Response Category: Solutions/Interventions Perception Type: Not in my Backyard Racist: No Reasoning: The comment provides a factual statement about the number of homeless veteran"
news,62,C,0,0,"Comment Type: Provide a Fact or Claim, Solutions/Interventions Critique Category: Money Aid Allocation Response Category: Solutions/Interventions Perception Type: Not applicable Racist: No Reasoning: The comment provides a factual statement about a loan for affordable housing and discusses a solutio"
news,63,C,0,0,"Comment Type: Provide an Observation, Express Others' Opinions Critique Category: Not applicable Response Category: Not applicable Perception Type: Harmful Generalization Racist: No Reasoning: The comment provides an observation about a specific issue related to homelessness and expresses the opinio"
news,64,C,0,0,"Comment Type: Provide a Fact or Claim, Provide an Observation, Express Others' Opinions Critique Category: None Response Category: Solutions/Interventions Perception Type: None Racist: No Reasoning: The comment provides a factual statement about a charitable organization's activities and encourages "
news,65,C,0,0,"Comment Type: Provide a Fact or Claim, Express Others' Opinions Critique Category: Not applicable Response Category: Solutions/Interventions Perception Type: Not applicable Racist: No Reasoning: The comment provides a factual statement about a new housing option for certain groups facing homelessnes"
news,66,C,0,0,"Comment Type: Provide a Fact or Claim, Provide an Observation Critique Category: None Response Category: None Perception Type: None Racist: No Reasoning: The text provides factual information about the number of homeless encampment fires and does not engage in any form of critique, response, or expr"
news,67,C,0,0,"Comment Type: Provide an Observation, Express Others' Opinions Critique Category: Not applicable Response Category: Solutions/Interventions Perception Type: Not applicable Racist: No Reasoning: The comment provides an observation about a development that will offer housing options and expresses the "
news,68,C,0,1,"Comment Type: Provide a Fact or Claim, Express Others' Opinions Critique Category: Not Applicable Response Category: Not Applicable Perception Type: Not in my Backyard, Harmful Generalization Racist: No Reasoning: The comment provides a factual claim about a violent homeless encampment and expresses"
news,69,C,0,0,"Comment Type: Provide a Fact or Claim, Express Others' Opinions Critique Category: Money Aid Allocation, Government Critique Response Category: Solutions/Interventions Perception Type: None Racist: No Reasoning: The comment provides a factual statement about housing and financial issues, expresses t"
news,70,C,0,0,"Comment Type: Provide a Fact or Claim, Express Others' Opinions Critique Category: Not Applicable Response Category: Not Applicable Perception Type: Not Applicable Racist: No Reasoning: The text mentions various unrelated topics such as a blood-drawing controversy, caucuses, homelessness, counterfei"
news,71,C,0,1,"Comment Type: Provide a Fact or Claim, Express Their Opinion Critique Category: Money Aid Allocation, Government Critique Response Category: Solutions/Interventions Perception Type: Not in my Backyard Racist: No Reasoning: The comment provides a factual claim about a legislative initiative and expre"
news,72,C,0,0,"Comment Type: Provide an Observation, Express Their Opinion Critique Category: None Response Category: Solutions/Interventions Perception Type: Personal Interaction Racist: No Reasoning: The comment provides an observation about a homeless book club and expresses a positive opinion about its impact."
news,73,C,0,1,"Comment Type: Provide a Fact or Claim, Express Their Opinion Critique Category: Money Aid Allocation Response Category: Solutions/Interventions Perception Type: Not in my Backyard Racist: No Reasoning: The comment provides a factual statement about the lack of affordable housing units and expresses "
news,74,C,0,1,"Comment Type: Provide a Fact or Claim, Ask a Rhetorical Question Critique Category: Money Aid Allocation Response Category: Solutions/Interventions Perception Type: Not in my Backyard Racist: No Reasoning: The comment provides a factual statement about funding for a project to construct additional h"
news,75,C,0,0,"Comment Type: Provide a Fact or Claim, Express Others' Opinions Critique Category: None Response Category: None Perception Type: None Racist: No Reasoning: The comment provides a factual statement about the investment made by [ORGANIZATION] in the community and expresses the opinions of [ORGANIZATIO"
news,76,C,0,0,"Comment Type: Provide an Observation, Express Their Opinion Critique Category: None Response Category: None Perception Type: Media Portrayal Racist: No Reasoning: The comment provides an observation about a tragic event and expresses an opinion about the individual's actions. It does not discuss any"
news,77,C,0,1,"Comment Type: Provide a Fact or Claim, Express Their Opinion Critique Category: Government Critique Response Category: Solutions/Interventions Perception Type: Not in my Backyard Racist: No Reasoning: The comment appears to be a reference to a veto message, which likely contains a fact or claim abou"
news,78,C,0,0,"Comment Type: Provide an Observation, Express Others' Opinions Critique Category: Not applicable Response Category: Solutions/Interventions Perception Type: Not applicable Racist: No Reasoning: The comment provides an observation about a community program fostering a sense of community among the hom"
news,79,C,0,1,"Comment Type: Provide a Fact or Claim, Express Others' Opinions Critique Category: Money Aid Allocation Response Category: Solutions/Interventions Perception Type: Not in my Backyard Racist: No Reasoning: The comment provides a factual statement about the number of homeless prevention efforts and ex"
news,80,C,0,0,"Comment Type: Provide a Fact or Claim, Express Their Opinion Critique Category: Not applicable Response Category: Solutions/Interventions Perception Type: Media Portrayal Racist: No Reasoning: The comment provides a factual statement about a charitable display and expresses an opinion about the need"
news,81,C,0,0,"Comment Type: Provide a Fact or Claim, Provide an Observation Critique Category: Money Aid Allocation Response Category: Solutions/Interventions Perception Type: None Racist: No Reasoning: The comment provides a factual statement about funding allocations for various city programs, including those r"
news,82,C,0,0,"Comment Type: Express Their Opinion, Provide an Observation Critique Category: Not Applicable Response Category: Not Applicable Perception Type: Deserving/Undeserving Racist: No Reasoning: The comment expresses an opinion about caring for homelessness and observes a personal experience. It implies t"
news,83,C,0,1,"Comment Type: Provide a Fact or Claim, Express Others' Opinions Critique Category: Money Aid Allocation Response Category: Solutions/Interventions Perception Type: Not in my Backyard Racist: No Reasoning: The comment provides a factual statement about transitional housing programs and expresses an o"
news,84,C,0,0,"Comment Type: Provide a Fact or Claim, Express Others' Opinions Critique Category: Not applicable Response Category: Solutions/Interventions Perception Type: Not applicable Racist: No Reasoning: The comment provides a factual statement about an organization's services and their focus on home ownersh"
news,85,C,0,1,"Comment Type: Provide a Fact or Claim, Critique Category: Money Aid Allocation, Response Category: Solutions/Interventions, Perception Type: Not in my Backyard, Racist: No Reasoning: The comment provides a factual statement about a bill that allows local agencies to redirect property tax revenue for"
news,86,C,0,1,"Comment Type: Provide a Fact or Claim, Express Others' Opinions Critique Category: Government Critique Response Category: Solutions/Interventions Perception Type: Not in my Backyard Racist: No Reasoning: The comment provides a factual statement about the organization's priorities and expresses the o"
news,87,C,0,0,"Comment Type: Ask a Rhetorical Question, Provide a Fact or Claim Critique Category: Government Critique Response Category: Solutions/Interventions Perception Type: None Racist: No Reasoning: The comment appears to be a headline or summary of a veto message, which likely contains a rhetorical questio"
news,88,C,0,1,"Comment Type: Provide a Fact or Claim, Ask a Rhetorical Question Critique Category: Money Aid Allocation Response Category: Solutions/Interventions Perception Type: Not in my Backyard Racist: No Reasoning: The comment provides a factual statement about affordable housing and asks a rhetorical questi"
news,89,C,0,0,"Comment Type: Provide a Fact or Claim, Express Others' Opinions Critique Category: Not Applicable Response Category: Not Applicable Perception Type: Harmful Generalization Racist: Yes Reasoning: The comment provides a fact about antisocial behaviors and mentions comparing the results based on race, "
news,90,C,0,0,"Comment Type: Provide a Fact or Claim, Express Others' Opinions Critique Category: None Response Category: Solutions/Interventions Perception Type: None Racist: No Reasoning: The comment provides a factual statement about the number of homeless prevention cases handled by United Neighborhood Centers"
news,91,C,0,0,"Comment Type: Provide an Observation, Express Others' Opinions Critique Category: None Response Category: None Perception Type: Harmful Generalization, Deserving/Undeserving Racist: No Reasoning: The comment observes a lack of attention to menstrual care needs among homeless women and expresses the "
news,92,C,0,0,"Comment Type: Provide an Observation, Express Their Opinion Critique Category: None Response Category: Solutions/Interventions Perception Type: Deserving/Undeserving Racist: No Reasoning: The comment provides an observation about mothers giving wish lists for their children and expresses an opinion "
news,93,C,0,1,"Comment Type: Provide a Fact or Claim, Express Their Opinion Critique Category: Government Critique Response Category: Solutions/Interventions Perception Type: Not in my Backyard Racist: No Reasoning: The comment provides a factual statement about the number of students qualifying as homeless and ex"
news,94,C,0,1,"Comment Type: Provide a Fact or Claim, Government Critique Critique Category: Government Critique Response Category: Solutions/Interventions Perception Type: Not in my Backyard Racist: No Reasoning: The comment provides a factual statement about a policy change and criticizes the government's approa"
news,95,C,0,1,"Comment Type: Provide a Fact or Claim, Express Others' Opinions Critique Category: Government Critique Response Category: Solutions/Interventions Perception Type: Not in my Backyard Racist: No Reasoning: The comment provides a factual statement about property taxation assessments and affordable hous"
news,96,C,0,0,"Comment Type: Provide an Observation, Express Their Opinion Critique Category: None Response Category: None Perception Type: Personal Interaction Racist: No Reasoning: The comment describes a personal interaction with homeless individuals and expresses a positive opinion about the experience. There "
news,97,C,0,0,"Comment Type: Provide a Fact or Claim Critique Category: None Response Category: None Perception Type: None Racist: No Reasoning: The text appears to be a statistical analysis of a study, providing facts about the relationship between certain genetic markers and the risk of depressed mood, as well a"
news,98,C,0,0,"Comment Type: Provide a Fact or Claim, Express Their Opinion Critique Category: None Response Category: Solutions/Interventions Perception Type: Personal Interaction Racist: No Reasoning: The comment provides a factual statement about the services offered by [ORGANIZATION] and expresses a positive o"
news,99,C,0,0,"Comment Type: Provide a Fact or Claim, Express Their Opinion Critique Category: No Response Category: Solutions/Interventions Perception Type: No Racist: No Reasoning: The comment provides a factual statement about the actions of [PERSON] and their impact on homelessness and HIV/AIDS. It also expres"
news,100,C,0,1,"Comment Type: Provide a Fact or Claim, Express Others' Opinions Critique Category: Money Aid Allocation Response Category: Solutions/Interventions Perception Type: Not in my Backyard Racist: No Reasoning: The comment provides a factual statement about an organization meeting emergency needs and shel"
news,101,C,0,0,"Comment Type: Provide an Observation, Express Their Opinion Critique Category: No Response Category: Solutions/Interventions Perception Type: Personal Interaction, Media Portrayal Racist: No Reasoning: The comment provides an observation about the emotional response to homelessness and expresses an "
news,102,C,0,0,"Comment Type: Provide a Fact or Claim, Express Others' Opinions Critique Category: None Response Category: Solutions/Interventions Perception Type: None Racist: No Reasoning: The comment provides facts about data collection for patient outcomes and expresses opinions from various commenters. It does"
news,103,C,0,0,"Comment Type: Provide a Fact or Claim, Express Others' Opinions Critique Category: Government Critique Response Category: Solutions/Interventions Perception Type: None Racist: No Reasoning: The comment provides a factual statement about the governor's stance on affordable housing and expresses the o"
news,104,C,0,1,"Comment Type: Provide a Fact or Claim, Express Their Opinion Critique Category: Government Critique Response Category: Solutions/Interventions Perception Type: Not in my Backyard Racist: No Reasoning: The comment provides a factual claim about the mental health system and expresses an opinion about "
news,105,C,0,0,"Comment Type: Provide a Fact or Claim, Express Others' Opinions Critique Category: Money Aid Allocation Response Category: Solutions/Interventions Perception Type: None Racist: No Reasoning: The comment provides a factual comparison of homelessness numbers between two organizations and expresses an "
news,106,C,0,0,"Comment Type: Provide a Fact or Claim, Express Their Opinion Critique Category: None Response Category: None Perception Type: None Racist: No Reasoning: The text ""Total homeless population"" is a factual statement providing information about homelessness. It does not ask a question, express an opinio"
news,107,C,0,1,"Comment Type: Provide a Fact or Claim, Express Others' Opinions Critique Category: Money Aid Allocation Response Category: Solutions/Interventions Perception Type: Not in my Backyard Racist: No Reasoning: The comment provides a factual statement about the event and its purpose, which can be seen as "
news,108,C,0,1,"Comment Type: Provide an Observation, Express Others' Opinions Critique Category: Not Applicable Response Category: Solutions/Interventions Perception Type: Not in my Backyard Racist: No Reasoning: The comment provides an observation about homeless families living in vehicles in a quiet neighborhood"
news,109,C,0,1,"Comment Type: Provide a Fact or Claim, Express Their Opinion Critique Category: Solutions/Interventions Response Category: Solutions/Interventions Perception Type: Not in my Backyard Racist: No Reasoning: The comment provides a factual statement about a nonprofit's transitional housing program and e"
news,110,C,0,1,"Comment Type: Express Others' Opinions, Harmful Generalization Critique Category: Not applicable Response Category: Not applicable Perception Type: Not in my Backyard, Harmful Generalization Racist: No Reasoning: The comment expresses a negative perception of homelessness, associating it with danger"
news,111,C,0,0,Comment Type: Provide a Fact or Claim Critique Category: None Response Category: None Perception Type: None Racist: No Reasoning: The text is presenting a factual claim about the effects of childhood housing insecurity and prenatal air pollution exposure on adolescent depression and hippocampal stru
news,112,C,0,0,"Comment Type: Provide a Fact or Claim, Provide an Observation Critique Category: Money Aid Allocation Response Category: Solutions/Interventions Perception Type: Not applicable Racist: No Reasoning: The comment provides a factual statement about government spending priorities and does not contain an"
news,113,C,0,0,"Comment Type: Ask a Genuine Question, Provide an Observation Critique Category: None Response Category: None Perception Type: Media Portrayal Racist: No Reasoning: The comment is a genuine question asking about someone's reliance on a food organization, which could be a soup kitchen or a food pantry"
news,114,C,0,0,"Comment Type: Provide an Observation, Express Others' Opinions Critique Category: Not applicable Response Category: Not applicable Perception Type: Media Portrayal Racist: No Reasoning: The comment provides an observation about homelessness and references the media portrayal of homelessness without "
news,115,C,0,1,"Comment Type: Provide a Fact or Claim, Express Others' Opinions Critique Category: Money Aid Allocation, Government Critique Response Category: Solutions/Interventions Perception Type: Not in my Backyard Racist: No Reasoning: The comment provides a factual statement about government actions and vote"
news,116,C,0,1,"Comment Type: Provide a Fact or Claim, Critique Category: Money Aid Allocation, Response Category: Solutions/Interventions, Perception Type: Not in my Backyard, Racist: No Reasoning: The comment provides a factual statement about the loss of federal funding for nonprofits helping homeless veterans, "
news,117,C,0,1,"Comment Type: Provide a Fact or Claim, Express Their Opinion Critique Category: Government Critique Response Category: Solutions/Interventions Perception Type: Not in my Backyard Racist: No Reasoning: The comment provides a factual statement about a new approach to addressing homelessness and behavi"
news,118,C,0,1,"Comment Type: Provide a Fact or Claim, Express Their Opinion Critique Category: Government Critique Response Category: Solutions/Interventions Perception Type: Not in my Backyard Racist: No Reasoning: The comment provides a factual claim about the lack of state strategy and expresses an opinion that"
news,119,C,0,1,"Comment Type: Provide a Fact or Claim, Express Others' Opinions Critique Category: Money Aid Allocation, Government Critique Response Category: Solutions/Interventions Perception Type: Not in my Backyard Racist: No Reasoning: The comment provides a factual statement about the current lack of activit"
news,120,C,0,0,"Comment Type: Provide an Observation Critique Category: No Response Category: No Perception Type: No Racist: No Reasoning: The text appears to be a formal statement or notification regarding services provided to an individual by an organization. It does not contain any questions, facts, opinions, or"
news,121,C,0,0,"Comment Type: Provide a Fact or Claim, Express Others' Opinions Critique Category: Not applicable Response Category: Solutions/Interventions Perception Type: Not applicable Racist: No Reasoning: The comment provides a factual statement about the opening of emergency shelters and expresses the opinio"
news,122,C,0,0,"Comment Type: Provide a Fact or Claim, Express Others' Opinions Critique Category: None Response Category: Solutions/Interventions Perception Type: None Racist: No Reasoning: The comment provides a factual statement about services being provided to a person and expresses the opinion of an organizati"
news,123,C,0,0,"Comment Type: Provide a Fact or Claim, Express Others' Opinions Critique Category: None Response Category: Solutions/Interventions Perception Type: None Racist: No Reasoning: The text appears to be a formal title or position statement from a chief executive of an organization, likely related to serv"
news,124,C,0,0,"Comment Type: Provide a Fact or Claim, Express Others' Opinions Critique Category: None Response Category: Solutions/Interventions Perception Type: None Racist: No Reasoning: The comment provides a factual statement about services for a specific organization and expresses the opinions of others abou"
news,125,C,0,0,"Comment Type: Provide a Fact or Claim, Express Their Opinion Critique Category: None Response Category: Solutions/Interventions Perception Type: None Racist: No Reasoning: The comment provides a factual claim about helping the needy according to a religious text and expresses an opinion about how ai"
news,126,C,0,0,"Comment Type: Provide an Observation, Express Their Opinion Critique Category: None Response Category: None Perception Type: Personal Interaction Racist: No Reasoning: The comment provides an observation about a person's desire for a street to live on, which is a personal interaction. It does not cr"
news,127,C,0,0,Comment Type: [Provide an Observation] Critique Category: [None] Response Category: [None] Perception Type: [None] Racist: [No] Reasoning: The text appears to be a list of organizations and individuals providing services to various communities and individuals. It does not contain any specific questi
news,128,C,0,1,"Comment Type: Provide a Fact or Claim, Express Others' Opinions Critique Category: Government Critique Response Category: Solutions/Interventions Perception Type: Not in my Backyard Racist: No Reasoning: The comment provides a factual statement about the progress of an ordinance and expresses an opi"
news,129,C,0,0,"Comment Type: Provide a Fact or Claim, Express Others' Opinions Critique Category: None Response Category: Solutions/Interventions Perception Type: Media Portrayal Racist: No Reasoning: The comment provides a factual claim about a van supporting the homeless population and expresses a positive opini"
news,130,C,0,0,"Comment Type: Provide an Observation, Express Others' Opinions Critique Category: None Response Category: None Perception Type: Media Portrayal Racist: No Reasoning: The text appears to be a formal recognition or award statement for services provided by an organization to individuals and the communi"
news,131,C,0,1,"Comment Type: Provide a Fact or Claim, Express Their Opinion Critique Category: Government Critique, Societal Critique Response Category: Solutions/Interventions Perception Type: Harmful Generalization, Not in my Backyard Racist: No Reasoning: The comment provides a factual claim about a police raid"
news,132,C,0,0,"Comment Type: Provide a Fact or Claim, Express Others' Opinions Critique Category: None Response Category: Solutions/Interventions Perception Type: None Racist: No Reasoning: The comment provides a factual statement about services being provided to a person and expresses the opinion of an organizati"
news,133,C,0,0,"Comment Type: Provide an Observation, Express Others' Opinions Critique Category: None Response Category: Solutions/Interventions Perception Type: None Racist: No Reasoning: The text appears to be a list of names and affiliations related to various organizations and services. It does not contain any"
news,134,C,0,0,"Comment Type: Provide a Fact or Claim, Express Others' Opinions Critique Category: None Response Category: Solutions/Interventions Perception Type: None Racist: No Reasoning: The comment provides a factual statement about the increase in the number of homeless people being served by an organization "
news,135,C,0,1,"Comment Type: Provide a Fact or Claim, Express Others' Opinions Critique Category: Government Critique Response Category: Solutions/Interventions Perception Type: Not in my Backyard Racist: No Reasoning: The comment provides a factual statement about the draft ordinance being developed by [PERSON] s"
news,136,C,0,0,"Comment Type: Provide an Observation, Express Their Opinion Critique Category: None Response Category: Solutions/Interventions Perception Type: None Racist: No Reasoning: The comment provides an observation about the organization's mission and expresses an opinion about their actions towards helping"
news,137,C,0,0,"Comment Type: Provide an Observation, Express Their Opinion Critique Category: None Response Category: None Perception Type: Media Portrayal Racist: No Reasoning: The comment provides an observation about a person's lack of support during a celebration and expresses an opinion about the situation. I"
news,138,C,0,1,"Comment Type: Provide a Fact or Claim, Provide an Observation Critique Category: Money Aid Allocation Response Category: Solutions/Interventions Perception Type: Not in my Backyard Racist: No Reasoning: The comment provides a factual statement about a fundraising event and the amount raised, which i"
news,139,C,0,1,"Comment Type: Provide an Observation, Express Their Opinion Critique Category: Government Critique Response Category: Solutions/Interventions Perception Type: Not in my Backyard Racist: No Reasoning: The comment observes and expresses an opinion about services provided by an organization to a commun"
news,140,C,0,0,"Comment Type: Provide a Fact or Claim, Ask a Rhetorical Question Critique Category: None Response Category: Solutions/Interventions Perception Type: None Racist: No Reasoning: The comment provides a factual statement about donations and volunteering during a specific event and location. It also impl"
news,141,C,0,0,"Comment Type: Provide a Fact or Claim, Express Their Opinion Critique Category: None Response Category: Solutions/Interventions Perception Type: None Racist: No Reasoning: The comment provides a factual statement about the increased need for religious charity after an eviction and expresses an opini"
news,142,C,0,1,"Comment Type: Provide a Fact or Claim, Express Others' Opinions Critique Category: Money Aid Allocation Response Category: Solutions/Interventions Perception Type: Not in my Backyard Racist: No Reasoning: The comment provides a factual statement about services for an organization and expresses the o"
news,143,C,0,0,"Comment Type: Provide a Fact or Claim, Express Their Opinion Critique Category: None Response Category: Solutions/Interventions Perception Type: None Racist: No Reasoning: The comment provides a factual statement about women veterans facing homelessness, unemployment, and lack of healthcare. It also"
news,144,C,0,1,"Comment Type: Provide an Observation, Express Others' Opinions Critique Category: Not applicable Response Category: Not applicable Perception Type: Not in my Backyard Racist: No Reasoning: The comment appears to be an observation about services provided to a specific person and the community, and it"
news,145,C,0,0,"Comment Type: Provide an Observation, Express Others' Opinions Critique Category: None Response Category: Solutions/Interventions Perception Type: None Racist: No Reasoning: The comment provides an observation about the services provided to homeless individuals and mentions a person who was homeless"
news,146,C,0,0,Comment Type: None Critique Category: None Response Category: None Perception Type: None Racist: No Reasoning: The text provided does not contain any specific content related to homelessness or the criteria provided. It appears to be a list of organizations and individuals providing various services
news,147,C,0,0,"Comment Type: Provide an Observation, Express Others' Opinions Critique Category: None Response Category: None Perception Type: Media Portrayal Racist: No Reasoning: The comment provides an observation about services being provided to a specific organization and mentions individuals by name and orga"
news,148,C,0,1,"Comment Type: Provide a Fact or Claim, Express Others' Opinions Critique Category: Money Aid Allocation Response Category: Solutions/Interventions Perception Type: Not in my Backyard Racist: No Reasoning: The comment provides a factual statement about an organization's inability to manage resources "
news,149,C,0,0,"Comment Type: Provide an Observation, Express Others' Opinions Critique Category: None Response Category: Solutions/Interventions Perception Type: None Racist: No Reasoning: The text appears to be a formal statement about services provided to an individual by an organization, which can be seen as an"
news,150,C,0,0,"Comment Type: [] Critique Category: [] Response Category: [] Perception Type: [] Racist: No Reasoning: The text provided does not contain any specific content related to homelessness, nor does it discuss any of the categories provided. It appears to be a list of names and organizations, likely relat"
news,151,C,0,1,"Comment Type: Provide a Fact or Claim, Express Others' Opinions Critique Category: Government Critique Response Category: Solutions/Interventions Perception Type: Not in my Backyard Racist: No Reasoning: The comment provides a factual statement about voting restrictions and mentions a homeless indiv"
news,152,C,0,1,"Comment Type: Provide a Fact or Claim, Express Others' Opinions Critique Category: Government Critique Response Category: Solutions/Interventions Perception Type: Not in my Backyard Racist: No Reasoning: The comment provides a factual statement about a lawsuit being filed and a court order requiring"
news,153,C,0,1,"Comment Type: Provide a Fact or Claim, Express Others' Opinions Critique Category: Government Critique Response Category: Solutions/Interventions Perception Type: Not in my Backyard Racist: No Reasoning: The comment provides a factual statement about the opposition to a policy and expresses the opin"
news,154,C,0,1,"Comment Type: Provide a Fact or Claim, Express Their Opinion Critique Category: Money Aid Allocation, Government Critique Response Category: Solutions/Interventions Perception Type: Not in my Backyard Racist: No Reasoning: The comment provides a factual statement about the city's response to the pub"
news,155,C,0,0,"Comment Type: Ask a Rhetorical Question, Provide a Fact or Claim, Express Others' Opinions Critique Category: Government Critique, Societal Critique Response Category: Not Applicable Perception Type: Harmful Generalization Racist: No Reasoning: The comment uses a rhetorical question and provides a f"
news,156,C,0,0,"Comment Type: Provide a Fact or Claim, Ask a Rhetorical Question Critique Category: Money Aid Allocation Response Category: Solutions/Interventions Perception Type: None Racist: No Reasoning: The comment provides a factual statement about the mayor and council members traveling to lobby for city ini"
news,157,C,0,0,"Comment Type: Provide a Fact or Claim, Express Their Opinion Critique Category: Not applicable Response Category: Not applicable Perception Type: Deserving/Undeserving Racist: No Reasoning: The comment provides a factual claim about a homeless individual not paying taxes and expresses an opinion tha"
news,158,C,0,0,"Comment Type: Provide a Fact or Claim Critique Category: No Response Category: No Perception Type: No Racist: No Reasoning: The text provides factual information about a company's operations, products, and global presence. It does not ask a question, express an opinion, critique any aspect, discuss "
news,159,C,0,1,"Comment Type: Provide a Fact or Claim, Express Others' Opinions Critique Category: Government Critique Response Category: Solutions/Interventions Perception Type: Not in my Backyard Racist: No Reasoning: The comment provides a factual statement about the city's decision to use hotel rooms instead of"
news,160,C,0,0,"Comment Type: Provide a Fact or Claim, Express Others' Opinions Critique Category: Not applicable Response Category: Not applicable Perception Type: Not applicable Racist: No Reasoning: The comment provides a factual comparison between housing statuses but does not ask a question, express an opinion"
news,161,C,0,1,"Comment Type: Provide a Fact or Claim, Express Their Opinion Critique Category: Government Critique Response Category: Solutions/Interventions Perception Type: Not in my Backyard Racist: No Reasoning: The comment provides a factual statement about the city's decision to clear homeless camps and expr"
news,162,C,0,1,"Comment Type: Provide a Fact or Claim, Express Others' Opinions Critique Category: Government Critique Response Category: Solutions/Interventions Perception Type: Not in my Backyard Racist: No Reasoning: The comment provides a factual statement about a vote on an anti-homelessness program and expres"
news,163,C,0,1,"Comment Type: Provide a Fact or Claim, Express Their Opinion Critique Category: Solutions/Interventions Response Category: Solutions/Interventions Perception Type: Not in my Backyard Racist: No Reasoning: The comment provides a factual claim about a program aimed at addressing homelessness and menti"
news,164,C,0,0,"Comment Type: Provide a Fact or Claim, Express Others' Opinions Critique Category: None Response Category: None Perception Type: None Racist: No Reasoning: The comment provides a factual statement about the housing shortage and mentions a subset of the homeless population. It does not express person"
news,165,C,0,1,"Comment Type: Provide a Fact or Claim, Express Others' Opinions Critique Category: Government Critique, Money Aid Allocation Response Category: Solutions/Interventions Perception Type: Not in my Backyard Racist: No Reasoning: The comment provides a factual statement about a settlement and its terms,"
news,166,C,0,0,"Comment Type: Provide an Observation, Express Others' Opinions Critique Category: Not applicable Response Category: Not applicable Perception Type: Media Portrayal Racist: No Reasoning: The comment provides an observation about homelessness in a small town and references a media portrayal of the sit"
news,167,C,0,1,"Comment Type: Provide a Fact or Claim, Express Others' Opinions Critique Category: Government Critique, Money Aid Allocation Response Category: Solutions/Interventions Perception Type: Not in my Backyard Racist: No Reasoning: The comment provides a factual statement about a redevelopment project and"
news,168,C,0,0,"Comment Type: Provide a Fact or Claim, Express Their Opinion Critique Category: Government Critique, Societal Critique Response Category: Solutions/Interventions Perception Type: None Racist: No Reasoning: The comment provides a claim about the best approach to solve homelessness and expresses an op"
news,169,C,0,0,"Comment Type: Provide a Fact or Claim, Express Others' Opinions Critique Category: Not Applicable Response Category: Not Applicable Perception Type: Not Applicable Racist: No Reasoning: The comment provides a factual statement about an upcoming conference and expresses an opinion about the potential"
news,170,C,0,1,"Comment Type: Provide a Fact or Claim, Express Their Opinion Critique Category: Solutions/Interventions Response Category: Solutions/Interventions Perception Type: Not in my Backyard Racist: No Reasoning: The comment provides a factual statement about an organization's plan to offer free internet an"
news,171,C,0,1,"Comment Type: Provide a Fact or Claim, Provide an Observation Critique Category: Money Aid Allocation Response Category: Solutions/Interventions Perception Type: Not in my Backyard Racist: No Reasoning: The comment provides a factual observation about the condition of bridges and mentions an afforda"
news,172,C,0,0,"Comment Type: Provide a Fact or Claim, Express Their Opinion Critique Category: Not applicable Response Category: Solutions/Interventions Perception Type: Not applicable Racist: No Reasoning: The comment provides a factual claim about neighborhoods not allowing apartments and expresses an opinion ab"
news,173,C,0,1,"Comment Type: Provide a Fact or Claim, Express Their Opinion Critique Category: Government Critique Response Category: Solutions/Interventions Perception Type: Not in my Backyard Racist: No Reasoning: The comment provides a factual claim about the city's housing policies and affordability, expresses"
news,174,C,0,0,"Comment Type: Provide a Fact or Claim, Money Aid Allocation Critique Category: Money Aid Allocation Response Category: Solutions/Interventions Perception Type: Not applicable Racist: No Reasoning: The comment provides a factual statement about the allocation of funds for affordable housing and menti"
news,175,C,0,1,"Comment Type: Provide a Fact or Claim, Express Their Opinion, Provide an Observation Critique Category: Government Critique Response Category: Solutions/Interventions Perception Type: Not in my Backyard Racist: No Reasoning: The comment provides a factual statement about the district attorney's stan"
news,176,C,0,0,"Comment Type: Provide a Fact or Claim, Express Their Opinion Critique Category: None Response Category: None Perception Type: Media Portrayal Racist: No Reasoning: The comment provides a factual claim about the high number of deaths among people experiencing homelessness and expresses an opinion abo"
news,177,C,0,0,"Comment Type: Provide an Observation, Express Their Opinion Critique Category: Societal Critique Response Category: Not applicable Perception Type: Deserving/Undeserving, Harmful Generalization Racist: No Reasoning: The comment provides an observation about the homelessness in a city and expresses a"
news,178,C,0,1,"Comment Type: Provide a Fact or Claim, Express Their Opinion Critique Category: Government Critique, Money Aid Allocation Response Category: Solutions/Interventions Perception Type: Not in my Backyard Racist: No Reasoning: The comment provides a factual statement about evictions and expresses an opi"
news,179,C,0,1,"Comment Type: Provide a Fact or Claim, Express Others' Opinions Critique Category: Government Critique Response Category: Solutions/Interventions Perception Type: Not in my Backyard Racist: No Reasoning: The comment provides a factual update about the movement of residents due to a health concern, e"
news,180,C,0,0,"Comment Type: Provide an Observation, Express Others' Opinions Critique Category: No Response Category: No Perception Type: Media Portrayal Racist: No Reasoning: The comment provides an observation about the situation of homelessness in a specific area and expresses the opinion of another person. It"
news,181,C,0,0,"Comment Type: Provide a Fact or Claim, Express Others' Opinions Critique Category: None Response Category: Solutions/Interventions Perception Type: None Racist: No Reasoning: The comment provides a factual statement about an organization's potential undercount of homelessness and mentions a bill tha"
news,182,C,0,1,"Comment Type: Provide a Fact or Claim, Express Their Opinion, Government Critique Critique Category: Government Critique Response Category: Solutions/Interventions Perception Type: Not in my Backyard Racist: No Reasoning: The comment provides a factual statement about the mayor's stance on federal s"
news,183,C,0,1,"Comment Type: Provide a Fact or Claim, Express Others' Opinions Critique Category: Government Critique Response Category: Solutions/Interventions Perception Type: Not in my Backyard Racist: No Reasoning: The comment provides a factual statement about a government-run tent city for homeless veterans "
news,184,C,0,1,"Comment Type: Provide an Observation, Express Others' Opinions Critique Category: Government Critique Response Category: Solutions/Interventions Perception Type: Not in my Backyard Racist: No Reasoning: The comment observes a situation where workers are striking due to a stalled homeless camp, which"
news,185,C,0,1,"Comment Type: Provide an Observation, Express Others' Opinions Critique Category: Government Critique Response Category: Solutions/Interventions Perception Type: Not in my Backyard Racist: No Reasoning: The comment observes an issue with homelessness and mentions that unions are concerned about a ru"
news,186,C,0,0,"Comment Type: Provide a Fact or Claim, Express Others' Opinions, Racist Critique Category: Not Applicable Response Category: Not Applicable Perception Type: Harmful Generalization, Deserving/Undeserving Racist: Yes Reasoning: The comment provides a factual claim about the treatment of homeless black"
news,187,C,0,1,"Comment Type: Provide a Fact or Claim, Express Others' Opinions Critique Category: Government Critique, Money Aid Allocation Response Category: Solutions/Interventions Perception Type: Not in my Backyard Racist: No Reasoning: The comment provides a factual statement about a debate over low-income ho"
news,188,C,0,1,"Comment Type: Government Critique, Express Others' Opinions Critique Category: Government Critique Response Category: Not applicable Perception Type: Not in my Backyard Racist: No Reasoning: The comment criticizes the organization's use of the event to bolster national Democratic support and mention"
news,189,C,0,0,"Comment Type: Provide a Fact or Claim, Express Their Opinion Critique Category: Money Aid Allocation, Government Critique Response Category: Solutions/Interventions Perception Type: Media Portrayal Racist: No Reasoning: The comment provides factual information about the number of homeless individual"
news,190,C,0,0,"Comment Type: Provide a Fact or Claim, Express Their Opinion Critique Category: Government Critique, Societal Critique Response Category: Solutions/Interventions Perception Type: Harmful Generalization Racist: No Reasoning: The comment provides a factual claim about a study's findings and expresses "
news,191,C,0,1,"Comment Type: Provide a Fact or Claim, Express Others' Opinions Critique Category: Money Aid Allocation, Government Critique Response Category: Solutions/Interventions Perception Type: Not in my Backyard Racist: No Reasoning: The comment provides a factual statement about a proposed ordinance and ex"
news,192,C,0,1,"Comment Type: Provide a Fact or Claim, Express Others' Opinions Critique Category: Money Aid Allocation Response Category: Solutions/Interventions Perception Type: Not in my Backyard Racist: No Reasoning: The comment provides a factual statement about a ballot measure and expresses the opinion of an"
news,193,C,0,1,"Comment Type: Provide a Fact or Claim, Express Their Opinion, Government Critique Critique Category: Government Critique Response Category: Solutions/Interventions Perception Type: Not in my Backyard Racist: No Reasoning: The comment provides a factual statement about the organization's stance on pr"
news,194,C,0,0,"Comment Type: Provide a Fact or Claim, Express Others' Opinions Critique Category: Government Critique, Money Aid Allocation Response Category: Solutions/Interventions Perception Type: Harmful Generalization Racist: No Reasoning: The comment provides a factual claim about the existence of specialty "
news,195,C,0,1,"Comment Type: Provide a Fact or Claim, Express Others' Opinions Critique Category: Government Critique Response Category: Solutions/Interventions Perception Type: Not in my Backyard Racist: No Reasoning: The comment provides a factual claim about rising homelessness and expresses the opinions of oth"
news,196,C,0,1,"Comment Type: Provide a Fact or Claim, Express Their Opinion, Critique Category: Government Critique, Response Category: Solutions/Interventions, Perception Type: Not in my Backyard, Racist: No Reasoning: The comment provides a factual claim about the effectiveness of the city's approach to homeless"
news,197,C,0,0,"Comment Type: Provide a Fact or Claim, Express Their Opinion Critique Category: None Response Category: None Perception Type: Personal Interaction Racist: No Reasoning: The comment provides a factual statement about the resilience of people experiencing homelessness and expresses an opinion about th"
news,198,C,0,0,"Comment Type: Express Others' Opinions, Express Their Opinion Critique Category: Government Critique Response Category: Not applicable Perception Type: Not applicable Racist: No Reasoning: The comment expresses an opinion about how the responsibility for affordable housing has shifted from governmen"
news,199,C,0,1,"Comment Type: Provide a Fact or Claim, Express Their Opinion, Government Critique Critique Category: Government Critique Response Category: Solutions/Interventions Perception Type: Not in my Backyard Racist: No Reasoning: The comment provides a factual statement about the organization's stance on pr"
news,200,C,0,1,"Comment Type: Ask a Rhetorical Question, Provide a Fact or Claim, Express Their Opinion Critique Category: Government Critique Response Category: Solutions/Interventions Perception Type: Not in my Backyard Racist: No Reasoning: The comment uses a rhetorical question to emphasize the severity of the "
news,201,C,0,0,"Comment Type: Provide a Fact or Claim, Express Others' Opinions Critique Category: Money Aid Allocation, Government Critique Response Category:  Perception Type:  Racist: No Reasoning: The comment provides a factual claim about the allocation of funds for homelessness and expresses an opinion about "
news,202,C,0,0,"Comment Type: Provide a Fact or Claim, Express Their Opinion Critique Category: None Response Category: Solutions/Interventions Perception Type: Harmful Generalization, Deserving/Undeserving Racist: No Reasoning: The comment provides a factual statement about the high mortality rate among homeless i"
news,203,C,0,1,"Comment Type: Provide a Fact or Claim, Express Others' Opinions Critique Category: Money Aid Allocation Response Category: Solutions/Interventions Perception Type: Not in my Backyard Racist: No Reasoning: The comment provides a factual statement about an organization receiving a grant for affordable"
news,204,C,0,0,"Comment Type: Provide an Observation, Express Others' Opinions Critique Category: Not applicable Response Category: Not applicable Perception Type: Media Portrayal Racist: No Reasoning: The comment is an observation about the organization becoming a destination for homeless people due to free servic"
news,205,C,0,0,"Comment Type: Provide an Observation, Express Others' Opinions Critique Category: Not applicable Response Category: Not applicable Perception Type: Media Portrayal, Harmful Generalization Racist: No Reasoning: The comment provides an observation about the typical image of homelessness as seen by man"
news,206,C,0,1,"Comment Type: Provide a Fact or Claim, Government Critique Critique Category: Government Critique Response Category: Solutions/Interventions Perception Type: Not in my Backyard Racist: No Reasoning: The comment provides a factual statement about a city's actions regarding land sales and certificatio"
news,207,C,0,0,"Comment Type: Provide an Observation, Express Others' Opinions Critique Category: Not Applicable Response Category: Not Applicable Perception Type: Personal Interaction Racist: No Reasoning: The comment provides an observation about the prevalence of homelessness by describing it as people one might"
news,208,C,0,0,"Comment Type: Provide a Fact or Claim, Express Their Opinion Critique Category: None Response Category: Solutions/Interventions Perception Type: Personal Interaction Racist: No Reasoning: The comment provides a factual claim about what homeless people want and expresses the opinion of the speaker ab"
news,209,C,0,1,"Comment Type: Provide a Fact or Claim, Express Their Opinion Critique Category: Money Aid Allocation, Government Critique Response Category: Solutions/Interventions Perception Type: Not in my Backyard Racist: No Reasoning: The comment provides a factual claim about the cost overrun of a housing proj"
news,210,C,0,1,"Comment Type: Provide a Fact or Claim, Express Others' Opinions Critique Category: Government Critique, Societal Critique Response Category: Solutions/Interventions Perception Type: Not in my Backyard, Deserving/Undeserving Racist: No Reasoning: The comment provides a factual statement about the pot"
news,211,C,0,0,"Comment Type: Provide an Observation, Express Others' Opinions Critique Category: None Response Category: None Perception Type: Media Portrayal Racist: No Reasoning: The comment observes the housing crisis in Oregon and reflects the opinions of others, likely based on media reports or general discus"
news,212,C,0,1,"Comment Type: Provide a Fact or Claim, Express Others' Opinions Critique Category: Government Critique, Money Aid Allocation Response Category: Solutions/Interventions Perception Type: Not in my Backyard Racist: No Reasoning: The comment provides factual information about the reactions to a proposed"
news,213,C,0,0,"Comment Type: Provide a Fact or Claim, Express Their Opinion Critique Category: None Response Category: None Perception Type: None Racist: No Reasoning: The comment provides a factual statement about the top needs for housing, food, and mental health services according to a statewide assessment. It "
news,214,C,0,0,"Comment Type: Provide a Fact or Claim, Express Others' Opinions Critique Category: Societal Critique Response Category: Not applicable Perception Type: Harmful Generalization Racist: No Reasoning: The comment provides a factual claim about the homeless population and expresses the opinion of others "
news,215,C,0,1,"Comment Type: Provide a Fact or Claim, Express Their Opinion Critique Category: Government Critique Response Category: Solutions/Interventions Perception Type: Not in my Backyard Racist: No Reasoning: The comment provides a factual claim about a legal requirement and an opinion about the city's fail"
news,216,C,0,1,"Comment Type: Provide a Fact or Claim, Money Aid Allocation, Government Critique Critique Category: Money Aid Allocation, Government Critique Response Category: Solutions/Interventions Perception Type: Not in my Backyard Racist: No Reasoning: The comment provides a factual statement about a court de"
news,217,C,0,1,"Comment Type: Provide a Fact or Claim, Critique Category: Money Aid Allocation, Response Category: Solutions/Interventions, Perception Type: Not in my Backyard, Racist: No Reasoning: The text provides a factual statement about a bill being passed to combat the shortage of affordable housing. It disc"
news,218,C,0,1,"Comment Type: Express Their Opinion, Provide an Observation Critique Category: Not Applicable Response Category: Solutions/Interventions Perception Type: Not in my Backyard Racist: No Reasoning: The comment expresses an opinion about supporting causes and people, observing that there are non-profits"
news,219,C,0,0,"Comment Type: Provide a Fact or Claim, Express Others' Opinions Critique Category: Government Critique, Societal Critique Response Category: Solutions/Interventions Perception Type: None Racist: No Reasoning: The comment provides a factual statement about transit agencies rethinking their approach t"
news,220,C,0,1,"Comment Type: Provide a Fact or Claim, Express Others' Opinions Critique Category: Money Aid Allocation, Government Critique Response Category: Solutions/Interventions Perception Type: Not in my Backyard Racist: No Reasoning: The comment provides a factual statement about the number of migrants arri"
news,221,C,0,1,"Comment Type: Provide a Fact or Claim, Express Their Opinion Critique Category: Government Critique, Societal Critique Response Category: Solutions/Interventions Perception Type: Not in my Backyard Racist: No Reasoning: The comment provides a factual statement about the rising number of shootings, t"
news,222,C,0,0,"Comment Type: Provide a Fact or Claim, Express Others' Opinions Critique Category: None Response Category: Solutions/Interventions Perception Type: None Racist: No Reasoning: The comment provides a factual statement about an existing organization and its function, which is an example of a solution o"
news,223,C,0,1,"Comment Type: Provide an Observation, Express Others' Opinions Critique Category: Government Critique Response Category: Solutions/Interventions Perception Type: Not in my Backyard Racist: No Reasoning: The comment observes a new policy of inviting a police officer to the State of the Union, which i"
news,224,C,0,0,"Comment Type: Provide a Fact or Claim, Express Others' Opinions Critique Category: Government Critique Response Category: Solutions/Interventions Perception Type: None Racist: No Reasoning: The comment provides a factual statement about the mayoral candidate's plan and expresses an opinion about the"
news,225,C,0,0,"Comment Type: Provide an Observation, Express Others' Opinions Critique Category: Government Critique, Societal Critique Response Category: Not applicable Perception Type: Harmful Generalization Racist: No Reasoning: The comment provides an observation about a specific incident and expresses opinion"
news,226,C,0,1,"Comment Type: Provide a Fact or Claim, Express Others' Opinions Critique Category: Government Critique, Money Aid Allocation Response Category: Solutions/Interventions Perception Type: Not in my Backyard Racist: No Reasoning: The comment provides a factual statement about a new initiative by the may"
news,227,C,0,0,"Comment Type: Provide a Fact or Claim, Express Their Opinion Critique Category: None Response Category: Solutions/Interventions Perception Type: Deserving/Undeserving Racist: No Reasoning: The comment provides a factual claim about [ORGANIZATION] helping chronically homeless individuals, which is of"
news,228,C,0,0,"Comment Type: Provide an Observation, Express Others' Opinions Critique Category: Not applicable Response Category: Not applicable Perception Type: Not applicable Racist: No Reasoning: The comment provides an observation about the pushback received by the administration and expresses the opinions of"
news,229,C,0,1,"Comment Type: Provide a Fact or Claim, Provide an Observation Critique Category: Money Aid Allocation Response Category: Solutions/Interventions Perception Type: Not in my Backyard Racist: No Reasoning: The comment provides a factual statement about a grant received by an organization to support hom"
news,230,C,0,0,"Comment Type: Provide a Fact or Claim, Express Their Opinion Critique Category: None Response Category: Solutions/Interventions Perception Type: None Racist: No Reasoning: The comment provides a factual statement about the [ORGANIZATION] program and expresses an opinion about its purpose and effecti"
news,231,C,0,1,"Comment Type: Provide a Fact or Claim, Express Others' Opinions Critique Category: Money Aid Allocation, Government Critique Response Category: Solutions/Interventions Perception Type: Not in my Backyard Racist: No Reasoning: The comment provides a factual statement about the push for supportive hou"
news,232,C,0,0,"Comment Type: Provide a Fact or Claim, Provide an Observation Critique Category: None Response Category: None Perception Type: None Racist: No Reasoning: The comment provides a factual statement about the potential for homelessness due to an impending moratorium on evictions and an observation about"
news,233,C,0,1,"Comment Type: Provide an Observation, Express Their Opinion Critique Category: Government Critique, Societal Critique Response Category: Solutions/Interventions Perception Type: Not in my Backyard, Harmful Generalization Racist: No Reasoning: The comment provides an observation about the increase in"
news,234,C,0,0,"Comment Type: Provide an Observation, Express Their Opinion Critique Category: Not Applicable Response Category: Not Applicable Perception Type: Personal Interaction Racist: No Reasoning: The comment provides an observation about the experiences of homeless individuals who came to a specific locatio"
news,235,C,0,0,"Comment Type: Provide an Observation, Express Their Opinion Critique Category: No Response Category: No Perception Type: No Racist: No Reasoning: The text provides an observation about the background and achievements of a person who has worked with homeless youth. It does not ask a question, provide"
news,236,C,0,1,"Comment Type: Provide an Observation, Express Others' Opinions Critique Category: Government Critique Response Category: Solutions/Interventions Perception Type: Not in my Backyard Racist: No Reasoning: The comment observes the accumulation of trash, needles, and biohazards in homeless camps and exp"
news,237,C,0,0,"Comment Type: Provide a Fact or Claim, Express Others' Opinions Critique Category: Money Aid Allocation, Government Critique Response Category: Solutions/Interventions Perception Type: None Racist: No Reasoning: The comment provides factual information about ongoing discussions and proposals related"
news,238,C,0,0,"Comment Type: Provide a Fact or Claim, Express Their Opinion Critique Category: Government Critique, Societal Critique Response Category: Solutions/Interventions Perception Type: Harmful Generalization Racist: No Reasoning: The comment provides a factual claim about the number of families on the edg"
news,239,C,0,1,"Comment Type: Provide a Fact or Claim, Express Their Opinion Critique Category: Government Critique, Money Aid Allocation Response Category: Solutions/Interventions Perception Type: Not in my Backyard Racist: No Reasoning: The comment provides a factual claim about police shootings and expresses an "
news,240,C,0,0,"Comment Type: Provide a Fact or Claim, Express Others' Opinions Critique Category: Not Applicable Response Category: Solutions/Interventions Perception Type: Media Portrayal Racist: No Reasoning: The comment provides a factual claim about the rising number of homeless children and their reliance on "
news,241,C,0,1,"Comment Type: Provide a Fact or Claim, Express Others' Opinions Critique Category: Money Aid Allocation, Government Critique Response Category: Solutions/Interventions Perception Type: Not in my Backyard Racist: No Reasoning: The comment provides a factual statement about the suffering of individual"
news,242,C,0,1,"Comment Type: Provide a Fact or Claim, Express Others' Opinions, Critique Category: Government Critique, Response Category: Solutions/Interventions, Perception Type: Not in my Backyard, Racist: No Reasoning: The comment provides a factual statement about the size and location of a homeless encampmen"
news,243,C,0,0,"Comment Type: Provide a Fact or Claim, Express Others' Opinions Critique Category: Not applicable Response Category: Not applicable Perception Type: Media Portrayal Racist: No Reasoning: The comment provides a factual statement about the fluid homeless population and expresses the opinions of those "
news,244,C,0,1,"Comment Type: Provide a Fact or Claim, Express Others' Opinions Critique Category: Government Critique Response Category: Solutions/Interventions Perception Type: Not in my Backyard Racist: No Reasoning: The comment appears to be providing a factual statement or claim about the organization's stance"
news,245,C,0,0,"Comment Type: Provide an Observation, Express Others' Opinions Critique Category: None Response Category: None Perception Type: Personal Interaction Racist: No Reasoning: The comment provides an observation about a homeless individual who passed away and expresses the opinions of the organization ab"
news,246,C,0,1,"Comment Type: Provide a Fact or Claim, Express Others' Opinions Critique Category: Government Critique, Societal Critique Response Category: Solutions/Interventions Perception Type: Not in my Backyard Racist: No Reasoning: The comment provides a factual statement about a court ruling and expresses a"
news,247,C,0,1,"Comment Type: Provide a Fact or Claim, Express Others' Opinions Critique Category: Government Critique Response Category: Solutions/Interventions Perception Type: Not in my Backyard Racist: No Reasoning: The comment provides a factual statement about a candidate's record and the issues voters asked "
news,248,C,0,0,"Comment Type: Express Their Opinion, Provide an Observation Critique Category: None Response Category: Solutions/Interventions Perception Type: None Racist: No Reasoning: The comment expresses an opinion to help the homeless and observes a need for assistance, but does not provide a specific solutio"
news,249,C,0,1,"Comment Type: Provide a Fact or Claim, Express Their Opinion Critique Category: Government Critique, Societal Critique Response Category: Solutions/Interventions Perception Type: Not in my Backyard Racist: No Reasoning: The comment provides a factual claim about police shootings and expresses an opi"
news,250,C,0,0,"Comment Type: Provide a Fact or Claim, Express Their Opinion Critique Category: Money Aid Allocation, Government Critique Response Category: Solutions/Interventions Perception Type: Deserving/Undeserving Racist: No Reasoning: The comment provides a factual statement about the number of housing optio"
news,251,C,0,1,"Comment Type: Provide a Fact or Claim, Ask a Rhetorical Question Critique Category: Money Aid Allocation Response Category: Solutions/Interventions Perception Type: Not in my Backyard Racist: No Reasoning: The comment provides a factual statement about the HOME Investment Partnerships Program and as"
news,252,C,0,0,"Comment Type: Provide a Fact or Claim, Provide an Observation Critique Category: Money Aid Allocation Response Category: Solutions/Interventions Perception Type: Not applicable Racist: No Reasoning: The comment provides a factual statement about the allocation of grant funding for homelessness progr"
news,253,C,0,1,"Comment Type: Provide a Fact or Claim, Express Others' Opinions Critique Category: Government Critique Response Category: Solutions/Interventions Perception Type: Not in my Backyard Racist: No Reasoning: The comment provides a factual statement about the city's response to complaints and expresses t"
news,254,C,0,1,"Comment Type: Provide a Fact or Claim, Express Others' Opinions Critique Category: Money Aid Allocation, Government Critique Response Category: Solutions/Interventions Perception Type: Not in my Backyard Racist: No Reasoning: The comment provides a factual statement about an upcoming project and exp"
news,255,C,0,0,"Comment Type: Provide a Fact or Claim, Express Their Opinion, Critique Category: Money Aid Allocation, Government Critique, Response Category: Solutions/Interventions, Perceptioin Type: None, Racist: No Reasoning: The comment provides a factual claim about the success of a program and expresses an o"
news,256,C,0,1,"Comment Type: Provide a Fact or Claim, Express Others' Opinions Critique Category: Money Aid Allocation Response Category: Solutions/Interventions Perception Type: Not in my Backyard Racist: No Reasoning: The comment provides a factual statement about the distribution of funds to local charities and"
news,257,C,0,1,"Comment Type: Provide a Fact or Claim, Provide an Observation Critique Category: Money Aid Allocation, Government Critique Response Category: Solutions/Interventions Perception Type: Not in my Backyard Racist: No Reasoning: The comment provides a factual statement about a government project and an o"
news,258,C,0,1,"Comment Type: Provide a Fact or Claim, Provide an Observation Critique Category: Money Aid Allocation Response Category: Solutions/Interventions Perception Type: Not in my Backyard Racist: No Reasoning: The comment provides a factual statement about a grant received by an organization and an observa"
news,259,C,0,1,"Comment Type: Provide a Fact or Claim, Express Their Opinion Critique Category: Government Critique, Societal Critique Response Category: Solutions/Interventions Perception Type: Not in my Backyard Racist: No Reasoning: The comment provides a factual claim about the reality of poverty, homelessness,"
news,260,C,0,1,"Comment Type: Provide a Fact or Claim, Express Others' Opinions Critique Category: Money Aid Allocation Response Category: Solutions/Interventions Perception Type: Not in my Backyard Racist: No Reasoning: The comment provides a factual statement about the distribution of funds to local charities and"
news,261,C,0,1,"Comment Type: Provide a Fact or Claim, Express Their Opinion Critique Category: Government Critique Response Category: Solutions/Interventions Perception Type: Not in my Backyard Racist: No Reasoning: The comment provides a factual claim about a local project and expresses an opinion about its value"
news,262,C,0,0,"Comment Type: Ask a Rhetorical Question, Provide a Fact or Claim, Express Their Opinion Critique Category: Not Applicable Response Category: Not Applicable Perception Type: Not Applicable Racist: No Reasoning: The comment is a rhetorical question and an opinion about the root causes of homelessness,"
news,263,C,0,0,Please provide the text of the news article or comment for analysis.
news,264,C,0,0,"Comment Type: Provide a Fact or Claim, Express Others' Opinions Critique Category: None Response Category: Solutions/Interventions Perception Type: None Racist: No Reasoning: The comment provides a factual statement about the impact of a housing project and expresses the opinion of the organization."
news,265,C,0,1,"Comment Type: Provide a Fact or Claim, Express Others' Opinions Critique Category: Government Critique Response Category: Solutions/Interventions Perception Type: Not in my Backyard Racist: No Reasoning: The comment provides a factual statement about the number of homeless individuals and expresses "
news,266,C,0,0,"Comment Type: Provide a Fact or Claim, Express Others' Opinions Critique Category: Not applicable Response Category: Not applicable Perception Type: Not applicable Racist: No Reasoning: The text provides a factual statement about the number of chronically homeless individuals in the United States. I"
news,267,C,0,0,"Comment Type: Provide a Fact or Claim, Express Others' Opinions Critique Category: No Response Category: Solutions/Interventions Perception Type: No Racist: No Reasoning: The comment provides a factual statement about an organization's support for those in need and the range of services it offers. I"
news,268,C,0,1,"Comment Type: Express Others' Opinions, Express Their Opinion Critique Category: Government Critique, Societal Critique Response Category: Solutions/Interventions Perception Type: Not in my Backyard Racist: No Reasoning: The comment expresses opinions about a political figure's stance on homelessnes"
news,269,C,0,1,"Comment Type: Provide an Observation, Express Others' Opinions Critique Category: Government Critique, Societal Critique Response Category: Solutions/Interventions Perception Type: Not in my Backyard Racist: No Reasoning: The comment observes the city's plan for redevelopment and expresses opinions "
news,270,C,0,1,"Comment Type: Provide a Fact or Claim, Express Others' Opinions Critique Category: Government Critique Response Category: Solutions/Interventions Perception Type: Not in my Backyard Racist: No Reasoning: The comment provides a factual statement about the impact of conviction records on communities o"
news,271,C,0,1,"Comment Type: Provide a Fact or Claim, Express Their Opinion Critique Category: Money Aid Allocation Response Category: Solutions/Interventions Perception Type: Not in my Backyard Racist: No Reasoning: The comment provides a factual statement about receiving funding and expresses an opinion about wo"
news,272,C,0,0,"Comment Type: Provide a Fact or Claim, Express Their Opinion Critique Category: None Response Category: Solutions/Interventions Perception Type: None Racist: No Reasoning: The comment provides a factual claim about supportive housing and expresses a positive opinion about the funding. It does not cr"
news,273,C,0,0,"Comment Type: Provide a Fact or Claim, Ask a Rhetorical Question Critique Category: Money Aid Allocation Response Category: Solutions/Interventions Perception Type: None Racist: No Reasoning: The comment provides a factual statement about the number of programs and the amount of funding for homeless"
news,274,C,0,1,"Comment Type: Provide a Fact or Claim, Express Others' Opinions Critique Category: Government Critique, Societal Critique Response Category: Solutions/Interventions Perception Type: Not in my Backyard Racist: No Reasoning: The comment provides a factual statement about a neighborhood's development p"
news,275,C,0,0,"Comment Type: Provide a Fact or Claim, Money Aid Allocation Critique Category: Money Aid Allocation Response Category: Solutions/Interventions Perception Type: Not applicable Racist: No Reasoning: The comment provides a factual statement about the funding and its intended use for housing, which fall"
news,276,C,0,1,"Comment Type: Provide a Fact or Claim, Provide an Observation Critique Category: Money Aid Allocation Response Category: Solutions/Interventions Perception Type: Not in my Backyard Racist: No Reasoning: The text provides a factual statement about a program that provides subsidies for housing to low "
news,277,C,0,1,"Comment Type: Provide a Fact or Claim, Express Others' Opinions Critique Category: Money Aid Allocation, Government Critique Response Category: Solutions/Interventions Perception Type: Not in my Backyard Racist: No Reasoning: The comment provides factual information about a government program and an"
news,278,C,0,0,"Comment Type: Provide a Fact or Claim, Express Others' Opinions Critique Category: None Response Category: Solutions/Interventions Perception Type: None Racist: No Reasoning: The text provides factual information about organizations and their missions, as well as the intended use of donations. It do"
news,279,C,0,0,"Comment Type: Provide a Fact or Claim, Provide an Observation Critique Category: Money Aid Allocation Response Category: Solutions/Interventions Perception Type: None Racist: No Reasoning: The comment provides factual information about various programs aimed at addressing homelessness, which can be "
news,280,C,0,0,"Comment Type: Provide a Fact or Claim, Express Others' Opinions Critique Category: None Response Category: Solutions/Interventions Perception Type: None Racist: No Reasoning: The text provides factual claims about the organization's mission, impact, and programs. It does not ask a question, express "
news,281,C,0,1,"Comment Type: Provide a Fact or Claim, Express Others' Opinions Critique Category: Money Aid Allocation Response Category: Solutions/Interventions Perception Type: Not in my Backyard Racist: No Reasoning: The comment provides a factual statement about state funding for homeless housing developments "
news,282,C,0,1,"Comment Type: Provide a Fact or Claim, Express Others' Opinions Critique Category: Government Critique Response Category: Solutions/Interventions Perception Type: Not in my Backyard Racist: No Reasoning: The comment provides a factual statement about a homelessness system and expresses the opinions "
news,283,C,0,1,"Comment Type: Provide a Fact or Claim, Express Their Opinion Critique Category: Money Aid Allocation Response Category: Solutions/Interventions Perception Type: Not in my Backyard Racist: No Reasoning: The comment provides a factual statement about the allocation of funds through the Community Devel"
news,284,C,0,1,"Comment Type: Provide a Fact or Claim, Express Others' Opinions Critique Category: Money Aid Allocation, Government Critique Response Category: Solutions/Interventions Perception Type: Not in my Backyard Racist: No Reasoning: The comment provides factual information about community benefit agreement"
news,285,C,0,0,"Comment Type: Provide an Observation, Express Their Opinion Critique Category: None Response Category: None Perception Type: None Racist: No Reasoning: The comment is an observation about the organization's selection and their commitment to community outreach and education. It does not ask a questio"
news,286,C,0,1,"Comment Type: Provide a Fact or Claim, Express Their Opinion Critique Category: Money Aid Allocation Response Category: Solutions/Interventions Perception Type: Not in my Backyard Racist: No Reasoning: The comment provides a factual statement about the allocation of funds for housing units and expre"
news,287,C,0,0,"Comment Type: Provide a Fact or Claim, Express Their Opinion Critique Category: None Response Category: Solutions/Interventions Perception Type: None Racist: No Reasoning: The comment provides a factual statement about the current state of family homelessness in the community and expresses an opinio"
news,288,C,0,0,"Comment Type: Provide an Observation, Express Their Opinion Critique Category: Not Applicable Response Category: Not Applicable Perception Type: Harmful Generalization, Deserving/Undeserving Racist: No Reasoning: The comment provides an observation about the experiences of a person who was homeless "
news,289,C,0,0,Please provide the text of the news article or comment for analysis.
news,290,C,0,1,"Comment Type: Provide a Fact or Claim, Express Others' Opinions Critique Category: Government Critique, Societal Critique Response Category: Solutions/Interventions Perception Type: Not in my Backyard Racist: No Reasoning: The comment provides a factual statement about the commitment to revitalizing"
news,291,C,0,0,"Comment Type: Express Others' Opinions, Express Their Opinion Critique Category: Government Critique, Societal Critique Response Category: None Perception Type: Harmful Generalization, Deserving/Undeserving Racist: Yes Reasoning: The comment implies that the victims were from a Black community and w"
news,292,C,0,1,"Comment Type: Provide a Fact or Claim, Express Others' Opinions Critique Category: Money Aid Allocation, Government Critique Response Category: Solutions/Interventions Perception Type: Not in my Backyard Racist: No Reasoning: The comment provides a factual statement about the organization's efforts "
news,293,C,0,1,"Comment Type: Provide a Fact or Claim, Express Others' Opinions Critique Category: Solutions/Interventions Response Category: Solutions/Interventions Perception Type: Not in my Backyard Racist: No Reasoning: The comment provides a factual statement about an organization's approach to assisting resid"
news,294,C,0,0,"Comment Type: Provide a Fact or Claim, Express Their Opinion Critique Category: None Response Category: Solutions/Interventions Perception Type: None Racist: No Reasoning: The comment provides a factual statement about the organization's commitment to community health and mentions homelessness as on"
news,295,C,0,1,"Comment Type: Provide a Fact or Claim, Provide an Observation Critique Category: Money Aid Allocation Response Category: Solutions/Interventions Perception Type: Not in my Backyard Racist: No Reasoning: The comment provides a factual statement about a program funded by organizations to help with foo"
news,296,C,0,0,Please provide the text of the news article or comment for analysis.
news,297,C,0,0,"Comment Type: Provide a Fact or Claim, Provide an Observation Critique Category: None Response Category: Solutions/Interventions Perception Type: None Racist: No Reasoning: The comment provides factual information about the project's components and their intended purpose, which can be seen as an obs"
news,298,C,0,0,"Comment Type: Provide a Fact or Claim, Critique Category: Government Critique, Response Category: Not applicable, Perception Type: Not applicable, Racist: No Reasoning: The comment provides a factual statement about a government program and criticizes its effectiveness. It does not ask a question, e"
news,299,C,0,1,"Comment Type: Express Others' Opinions, Express Their Opinion Critique Category: Government Critique, Societal Critique Response Category: Not applicable Perception Type: Not in my Backyard Racist: No Reasoning: The comment expresses local citizens' opposition to a plan to bring Syrians to their cit"
news,300,C,0,1,"Comment Type: Provide an Observation, Express Others' Opinions Critique Category: Not applicable Response Category: Not applicable Perception Type: Not in my Backyard Racist: No Reasoning: The comment appears to be a list of organizations and individuals, which does not provide enough context to det"
news,301,C,0,0,"Comment Type: Provide a Fact or Claim, Provide an Observation Critique Category: No Response Category: Solutions/Interventions Perception Type: No Racist: No Reasoning: The comment provides a factual statement about the relocation of monuments and mentions a low-cost bamboo home, which is an observa"
news,302,C,0,0,"Comment Type: Provide a Fact or Claim, Express Others' Opinions Critique Category: Government Critique, Societal Critique Response Category: Solutions/Interventions Perception Type: Harmful Generalization, Deserving/Undeserving Racist: No Reasoning: The comment provides a factual claim about an inci"
news,303,C,0,0,"Comment Type: Provide a Fact or Claim, Express Their Opinion Critique Category: None Response Category: Solutions/Interventions Perception Type: Media Portrayal Racist: No Reasoning: The comment provides a factual statement about the number of homeless encampments and expresses an opinion about the "
news,304,C,0,1,"Comment Type: Ask a Genuine Question, Provide a Fact or Claim Critique Category: Money Aid Allocation Response Category: Solutions/Interventions Perception Type: Not in my Backyard Racist: No Reasoning: The comment asks a genuine question about encouraging more financial institutions to focus on aff"
news,305,C,0,1,"Comment Type: Provide a Fact or Claim, Solutions/Interventions Critique Category: Money Aid Allocation Response Category: Solutions/Interventions Perception Type: Not in my Backyard Racist: No Reasoning: The comment provides a factual statement about new efforts to address homelessness and workforce"
news,306,C,0,0,"Comment Type: Provide a Fact or Claim, Provide an Observation Critique Category: None Response Category: Solutions/Interventions Perception Type: None Racist: No Reasoning: The text provides a factual statement about a specific organization's focus on youth homelessness in a particular location. It "
news,307,C,0,0,"Comment Type: Provide an Observation, Express Their Opinion Critique Category: None Response Category: Solutions/Interventions Perception Type: None Racist: No Reasoning: The comment provides an observation about a person's dietary issues and expresses an opinion about the involvement of a nonprofit"
news,308,C,0,0,"Comment Type: Provide a Fact or Claim, Express Others' Opinions Critique Category: Not applicable Response Category: Not applicable Perception Type: Not applicable Racist: No Reasoning: The comment provides a factual statement about fires related to unrest and mentions an affordable housing center f"
news,309,C,0,0,Comment Type: None Critique Category: None Response Category: None Perception Type: None Racist: No Reasoning: The text provided does not contain any relevant information about homelessness or the criteria specified. It appears to be a mix of unrelated comments and links.
news,310,C,0,1,"Comment Type: Provide a Fact or Claim, Express Others' Opinions Critique Category: Government Critique, Societal Critique Response Category: Solutions/Interventions Perception Type: Not in my Backyard Racist: No Reasoning: The comment provides a factual statement about the initiative and its impact,"
news,311,C,0,0,"Comment Type: Provide a Fact or Claim, Express Their Opinion Critique Category: Not applicable Response Category: Solutions/Interventions Perception Type: Not applicable Racist: No Reasoning: The comment provides a factual claim about the benefits of well-designed affordable housing programs and exp"
news,312,C,0,1,"Comment Type: Provide a Fact or Claim, Express Their Opinion Critique Category: Government Critique Response Category: Solutions/Interventions Perception Type: Not in my Backyard Racist: No Reasoning: The comment provides a factual claim about homelessness among veterans and expresses an opinion abo"
news,313,C,0,1,"Comment Type: Provide a Fact or Claim, Government Critique, Response Category: Solutions/Interventions, Perception Type: Not in my Backyard, Racist: No Reasoning: The comment provides a factual statement about the county's plan to develop affordable housing, which can be seen as a government critiqu"
news,314,C,0,1,"Comment Type: Provide a Fact or Claim, Express Others' Opinions Critique Category: Money Aid Allocation, Government Critique Response Category: Solutions/Interventions Perception Type: Not in my Backyard Racist: No Reasoning: The comment provides a factual statement about a federal initiative to red"
news,315,C,0,0,"Comment Type: Provide a Fact or Claim, Express Others' Opinions Critique Category: Government Critique Response Category: Solutions/Interventions Perception Type: None Racist: No Reasoning: The comment provides a factual statement about the impact of a potential policy change on families with mixed "
news,316,C,0,1,"Comment Type: Provide a Fact or Claim, Express Others' Opinions Critique Category: Money Aid Allocation, Government Critique Response Category: Solutions/Interventions Perception Type: Not in my Backyard Racist: No Reasoning: The comment provides a factual statement about the city's plans for redeve"
news,317,C,0,1,"Comment Type: Provide a Fact or Claim, Ask a Rhetorical Question Critique Category: Money Aid Allocation Response Category: Solutions/Interventions Perception Type: Not in my Backyard Racist: No Reasoning: The comment provides a factual statement about federal assistance for homelessness and asks a "
news,318,C,0,0,"Comment Type: Provide an Observation, Express Others' Opinions Critique Category: Not applicable Response Category: Solutions/Interventions Perception Type: Not applicable Racist: No Reasoning: The comment provides an observation about the loss of corporate presence and notes the opinion of long-tim"
news,319,C,0,0,"Comment Type: Provide a Fact or Claim, Express Others' Opinions Critique Category: None Response Category: Solutions/Interventions Perception Type: None Racist: No Reasoning: The comment provides a factual statement about an organization's support for children experiencing homelessness and mentions "
news,320,C,0,1,"Comment Type: Provide a Fact or Claim, Express Their Opinion Critique Category: Government Critique Response Category: Solutions/Interventions Perception Type: Not in my Backyard Racist: No Reasoning: The comment provides a factual statement about the role of mission-driven financial institutions in"
news,321,C,0,1,"Comment Type: Ask a Rhetorical Question, Express Others' Opinions Critique Category: Government Critique Response Category: Not applicable Perception Type: Not in my Backyard Racist: No Reasoning: The comment uses a rhetorical question to criticize elected officials and the media for not listening t"
news,322,C,0,1,"Comment Type: Provide a Fact or Claim, Provide an Observation Critique Category: Money Aid Allocation Response Category: Solutions/Interventions Perception Type: Not in my Backyard Racist: No Reasoning: The comment provides a factual statement about the city's plan to increase affordable housing, wh"
news,323,C,0,0,"Comment Type: Provide a Fact or Claim, Government Critique Critique Category: Government Critique Response Category: Not applicable Perception Type: Not applicable Racist: No Reasoning: The comment provides a factual claim about cities and states being sued for promoting segregation through the plac"
news,324,C,0,1,"Comment Type: Ask a Rhetorical Question, Express Their Opinion, Government Critique, Societal Critique Critique Category: Government Critique, Societal Critique Response Category: Solutions/Interventions Perception Type: Not in my Backyard, Deserving/Undeserving Racist: No Reasoning: The comment ask"
news,325,C,0,1,"Comment Type: Provide a Fact or Claim, Express Their Opinion Critique Category: Money Aid Allocation, Government Critique Response Category: Solutions/Interventions Perception Type: Not in my Backyard Racist: No Reasoning: The comment provides a factual claim about a nonprofit organization's impact "
news,326,C,0,0,"Comment Type: None Critique Category: None Response Category: None Perception Type: None Racist: No Reasoning: The text provided is a news article summary of an incident and does not contain any comments, critiques, responses, or perceptions related to homelessness. It focuses on a specific event in"
news,327,C,0,1,"Comment Type: Provide a Fact or Claim, Express Their Opinion Critique Category: Money Aid Allocation Response Category: Solutions/Interventions Perception Type: Not in my Backyard Racist: No Reasoning: The comment provides a factual claim about the benefits of paying for hotel rooms for homeless ind"
news,328,C,0,0,"Comment Type: None Critique Category: None Response Category: None Perception Type: None Racist: No Reasoning: The text is a brief biography of an organization and its founder, providing information about their professional background and upcoming projects. It does not fit into any of the specified "
news,329,C,0,0,"Comment Type: Provide a Fact or Claim, Express Others' Opinions Critique Category: None Response Category: None Perception Type: Media Portrayal Racist: No Reasoning: The comment provides a factual statement about a fire incident at a homeless prevention support center and mentions the involvement o"
news,330,C,0,0,"Comment Type: Provide an Observation, Express Their Opinion Critique Category: Government Critique Response Category: Not applicable Perception Type: Not applicable Racist: No Reasoning: The comment observes the current approach to social issues and expresses an opinion on it, critiquing the role of"
news,331,C,0,0,"Comment Type: Provide an Observation, Express Others' Opinions Critique Category: Not Applicable Response Category: Not Applicable Perception Type: Media Portrayal, Harmful Generalization Racist: No Reasoning: The comment provides an observation about how a community member is contacted by people fa"
news,332,C,0,0,"Comment Type: Provide a Fact or Claim, Express Others' Opinions Critique Category: None Response Category: Solutions/Interventions Perception Type: None Racist: No Reasoning: The comment provides a factual statement about an organization's mission and its support for homeless women and victims of do"
news,333,C,0,0,"Comment Type: Provide a Fact or Claim, Express Others' Opinions Critique Category: None Response Category: Solutions/Interventions Perception Type: None Racist: No Reasoning: The comment provides a factual statement about an organization taking in women and children, and an observation about the num"
news,334,C,0,1,"Comment Type: Provide a Fact or Claim, Express Their Opinion Critique Category: Money Aid Allocation, Government Critique Response Category: Solutions/Interventions Perception Type: Not in my Backyard Racist: No Reasoning: The comment provides a factual statement about the Swedish government's spend"
news,335,C,0,1,"Comment Type: Provide a Fact or Claim, Express Others' Opinions Critique Category: Government Critique Response Category: Solutions/Interventions Perception Type: Not in my Backyard Racist: No Reasoning: The comment provides a factual statement about a government initiative to reduce homelessness an"
news,336,C,0,1,"Comment Type: Provide a Fact or Claim, Express Others' Opinions Critique Category: Money Aid Allocation Response Category: Solutions/Interventions Perception Type: Not in my Backyard Racist: No Reasoning: The comment provides a factual statement about a federal initiative to fight homelessness and e"
news,337,C,0,1,"Comment Type: Provide a Fact or Claim, Government Critique, Response Category: Solutions/Interventions Critique Category: Government Critique, Money Aid Allocation Perception Type: Not in my Backyard Racist: No Reasoning: The comment provides a factual statement about a government initiative to addr"
news,338,C,0,0,"Comment Type: Provide a Fact or Claim, Express Others' Opinions Critique Category: Government Critique Response Category: Not applicable Perception Type: Not applicable Racist: No Reasoning: The comment provides a factual claim about the ownership or control of properties by donors to the mayor, whi"
news,339,C,0,1,"Comment Type: Provide a Fact or Claim, Critique Category: Money Aid Allocation, Response Category: Solutions/Interventions, Perception Type: Not in my Backyard, Racist: No Reasoning: The comment provides a factual statement about the allocation of funds for affordable housing and mentions that the p"
news,340,C,0,0,"Comment Type: Provide a Fact or Claim Critique Category: None Response Category: None Perception Type: None Racist: No Reasoning: The text appears to be a title or header for a historical overview of an organization related to homelessness, but it does not contain enough information to classify it u"
news,341,C,0,1,"Comment Type: Provide a Fact or Claim, Express Others' Opinions Critique Category: Government Critique Response Category: Solutions/Interventions Perception Type: Not in my Backyard Racist: No Reasoning: The comment provides a factual claim about the number of migrants cleared from a shanty town and"
news,342,C,0,0,"Comment Type: Provide a Fact or Claim, Express Others' Opinions Critique Category: Government Critique Response Category: Solutions/Interventions Perception Type: Harmful Generalization, Deserving/Undeserving Racist: No Reasoning: The comment provides a factual statement about a homeless individual "
news,343,C,0,0,"Comment Type: Provide a Fact or Claim, Express Others' Opinions Critique Category: Money Aid Allocation, Government Critique Response Category: Solutions/Interventions Perception Type: None Racist: No Reasoning: The comment provides a factual statement about a government initiative to reduce homeles"
news,344,C,0,0,"Comment Type: Provide a Fact or Claim, Money Aid Allocation Critique Category: Money Aid Allocation Response Category: Solutions/Interventions Perception Type: Not applicable Racist: No Reasoning: The comment provides a factual statement about the allocation of funds for an affordable housing trust "
news,345,C,0,1,"Comment Type: Provide a Fact or Claim, Express Their Opinion Critique Category: Money Aid Allocation, Government Critique Response Category: Solutions/Interventions Perception Type: Not in my Backyard Racist: No Reasoning: The comment provides a factual claim about the lack of affordable housing in "
news,346,C,0,1,"Comment Type: Provide a Fact or Claim, Express Others' Opinions, Critique Category: Money Aid Allocation, Government Critique, Response Category: Solutions/Interventions, Perception Type: Not in my Backyard, Racist: No Reasoning: The comment provides a factual claim about the need for affordable hou"
news,347,C,0,1,"Comment Type: Provide an Observation, Express Their Opinion Critique Category: Government Critique Response Category: Solutions/Interventions Perception Type: Not in my Backyard Racist: No Reasoning: The comment provides an observation about a political interview and expresses an opinion about the t"
news,348,C,0,0,"Comment Type: Provide an Observation, Express Their Opinion Critique Category: None Response Category: Solutions/Interventions Perception Type: None Racist: No Reasoning: The comment provides an observation about the number of seniors becoming homeless and expresses an opinion about raising money to"
news,349,C,0,0,"Comment Type: Ask a Rhetorical Question, Express Others' Opinions Critique Category: Government Critique Response Category: Not applicable Perception Type: Harmful Generalization Racist: No Reasoning: The comment asks a rhetorical question about the priorities of Democrats and implies a harmful gene"
news,350,C,0,1,"Comment Type: Provide a Fact or Claim, Express Their Opinion Critique Category: Money Aid Allocation, Government Critique Response Category: Solutions/Interventions Perception Type: Not in my Backyard Racist: No Reasoning: The comment provides a factual statement about the reward offered and an opin"
news,351,C,0,1,"Comment Type: Provide a Fact or Claim, Express Others' Opinions Critique Category: Money Aid Allocation Response Category: Solutions/Interventions Perception Type: Not in my Backyard Racist: No Reasoning: The comment provides a factual statement about the grants benefiting veterans and expresses the"
news,352,C,0,1,"Comment Type: Provide a Fact or Claim, Express Others' Opinions Critique Category: Money Aid Allocation, Government Critique Response Category: Solutions/Interventions Perception Type: Not in my Backyard Racist: No Reasoning: The comment provides a factual statement about an organization announcing "
news,353,C,0,1,"Comment Type: Provide a Fact or Claim, Express Their Opinion Critique Category: Money Aid Allocation, Societal Critique Response Category: Solutions/Interventions Perception Type: Not in my Backyard Racist: No Reasoning: The comment provides a factual statement about families relying on relatives or"
news,354,C,0,0,"Comment Type: Provide a Fact or Claim, Express Their Opinion Critique Category: None Response Category: None Perception Type: Media Portrayal Racist: No Reasoning: The comment provides a factual statement about the identity of a homeless individual and expresses an opinion about his heroic status. I"
news,355,C,0,0,"Comment Type: Provide a Fact or Claim, Provide an Observation Critique Category: None Response Category: None Perception Type: None Racist: No Reasoning: The comment provides factual statistics about homelessness without asking a question, expressing an opinion, or making a critique. It does not sug"
news,356,C,0,0,"Comment Type: Provide a Fact or Claim, Express Their Opinion Critique Category: Government Critique, Societal Critique Response Category: Solutions/Interventions Perception Type: Harmful Generalization, Deserving/Undeserving Racist: No Reasoning: The comment provides a factual claim about a violent "
news,357,C,0,0,"Comment Type: Provide a Fact or Claim, Solutions/Interventions Critique Category: Money Aid Allocation Response Category: Solutions/Interventions Perception Type: Not applicable Racist: No Reasoning: The comment provides a factual statement about a grant for homeless veterans and discusses a specifi"
news,358,C,0,1,"Comment Type: Provide a Fact or Claim, Money Aid Allocation Critique Category: Government Critique Response Category: Solutions/Interventions Perception Type: Not in my Backyard Racist: No Reasoning: The comment provides a factual statement about the cost of emergency shelters for the homeless and t"
news,359,C,0,1,"Comment Type: Express Their Opinion, Provide an Observation, Government Critique, Societal Critique Critique Category: Government Critique, Societal Critique Response Category: Solutions/Interventions Perception Type: Harmful Generalization, Not in my Backyard Racist: No Reasoning: The comment expre"
news,360,C,0,0,"Comment Type: Provide an Observation, Express Others' Opinions Critique Category: None Response Category: Solutions/Interventions Perception Type: None Racist: No Reasoning: The comment observes the current situation and expresses the opinions of city officials, local outreach teams, and nonprofit o"
news,361,C,0,0,"Comment Type: Provide a Fact or Claim, Express Others' Opinions Critique Category: Government Critique, Societal Critique Response Category: Solutions/Interventions Perception Type: Media Portrayal, Deserving/Undeserving Racist: No Reasoning: The comment provides a factual statement about the organi"
news,362,C,0,0,"Comment Type: Ask a Rhetorical Question, Provide an Observation Critique Category: None Response Category: None Perception Type: None Racist: No Reasoning: The comment appears to be a heading or subheading that introduces a section about what various groups are saying about homelessness. It does not"
news,363,C,0,1,"Comment Type: Provide a Fact or Claim, Express Others' Opinions Critique Category: Not applicable Response Category: Solutions/Interventions Perception Type: Not in my Backyard Racist: No Reasoning: The comment provides a factual statement about the situation of migrant families and their need for s"
news,364,C,0,0,"Comment Type: Provide a Fact or Claim, Express Others' Opinions Critique Category: Money Aid Allocation Response Category: Solutions/Interventions Perception Type: None Racist: No Reasoning: The text provides a factual statement about the organization's efforts to create affordable housing units. It"
news,365,C,0,0,"Comment Type: Express Others' Opinions, Harmful Generalization Critique Category: No Response Category: No Perception Type: Harmful Generalization Racist: Yes Reasoning: The comment uses derogatory terms (""wetback"") and negative stereotypes (""Squatter"") to describe homeless individuals, which implie"
news,366,C,0,0,"Comment Type: Provide a Fact or Claim, Provide an Observation Critique Category: No Response Category: No Perception Type: No Racist: No Reasoning: The comment provides a factual statement about the challenges faced by families in a rural village, including food insecurity, lack of affordable housin"
news,367,C,0,1,"Comment Type: Provide a Fact or Claim, Express Others' Opinions Critique Category: Money Aid Allocation, Government Critique Response Category: Solutions/Interventions Perception Type: Not in my Backyard Racist: No Reasoning: The comment provides factual information about the current state of warmin"
news,368,C,0,0,"Comment Type: Provide a Fact or Claim, Express Others' Opinions Critique Category: None Response Category: Solutions/Interventions Perception Type: None Racist: No Reasoning: The comment provides factual information about resources and organizations helping the homeless, expresses opinions from othe"
news,369,C,0,1,"Comment Type: Provide a Fact or Claim, Ask a Rhetorical Question Critique Category: Money Aid Allocation Response Category: Solutions/Interventions Perception Type: Not in my Backyard Racist: No Reasoning: The comment provides a factual statement about the city's spending on homelessness and asks a "
news,370,C,0,0,"Comment Type: Provide an Observation, Express Others' Opinions Critique Category: None Response Category: Solutions/Interventions Perception Type: None Racist: No Reasoning: The comment provides an observation about the actions taken by county commissioners and city emergency managers in response to"
news,371,C,0,1,"Comment Type: Ask a Genuine Question, Provide a Fact or Claim Critique Category: Money Aid Allocation, Societal Critique Response Category: Solutions/Interventions Perception Type: Not in my Backyard Racist: No Reasoning: The comment asks a genuine question about addressing the needs of children and"
news,372,C,0,0,"Comment Type: Provide a Fact or Claim, Critique Category: Money Aid Allocation, Response Category: None, Perception Type: None, Racist: No Reasoning: The comment provides a factual statement about the cost of emergency shelters for both illegal migrants and the native homeless population. It does no"
news,373,C,0,1,"Comment Type: Provide a Fact or Claim, Express Others' Opinions Critique Category: Government Critique Response Category: Solutions/Interventions Perception Type: Not in my Backyard Racist: No Reasoning: The comment provides a factual statement about a policy decision by an organization and expresse"
news,374,C,0,0,"Comment Type: Provide a Fact or Claim, Solutions/Interventions Critique Category: Money Aid Allocation Response Category: Solutions/Interventions Perception Type: N/A Racist: No Reasoning: The comment provides a factual statement about a grant for homeless veterans and mentions a specific solution o"
news,375,C,0,1,"Comment Type: Provide a Fact or Claim, Express Their Opinion Critique Category: Government Critique Response Category: Solutions/Interventions Perception Type: Not in my Backyard Racist: No Reasoning: The comment provides a factual statement about the state's response to the pandemic and expresses a"
news,376,C,0,0,"Comment Type: Provide a Fact or Claim, Provide an Observation Critique Category: None Response Category: None Perception Type: Harmful Generalization, Deserving/Undeserving Racist: No Reasoning: The comment provides factual claims about the increase in homelessness and suicide attempts among adolesc"
news,377,C,0,0,"Comment Type: Provide a Fact or Claim, Express Their Opinion Critique Category: Government Critique Response Category: Not applicable Perception Type: Not applicable Racist: No Reasoning: The comment provides a factual claim about the shifting baseline syndrome and expresses an opinion about the imp"
news,378,C,0,0,Please provide the text of the news article or comment for analysis.
news,379,C,0,0,"Comment Type: Provide a Fact or Claim, Ask a Rhetorical Question Critique Category: Money Aid Allocation Response Category: Solutions/Interventions Perception Type: None Racist: No Reasoning: The comment provides a factual statement about a grant for financial assistance and asks a rhetorical questi"
news,380,C,0,0,"Comment Type: None Critique Category: None Response Category: None Perception Type: None Racist: No Reasoning: The text does not discuss homelessness or related issues, nor does it express any opinions, critiques, or perceptions about homelessness. It is a general statement about real estate investm"
news,381,C,0,0,"Comment Type: Provide a Fact or Claim, Express Others' Opinions Critique Category: None Response Category: Solutions/Interventions Perception Type: None Racist: No Reasoning: The comment provides a factual statement about the experiences of homeless individuals and their interactions with immigratio"
reddit,0,C,0,1,"Comment Type: Ask a Rhetorical Question, Express Others' Opinions Critique Category: Not Applicable Response Category: Not Applicable Perception Type: Not in my Backyard Racist: No Reasoning: The comment is asking a rhetorical question about police behavior towards panhandlers and expressing the opi"
reddit,1,C,0,1,"Comment Type: Express Their Opinion, Government Critique Critique Category: Government Critique Response Category: Solutions/Interventions Perception Type: Not in my Backyard Racist: No Reasoning: The comment expresses an opinion about the city's decision to allocate space for homeless shelters, cri"
reddit,2,C,0,0,"Comment Type: Provide an Observation, Express Others' Opinions Critique Category: Not Applicable Response Category: Not Applicable Perception Type: Personal Interaction, Media Portrayal Racist: No Reasoning: The comment provides an observation about a specific location and mentions interactions with"
reddit,3,C,0,0,"Comment Type: Provide a Fact or Claim, Express Their Opinion Critique Category: Societal Critique Response Category: Solutions/Interventions Perception Type: Harmful Generalization Racist: No Reasoning: The comment provides a factual claim about the needs of panhandlers and expresses an opinion on t"
reddit,4,C,0,0,"Comment Type: Provide an Observation, Express Their Opinion Critique Category: Money Aid Allocation, Government Critique Response Category: Solutions/Interventions Perception Type: Deserving/Undeserving Racist: No Reasoning: The comment observes a trend among some homeless individuals and expresses "
reddit,5,C,0,0,"Comment Type: Provide an Observation Critique Category: None Response Category: None Perception Type: Personal Interaction Racist: No Reasoning: The comment describes a personal observation of panhandlers coming to their door, which is an observation about homelessness. There is no indication of rac"
reddit,6,C,0,0,"Comment Type: Provide an Observation, Express Others' Opinions Critique Category: None Response Category: Solutions/Interventions Perception Type: None Racist: No Reasoning: The comment observes an organization's work and suggests they would help someone in need. It expresses an opinion about the or"
reddit,7,C,0,1,"Comment Type: Provide an Observation, Express Their Opinion, Provide a Fact or Claim Critique Category: Government Critique, Societal Critique Response Category: Solutions/Interventions Perception Type: Not in my Backyard Racist: No Reasoning: The comment discusses the homeless issue in a city, expr"
reddit,8,C,1,1,"Comment Type: Express Their Opinion, Provide an Observation Critique Category: Government Critique, Money Aid Allocation Response Category: Solutions/Interventions Perception Type: Not in my Backyard Racist: No Reasoning: The comment expresses an opinion about the overexaggeration of homelessness is"
reddit,9,C,0,0,"Comment Type: Express Others' Opinions Critique Category: None Response Category: None Perception Type: Media Portrayal Racist: No Reasoning: The comment expresses an opinion about another user's post, suggesting it is inflammatory and likely posted by an angry teenager. There is no explicit or impl"
reddit,10,C,1,1,"Comment Type: Provide an Observation, Express Their Opinion Critique Category: Government Critique, Societal Critique Response Category: Solutions/Interventions Perception Type: Harmful Generalization, Not in my Backyard Racist: No Reasoning: The comment observes the current situation of homeless in"
reddit,11,C,0,1,"Comment Type: Provide an Observation, Express Others' Opinions Critique Category: Money Aid Allocation, Government Critique Response Category: Solutions/Interventions Perception Type: Not in my Backyard Racist: No Reasoning: The comment provides observations about the differences between two organiz"
reddit,12,C,0,0,"Comment Type: Provide an Observation, Express Others' Opinions Critique Category: None Response Category: Solutions/Interventions Perception Type: Media Portrayal Racist: No Reasoning: The comment observes a community organization's actions and expresses the opinion that it includes people experienc"
reddit,13,C,0,1,"Comment Type: Ask a Genuine Question, Provide an Observation, Express Their Opinion Critique Category: None Response Category: Solutions/Interventions Perception Type: Not in my Backyard Racist: No Reasoning: The comment asks a genuine question and provides an observation about the fear and uncertai"
reddit,14,C,0,1,"Comment Type: Provide an Observation, Express Others' Opinions Critique Category: Not applicable Response Category: Solutions/Interventions Perception Type: Not in my Backyard Racist: No Reasoning: The comment provides an observation about the location of homeless shelters and expresses the opinion "
reddit,15,C,1,1,"Comment Type: Express Others' Opinions, Express Their Opinion Critique Category: Not Applicable Response Category: Solutions/Interventions Perception Type: Not in my Backyard, Harmful Generalization Racist: No Reasoning: The comment expresses the opinions of others who are opposed to having homeless"
reddit,16,C,0,0,"Comment Type: Provide an Observation, Express Their Opinion Critique Category: Not applicable Response Category: Not applicable Perception Type: Not applicable Racist: No Reasoning: The comment observes a situation and expresses an opinion about it, but does not make any observations, critiques, or "
reddit,17,C,1,1,"Comment Type: Provide an Observation, Express Their Opinion Critique Category: Not applicable Response Category: Not applicable Perception Type: Harmful Generalization, Not in my Backyard Racist: No Reasoning: The comment expresses concern about the type of homeless individuals present in a neighbor"
reddit,18,C,0,1,"Comment Type: Provide an Observation, Express Their Opinion Critique Category: Not applicable Response Category: Solutions/Interventions Perception Type: Not in my Backyard Racist: No Reasoning: The comment provides an observation about the situation and expresses the observer's opinion. It also sug"
reddit,19,C,0,1,"Comment Type: Provide an Observation, Express Their Opinion Critique Category: Government Critique, Societal Critique Response Category: Solutions/Interventions Perception Type: Deserving/Undeserving, Not in my Backyard Racist: No Reasoning: The comment provides an observation about the behavior of "
reddit,20,C,0,1,"Comment Type: Provide an Observation, Express Others' Opinions Critique Category: Government Critique, Societal Critique Response Category: Solutions/Interventions Perception Type: Not in my Backyard Racist: No Reasoning: The comment provides an observation of a community meeting and expresses opini"
reddit,21,C,0,1,"Comment Type: Provide an Observation, Express Their Opinion Critique Category: Solutions/Interventions Response Category: Solutions/Interventions Perception Type: Not in my Backyard Racist: No Reasoning: The comment provides an observation about a housing project and expresses an opinion about the a"
reddit,22,C,0,0,"Comment Type: Ask a Genuine Question, Provide an Observation Critique Category: None Response Category: None Perception Type: Personal Interaction Racist: No Reasoning: The comment expresses a personal struggle with the issue of homelessness and acknowledges the existence of shelters, as well as the"
reddit,23,C,0,1,"Comment Type: Provide a Fact or Claim, Express Their Opinion, Government Critique Critique Category: Money Aid Allocation, Government Critique Response Category: Solutions/Interventions Perception Type: Not in my Backyard Racist: No Reasoning: The comment provides a factual statement about the numbe"
reddit,24,C,0,1,"Comment Type: Provide an Observation, Ask a Genuine Question Critique Category: None Response Category: Solutions/Interventions Perception Type: Not in my Backyard Racist: No Reasoning: The comment observes a situation where 25 homeless individuals were sent to an organization and asks for clarifica"
reddit,25,C,0,1,"Comment Type: Provide a Fact or Claim, Ask a Rhetorical Question Critique Category: Money Aid Allocation Response Category: Solutions/Interventions Perception Type: Not in my Backyard Racist: No Reasoning: The comment provides a factual statement about the city funding transitional housing for homel"
reddit,26,C,0,0,"Comment Type: Provide an Observation, Express Others' Opinions Critique Category: Not applicable Response Category: Not applicable Perception Type: Media Portrayal, Harmful Generalization Racist: No Reasoning: The comment provides an observation about homelessness in different regions and expresses "
reddit,27,C,0,1,"Comment Type: Provide an Observation, Express Their Opinion Critique Category: Government Critique, Societal Critique Response Category: Solutions/Interventions Perception Type: Harmful Generalization, Not in my Backyard Racist: No Reasoning: The comment provides an observation of homelessness in th"
reddit,28,C,0,0,"Comment Type: Ask a Genuine Question, Provide an Observation, Express Their Opinion Critique Category: Government Critique, Societal Critique Response Category: Solutions/Interventions Perception Type: Harmful Generalization, Deserving/Undeserving Racist: No Reasoning: The comment asks a genuine que"
reddit,29,C,0,1,"Comment Type: Provide an Observation, Express Others' Opinions Critique Category: Not applicable Response Category: Not applicable Perception Type: Not in my Backyard Racist: No Reasoning: The comment expresses an observation about the location of a homeless encampment and an opinion that such an en"
reddit,30,C,0,0,"Comment Type: Provide an Observation, Express Others' Opinions Critique Category: None Response Category: None Perception Type: Media Portrayal Racist: No Reasoning: The comment observes the presence of various institutions or ministries that deal with homelessness, which can be seen as an observati"
reddit,31,C,0,0,"Comment Type: Provide an Observation, Ask a Rhetorical Question Critique Category: None Response Category: None Perception Type: Media Portrayal Racist: No Reasoning: The comment describes a common observation about homelessness and poses a rhetorical question about the risks of storing belongings, "
reddit,32,C,1,1,"Comment Type: Ask a Rhetorical Question, Provide an Observation, Express Their Opinion Critique Category: Government Critique, Societal Critique Response Category: Solutions/Interventions Perception Type: Not in my Backyard, Harmful Generalization Racist: No Reasoning: The comment asks rhetorical qu"
reddit,33,C,0,0,"Comment Type: Provide an Observation, Provide a Fact or Claim Critique Category: None Response Category: None Perception Type: None Racist: No Reasoning: The comment provides a list of places where homeless individuals can access food and services, which is an observation or fact. It does not contai"
reddit,34,C,0,0,"Comment Type: Provide an Observation, Express Others' Opinions Critique Category: Government Critique, Societal Critique Response Category: Not applicable Perception Type: Harmful Generalization Racist: No Reasoning: The comment observes a negative outcome related to homelessness and criticizes the "
reddit,35,C,0,0,"Comment Type: Provide an Observation, Express Others' Opinions Critique Category: Not applicable Response Category: Solutions/Interventions Perception Type: Not applicable Racist: No Reasoning: The comment suggests a solution to homelessness by converting housing, which is an observation of a potent"
reddit,36,C,1,0,"Comment Type: Provide an Observation, Express Their Opinion Critique Category: Not in my Backyard Response Category: Solutions/Interventions Perception Type: Harmful Generalization Racist: No Reasoning: The comment observes the situation in warming shelters and expresses an opinion about the behavio"
reddit,37,C,0,0,"Comment Type: Provide an Observation Critique Category: None Response Category: None Perception Type: Media Portrayal Racist: No Reasoning: The comment is an observation about someone's performance at a homelessness-related event, likely referring to the ""Lipsync for Life"" event. There is no indicat"
reddit,38,C,0,0,"Comment Type: Provide a Fact or Claim, Express Their Opinion Critique Category: None Response Category: Solutions/Interventions Perception Type: Harmful Generalization Racist: No Reasoning: The comment provides a factual claim about the availability of shelter beds and expresses an opinion about the"
reddit,39,C,0,0,"Comment Type: Provide an Observation, Express Their Opinion Critique Category: Not applicable Response Category: Not applicable Perception Type: Personal Interaction Racist: No Reasoning: The comment provides an observation about the homeless population and expresses the observer's opinion, indicati"
reddit,40,C,0,0,"Comment Type: Provide an Observation, Express Their Opinion Critique Category: Not applicable Response Category: Not applicable Perception Type: Personal Interaction Racist: No Reasoning: The comment provides an observation about a specific individual's situation and expresses an opinion about their"
reddit,41,C,0,0,"Comment Type: Express Their Opinion, Provide an Observation Critique Category: Government Critique, Societal Critique Response Category: Solutions/Interventions Perception Type: Deserving/Undeserving, Harmful Generalization Racist: No Reasoning: The comment expresses an opinion about the challenges "
reddit,42,C,0,0,"Comment Type: Express Their Opinion, Express Others' Opinions Critique Category: Not Applicable Response Category: Not Applicable Perception Type: Media Portrayal, Harmful Generalization Racist: No Reasoning: The comment expresses an opinion about a homeless camp and describes it negatively, suggest"
reddit,43,C,0,1,"Comment Type: Provide a Fact or Claim, Ask a Rhetorical Question Critique Category: Money Aid Allocation, Government Critique Response Category: Solutions/Interventions Perception Type: Not in my Backyard Racist: No Reasoning: The comment provides a factual claim about the cost of removing a homeles"
reddit,44,C,0,1,"Comment Type: Provide an Observation, Express Others' Opinions Critique Category: Government Critique, Societal Critique Response Category: Solutions/Interventions Perception Type: Not in my Backyard Racist: No Reasoning: The comment observes that certain places do not have institutions for homeless"
reddit,45,C,0,1,"Comment Type: Provide a Fact or Claim, Express Their Opinion Critique Category: Government Critique, Societal Critique Response Category: Solutions/Interventions Perception Type: Not in my Backyard, Harmful Generalization Racist: No Reasoning: The comment provides a factual statement about the effec"
reddit,46,C,1,1,"Comment Type: Express Others' Opinions, Express Their Opinion Critique Category: Not Applicable Response Category: Solutions/Interventions Perception Type: Harmful Generalization, Not in my Backyard Racist: No Reasoning: The comment expresses the opinions of others and the commenter themselves about"
reddit,47,C,1,1,"Comment Type: Provide an Observation, Express Their Opinion Critique Category: Not applicable Response Category: Solutions/Interventions Perception Type: Personal Interaction, Not in my Backyard Racist: No Reasoning: The comment provides an observation about personal interactions with homelessness a"
reddit,48,C,0,1,"Comment Type: Provide an Observation, Express Their Opinion Critique Category: Not applicable Response Category: Solutions/Interventions Perception Type: Not in my Backyard, Harmful Generalization Racist: No Reasoning: The comment provides an observation about working with homeless people and expres"
reddit,49,C,0,0,"Comment Type: Provide an Observation, Express Their Opinion Critique Category: Not applicable Response Category: Solutions/Interventions Perception Type: Not applicable Racist: No Reasoning: The comment provides an observation about a specific policy and its impact, expresses an opinion on the trade"
reddit,50,C,0,0,"Comment Type: Express Their Opinion, Provide an Observation Critique Category: Government Critique, Societal Critique Response Category: Solutions/Interventions Perception Type: Harmful Generalization, Deserving/Undeserving Racist: No Reasoning: The comment expresses strong opinions about the action"
reddit,51,C,0,0,"Comment Type: Ask a Rhetorical Question, Provide an Observation Critique Category: Government Critique, Societal Critique Response Category: Solutions/Interventions Perception Type: Deserving/Undeserving Racist: No Reasoning: The comment poses a rhetorical question and makes an observation about the"
reddit,52,C,0,1,"Comment Type: Ask a Genuine Question, Provide an Observation Critique Category: None Response Category: None Perception Type: Not in my Backyard Racist: No Reasoning: The comment is an observation about a distribution of gift cards to homeless people and asks a genuine question about the distributio"
reddit,53,C,0,0,"Comment Type: Provide an Observation, Express Their Opinion Critique Category: None Response Category: Solutions/Interventions Perception Type: Personal Interaction Racist: No Reasoning: The comment provides an observation about the author's personal experience with addiction and their current job i"
reddit,54,C,0,1,"Comment Type: Express Their Opinion, Provide a Fact or Claim Critique Category: Solutions/Interventions Response Category: Solutions/Interventions Perception Type: Not in my Backyard Racist: No Reasoning: The comment expresses the opinion that creating a local movement to end poverty is a solution t"
reddit,55,C,0,1,"Comment Type: Provide a Fact or Claim, Ask a Genuine Question Critique Category: Money Aid Allocation Response Category: Solutions/Interventions Perception Type: Not in my Backyard Racist: No Reasoning: The comment provides a factual statement about Catholic charities' past practices regarding homel"
reddit,56,C,0,0,"Comment Type: Express Others' Opinions, Express Their Opinion Critique Category: Societal Critique Response Category: None Perception Type: Harmful Generalization, Deserving/Undeserving Racist: No Reasoning: The comment expresses opinions about homeless individuals and drug users, suggesting they ar"
reddit,57,C,0,0,"Comment Type: Express Their Opinion, Express Others' Opinions Critique Category: None Response Category: None Perception Type: Harmful Generalization, Deserving/Undeserving Racist: No Reasoning: The comment expresses the commenter's opinion and describes the perceived actions of a homeless advocate."
reddit,58,C,0,0,"Comment Type: Provide an Observation, Express Their Opinion Critique Category: None Response Category: Solutions/Interventions Perception Type: Deserving/Undeserving, Harmful Generalization Racist: No Reasoning: The comment provides observations about the lack of resources and services for homeless "
reddit,59,C,0,0,"Comment Type: Ask a Genuine Question, Provide a Fact or Claim Critique Category: Government Critique Response Category: Solutions/Interventions Perception Type: Deserving/Undeserving Racist: No Reasoning: The comment asks a genuine question about the existence of chronically homeless individuals in "
reddit,60,C,0,0,"Comment Type: Provide an Observation, Express Their Opinion Critique Category: None Response Category: Solutions/Interventions Perception Type: Personal Interaction, Harmful Generalization Racist: No Reasoning: The comment provides an observation based on personal experience and expresses an opinion"
reddit,61,C,0,1,"Comment Type: Provide a Fact or Claim, Express Their Opinion Critique Category: Money Aid Allocation, Government Critique Response Category: Solutions/Interventions Perception Type: Not in my Backyard Racist: No Reasoning: The comment discusses the need for accountability in the allocation of funds "
reddit,62,C,0,0,"Comment Type: Ask a Rhetorical Question, Provide a Fact or Claim, Express Their Opinion Critique Category: Government Critique, Societal Critique Response Category: Solutions/Interventions Perception Type: Harmful Generalization, Deserving/Undeserving Racist: No Reasoning: The comment questions the "
reddit,63,C,0,1,"Comment Type: Provide an Observation, Express Others' Opinions Critique Category: Not applicable Response Category: Solutions/Interventions Perception Type: Not in my Backyard, Deserving/Undeserving Racist: No Reasoning: The comment provides an observation about the local homeless situation and ment"
reddit,64,C,0,1,"Comment Type: Provide an Observation, Express Their Opinion Critique Category: Not Applicable Response Category: Solutions/Interventions Perception Type: Not in my Backyard, Harmful Generalization Racist: No Reasoning: The comment provides an observation about the living conditions and mentions that"
reddit,65,C,0,0,"Comment Type: Provide an Observation, Express Their Opinion Critique Category: Solutions/Interventions, Government Critique Response Category: Solutions/Interventions Perception Type: Harmful Generalization, Deserving/Undeserving Racist: No Reasoning: The comment observes a situation at an organizat"
reddit,66,C,0,0,"Comment Type: Express Their Opinion, Provide an Observation Critique Category: None Response Category: Solutions/Interventions Perception Type: Harmful Generalization, Deserving/Undeserving Racist: No Reasoning: The comment expresses the commenter's opinion about discrimination and their personal st"
reddit,67,C,0,1,"Comment Type: Express Others' Opinions, Express Their Opinion Critique Category: None Response Category: None Perception Type: Not in my Backyard Racist: No Reasoning: The comment expresses a sentiment that the speaker misses the presence of homeless individuals, suggesting a local issue (""bro"" and "
reddit,68,C,0,1,"Comment Type: Provide a Fact or Claim, Express Their Opinion Critique Category: Government Critique Response Category: Solutions/Interventions Perception Type: Not in my Backyard Racist: No Reasoning: The comment provides a factual claim about the worsening of homelessness since a certain organizati"
reddit,69,C,0,0,"Comment Type: Provide an Observation, Express Others' Opinions Critique Category: None Response Category: None Perception Type: Personal Interaction Racist: No Reasoning: The comment provides an observation about a pastor doing homeless outreach and describes a positive atmosphere, which can be seen"
reddit,70,C,0,0,"Comment Type: Ask a Rhetorical Question, Provide an Observation, Express Their Opinion Critique Category: Government Critique, Societal Critique Response Category: Solutions/Interventions Perception Type: Harmful Generalization, Deserving/Undeserving Racist: No Reasoning: The comment raises question"
reddit,71,C,0,0,"Comment Type: Provide an Observation, Express Their Opinion Critique Category: None Response Category: None Perception Type: Harmful Generalization Racist: No Reasoning: The comment makes a generalization about homeless individuals needing pots and pans, which can be seen as a harmful stereotype. Ho"
reddit,72,C,0,1,"Comment Type: Provide an Observation, Express Their Opinion Critique Category: None Response Category: None Perception Type: Media Portrayal, Not in my Backyard Racist: No Reasoning: The comment provides an observation about the visibility of homeless individuals based on weather conditions and expr"
reddit,73,C,0,1,"Comment Type: Provide a Fact or Claim, Express Their Opinion, Critique Category: Money Aid Allocation, Government Critique, Response Category: Solutions/Interventions, Perception Type: Not in my Backyard, Racist: No Reasoning: The commenter provides a factual claim about grant distributions and expr"
reddit,74,C,0,1,"Comment Type: Express Their Opinion, Provide an Observation, Government Critique, Societal Critique Critique Category: Government Critique, Societal Critique Response Category: Solutions/Interventions Perception Type: Not in my Backyard, Harmful Generalization Racist: No Reasoning: The comment expre"
reddit,75,C,0,0,"Comment Type: Provide an Observation, Provide a Fact or Claim Critique Category: Not applicable Response Category: Solutions/Interventions Perception Type: Not applicable Racist: No Reasoning: The comment is an observation or a fact about the need for affordable housing, which is a common issue rela"
reddit,76,C,0,1,"Comment Type: Ask a Rhetorical Question, Provide an Observation, Express Their Opinion Critique Category: Government Critique, Money Aid Allocation Response Category: Solutions/Interventions Perception Type: Not in my Backyard, Harmful Generalization Racist: No Reasoning: The comment asks rhetorical"
reddit,77,C,0,0,"Comment Type: Express Their Opinion, Provide an Observation Critique Category: None Response Category: Solutions/Interventions Perception Type: Harmful Generalization, Deserving/Undeserving Racist: No Reasoning: The comment expresses the speaker's opinion about another person's actions and observati"
reddit,78,C,0,0,"Comment Type: Provide a Fact or Claim, Express Others' Opinions Critique Category: None Response Category: Solutions/Interventions Perception Type: Deserving/Undeserving, Harmful Generalization Racist: No Reasoning: The comment provides factual information about the challenges faced by homeless indi"
reddit,79,C,0,0,"Comment Type: Provide an Observation, Express Others' Opinions Critique Category: Government Critique, Societal Critique Response Category: Solutions/Interventions Perception Type: Harmful Generalization, Deserving/Undeserving Racist: No Reasoning: The comment provides an observation about a homeles"
reddit,80,C,0,0,"Comment Type: Provide a Fact or Claim, Express Others' Opinions Critique Category: None Response Category: Solutions/Interventions Perception Type: None Racist: No Reasoning: The comment provides a factual statement about activists explaining their work and does not engage in any critique, propose a"
reddit,81,C,0,1,"Comment Type: Provide a Fact or Claim, Express Their Opinion Critique Category: Money Aid Allocation, Government Critique Response Category: Solutions/Interventions Perception Type: Not in my Backyard Racist: No Reasoning: The comment provides a factual statement about the difficulty of accessing em"
reddit,82,C,0,0,"Comment Type: Express Others' Opinions, Express Their Opinion Critique Category: Money Aid Allocation, Societal Critique Response Category: None Perception Type: Harmful Generalization Racist: No Reasoning: The comment expresses opinions about a person who posted a picture of a man who overdosed, su"
reddit,83,C,0,0,"Comment Type: Express Their Opinion, Express Others' Opinions Critique Category: Government Critique, Societal Critique Response Category: Solutions/Interventions Perception Type: Harmful Generalization, Deserving/Undeserving Racist: No Reasoning: The comment expresses the speaker's opinion and desc"
reddit,84,C,0,1,"Comment Type: Provide an Observation, Express Others' Opinions Critique Category: Government Critique, Societal Critique Response Category: Solutions/Interventions Perception Type: Not in my Backyard, Harmful Generalization Racist: No Reasoning: The comment observes issues with the organization's op"
reddit,85,C,0,0,"Comment Type: Provide an Observation, Ask a Genuine Question Critique Category: No Response Category: No Perception Type: Media Portrayal Racist: No Reasoning: The comment provides an observation about a homeless campout and asks for the location of specific facilities, but does not engage in any fo"
reddit,86,C,0,1,"Comment Type: Provide an Observation, Express Their Opinion Critique Category: Not applicable Response Category: Not applicable Perception Type: Not in my Backyard, Harmful Generalization Racist: No Reasoning: The comment describes the author's personal experience and opinion about homeless individu"
reddit,87,C,0,0,"Comment Type: Ask a Genuine Question, Provide an Observation Critique Category: None Response Category: Solutions/Interventions Perception Type: None Racist: No Reasoning: The comment asks a genuine question about conducting first-person research and provides an observation about the difficulty of i"
reddit,88,C,0,1,"Comment Type: Ask a Rhetorical Question, Provide a Fact or Claim Critique Category: Government Critique Response Category: Solutions/Interventions Perception Type: Not in my Backyard Racist: No Reasoning: The comment is asking a rhetorical question about the effectiveness of a program and its compli"
reddit,89,C,0,1,"Comment Type: Provide an Observation, Express Their Opinion Critique Category: Not Applicable Response Category: Not Applicable Perception Type: Not in my Backyard, Harmful Generalization Racist: No Reasoning: The comment expresses negative opinions about the area, including crime, gang violence, an"
reddit,90,C,0,1,"Comment Type: Ask a Rhetorical Question, Provide an Observation, Express Their Opinion Critique Category: Not Applicable Response Category: Solutions/Interventions Perception Type: Not in my Backyard Racist: No Reasoning: The comment poses a rhetorical question and makes an observation about homeles"
reddit,91,C,0,0,"Comment Type: Ask a Rhetorical Question, Provide a Fact or Claim Critique Category: Money Aid Allocation Response Category:  Perception Type: Harmful Generalization Racist: No Reasoning: The comment is asking a rhetorical question and providing a fact about the minimum wage, which can be seen as a c"
reddit,92,C,0,1,"Comment Type: Provide an Observation, Express Others' Opinions Critique Category: Not applicable Response Category: Not applicable Perception Type: Not in my Backyard Racist: No Reasoning: The comment provides an observation about the perception of homelessness within a specific organization and exp"
reddit,93,C,0,0,"Comment Type: Ask a Genuine Question, Provide an Observation Critique Category: Not Applicable Response Category: Solutions/Interventions Perception Type: Media Portrayal, Harmful Generalization Racist: No Reasoning: The comment asks a genuine question about the location of the ""bad side of town"" an"
reddit,94,C,0,0,"Comment Type: Provide a Fact or Claim, Express Their Opinion Critique Category: Money Aid Allocation, Government Critique Response Category: Solutions/Interventions Perception Type: Harmful Generalization, Deserving/Undeserving Racist: No Reasoning: The comment provides factual information about a c"
reddit,95,C,0,0,Comment Type: Express Their Opinion Critique Category: None Response Category: None Perception Type: Harmful Generalization Racist: No Reasoning: The comment expresses a negative opinion about people experiencing homelessness and suggests that giving them money perpetuates their situation. While the
reddit,96,C,0,0,"Comment Type: Ask a Genuine Question, Provide an Observation Critique Category: None Response Category: Solutions/Interventions Perception Type: None Racist: No Reasoning: The comment is asking genuine questions about the process of referrals for homelessness and treatment waiting times. It does not"
reddit,97,C,0,1,"Comment Type: Provide a Fact or Claim, Provide an Observation Critique Category: Money Aid Allocation Response Category: Solutions/Interventions Perception Type: Not in my Backyard Racist: No Reasoning: The comment provides factual information about the allocation and use of funds for homelessness p"
reddit,98,C,0,0,"Comment Type: Ask a Rhetorical Question, Provide an Observation, Express Their Opinion Critique Category: Not Applicable Response Category: Solutions/Interventions Perception Type: Personal Interaction, Harmful Generalization Racist: No Reasoning: The comment asks a rhetorical question about the imp"
reddit,99,C,0,0,"Comment Type: Express Others' Opinions, Harmful Generalization Critique Category: None Response Category: None Perception Type: Deserving/Undeserving Racist: No Reasoning: The comment expresses the speaker's opinion that some homeless individuals are not genuinely in need but are instead exploiting "
reddit,100,C,0,1,"Comment Type: Provide a Fact or Claim, Express Their Opinion Critique Category: Government Critique, Societal Critique Response Category: Solutions/Interventions Perception Type: Not in my Backyard Racist: No Reasoning: The comment provides a factual statement about the social worker's role and expr"
reddit,101,C,1,1,"Comment Type: Provide an Observation, Express Others' Opinions Critique Category: Not applicable Response Category: Solutions/Interventions Perception Type: Not in my Backyard Racist: No Reasoning: The comment observes a common issue of homeless people in parks and expresses the desire of others to "
reddit,102,C,0,1,"Comment Type: Ask a Rhetorical Question, Provide a Fact or Claim, Express Their Opinion Critique Category: Money Aid Allocation, Government Critique Response Category: Solutions/Interventions Perception Type: Not in my Backyard Racist: No Reasoning: The comment asks a rhetorical question about wealt"
reddit,103,C,0,1,"Comment Type: Ask a Rhetorical Question, Express Their Opinion Critique Category: Not Applicable Response Category: Solutions/Interventions Perception Type: Not in my Backyard, Harmful Generalization Racist: No Reasoning: The comment asks a rhetorical question to highlight the speaker's opinion that"
reddit,104,C,0,0,"Comment Type: Express Their Opinion, Government Critique Critique Category: Government Critique Response Category: Solutions/Interventions Perception Type: Harmful Generalization Racist: No Reasoning: The comment expresses an opinion about police actions and suggests that addressing personal issues "
reddit,105,C,0,1,"Comment Type: Provide an Observation, Express Others' Opinions Critique Category: Not Applicable Response Category: Solutions/Interventions Perception Type: Not in my Backyard Racist: No Reasoning: The comment observes a situation where a homeless center was shut down and the homeless individuals we"
reddit,106,C,0,0,"Comment Type: Provide an Observation, Express Others' Opinions Critique Category: No Response Category: No Perception Type: Personal Interaction, Media Portrayal Racist: No Reasoning: The comment provides an observation of personal interactions with homeless individuals and their experiences. It als"
reddit,107,C,0,0,"Comment Type: Provide a Fact or Claim, Ask a Rhetorical Question Critique Category: None Response Category: None Perception Type: None Racist: No Reasoning: The comment provides a factual statement about the trickle effect of homelessness and asks a rhetorical question by referencing rumors, but doe"
reddit,108,C,0,1,"Comment Type: Provide an Observation, Express Others' Opinions Critique Category: Not applicable Response Category: Solutions/Interventions Perception Type: Not in my Backyard, Harmful Generalization Racist: No Reasoning: The comment provides an observation about the situation of homelessness in a r"
reddit,109,C,0,1,"Comment Type: Ask a Genuine Question, Provide an Observation Critique Category: None Response Category: None Perception Type: Not in my Backyard Racist: No Reasoning: The comment is asking for a metro area without a homeless population, which is an observation. It also implies a desire to live in an"
reddit,110,C,0,1,"Comment Type: Provide an Observation, Express Others' Opinions Critique Category: Not applicable Response Category: Solutions/Interventions Perception Type: Not in my Backyard Racist: No Reasoning: The comment provides an observation about the delays in homelessness solutions and expresses the frust"
reddit,111,C,0,1,"Comment Type: Provide a Fact or Claim, Express Their Opinion Critique Category: Money Aid Allocation, Government Critique Response Category: Solutions/Interventions Perception Type: Not in my Backyard Racist: No Reasoning: The comment provides a factual claim about the challenges of providing housin"
reddit,112,C,0,0,"Comment Type: Ask a Rhetorical Question, Provide a Fact or Claim, Express Their Opinion Critique Category: Government Critique, Money Aid Allocation Response Category: Solutions/Interventions Perception Type: Harmful Generalization, Deserving/Undeserving Racist: No Reasoning: The comment asks rhetor"
reddit,113,C,0,0,"Comment Type: Ask a Genuine Question, Provide an Observation Critique Category: No Response Category: No Perception Type: Personal Interaction Racist: No Reasoning: The comment is a genuine question seeking to understand common scenarios leading to homelessness. It does not critique any specific pol"
reddit,114,C,0,0,"Comment Type: Express Their Opinion, Ask a Rhetorical Question Critique Category: None Response Category: None Perception Type: Harmful Generalization Racist: No Reasoning: The comment expresses a critical opinion and a rhetorical question, suggesting a negative perception of homelessness without ma"
reddit,115,C,0,0,"Comment Type: Provide an Observation, Express Their Opinion Critique Category: Government Critique, Societal Critique Response Category: Solutions/Interventions Perception Type: Deserving/Undeserving, Harmful Generalization Racist: No Reasoning: The comment provides an observation about the resource"
reddit,116,C,0,0,"Comment Type: Provide an Observation, Express Their Opinion Critique Category: No Response Category: Solutions/Interventions Perception Type: Deserving/Undeserving, Harmful Generalization Racist: No Reasoning: The comment provides an observation about the historical context of homelessness and expre"
reddit,117,C,0,0,"Comment Type: Ask a Rhetorical Question, Provide a Fact or Claim, Express Their Opinion Critique Category: Government Critique, Societal Critique Response Category: Solutions/Interventions Perception Type: Harmful Generalization, Deserving/Undeserving Racist: No Reasoning: The comment asks a rhetori"
reddit,118,C,0,0,"Comment Type: Ask a Rhetorical Question, Provide an Observation, Express Their Opinion Critique Category: None Response Category: Solutions/Interventions Perception Type: Harmful Generalization, Deserving/Undeserving Racist: No Reasoning: The comment asks a rhetorical question about the need for a c"
reddit,119,C,0,1,"Comment Type: Provide a Fact or Claim, Ask a Rhetorical Question Critique Category: Money Aid Allocation, Government Critique Response Category: Solutions/Interventions Perception Type: Not in my Backyard Racist: No Reasoning: The comment provides a factual statement about the cost of homelessness s"
reddit,120,C,0,0,"Comment Type: Provide an Observation, Express Their Opinion Critique Category: Not Applicable Response Category: Solutions/Interventions Perception Type: Harmful Generalization, Deserving/Undeserving Racist: No Reasoning: The comment provides an observation about problematic tenants and expresses an"
reddit,121,C,0,0,"Comment Type: Ask a Rhetorical Question, Express Their Opinion Critique Category: None Response Category: Solutions/Interventions Perception Type: Deserving/Undeserving Racist: No Reasoning: The comment asks a rhetorical question to challenge the idea of buying from a ""slum lord"" and expresses an op"
reddit,122,C,0,1,"Comment Type: Provide an Opinion, Express Others' Opinions Critique Category: Government Critique Response Category: Solutions/Interventions Perception Type: Not in my Backyard Racist: No Reasoning: The comment expresses an opinion about policies and ideas related to homelessness, suggesting that gi"
reddit,123,C,0,0,"Comment Type: Provide an Observation, Express Their Opinion Critique Category: Not applicable Response Category: Not applicable Perception Type: Personal Interaction, Harmful Generalization Racist: No Reasoning: The comment describes a personal interaction with homelessness and expresses a negative "
reddit,124,C,0,1,"Comment Type: Provide an Observation, Express Their Opinion Critique Category: Government Critique, Societal Critique Response Category: Solutions/Interventions Perception Type: Deserving/Undeserving, Not in my Backyard Racist: No Reasoning: The comment provides an observation about the current stat"
reddit,125,C,0,0,"Comment Type: Provide a Fact or Claim, Provide an Observation, Solutions/Interventions Critique Category: No Response Category: Solutions/Interventions Perception Type: No Racist: No Reasoning: The comment provides a factual statement about an organization that helps the homeless, shares an observat"
reddit,126,C,0,0,"Comment Type: Ask a Rhetorical Question, Express Their Opinion Critique Category: Societal Critique Response Category: No Response Category Applies Perception Type: Harmful Generalization, Deserving/Undeserving Racist: No Reasoning: The comment asks a rhetorical question to challenge the idea that c"
reddit,127,C,0,0,"Comment Type: Ask a Genuine Question, Provide an Observation Critique Category: None Response Category: Solutions/Interventions Perception Type: None Racist: No Reasoning: The comment is asking for an example of a city effectively addressing homelessness, which is a genuine question. It does not cri"
reddit,128,C,0,0,"Comment Type: Provide an Observation, Express Others' Opinions Critique Category: Not applicable Response Category: Not applicable Perception Type: Media Portrayal, Harmful Generalization Racist: No Reasoning: The comment provides an observation about the homelessness problem in a city and expresses"
reddit,129,C,0,0,"Comment Type: Ask a Rhetorical Question, Express Their Opinion Critique Category: None Response Category: Solutions/Interventions Perception Type: Harmful Generalization Racist: No Reasoning: The comment primarily asks a rhetorical question and expresses an opinion about the correlation between bike"
reddit,130,C,0,0,"Comment Type: Ask a Genuine Question, Express Their Opinion Critique Category: None Response Category: Solutions/Interventions Perception Type: None Racist: No Reasoning: The comment is a genuine question about solutions to homelessness and an opinion about potentially having ideas if given the oppo"
reddit,131,C,0,1,"Comment Type: Provide an Observation, Express Their Opinion, Express Others' Opinions Critique Category: Government Critique, Money Aid Allocation Response Category: Solutions/Interventions Perception Type: Harmful Generalization, Not in my Backyard Racist: No Reasoning: The comment provides an obse"
reddit,132,C,0,1,"Comment Type: Ask a Genuine Question, Ask a Rhetorical Question, Provide an Observation Critique Category: Money Aid Allocation, Government Critique Response Category: Solutions/Interventions Perception Type: Not in my Backyard Racist: No Reasoning: The comment asks a genuine question about maintena"
reddit,133,C,0,1,"Comment Type: Express Their Opinion, Express Others' Opinions Critique Category: Government Critique, Societal Critique Response Category: None Perception Type: Harmful Generalization, Not in my Backyard Racist: No Reasoning: The comment expresses the opinion of the author and references the views o"
reddit,134,C,0,1,"Comment Type: Ask a Rhetorical Question, Provide an Observation Critique Category: Government Critique Response Category: Solutions/Interventions Perception Type: Not in my Backyard Racist: No Reasoning: The comment is asking a rhetorical question about the connection between a shutdown and an incre"
reddit,135,C,0,0,"Comment Type: Express Their Opinion, Express Others' Opinions Critique Category: None Response Category: None Perception Type: Deserving/Undeserving Racist: No Reasoning: The comment expresses an opinion about helping homeless individuals become more stable and productive, and also references anothe"
reddit,136,C,0,1,"Comment Type: Ask a Rhetorical Question, Provide a Fact or Claim Critique Category: Government Critique Response Category: Solutions/Interventions Perception Type: Not in my Backyard Racist: No Reasoning: The comment asks a rhetorical question about the capabilities of individuals versus governments"
reddit,137,C,0,0,"Comment Type: Provide an Observation, Express Their Opinion Critique Category: None Response Category: Solutions/Interventions Perception Type: Harmful Generalization, Deserving/Undeserving Racist: No Reasoning: The comment provides an observation about the causes of homelessness and expresses an op"
reddit,138,C,0,0,"Comment Type: Provide a Fact or Claim, Express Their Opinion, Provide an Observation Critique Category: None Response Category: Solutions/Interventions Perception Type: Deserving/Undeserving, Harmful Generalization Racist: No Reasoning: The comment provides a factual observation about the availabili"
reddit,139,C,0,1,"Comment Type: Provide an Observation, Express Their Opinion Critique Category: Government Critique Response Category: Solutions/Interventions Perception Type: Not in my Backyard Racist: No Reasoning: The comment observes a current practice and expresses an opinion that it does not address the root c"
reddit,140,C,0,0,"Comment Type: Express Their Opinion, Express Others' Opinions Critique Category: Government Critique Response Category: No Response Category Applies Perception Type: Harmful Generalization Racist: No Reasoning: The comment expresses a negative opinion about homeless people and suggests a harmful pol"
reddit,141,C,0,0,"Comment Type: Express Their Opinion, Express Others' Opinions Critique Category: Not Applicable Response Category: Not Applicable Perception Type: Harmful Generalization, Deserving/Undeserving Racist: No Reasoning: The comment expresses opinions about the homeless and suggests they should not defeca"
reddit,142,C,0,0,"Comment Type: Express Their Opinion, Express Others' Opinions Critique Category: None Response Category: None Perception Type: Harmful Generalization Racist: No Reasoning: The comment expresses an opinion about not giving money to panhandlers, which can be seen as a harmful generalization about home"
reddit,143,C,0,1,"Comment Type: Provide a Fact or Claim, Express Their Opinion Critique Category: Money Aid Allocation Response Category: Solutions/Interventions Perception Type: Not in my Backyard Racist: No Reasoning: The comment expresses an opinion about providing affordable housing solutions to homeless camps, w"
reddit,144,C,0,0,"Comment Type: Ask a Genuine Question, Express Their Opinion Critique Category: Not Applicable Response Category: Solutions/Interventions Perception Type: Deserving/Undeserving Racist: No Reasoning: The comment is a genuine question and an expression of the commenter's opinion about the responsibilit"
reddit,145,C,0,0,"Comment Type: Ask a Rhetorical Question, Provide an Observation Critique Category: None Response Category: None Perception Type: None Racist: No Reasoning: The comment is a rhetorical question and an observation about a common phrase, but it does not directly critique any policies, solutions, or all"
reddit,146,C,0,1,"Comment Type: Ask a Rhetorical Question, Provide an Observation Critique Category: Government Critique, Societal Critique Response Category: Solutions/Interventions Perception Type: Not in my Backyard Racist: No Reasoning: The comment poses a rhetorical question about the city's preparedness for fut"
reddit,147,C,0,0,"Comment Type: Provide a Fact or Claim, Express Their Opinion Critique Category: Not Applicable Response Category: Not Applicable Perception Type: Deserving/Undeserving, Harmful Generalization Racist: No Reasoning: The comment provides a claim about the effectiveness of housing solutions for homeless"
reddit,148,C,0,0,"Comment Type: Ask a Genuine Question, Provide an Observation, Express Their Opinion Critique Category: Not Applicable Response Category: Not Applicable Perception Type: Personal Interaction, Deserving/Undeserving Racist: No Reasoning: The comment asks a genuine question about minimum wage and homele"
reddit,149,C,0,0,"Comment Type: Ask a Genuine Question, Provide a Solution/Intervention Critique Category: None Response Category: Solutions/Interventions Perception Type: None Racist: No Reasoning: The comment is a genuine question suggesting a potential solution to homelessness by becoming a landlord and offering a"
reddit,150,C,0,0,"Comment Type: Ask a Rhetorical Question, Provide an Observation, Express Their Opinion Critique Category: Government Critique Response Category: Solutions/Interventions Perception Type: Harmful Generalization, Deserving/Undeserving Racist: No Reasoning: The comment asks a rhetorical question about t"
reddit,151,C,0,1,"Comment Type: Ask a Rhetorical Question, Provide a Fact or Claim Critique Category: Government Critique, Societal Critique Response Category: Solutions/Interventions Perception Type: Not in my Backyard Racist: No Reasoning: The comment asks a rhetorical question and makes a factual claim about the c"
reddit,152,C,0,0,"Comment Type: Provide a Fact or Claim, Express Their Opinion Critique Category: None Response Category: Solutions/Interventions Perception Type: None Racist: No Reasoning: The comment provides a factual observation about housing costs and ROI, and expresses an opinion about who should be responsible"
reddit,153,C,0,1,"Comment Type: Provide an Observation, Express Their Opinion Critique Category: Government Critique, Money Aid Allocation Response Category: Solutions/Interventions Perception Type: Not in my Backyard Racist: No Reasoning: The comment observes the current state of downtown and expresses an opinion on"
reddit,154,C,0,1,"Comment Type: Provide a Fact or Claim, Express Their Opinion Critique Category: Money Aid Allocation Response Category: Solutions/Interventions Perception Type: Not in my Backyard Racist: No Reasoning: The comment suggests a solution for affordable housing but expresses a personal opinion that the p"
reddit,155,C,0,0,"Comment Type: Provide an Observation, Express Their Opinion Critique Category: Government Critique, Societal Critique Response Category: Solutions/Interventions Perception Type: Harmful Generalization Racist: No Reasoning: The comment observes a situation where homeless individuals are addicted and "
reddit,156,C,0,0,"Comment Type: Express Their Opinion, Express Others' Opinions Critique Category: None Response Category: None Perception Type: Harmful Generalization Racist: No Reasoning: The comment expresses an opinion that being homeless confers some privilege, which can be seen as a harmful generalization about"
reddit,157,C,0,1,"Comment Type: Provide an Observation, Express Others' Opinions Critique Category: Not applicable Response Category: Not applicable Perception Type: Not in my Backyard, Harmful Generalization Racist: No Reasoning: The comment describes an observation of a homeless person and expresses concern about t"
reddit,158,C,0,0,"Comment Type: Ask a Rhetorical Question, Provide an Observation Critique Category: None Response Category: Solutions/Interventions Perception Type: Harmful Generalization Racist: No Reasoning: The comment poses a rhetorical question and shares an observation about the impact of rules on addiction an"
reddit,159,C,0,1,"Comment Type: Provide an Observation, Express Others' Opinions Critique Category: Not applicable Response Category: Not applicable Perception Type: Not in my Backyard Racist: No Reasoning: The comment provides an observation about a perceived practice involving the relocation of homeless individuals"
reddit,160,C,0,0,"Comment Type: Provide an Observation, Express Their Opinion, Provide a Fact or Claim Critique Category: None Response Category: Solutions/Interventions Perception Type: None Racist: No Reasoning: The comment provides an observation about the likelihood of shelters allowing pets, offers specific orga"
reddit,161,C,0,0,"Comment Type: Express Others' Opinions, Harmful Generalization Critique Category: Not applicable Response Category: Not applicable Perception Type: Harmful Generalization Racist: No Reasoning: The comment expresses an opinion about making a street enjoyable for all, except the homeless, which implie"
reddit,162,C,0,1,"Comment Type: Ask a Rhetorical Question, Provide an Observation, Express Their Opinion Critique Category: Not Applicable Response Category: Solutions/Interventions Perception Type: Not in my Backyard Racist: No Reasoning: The comment asks a rhetorical question about people coming homeless due to a s"
reddit,163,C,0,1,"Comment Type: Ask a Genuine Question, Provide an Observation Critique Category: Money Aid Allocation, Government Critique Response Category: Solutions/Interventions Perception Type: Not in my Backyard Racist: No Reasoning: The comment is asking a genuine question about the housing policy and observi"
reddit,164,C,0,0,"Comment Type: Ask a Genuine Question, Express Their Opinion Critique Category: Government Critique, Societal Critique Response Category: Solutions/Interventions Perception Type: Harmful Generalization, Deserving/Undeserving Racist: No Reasoning: The comment asks a genuine question about a conservati"
reddit,165,C,0,0,"Comment Type: Provide a Fact or Claim, Express Their Opinion Critique Category: Government Critique, Money Aid Allocation Response Category: Solutions/Interventions Perception Type: Harmful Generalization Racist: No Reasoning: The comment provides a factual claim about waitlists and expresses an opi"
reddit,166,C,0,0,"Comment Type: Provide a Fact or Claim, Provide an Observation Critique Category: Not applicable Response Category: Solutions/Interventions Perception Type: Not applicable Racist: No Reasoning: The comment provides a factual observation about a report from an organization and mentions a specific init"
reddit,167,C,0,1,"Comment Type: Provide an Observation, Express Their Opinion Critique Category: Government Critique Response Category: Solutions/Interventions Perception Type: Not in my Backyard Racist: No Reasoning: The comment observes a policy and expresses an opinion that not building is not helping the homeless"
reddit,168,C,0,0,"Comment Type: Provide a Fact or Claim, Express Others' Opinions Critique Category: None Response Category: Solutions/Interventions Perception Type: None Racist: No Reasoning: The comment provides a factual statement about the mission of an organization and expresses the opinions of the organization "
reddit,169,C,0,1,"Comment Type: Ask a Rhetorical Question, Express Others' Opinions Critique Category: Government Critique, Societal Critique Response Category: None Perception Type: Not in my Backyard Racist: No Reasoning: The comment is asking a rhetorical question about creating memes as a substitute for discussin"
reddit,170,C,0,0,"Comment Type: Ask a Genuine Question, Provide a Fact or Claim Critique Category: Money Aid Allocation Response Category: Solutions/Interventions Perception Type: None Racist: No Reasoning: The comment asks a genuine question about fee allocation for affordable housing and provides a fact about small"
reddit,171,C,0,1,"Comment Type: Provide an Observation, Express Others' Opinions Critique Category: Not applicable Response Category: Not applicable Perception Type: Not in my Backyard Racist: No Reasoning: The comment observes a behavior of leaving belongings behind by homeless individuals and expresses appreciation"
reddit,172,C,0,1,"Comment Type: Provide an Opinion, Express Others' Opinions Critique Category: Government Critique, Societal Critique Response Category: Solutions/Interventions Perception Type: Not in my Backyard Racist: No Reasoning: The comment expresses an opinion on a solution to homelessness, criticizes the act"
reddit,173,C,0,1,"Comment Type: Provide a Fact or Claim, Express Their Opinion Critique Category: Money Aid Allocation, Government Critique Response Category: Solutions/Interventions Perception Type: Not in my Backyard Racist: No Reasoning: The comment provides a factual statement about the Point-in-Time Count and ex"
reddit,174,C,0,0,"Comment Type: Provide a Fact or Claim, Express Their Opinion Critique Category: Money Aid Allocation, Government Critique Response Category: Solutions/Interventions Perception Type: Harmful Generalization Racist: No Reasoning: The comment provides a factual claim about homelessness increasing and ex"
reddit,175,C,1,1,"Comment Type: Provide an Observation, Express Their Opinion Critique Category: Not applicable Response Category: Not applicable Perception Type: Not in my Backyard, Harmful Generalization Racist: No Reasoning: The comment expresses personal discomfort and concern about the presence of homeless indiv"
reddit,176,C,0,0,"Comment Type: Provide a Fact or Claim, Express Their Opinion Critique Category: Government Critique, Societal Critique Response Category: Solutions/Interventions Perception Type: Harmful Generalization Racist: No Reasoning: The comment provides a claim about the causes of homelessness and expresses "
reddit,177,C,0,0,"Comment Type: Provide an Observation, Express Others' Opinions Critique Category: None Response Category: None Perception Type: Media Portrayal Racist: No Reasoning: The comment is sharing a link to add context, which can be seen as an observation of a media portrayal or discussion. It does not expl"
reddit,178,C,0,0,"Comment Type: Ask a Rhetorical Question, Provide an Observation, Express Their Opinion Critique Category: Not Applicable Response Category: Not Applicable Perception Type: Harmful Generalization, Deserving/Undeserving Racist: No Reasoning: The comment poses a rhetorical question and shares an observ"
reddit,179,C,0,1,"Comment Type: Provide an Observation, Express Their Opinion Critique Category: Not applicable Response Category: Not applicable Perception Type: Not in my Backyard Racist: No Reasoning: The comment provides an observation about the speaker's personal experience with housing affordability issues and "
reddit,180,C,0,0,"Comment Type: Express Others' Opinions, Express Their Opinion Critique Category: Not applicable Response Category: Solutions/Interventions Perception Type: Not applicable Racist: No Reasoning: The comment suggests sending the homeless to an organization, which is an expression of an opinion on how t"
reddit,181,C,0,1,"Comment Type: Provide an Observation, Express Others' Opinions Critique Category: Money Aid Allocation, Government Critique Response Category: Solutions/Interventions Perception Type: Harmful Generalization, Not in my Backyard Racist: No Reasoning: The comment provides an observation about the housi"
reddit,182,C,1,0,"Comment Type: Express Their Opinion, Provide an Observation Critique Category: Government Critique, Societal Critique Response Category: Not in my Backyard, Solutions/Interventions Perception Type: Harmful Generalization Racist: No Reasoning: The comment expresses personal frustration with the situa"
reddit,183,C,0,0,"Comment Type: Express Their Opinion, Express Others' Opinions Critique Category: Government Critique, Societal Critique Response Category: Not applicable Perception Type: Deserving/Undeserving, Harmful Generalization Racist: No Reasoning: The comment expresses the speaker's opinion and describes the"
reddit,184,C,1,1,"Comment Type: Provide an Observation, Express Others' Opinions Critique Category: Not applicable Response Category: Solutions/Interventions Perception Type: Not in my Backyard, Harmful Generalization Racist: No Reasoning: The comment describes a neighborhood with a high concentration of homeless ind"
reddit,185,C,0,1,"Comment Type: Provide an Observation, Express Others' Opinions Critique Category: Government Critique, Societal Critique Response Category: Solutions/Interventions Perception Type: Harmful Generalization, Not in my Backyard Racist: No Reasoning: The comment observes a societal issue with the crimina"
reddit,186,C,0,1,"Comment Type: Provide an Observation, Express Their Opinion Critique Category: Solutions/Interventions Response Category: Solutions/Interventions Perception Type: Not in my Backyard Racist: No Reasoning: The comment provides an observation about homeless camps and expresses an opinion about the need"
reddit,187,C,0,1,"Comment Type: Express Others' Opinions, Express Their Opinion Critique Category: Government Critique Response Category: Solutions/Interventions Perception Type: Not in my Backyard Racist: No Reasoning: The comment expresses criticism of a mayor's actions towards homeless encampments and questions th"
reddit,188,C,0,1,"Comment Type: Ask a Genuine Question, Provide an Observation Critique Category: None Response Category: Solutions/Interventions Perception Type: Not in my Backyard Racist: No Reasoning: The comment asks for a source, which is a genuine question. It also provides an observation about the process of g"
reddit,189,C,0,0,"Comment Type: Express Their Opinion Critique Category: Not Applicable Response Category: Not Applicable Perception Type: Harmful Generalization Racist: No Reasoning: The comment expresses an opinion about homelessness and the behavior of homeless individuals, suggesting they are responsible for tras"
reddit,190,C,0,0,"Comment Type: Provide an Observation, Express Their Opinion Critique Category: None Response Category: None Perception Type: None Racist: No Reasoning: The comment is an observation about the increase in homelessness and an expression of the user's opinion about the downvotes received. It does not f"
reddit,191,C,0,0,"Comment Type: Express Their Opinion, Express Others' Opinions Critique Category: None Response Category: None Perception Type: Harmful Generalization Racist: No Reasoning: The comment expresses an opinion about treating homeless individuals with respect and not dehumanizing them. It also references "
reddit,192,C,0,0,"Comment Type: Provide a Fact or Claim, Ask a Rhetorical Question Critique Category: None Response Category: None Perception Type: None Racist: No Reasoning: The comment provides a factual statement about the challenges of counting homelessness and speculates on potential reporting practices. It does"
reddit,193,C,0,0,"Comment Type: Provide a Fact or Claim, Express Their Opinion Critique Category: Money Aid Allocation, Societal Critique Response Category: Solutions/Interventions Perception Type: Harmful Generalization Racist: No Reasoning: The comment provides a factual claim about the housing crisis and its impac"
reddit,194,C,0,1,"Comment Type: Ask a Genuine Question, Provide an Observation Critique Category: Not applicable Response Category: Solutions/Interventions Perception Type: Not in my Backyard Racist: No Reasoning: The comment asks a genuine question about animal policies in shelters and observes a common issue faced "
reddit,195,C,0,1,"Comment Type: Ask a Rhetorical Question, Provide an Observation, Express Their Opinion Critique Category: Government Critique, Societal Critique Response Category: Solutions/Interventions Perception Type: Not in my Backyard Racist: No Reasoning: The comment poses a rhetorical question and expresses "
reddit,196,C,0,1,"Comment Type: Ask a Genuine Question, Provide a Fact or Claim Critique Category: Money Aid Allocation Response Category: Solutions/Interventions Perception Type: Not in my Backyard Racist: No Reasoning: The comment is asking about current spending on homelessness, which is a factual question. It tou"
reddit,197,C,0,1,"Comment Type: Provide an Observation, Express Their Opinion Critique Category: Not applicable Response Category: Solutions/Interventions Perception Type: Harmful Generalization, Not in my Backyard Racist: No Reasoning: The comment provides an observation about abandoned camps and expresses an opinio"
reddit,198,C,0,0,"Comment Type: Express Their Opinion, Provide a Fact or Claim Critique Category: Solutions/Interventions Response Category: Solutions/Interventions Perception Type: None Racist: No Reasoning: The comment expresses an opinion on what should be done about homelessness, specifically suggesting building "
reddit,199,C,0,1,"Comment Type: Provide an Opinion, Express Others' Opinions Critique Category: Government Critique Response Category: Solutions/Interventions Perception Type: Not in my Backyard Racist: No Reasoning: The comment expresses an opinion that county taxes are causing the homeless epidemic and implies that"
reddit,200,C,0,0,"Comment Type: Provide an Observation, Provide a Fact or Claim Critique Category: None Response Category: Solutions/Interventions Perception Type: None Racist: No Reasoning: The comment provides an observation about a new organization working on homelessness and offers a fact about the number of cabi"
reddit,201,C,0,1,"Comment Type: Provide a Fact or Claim, Express Their Opinion Critique Category: Government Critique, Money Aid Allocation Response Category: Solutions/Interventions Perception Type: Not in my Backyard Racist: No Reasoning: The comment provides a factual claim about the cost of homelessness and expre"
reddit,202,C,0,1,"Comment Type: Ask a Rhetorical Question, Provide an Observation, Express Their Opinion Critique Category: Government Critique, Societal Critique Response Category: Solutions/Interventions Perception Type: Not in my Backyard Racist: No Reasoning: The comment asks rhetorical questions about the use of"
reddit,203,C,0,1,"Comment Type: Provide an Observation, Express Others' Opinions Critique Category: Not applicable Response Category: Not applicable Perception Type: Not in my Backyard, Harmful Generalization Racist: No Reasoning: The comment provides an observation about the safety of certain areas and expresses the"
reddit,204,C,0,0,"Comment Type: Provide an Observation, Express Their Opinion Critique Category: Not applicable Response Category: Not applicable Perception Type: Harmful Generalization, Personal Interaction Racist: No Reasoning: The comment provides an observation about a neighbor's behavior towards homeless individ"
reddit,205,C,1,1,"Comment Type: Provide an Observation, Express Their Opinion Critique Category: Government Critique, Societal Critique Response Category: Solutions/Interventions Perception Type: Not in my Backyard Racist: No Reasoning: The comment observes the challenges of managing homelessness and expresses an opi"
reddit,206,C,0,0,"Comment Type: Provide an Observation, Express Their Opinion Critique Category: Not applicable Response Category: Not applicable Perception Type: Personal Interaction, Harmful Generalization Racist: No Reasoning: The comment provides an observation about personal experiences with homelessness and exp"
reddit,207,C,0,0,"Comment Type: Provide an Observation, Express Their Opinion, Provide a Fact or Claim, Solutions/Interventions Critique Category: None Response Category: Solutions/Interventions Perception Type: None Racist: No Reasoning: The comment expresses a personal observation and opinion about homelessness, en"
reddit,208,C,0,0,"Comment Type: Provide a Fact or Claim, Express Their Opinion Critique Category: Societal Critique Response Category: Solutions/Interventions Perception Type: Harmful Generalization Racist: No Reasoning: The comment provides a factual claim about employment among homeless individuals and expresses an"
reddit,209,C,0,0,"Comment Type: Ask a Rhetorical Question, Provide an Observation Critique Category: Not Applicable Response Category: Not Applicable Perception Type: Harmful Generalization, Deserving/Undeserving Racist: No Reasoning: The comment makes a negative observation about a homeless individual and implies th"
reddit,210,C,0,0,"Comment Type: Provide a Fact or Claim, Express Others' Opinions Critique Category: None Response Category: None Perception Type: Media Portrayal Racist: No Reasoning: The comment suggests that the materials should be bilingual to reach a broader audience, which is a factual statement and an observat"
reddit,211,C,0,1,"Comment Type: Provide an Observation, Express Their Opinion Critique Category: Not applicable Response Category: Not applicable Perception Type: Not in my Backyard Racist: No Reasoning: The comment provides an observation about housing prices and taxes in a specific neighborhood and expresses an opi"
reddit,212,C,0,1,"Comment Type: Provide an Observation, Express Others' Opinions Critique Category: Not applicable Response Category: Not applicable Perception Type: Not in my Backyard, Harmful Generalization Racist: No Reasoning: The comment provides an observation about the location of crime and homelessness, and e"
reddit,213,C,0,1,"Comment Type: Ask a Rhetorical Question, Express Others' Opinions Critique Category: Not Applicable Response Category: Solutions/Interventions Perception Type: Not in my Backyard Racist: No Reasoning: The comment is asking a rhetorical question about affordable housing and expressing the opinion of "
reddit,214,C,0,0,"Comment Type: Provide an Observation, Express Their Opinion Critique Category: Not applicable Response Category: Not applicable Perception Type: Media Portrayal, Harmful Generalization Racist: No Reasoning: The comment provides an observation about a specific location and expresses an opinion about "
reddit,215,C,0,1,"Comment Type: Ask a Rhetorical Question, Express Others' Opinions Critique Category: Not Applicable Response Category: Solutions/Interventions Perception Type: Not in my Backyard Racist: No Reasoning: The comment asks a rhetorical question about traffic calming measures and expresses opposition to p"
reddit,216,C,0,0,"Comment Type: Ask a Genuine Question, Provide an Observation, Express Their Opinion Critique Category: Government Critique, Societal Critique Response Category: Solutions/Interventions Perception Type: Deserving/Undeserving, Harmful Generalization Racist: No Reasoning: The comment asks a genuine que"
reddit,217,C,0,0,"Comment Type: Express Their Opinion, Provide a Fact or Claim Critique Category: Money Aid Allocation, Government Critique Response Category: Solutions/Interventions Perception Type: Harmful Generalization Racist: No Reasoning: The comment expresses an opinion about making homelessness illegal as a w"
reddit,218,C,0,1,"Comment Type: Express Their Opinion, Provide an Observation Critique Category: Not applicable Response Category: Not applicable Perception Type: Not in my Backyard Racist: No Reasoning: The comment expresses an observation about people's reluctance to give up their own homes for more affordable hous"
reddit,219,C,0,1,"Comment Type: Provide an Observation, Express Others' Opinions Critique Category: Not applicable Response Category: Not applicable Perception Type: Harmful Generalization, Not in my Backyard Racist: No Reasoning: The comment observes that homelessness is present in certain areas but downplays the se"
reddit,220,C,0,1,"Comment Type: Ask a Rhetorical Question, Express Others' Opinions Critique Category: Government Critique Response Category: Solutions/Interventions Perception Type: Not in my Backyard Racist: No Reasoning: The comment is primarily expressing opinions about a government member's actions and the organ"
reddit,221,C,0,1,"Comment Type: Express Their Opinion, Provide an Observation Critique Category: Not Applicable Response Category: Solutions/Interventions Perception Type: Not in my Backyard Racist: No Reasoning: The comment expresses an opinion on how to address homelessness by making cities undesirable for the home"
reddit,222,C,0,0,"Comment Type: Provide an Observation, Express Others' Opinions Critique Category: Not Applicable Response Category: Solutions/Interventions Perception Type: Not Applicable Racist: No Reasoning: The comment provides an observation about land prices and housing density, and expresses the opinion of ot"
reddit,223,C,0,1,"Comment Type: Provide an Observation, Express Their Opinion Critique Category: Not applicable Response Category: Not applicable Perception Type: Not in my Backyard, Harmful Generalization Racist: No Reasoning: The comment provides an observation about living in an area with a high homeless populatio"
reddit,224,C,0,1,"Comment Type: Provide a Fact or Claim, Express Their Opinion Critique Category: Government Critique Response Category: Solutions/Interventions Perception Type: Not in my Backyard Racist: No Reasoning: The comment provides facts about housing resolutions and expresses an opinion on the need for more "
reddit,225,C,1,1,"Comment Type: Express Their Opinion, Provide an Observation Critique Category: Government Critique, Societal Critique Response Category: Solutions/Interventions Perception Type: Harmful Generalization, Not in my Backyard Racist: No Reasoning: The comment expresses an opinion on the current situation"
reddit,226,C,0,1,"Comment Type: Provide an Observation, Ask a Rhetorical Question Critique Category: Not applicable Response Category: Not applicable Perception Type: Media Portrayal, Not in my Backyard Racist: No Reasoning: The comment provides an observation about homelessness and asks a rhetorical question to enco"
reddit,227,C,0,1,"Comment Type: Provide an Observation, Express Their Opinion Critique Category: Not Applicable Response Category: Solutions/Interventions Perception Type: Not in my Backyard Racist: No Reasoning: The comment provides an observation about the local community's preference for affordable housing over ch"
reddit,228,C,0,1,"Comment Type: Ask a Genuine Question, Provide an Observation Critique Category: Money Aid Allocation, Government Critique Response Category: Solutions/Interventions Perception Type: Not in my Backyard Racist: No Reasoning: The comment is asking about the impact of plans on homelessness, which is a g"
reddit,229,C,0,0,"Comment Type: Provide an Observation, Ask a Genuine Question Critique Category: None Response Category: Solutions/Interventions Perception Type: None Racist: No Reasoning: The comment provides an observation about the organizations' soup kitchens and asks a genuine question about their need for help"
reddit,230,C,0,0,"Comment Type: Provide an Observation Critique Category: None Response Category: None Perception Type: Media Portrayal Racist: No Reasoning: The comment describes a view of homeless camps, which is an observation. It does not critique any policies or solutions, nor does it express a specific percepti"
reddit,231,C,0,0,"Comment Type: Ask a Genuine Question, Provide a Fact or Claim Critique Category: Government Critique Response Category: Solutions/Interventions Perception Type: None Racist: No Reasoning: The comment is asking for information about a specific organization's stance on addressing housing insecurity, w"
reddit,232,C,0,1,"Comment Type: Ask a Rhetorical Question, Provide an Observation, Express Others' Opinions Critique Category: Government Critique Response Category: Solutions/Interventions Perception Type: Not in my Backyard Racist: No Reasoning: The comment is primarily an observation about local zoning laws and a "
reddit,233,C,0,1,"Comment Type: Provide an Observation Critique Category: Not applicable Response Category: Not applicable Perception Type: Not in my Backyard Racist: No Reasoning: The comment observes a potential consequence of the lack of affordable housing, specifically that long-term residents might be displaced."
reddit,234,C,0,0,"Comment Type: Provide a Fact or Claim, Express Others' Opinions Critique Category: Government Critique, Societal Critique Response Category: Not applicable Perception Type: Media Portrayal Racist: No Reasoning: The comment provides a factual statement about the legal changes regarding panhandling an"
reddit,235,C,0,1,"Comment Type: Provide a Fact or Claim, Express Their Opinion Critique Category: Government Critique, Money Aid Allocation Response Category: Solutions/Interventions Perception Type: Not in my Backyard Racist: No Reasoning: The comment expresses an opinion on economic prosperity and homelessness, sug"
reddit,236,C,0,0,"Comment Type: Provide an Observation, Express Their Opinion Critique Category: Not applicable Response Category: Not applicable Perception Type: Personal Interaction Racist: No Reasoning: The comment provides an observation about living in a facility for homeless individuals and expresses a personal"
reddit,237,C,0,0,"Comment Type: Provide an Observation, Express Their Opinion Critique Category: Not applicable Response Category: Solutions/Interventions Perception Type: Deserving/Undeserving, Harmful Generalization Racist: No Reasoning: The comment provides an observation about interacting with homeless individual"
reddit,238,C,0,0,"Comment Type: Express Others' Opinions, Express Their Opinion Critique Category: Government Critique Response Category: Not applicable Perception Type: Not applicable Racist: No Reasoning: The comment expresses the speaker's opinion about a political organization's actions and their impact on housin"
reddit,239,C,0,1,"Comment Type: Provide a Fact or Claim, Express Their Opinion Critique Category: Money Aid Allocation, Societal Critique Response Category: Solutions/Interventions Perception Type: Not in my Backyard Racist: No Reasoning: The comment provides a factual claim about affordable housing and expresses an "
reddit,240,C,0,1,"Comment Type: Provide an Observation, Express Others' Opinions Critique Category: Government Critique Response Category: Solutions/Interventions Perception Type: Not in my Backyard Racist: No Reasoning: The comment observes the economic benefits of urban density and suggests a solution to address ho"
reddit,241,C,0,1,"Comment Type: Express Others' Opinions, Harmful Generalization Critique Category: Not applicable Response Category: Not applicable Perception Type: Not in my Backyard, Harmful Generalization Racist: No Reasoning: The comment expresses a negative perception of homeless individuals, describing them as"
reddit,242,C,0,1,"Comment Type: Ask a Rhetorical Question, Provide a Fact or Claim Critique Category: Government Critique Response Category: Solutions/Interventions Perception Type: Not in my Backyard Racist: No Reasoning: The comment asks a rhetorical question to make a point about a perceived unfair law, provides a"
reddit,243,C,0,1,"Comment Type: Provide a Fact or Claim, Express Others' Opinions Critique Category: Money Aid Allocation, Solutions/Interventions Response Category: Solutions/Interventions Perception Type: Not in my Backyard Racist: No Reasoning: The comment provides a factual claim about a city's decision to house "
reddit,244,C,0,0,"Comment Type: Provide an Observation, Provide a Fact or Claim, Express Their Opinion Critique Category: None Response Category: Solutions/Interventions Perception Type: None Racist: No Reasoning: The comment provides a factual observation about a homeless center and suggests it as a solution, expres"
reddit,245,C,1,1,"Comment Type: Provide an Observation, Express Their Opinion Critique Category: Not Applicable Response Category: Not Applicable Perception Type: Not in my Backyard, Harmful Generalization Racist: No Reasoning: The comment describes observations of homelessness in specific locations and expresses fea"
reddit,246,C,0,0,"Comment Type: Provide an Observation, Express Others' Opinions Critique Category: No Response Category: No Perception Type: No Racist: No Reasoning: The comment observes a housing crisis and reflects the opinions of others without making specific claims about aid allocation, government or societal c"
reddit,247,C,0,1,"Comment Type: Provide a Fact or Claim, Express Their Opinion Critique Category: Government Critique, Solutions/Interventions Response Category: Solutions/Interventions Perception Type: Not in my Backyard Racist: No Reasoning: The comment expresses an opinion on how to address homelessness through po"
reddit,248,C,0,1,"Comment Type: Provide an Observation, Express Their Opinion Critique Category: Not applicable Response Category: Not applicable Perception Type: Not in my Backyard, Personal Interaction Racist: No Reasoning: The comment provides an observation about the location of homeless individuals and expresses"
reddit,249,C,0,0,"Comment Type: Ask a Genuine Question, Provide an Observation Critique Category: None Response Category: Solutions/Interventions Perception Type: None Racist: No Reasoning: The comment asks a genuine question about signing a petition and provides an observation about the ease of taking action. It doe"
reddit,250,C,0,1,"Comment Type: Provide an Observation, Express Their Opinion Critique Category: None Response Category: None Perception Type: Not in my Backyard Racist: No Reasoning: The comment appears to be a jumbled phrase and does not clearly express a specific observation, opinion, or perception related to home"
reddit,251,C,0,1,"Comment Type: Provide a Fact or Claim, Express Others' Opinions Critique Category: Government Critique Response Category: Not applicable Perception Type: Not in my Backyard Racist: No Reasoning: The comment provides a factual claim about the movement of mentally ill individuals between states and ex"
reddit,252,C,0,1,"Comment Type: Provide an Observation, Express Others' Opinions Critique Category: Government Critique Response Category: Solutions/Interventions Perception Type: Not in my Backyard Racist: No Reasoning: The comment provides an observation about multiple fires at a homeless encampment and expresses t"
reddit,253,C,0,0,"Comment Type: Provide an Observation, Express Their Opinion Critique Category: Not applicable Response Category: Not applicable Perception Type: Personal Interaction Racist: No Reasoning: The comment provides an observation about homelessness in a specific area and expresses a personal opinion about"
reddit,254,C,0,1,"Comment Type: Provide a Fact or Claim, Express Their Opinion, Solutions/Interventions Critique Category: Government Critique Response Category: Solutions/Interventions Perception Type: Not in my Backyard Racist: No Reasoning: The comment suggests solutions involving government action and infrastruct"
reddit,255,C,0,0,"Comment Type: Express Their Opinion, Provide an Observation, Express Others' Opinions Critique Category: Government Critique, Societal Critique Response Category: Solutions/Interventions Perception Type: Deserving/Undeserving Racist: No Reasoning: The comment expresses an opinion about individuals l"
reddit,256,C,0,0,"Comment Type: Ask a Rhetorical Question, Express Their Opinion Critique Category: Societal Critique Response Category: Not Applicable Perception Type: Harmful Generalization Racist: No Reasoning: The comment is asking a rhetorical question and expressing an opinion about the treatment of homeless pe"
reddit,257,C,0,0,"Comment Type: Provide a Fact or Claim, Express Their Opinion Critique Category: Not applicable Response Category: Not applicable Perception Type: Deserving/Undeserving, Harmful Generalization Racist: Yes Reasoning: The comment makes a comparison between Latino and black homelessness, which can be se"
reddit,258,C,0,0,"Comment Type: Provide an Observation, Express Their Opinion Critique Category: Not applicable Response Category: Not applicable Perception Type: Deserving/Undeserving, Racist Racist: Yes Reasoning: The comment makes a generalization about the race of homeless individuals, suggesting that there are m"
reddit,259,C,1,1,"Comment Type: Ask a Genuine Question, Provide an Observation, Express Their Opinion Critique Category: Not Applicable Response Category: Solutions/Interventions Perception Type: Harmful Generalization, Not in my Backyard Racist: No Reasoning: The comment asks a genuine question about the perspective"
reddit,260,C,1,1,"Comment Type: Provide an Observation, Express Their Opinion Critique Category: Not applicable Response Category: Solutions/Interventions Perception Type: Harmful Generalization, Not in my Backyard Racist: No Reasoning: The comment provides an observation about the poor conditions of shelters and exp"
reddit,261,C,0,0,"Comment Type: Ask a Rhetorical Question, Provide a Fact or Claim Critique Category: None Response Category: None Perception Type: Media Portrayal, Deserving/Undeserving Racist: No Reasoning: The comment asks a rhetorical question and provides a factual claim about the correlation between housing pri"
reddit,262,C,0,1,"Comment Type: Express Their Opinion, Express Others' Opinions Critique Category: Not Applicable Response Category: Not Applicable Perception Type: Not in my Backyard, Personal Interaction Racist: No Reasoning: The comment expresses the speaker's opinion about people's attitudes towards homelessness "
reddit,263,C,0,1,"Comment Type: Provide a Fact or Claim, Express Others' Opinions Critique Category: Money Aid Allocation, Government Critique Response Category: Solutions/Interventions Perception Type: Not in my Backyard Racist: No Reasoning: The comment provides a factual claim about benches being made unusable for"
reddit,264,C,0,0,"Comment Type: Ask a Rhetorical Question, Provide a Fact or Claim Critique Category: Money Aid Allocation, Government Critique Response Category: Solutions/Interventions Perception Type: Deserving/Undeserving Racist: No Reasoning: The comment suggests that more aid should be given to those who benefi"
reddit,265,C,0,1,"Comment Type: Provide an Observation, Express Their Opinion Critique Category: None Response Category: None Perception Type: Not in my Backyard Racist: No Reasoning: The comment provides an observation about the behavior of homeless individuals and expresses an opinion about the effectiveness of cer"
reddit,266,C,0,0,"Comment Type: Provide a Fact or Claim, Express Their Opinion Critique Category: Not applicable Response Category: Solutions/Interventions Perception Type: Deserving/Undeserving, Harmful Generalization Racist: No Reasoning: The comment provides a factual claim about the increase in families needing p"
reddit,267,C,0,1,"Comment Type: Express Their Opinion, Express Others' Opinions, Government Critique, Societal Critique Critique Category: Government Critique, Societal Critique Response Category: Solutions/Interventions Perception Type: Harmful Generalization, Not in my Backyard Racist: No Reasoning: The comment exp"
reddit,268,C,0,1,"Comment Type: Provide a Fact or Claim, Express Their Opinion Critique Category: Money Aid Allocation, Government Critique Response Category: Solutions/Interventions Perception Type: Not in my Backyard Racist: No Reasoning: The comment provides a factual statement about the allocation of funds and ex"
reddit,269,C,0,0,"Comment Type: Ask a Genuine Question, Provide an Observation Critique Category: Government Critique, Societal Critique Response Category: Solutions/Interventions Perception Type: Deserving/Undeserving, Harmful Generalization Racist: No Reasoning: The comment asks a genuine question about the speaker"
reddit,270,C,0,0,"Comment Type: Provide a Fact or Claim, Express Their Opinion Critique Category: Money Aid Allocation, Government Critique Response Category: Solutions/Interventions Perception Type: None Racist: No Reasoning: The comment provides a factual claim about the root cause of homelessness and expresses an "
reddit,271,C,0,0,"Comment Type: Ask a Rhetorical Question, Express Others' Opinions Critique Category: Government Critique Response Category: None Perception Type: None Racist: No Reasoning: The comment is a rhetorical question expressing the opinion that a specific organization has entered the conversation about hom"
reddit,272,C,0,0,"Comment Type: Provide an Observation, Express Their Opinion Critique Category: Not Applicable Response Category: Not Applicable Perception Type: Harmful Generalization, Deserving/Undeserving Racist: No Reasoning: The comment provides an observation about a specific incident involving a homeless pers"
reddit,273,C,0,1,"Comment Type: Ask a Rhetorical Question, Express Others' Opinions Critique Category: Government Critique, Societal Critique Response Category: None Perception Type: Harmful Generalization, Not in my Backyard Racist: No Reasoning: The comment uses a rhetorical question to express the speaker's opinio"
reddit,274,C,0,1,"Comment Type: Ask a Genuine Question, Provide a Fact or Claim, Provide an Observation, Solutions/Interventions Critique Category: Solutions/Interventions Response Category: Solutions/Interventions Perception Type: Not in my Backyard Racist: No Reasoning: The comment asks a genuine question about dec"
reddit,275,C,0,0,"Comment Type: Provide an Observation, Express Their Opinion Critique Category: None Response Category: None Perception Type: Media Portrayal, Harmful Generalization Racist: No Reasoning: The comment provides an observation about the relationship between weather and homelessness, and expresses an opi"
reddit,276,C,0,0,"Comment Type: Provide a Fact or Claim Critique Category: No Response Category: No Perception Type: No Racist: No Reasoning: The comment provides a factual statement about an old account from an organization and mentions that the organization stopped posting. There is no indication of a critique, res"
reddit,277,C,0,0,"Comment Type: Ask a Rhetorical Question, Express Their Opinion Critique Category: Government Critique, Societal Critique Response Category: None Perception Type: Harmful Generalization Racist: No Reasoning: The comment is a rhetorical question and an expression of the commenter's opinion about the c"
reddit,278,C,0,0,"Comment Type: Ask a Rhetorical Question, Express Their Opinion Critique Category: Not Applicable Response Category: Not Applicable Perception Type: Deserving/Undeserving Racist: No Reasoning: The comment asks a rhetorical question and expresses an opinion about the contributions of homeless individu"
reddit,279,C,0,1,"Comment Type: Provide a Fact or Claim, Express Others' Opinions, Government Critique Critique Category: Money Aid Allocation, Government Critique Response Category: Solutions/Interventions Perception Type: Not in my Backyard Racist: No Reasoning: The comment provides a factual claim about the alloca"
reddit,280,C,0,0,"Comment Type: Ask a Rhetorical Question, Provide a Fact or Claim Critique Category: Money Aid Allocation Response Category:  Perception Type:  Racist: No Reasoning: The comment is asking for a source to verify a claim about the budget allocation for homelessness and providing a fact about the city's"
reddit,281,C,0,1,"Comment Type: Provide a Fact or Claim, Express Their Opinion, Provide an Observation Critique Category: Government Critique, Solutions/Interventions Response Category: Solutions/Interventions Perception Type: Not in my Backyard Racist: No Reasoning: The comment provides a factual statement about cur"
reddit,282,C,0,0,"Comment Type: Ask a Rhetorical Question, Provide a Fact or Claim, Express Others' Opinions Critique Category: Government Critique, Societal Critique Response Category: Not in my Backyard Perception Type: Harmful Generalization Racist: No Reasoning: The comment asks a rhetorical question, provides a "
reddit,283,C,0,1,"Comment Type: Ask a Rhetorical Question, Provide a Fact or Claim Critique Category: Money Aid Allocation Response Category: Solutions/Interventions Perception Type: Not in my Backyard Racist: No Reasoning: The comment is asking a rhetorical question about the cost-effectiveness of a solution to home"
reddit,284,C,0,1,"Comment Type: Ask a Rhetorical Question, Express Their Opinion Critique Category: Government Critique, Societal Critique Response Category: Solutions/Interventions Perception Type: Not in my Backyard Racist: No Reasoning: The comment uses a rhetorical question to express an opinion about the nature "
reddit,285,C,0,0,"Comment Type: Ask a Rhetorical Question, Express Their Opinion, Express Others' Opinions Critique Category: Not Applicable Response Category: Solutions/Interventions Perception Type: Harmful Generalization, Deserving/Undeserving Racist: No Reasoning: The comment uses a rhetorical question to express"
reddit,286,C,0,1,"Comment Type: Provide a Fact or Claim, Express Their Opinion Critique Category: Money Aid Allocation, Government Critique Response Category: Solutions/Interventions Perception Type: Not in my Backyard Racist: No Reasoning: The comment provides a fact about affordable housing units and expresses an o"
reddit,287,C,0,1,"Comment Type: Provide an Observation, Express Their Opinion, Government Critique Critique Category: Government Critique Response Category: Solutions/Interventions Perception Type: Not in my Backyard Racist: No Reasoning: The comment observes the increase in homelessness during a specific district's "
reddit,288,C,0,0,"Comment Type: Provide an Opinion, Express Others' Opinions Critique Category: Government Critique Response Category: Solutions/Interventions Perception Type: Deserving/Undeserving Racist: No Reasoning: The comment expresses an opinion on the concept of maintaining a class of poor people within an or"
reddit,289,C,0,0,"Comment Type: Provide an Observation, Express Their Opinion Critique Category: Not applicable Response Category: Not applicable Perception Type: Harmful Generalization Racist: No Reasoning: The comment observes a change in the nature of homelessness, suggesting more dire situations like addiction an"
reddit,290,C,0,0,"Comment Type: Provide an Observation, Express Others' Opinions Critique Category: Not applicable Response Category: Solutions/Interventions Perception Type: Personal Interaction Racist: No Reasoning: The comment describes personal interactions with homelessness and mentions low-income housing, indic"
reddit,291,C,0,0,"Comment Type: Ask a Rhetorical Question, Express Others' Opinions Critique Category: Not Applicable Response Category: Not Applicable Perception Type: Harmful Generalization Racist: No Reasoning: The comment uses a rhetorical question to express a negative opinion about a term used for homelessness,"
reddit,292,C,0,1,"Comment Type: Express Others' Opinions, Harmful Generalization Critique Category: Not applicable Response Category: Not applicable Perception Type: Harmful Generalization, Not in my Backyard Racist: No Reasoning: The comment expresses the opinion that a college roommate is not comparable to living w"
reddit,293,C,0,0,"Comment Type: Provide an Opinion, Express Others' Opinions Critique Category: Not Applicable Response Category: Not Applicable Perception Type: Harmful Generalization Racist: No Reasoning: The comment expresses an opinion about the root cause of homelessness and generalizes that it is related to men"
reddit,294,C,0,1,"Comment Type: Ask a Genuine Question, Express Their Opinion Critique Category: Not Applicable Response Category: Solutions/Interventions Perception Type: Not in my Backyard Racist: No Reasoning: The comment is asking a genuine question about the relationship between homelessness and drug/mental heal"
reddit,295,C,0,0,"Comment Type: Express Their Opinion, Harmful Generalization Critique Category: None Response Category: None Perception Type: Harmful Generalization Racist: No Reasoning: The comment expresses a negative opinion about homeless individuals and uses a derogatory term, which falls under harmful generali"
reddit,296,C,0,0,"Comment Type: Express Others' Opinions, Express Their Opinion Critique Category: None Response Category: None Perception Type: Harmful Generalization, Personal Interaction Racist: No Reasoning: The comment expresses the speaker's opinion and criticizes others for portraying homeless people negativel"
reddit,297,C,0,0,"Comment Type: Provide a Fact or Claim, Express Their Opinion Critique Category: Government Critique, Societal Critique Response Category: Not applicable Perception Type: Harmful Generalization Racist: No Reasoning: The comment provides a factual claim about homelessness data and expresses an opinion"
reddit,298,C,0,0,"Comment Type: Provide a Fact or Claim, Express Their Opinion Critique Category: None Response Category: None Perception Type: Harmful Generalization Racist: No Reasoning: The comment provides a factual claim about the correlation between housing costs and homelessness, expresses an opinion about the"
reddit,299,C,0,0,"Comment Type: Express Others' Opinions, Express Their Opinion Critique Category: Not applicable Response Category: Solutions/Interventions Perception Type: Harmful Generalization, Deserving/Undeserving Racist: No Reasoning: The comment expresses opinions about homeless individuals, specifically usin"
reddit,300,C,0,1,"Comment Type: Express Others' Opinions, Express Their Opinion Critique Category: Not applicable Response Category: Not applicable Perception Type: Not in my Backyard Racist: No Reasoning: The comment expresses the opinion that people experiencing homelessness should not be referred to as ""unhoused n"
reddit,301,C,0,0,"Comment Type: Provide an Observation, Express Their Opinion Critique Category: Not applicable Response Category: Not applicable Perception Type: Personal Interaction, Harmful Generalization Racist: No Reasoning: The comment provides an observation about homeless individuals and expresses an opinion "
reddit,302,C,0,0,"Comment Type: Express Their Opinion, Provide an Observation Critique Category: None Response Category: Solutions/Interventions Perception Type: Deserving/Undeserving, Harmful Generalization Racist: No Reasoning: The comment expresses an opinion that the unhoused individuals know what is best for the"
reddit,303,C,0,0,"Comment Type: Provide an Observation, Express Their Opinion Critique Category: Government Critique, Societal Critique Response Category: Solutions/Interventions Perception Type: Harmful Generalization, Deserving/Undeserving Racist: No Reasoning: The comment provides an observation about the state of"
reddit,304,C,0,1,"Comment Type: Ask a Rhetorical Question, Provide a Fact or Claim, Express Others' Opinions Critique Category: Government Critique, Societal Critique Response Category: Solutions/Interventions Perception Type: Not in my Backyard Racist: No Reasoning: The comment asks a rhetorical question to make a p"
reddit,305,C,0,1,"Comment Type: Provide an Observation, Express Others' Opinions Critique Category: Government Critique, Societal Critique Response Category: Solutions/Interventions Perception Type: Not in my Backyard, Harmful Generalization Racist: No Reasoning: The comment observes the poor living conditions of hom"
reddit,306,C,0,0,"Comment Type: Ask a Genuine Question, Provide a Fact or Claim Critique Category: No Response Category: No Perception Type: No Racist: No Reasoning: The comment asks a genuine question about the differences in homelessness statistics between cities and provides a factual statement about the variabili"
reddit,307,C,0,0,"Comment Type: Provide a Fact or Claim, Express Their Opinion Critique Category: None Response Category: None Perception Type: Harmful Generalization Racist: No Reasoning: The comment provides a factual claim about the consequences of homelessness and expresses an opinion about the severity of the is"
reddit,308,C,0,0,"Comment Type: Provide an Observation, Express Their Opinion Critique Category: None Response Category: Solutions/Interventions Perception Type: Deserving/Undeserving Racist: No Reasoning: The comment provides an observation about homelessness and expresses an opinion that certain individuals are res"
reddit,309,C,0,0,"Comment Type: Ask a Rhetorical Question, Express Their Opinion, Provide an Observation, Critique Category: Government Critique, Response Category: Solutions/Interventions, Perception Type: Harmful Generalization, Racist: No Reasoning: The comment asks rhetorical questions to make a point about the i"
reddit,310,C,0,0,"Comment Type: Ask a Rhetorical Question, Provide a Fact or Claim, Express Their Opinion Critique Category: Government Critique, Societal Critique Response Category: Solutions/Interventions Perception Type: Harmful Generalization, Deserving/Undeserving Racist: No Reasoning: The comment asks a rhetori"
reddit,311,C,0,0,"Comment Type: Provide a Fact or Claim, Express Their Opinion Critique Category: Money Aid Allocation, Government Critique Response Category: Solutions/Interventions Perception Type: None Racist: No Reasoning: The comment provides a factual claim about the cost-effectiveness of housing homeless indiv"
reddit,312,C,0,1,"Comment Type: Provide an Observation, Ask a Genuine Question Critique Category: Not applicable Response Category: Solutions/Interventions Perception Type: Not in my Backyard Racist: No Reasoning: The comment observes a challenge in finding land for housing for homeless people and asks a genuine ques"
reddit,313,C,0,0,"Comment Type: Express Their Opinion, Express Others' Opinions Critique Category: None Response Category: Solutions/Interventions Perception Type: Harmful Generalization, Deserving/Undeserving Racist: No Reasoning: The comment expresses the speaker's opinion and describes the views of others regardin"
reddit,314,C,0,0,"Comment Type: Provide a Fact or Claim, Express Their Opinion Critique Category: Government Critique, Societal Critique Response Category: Solutions/Interventions Perception Type: Harmful Generalization, Deserving/Undeserving Racist: No Reasoning: The comment provides a factual comparison between two"
reddit,315,C,0,1,"Comment Type: Express Their Opinion, Ask a Rhetorical Question Critique Category: Government Critique Response Category: Solutions/Interventions Perception Type: Not in my Backyard Racist: No Reasoning: The comment expresses the commenter's opinion and feelings about the commenter's perceived inacti"
reddit,316,C,1,1,"Comment Type: Provide an Observation, Express Others' Opinions, Government Critique Critique Category: Government Critique, Societal Critique Response Category: Solutions/Interventions Perception Type: Not in my Backyard, Harmful Generalization Racist: No Reasoning: The comment provides an observati"
reddit,317,C,0,1,"Comment Type: Provide a Fact or Claim, Ask a Rhetorical Question Critique Category: Money Aid Allocation Response Category: Solutions/Interventions Perception Type: Not in my Backyard Racist: No Reasoning: The comment provides a factual calculation of the amount of money allocated per homeless indiv"
reddit,318,C,0,0,"Comment Type: Ask a Genuine Question, Provide an Observation Critique Category: Not Applicable Response Category: Not Applicable Perception Type: Media Portrayal Racist: No Reasoning: The comment is asking about the count of homeless individuals and observing how they are counted, which relates to m"
reddit,319,C,0,1,"Comment Type: Provide an Observation, Express Their Opinion, Government Critique, Societal Critique Critique Category: Government Critique, Societal Critique Response Category: Solutions/Interventions Perception Type: Harmful Generalization, Not in my Backyard Racist: No Reasoning: The comment obser"
reddit,320,C,0,1,"Comment Type: Ask a Rhetorical Question, Express Their Opinion Critique Category: Government Critique Response Category: Solutions/Interventions Perception Type: Not in my Backyard Racist: No Reasoning: The comment is asking a rhetorical question to express an opinion that homelessness is a problem "
reddit,321,C,0,1,"Comment Type: Provide a Fact or Claim, Express Their Opinion Critique Category: Money Aid Allocation, Government Critique Response Category: Solutions/Interventions Perception Type: Not in my Backyard Racist: No Reasoning: The comment provides a factual statement about the city's spending on clearin"
reddit,322,C,0,1,"Comment Type: Express Their Opinion, Provide an Observation Critique Category: Government Critique Response Category: Solutions/Interventions Perception Type: Not in my Backyard Racist: No Reasoning: The comment expresses an opinion on the feasibility of criminalizing homelessness and suggests a sol"
reddit,323,C,0,1,"Comment Type: Provide an Observation, Express Their Opinion Critique Category: Government Critique Response Category: Solutions/Interventions Perception Type: Not in my Backyard Racist: No Reasoning: The comment expresses an opinion on the need to give a homelessness measure enough time to assess it"
reddit,324,C,0,0,"Comment Type: Express Their Opinion, Express Others' Opinions Critique Category: Government Critique, Societal Critique Response Category: Solutions/Interventions Perception Type: Deserving/Undeserving Racist: No Reasoning: The comment expresses an opinion on the treatment of homeless individuals an"
reddit,325,C,0,1,"Comment Type: Provide a Fact or Claim, Express Their Opinion Critique Category: Money Aid Allocation, Government Critique Response Category: Solutions/Interventions Perception Type: Not in my Backyard Racist: No Reasoning: The comment provides a factual claim about the allocation of funds for afford"
reddit,326,C,0,1,"Comment Type: Provide a Fact or Claim, Express Their Opinion Critique Category: Money Aid Allocation, Government Critique Response Category: Solutions/Interventions Perception Type: Not in my Backyard Racist: No Reasoning: The comment suggests solutions involving tax policy and affordable housing, w"
reddit,327,C,0,0,"Comment Type: Provide an Observation, Express Their Opinion Critique Category: Not applicable Response Category: Not applicable Perception Type: Media Portrayal, Deserving/Undeserving Racist: No Reasoning: The comment observes a perceived behavior of an organization and expresses an opinion about it"
reddit,328,C,0,1,"Comment Type: Express Others' Opinions, Express Their Opinion Critique Category: Not Applicable Response Category: Not Applicable Perception Type: Not in my Backyard Racist: No Reasoning: The comment expresses an opinion about the subreddit's name, suggesting it should remain focused on complaints a"
reddit,329,C,0,0,"Comment Type: Express Their Opinion, Provide an Observation Critique Category: Not applicable Response Category: Solutions/Interventions Perception Type: Deserving/Undeserving Racist: No Reasoning: The comment expresses an opinion on parental responsibilities and the conditions under which children "
reddit,330,C,0,1,"Comment Type: Ask a Genuine Question, Express Others' Opinions Critique Category: Not Applicable Response Category: Solutions/Interventions Perception Type: Not in my Backyard, Harmful Generalization Racist: No Reasoning: The comment asks for opinions on garbage collection and mentions that some peo"
reddit,331,C,0,1,"Comment Type: Ask a Genuine Question, Provide an Observation Critique Category: Money Aid Allocation Response Category: Solutions/Interventions Perception Type: Not in my Backyard Racist: No Reasoning: The comment is asking for a reason why a specific solution hasn't been implemented, which is an ob"
reddit,332,C,0,1,"Comment Type: Ask a Genuine Question, Provide an Observation Critique Category: None Response Category: None Perception Type: Not in my Backyard Racist: No Reasoning: The comment is an observation about the increase in homelessness in a specific location and asks a genuine question about the cause, "
reddit,333,C,0,1,"Comment Type: Provide a Fact or Claim, Express Their Opinion Critique Category: Government Critique, Money Aid Allocation Response Category: Solutions/Interventions Perception Type: Not in my Backyard Racist: No Reasoning: The comment provides a factual claim about the private market's unwillingness"
reddit,334,C,0,1,"Comment Type: Provide an Observation, Express Their Opinion Critique Category: Government Critique Response Category: Solutions/Interventions Perception Type: Not in my Backyard Racist: No Reasoning: The comment observes a potential consequence of an emergency situation and expresses an opinion abou"
reddit,335,C,0,0,"Comment Type: Provide an Observation, Express Their Opinion Critique Category: Not Applicable Response Category: Not Applicable Perception Type: Media Portrayal, Harmful Generalization, Deserving/Undeserving Racist: No Reasoning: The comment provides an observation about the differences in homelessn"
reddit,336,C,0,0,"Comment Type: Express Others' Opinions, Express Their Opinion Critique Category: None Response Category: None Perception Type: Harmful Generalization Racist: No Reasoning: The comment expresses the opinion that people who have not experienced homelessness are quick to judge the lack of dignity in ho"
reddit,337,C,0,0,"Comment Type: Express Their Opinion, Ask a Rhetorical Question Critique Category: Government Critique Response Category: Solutions/Interventions Perception Type: None Racist: No Reasoning: The comment expresses an opinion and poses a rhetorical question about the government's approach to homelessnes"
reddit,338,C,0,0,"Comment Type: Express Others' Opinions, Harmful Generalization Critique Category: None Response Category: None Perception Type: Harmful Generalization Racist: Yes Reasoning: The comment contains an explicit racial stereotype by referring to ""street racers"" and ""the homeless"" as ""untouchable,"" which "
reddit,339,C,0,0,"Comment Type: Provide a Fact or Claim, Express Their Opinion Critique Category: Government Critique, Societal Critique Response Category: Solutions/Interventions Perception Type: Harmful Generalization Racist: No Reasoning: The comment provides a factual claim about homelessness and mental illness, "
reddit,340,C,0,0,"Comment Type: Express Their Opinion, Provide an Observation Critique Category: None Response Category: None Perception Type: Personal Interaction Racist: No Reasoning: The comment expresses an opinion about interacting with squatters and makes an observation about the housing market. It does not con"
reddit,341,C,0,1,"Comment Type: Provide an Observation, Express Their Opinion Critique Category: Government Critique Response Category: Solutions/Interventions Perception Type: Not in my Backyard Racist: No Reasoning: The comment observes that the federal government has not addressed the issue of homelessness, sugges"
reddit,342,C,0,0,"Comment Type: Ask a Rhetorical Question, Provide an Observation, Express Their Opinion Critique Category: Government Critique, Societal Critique Response Category: Solutions/Interventions Perception Type: Harmful Generalization, Personal Interaction Racist: No Reasoning: The comment asks a rhetorica"
reddit,343,C,0,1,"Comment Type: Provide a Fact or Claim, Express Their Opinion Critique Category: None Response Category: Solutions/Interventions Perception Type: Not in my Backyard Racist: No Reasoning: The comment provides a factual statement about the impact of a business failing and expresses an opinion about the"
reddit,344,C,0,0,"Comment Type: Express Their Opinion, Provide an Observation Critique Category: Not Applicable Response Category: Not Applicable Perception Type: Harmful Generalization, Deserving/Undeserving Racist: No Reasoning: The comment expresses an opinion about the causes of homelessness and mental illness, o"
reddit,345,C,0,0,"Comment Type: Provide a Fact or Claim, Express Others' Opinions Critique Category: Money Aid Allocation, Government Critique Response Category: Solutions/Interventions Perception Type: Harmful Generalization Racist: No Reasoning: The comment provides a factual claim about the use of tax dollars for "
reddit,346,C,0,0,"Comment Type: Ask a Rhetorical Question, Provide an Observation Critique Category: None Response Category: None Perception Type: None Racist: No Reasoning: The comment is an observation about the distinction between involuntary commitment for severe mental health issues and homelessness in general. "
reddit,347,C,1,1,"Comment Type: Provide an Opinion, Express Others' Opinions Critique Category: Government Critique, Societal Critique Response Category: Solutions/Interventions Perception Type: Not in my Backyard Racist: No Reasoning: The comment expresses strong opinions about the handling of the homeless crisis an"
reddit,348,C,0,0,"Comment Type: Ask a Genuine Question, Provide an Observation, Express Their Opinion Critique Category: Government Critique, Money Aid Allocation, Societal Critique Response Category: Solutions/Interventions Perception Type: Deserving/Undeserving Racist: No Reasoning: The comment asks a genuine quest"
reddit,349,C,0,0,"Comment Type: Provide a Fact or Claim, Express Their Opinion Critique Category: Money Aid Allocation, Government Critique Response Category: Solutions/Interventions Perception Type: None Racist: No Reasoning: The comment provides a factual statement about legal restrictions on homelessness services "
reddit,350,C,0,0,"Comment Type: Provide a Fact or Claim, Provide an Observation Critique Category: No Response Category: Solutions/Interventions Perception Type: No Racist: No Reasoning: The comment provides links to housing and community resources, which can be seen as providing a fact or claim about available servi"
reddit,351,C,0,0,"Comment Type: Provide an Observation, Express Others' Opinions Critique Category: Not applicable Response Category: Not applicable Perception Type: Harmful Generalization Racist: No Reasoning: The comment observes that concentrated areas of homelessness often include the ""worst"" individuals, which c"
reddit,352,C,0,1,"Comment Type: Ask a Rhetorical Question, Provide an Observation, Express Their Opinion Critique Category: None Response Category: Solutions/Interventions Perception Type: Not in my Backyard, Harmful Generalization Racist: No Reasoning: The comment poses a rhetorical question about the合理性与适用性，我们来逐一分析"
reddit,353,C,0,1,"Comment Type: Provide a Fact or Claim, Express Others' Opinions Critique Category: Money Aid Allocation, Government Critique Response Category: Solutions/Interventions Perception Type: Not in my Backyard Racist: No Reasoning: The comment provides a factual statement about a homelessness program and "
reddit,354,C,0,0,"Comment Type: Ask a Genuine Question, Provide an Observation, Express Their Opinion Critique Category: None Response Category: Solutions/Interventions Perception Type: None Racist: No Reasoning: The comment is an observation about an organization that serves homeless women and children, followed by "
reddit,355,C,0,1,"Comment Type: Express Their Opinion, Provide an Observation Critique Category: Government Critique Response Category: Solutions/Interventions Perception Type: Not in my Backyard Racist: No Reasoning: The comment expresses an opinion about local government policies and a negative observation about th"
reddit,356,C,0,0,"Comment Type: Ask a Rhetorical Question, Provide a Fact or Claim Critique Category: Government Critique, Societal Critique Response Category: Not applicable Perception Type: Harmful Generalization Racist: No Reasoning: The comment raises a rhetorical question about the reasons an unhoused person mig"
reddit,357,C,0,0,"Comment Type: Provide an Observation, Express Others' Opinions Critique Category: Not applicable Response Category: Solutions/Interventions Perception Type: Not applicable Racist: No Reasoning: The comment provides observations about the process of dealing with a homeless person on one's property an"
reddit,358,C,0,0,"Comment Type: Ask a Genuine Question, Provide an Observation, Express Their Opinion Critique Category: Not Applicable Response Category: Solutions/Interventions Perception Type: Deserving/Undeserving, Personal Interaction Racist: No Reasoning: The comment asks a genuine question about the situation "
reddit,359,C,0,1,"Comment Type: Provide an Observation, Express Their Opinion Critique Category: Not applicable Response Category: Not applicable Perception Type: Not in my Backyard, Personal Interaction Racist: No Reasoning: The comment provides an observation about the difference in homelessness between two cities "
reddit,360,C,0,1,"Comment Type: Provide an Observation, Express Their Opinion Critique Category: Not applicable Response Category: Not applicable Perception Type: Not in my Backyard, Harmful Generalization Racist: No Reasoning: The comment observes the practice of ignoring homelessness by keeping buildings abandoned "
reddit,361,C,0,0,"Comment Type: Provide an Observation, Express Their Opinion Critique Category: None Response Category: None Perception Type: Media Portrayal Racist: No Reasoning: The comment provides an observation about giving to homeless organizations and expresses a positive opinion about it. It does not directl"
reddit,362,C,1,0,"Comment Type: Express Others' Opinions, Express Their Opinion Critique Category: None Response Category: Solutions/Interventions Perception Type: Harmful Generalization, Deserving/Undeserving Racist: No Reasoning: The comment expresses an opinion about using a homemade solution to keep the homeless "
reddit,363,C,0,1,"Comment Type: Provide an Opinion, Express Others' Opinions Critique Category: None Response Category: Solutions/Interventions Perception Type: Not in my Backyard Racist: No Reasoning: The comment expresses an opinion about not giving money to panhandlers and instead donating to homeless charities. I"
reddit,364,C,0,1,"Comment Type: Provide an Observation, Express Their Opinion, Provide a Fact or Claim Critique Category: Government Critique, Solutions/Interventions Response Category: Solutions/Interventions Perception Type: Deserving/Undeserving, Not in my Backyard Racist: No Reasoning: The comment provides an obs"
reddit,365,C,0,0,"Comment Type: Ask a Rhetorical Question, Express Their Opinion Critique Category: Government Critique Response Category: Solutions/Interventions Perception Type: Harmful Generalization Racist: No Reasoning: The comment contains a rhetorical question and an opinion about the mayor's focus on homeless"
reddit,366,C,0,1,"Comment Type: Ask a Genuine Question, Provide an Observation Critique Category: Not Applicable Response Category: Solutions/Interventions Perception Type: Not in my Backyard Racist: No Reasoning: The comment asks a genuine question about how to address homelessness while acknowledging the challenges"
reddit,367,C,0,1,"Comment Type: Express Their Opinion, Provide an Observation Critique Category: No Response Category: No Perception Type: Not in my Backyard Racist: No Reasoning: The comment expresses concern about an increase in the homeless population, which can be seen as an observation or opinion. It does not cr"
reddit,368,C,0,0,"Comment Type: Provide a Fact or Claim, Provide an Observation Critique Category: No Response Category: No Perception Type: No Racist: No Reasoning: The comment provides a factual statement about an article from an organization and mentions a community being discussed. There is no indication of a rhe"
reddit,369,C,0,1,"Comment Type: Provide a Fact or Claim, Express Their Opinion, Government Critique Critique Category: Government Critique Response Category: Solutions/Interventions Perception Type: Not in my Backyard Racist: No Reasoning: The comment criticizes the government's approach to housing subsidies, suggest"
reddit,370,C,0,0,"Comment Type: Provide an Observation, Express Their Opinion Critique Category: None Response Category: None Perception Type: Personal Interaction Racist: No Reasoning: The comment provides an observation about the difficulty of panhandling in a specific location and expresses the observer's opinion "
reddit,371,C,0,0,"Comment Type: Ask a Rhetorical Question, Provide an Observation Critique Category: None Response Category: None Perception Type: Media Portrayal Racist: No Reasoning: The comment uses a reference to a movie scene to make an observation about the portrayal of homelessness in media, but does not expli"
reddit,372,C,0,0,"Comment Type: Ask a Genuine Question, Provide an Observation Critique Category: None Response Category: Solutions/Interventions Perception Type: None Racist: No Reasoning: The comment is asking for information about volunteer opportunities at shelters or soup kitchens, which is a genuine question an"
reddit,373,C,0,0,"Comment Type: Provide an Observation, Express Their Opinion Critique Category: Government Critique, Societal Critique Response Category: None Perception Type: Harmful Generalization, Deserving/Undeserving Racist: No Reasoning: The comment expresses an opinion about society's support of homelessness "
reddit,374,C,0,0,"Comment Type: Ask a Rhetorical Question, Provide an Observation, Express Their Opinion Critique Category: None Response Category: Solutions/Interventions Perception Type: Harmful Generalization, Deserving/Undeserving Racist: No Reasoning: The comment poses a rhetorical question about the legitimacy "
reddit,375,C,0,0,"Comment Type: Provide an Observation, Express Their Opinion Critique Category: Not applicable Response Category: Solutions/Interventions Perception Type: Harmful Generalization Racist: No Reasoning: The comment observes a policy and expresses an opinion about the reasons behind homelessness. It also"
reddit,376,C,0,1,"Comment Type: Express Their Opinion, Harmful Generalization Critique Category: Not applicable Response Category: Not applicable Perception Type: Harmful Generalization, Not in my Backyard Racist: No Reasoning: The comment expresses a negative opinion about helping homeless people, suggesting they ar"
reddit,377,C,0,0,"Comment Type: Provide a Fact or Claim, Express Others' Opinions Critique Category: Government Critique Response Category: Not applicable Perception Type: Not applicable Racist: No Reasoning: The comment provides a factual statement about squatters' rights and government policies, and expresses an op"
reddit,378,C,0,0,"Comment Type: Ask a Genuine Question, Provide an Observation Critique Category: None Response Category: None Perception Type: Harmful Generalization Racist: No Reasoning: The comment observes a problematic situation of homelessness and interpersonal violence but does not explicitly or implicitly mak"
reddit,379,C,0,1,"Comment Type: Express Others' Opinions, Not in my Backyard Critique Category: Not applicable Response Category: Not applicable Perception Type: Not in my Backyard Racist: No Reasoning: The comment expresses opposition to having homeless people in the city, which falls under the ""Not in my Backyard"" "
reddit,380,C,1,1,"Comment Type: Express Others' Opinions, Not in my Backyard Critique Category: Not applicable Response Category: Not applicable Perception Type: Not in my Backyard Racist: No Reasoning: The comment expresses opposition to affordable housing in the commenter's vicinity, which is a form of ""Not in my B"
reddit,381,C,0,0,"Comment Type: Provide an Observation, Express Others' Opinions Critique Category: Not applicable Response Category: Solutions/Interventions Perception Type: Not applicable Racist: No Reasoning: The comment observes a situation and expresses an opinion about the organization's actions, suggesting a s"
reddit,382,C,0,1,"Comment Type: Provide an Observation, Express Their Opinion Critique Category: Not applicable Response Category: Solutions/Interventions Perception Type: Not in my Backyard Racist: No Reasoning: The comment observes the current state of abandoned buildings and discusses the challenges of development"
reddit,383,C,0,1,"Comment Type: None Critique Category: Government Critique, Societal Critique Response Category: None Perception Type: Harmful Generalization, Not in my Backyard Racist: No Reasoning: The comment does not directly address homelessness but discusses a murder case involving a stepdaughter. It critiques"
reddit,384,C,0,1,"Comment Type: Ask a Rhetorical Question, Provide a Fact or Claim, Express Their Opinion Critique Category: Money Aid Allocation, Government Critique Response Category: Solutions/Interventions Perception Type: Not in my Backyard Racist: No Reasoning: The comment questions the allocation of money to a"
reddit,385,C,0,1,"Comment Type: Ask a Rhetorical Question, Express Their Opinion Critique Category: None Response Category: None Perception Type: Not in my Backyard Racist: No Reasoning: The comment is asking a rhetorical question and expressing an opinion about the perceived contradiction between the lack of housing"
reddit,386,C,0,0,"Comment Type: Ask a Rhetorical Question, Express Their Opinion Critique Category: Government Critique Response Category: Solutions/Interventions Perception Type: Harmful Generalization, Deserving/Undeserving Racist: No Reasoning: The comment is a rhetorical question expressing the speaker's opinion "
reddit,387,C,0,1,"Comment Type: Express Their Opinion, Provide an Observation, Express Others' Opinions Critique Category: Government Critique, Societal Critique Response Category: Solutions/Interventions Perception Type: Deserving/Undeserving, Not in my Backyard Racist: No Reasoning: The comment expresses the speake"
reddit,388,C,0,0,"Comment Type: Ask a Rhetorical Question, Express Others' Opinions Critique Category: Government Critique, Societal Critique Response Category: Not in my Backyard Perception Type: Harmful Generalization Racist: No Reasoning: The comment questions the actions of an organization that is accused of chil"
reddit,389,C,1,1,"Comment Type: Express Others' Opinions, Express Their Opinion Critique Category: Not applicable Response Category: Solutions/Interventions Perception Type: Not in my Backyard Racist: No Reasoning: The comment expresses the opinion that people generally support affordable housing but are against it w"
reddit,390,C,0,1,"Comment Type: Provide an Observation, Express Others' Opinions Critique Category: Not applicable Response Category: Not applicable Perception Type: Not in my Backyard, Harmful Generalization Racist: No Reasoning: The comment observes the availability of affordable housing and expresses an opinion th"
reddit,391,C,0,1,"Comment Type: Ask a Rhetorical Question, Express Their Opinion Critique Category: Government Critique, Societal Critique Response Category: None Perception Type: Not in my Backyard, Harmful Generalization Racist: No Reasoning: The comment asks a rhetorical question about police involvement and expre"
reddit,392,C,0,0,"Comment Type: Provide a Fact or Claim, Ask a Rhetorical Question Critique Category: None Response Category: None Perception Type: None Racist: No Reasoning: The comment does not provide a clear fact or claim about homelessness, nor does it ask a question. It appears to be a response to a previous po"
reddit,393,C,0,1,"Comment Type: Ask a Rhetorical Question, Provide an Opinion, Express Others' Opinions Critique Category: Government Critique, Societal Critique Response Category: Solutions/Interventions Perception Type: Not in my Backyard Racist: No Reasoning: The comment asks a rhetorical question about personal r"
reddit,394,C,0,1,"Comment Type: Provide an Observation, Express Their Opinion, Express Others' Opinions Critique Category: Government Critique, Money Aid Allocation Response Category: Solutions/Interventions Perception Type: Not in my Backyard Racist: No Reasoning: The comment provides an observation about the state "
reddit,395,C,0,1,"Comment Type: Ask a Rhetorical Question, Express Their Opinion Critique Category: Not Applicable Response Category: Not Applicable Perception Type: Not in my Backyard Racist: No Reasoning: The comment is a rhetorical question and an opinion about prioritizing affordable housing over personal views. "
reddit,396,C,0,1,"Comment Type: Provide an Observation, Express Others' Opinions Critique Category: Not applicable Response Category: Not applicable Perception Type: Not in my Backyard Racist: No Reasoning: The comment provides an observation about the location of panhandlers and expresses the observer's opinion on t"
reddit,397,C,0,0,"Comment Type: Ask a Rhetorical Question, Express Others' Opinions Critique Category: Not Applicable Response Category: Not Applicable Perception Type: Harmful Generalization Racist: No Reasoning: The comment expresses a concern about the behavior of homeless individuals and makes a negative generali"
reddit,398,C,0,1,"Comment Type: Provide an Opinion, Express Others' Opinions Critique Category: Government Critique, Money Aid Allocation Response Category: Solutions/Interventions Perception Type: Not in my Backyard Racist: No Reasoning: The comment expresses an opinion about the cost-effectiveness of paying panhand"
reddit,399,C,0,1,"Comment Type: Provide an Observation, Express Their Opinion, Provide a Fact or Claim Critique Category: Solutions/Interventions Response Category: Solutions/Interventions Perception Type: Not in my Backyard Racist: No Reasoning: The comment provides an observation about personal experience moving to"
reddit,400,C,0,0,"Comment Type: Express Their Opinion, Provide an Observation Critique Category: None Response Category: None Perception Type: Personal Interaction Racist: No Reasoning: The comment expresses an opinion and observation about a homeless individual's situation, suggesting they are looking for a place to"
reddit,401,C,1,0,"Comment Type: Ask a Rhetorical Question, Provide a Fact or Claim, Express Their Opinion Critique Category: Government Critique, Societal Critique Response Category: Solutions/Interventions Perception Type: Harmful Generalization, Deserving/Undeserving Racist: No Reasoning: The comment raises questio"
reddit,402,C,0,1,"Comment Type: Provide a Fact or Claim, Express Their Opinion Critique Category: Money Aid Allocation, Government Critique Response Category: Solutions/Interventions Perception Type: Not in my Backyard Racist: No Reasoning: The comment criticizes the cost differences between private development and n"
reddit,403,C,0,0,"Comment Type: Provide an Observation, Ask a Genuine Question Critique Category: None Response Category: Solutions/Interventions Perception Type: None Racist: No Reasoning: The comment observes a practice by an organization and asks a genuine question about the criteria for placing homeless individua"
reddit,404,C,0,0,"Comment Type: Provide an Observation, Express Their Opinion Critique Category: Government Critique, Societal Critique Response Category: Solutions/Interventions Perception Type: Harmful Generalization, Deserving/Undeserving Racist: No Reasoning: The comment provides observations about the city's hou"
reddit,405,C,0,0,"Comment Type: Provide an Observation, Express Their Opinion Critique Category: None Response Category: None Perception Type: Harmful Generalization Racist: No Reasoning: The comment expresses an opinion about a percentage of homeless individuals seeking easy money, which can be seen as a harmful gen"
reddit,406,C,0,1,"Comment Type: Express Others' Opinions Critique Category: No Response Category: No Perception Type: Not in my Backyard Racist: No Reasoning: The comment expresses the speaker's opinion that they do not see any homeless people in their immediate vicinity, which reflects a ""Not in my Backyard"" percept"
reddit,407,C,0,0,"Comment Type: Provide a Fact or Claim, Express Their Opinion Critique Category: None Response Category: None Perception Type: Harmful Generalization Racist: No Reasoning: The comment expresses an opinion that many services are available for the homeless, implying that those who struggle with homeles"
reddit,408,C,0,1,"Comment Type: Provide an Observation, Express Their Opinion Critique Category: No Response Category: No Perception Type: Not in my Backyard Racist: No Reasoning: The comment provides an observation about living in a major city and expresses a personal opinion about the city. The author mentions affo"
reddit,409,C,0,1,"Comment Type: Provide a Fact or Claim, Express Their Opinion Critique Category: Money Aid Allocation, Government Critique Response Category: Solutions/Interventions Perception Type: Not in my Backyard Racist: No Reasoning: The comment expresses an opinion on the negative effects of subsidized housin"
reddit,410,C,0,0,"Comment Type: Provide a Fact or Claim, Express Their Opinion Critique Category: Not Applicable Response Category: Not Applicable Perception Type: Not Applicable Racist: No Reasoning: The comment provides a factual statement about the terminology used for individuals experiencing homelessness and exp"
reddit,411,C,0,1,"Comment Type: Express Their Opinion, Provide an Observation Critique Category: None Response Category: None Perception Type: Not in my Backyard, Deserving/Undeserving Racist: No Reasoning: The comment expresses the observer's opinion and describes an observation of a homeless individual attempting t"
reddit,412,C,0,1,"Comment Type: Provide an Observation, Express Their Opinion Critique Category: Government Critique, Societal Critique Response Category: Solutions/Interventions Perception Type: Not in my Backyard, Harmful Generalization Racist: No Reasoning: The comment observes the negative impacts of demolition p"
reddit,413,C,0,1,"Comment Type: Provide an Observation, Express Their Opinion, Express Others' Opinions Critique Category: Government Critique, Societal Critique Response Category: Solutions/Interventions Perception Type: Not in my Backyard, Harmful Generalization Racist: No Reasoning: The comment observes the curren"
reddit,414,C,0,0,"Comment Type: Provide a Fact or Claim, Express Others' Opinions, Government Critique Critique Category: Government Critique, Societal Critique Response Category: Solutions/Interventions Perception Type: Harmful Generalization, Deserving/Undeserving Racist: Yes Reasoning: The comment discusses histor"
reddit,415,C,0,0,"Comment Type: Express Their Opinion, Express Others' Opinions Critique Category: Government Critique, Societal Critique Response Category: Solutions/Interventions Perception Type: Deserving/Undeserving, Harmful Generalization Racist: No Reasoning: The comment expresses the opinion that the commenter"
reddit,416,C,0,1,"Comment Type: Provide a Fact or Claim, Ask a Genuine Question Critique Category: Money Aid Allocation Response Category: Solutions/Interventions Perception Type: Not in my Backyard Racist: No Reasoning: The comment is asking about the financial cost of homelessness compared to subsidized housing, wh"
reddit,417,C,0,1,"Comment Type: Provide an Observation, Express Their Opinion Critique Category: None Response Category: Solutions/Interventions Perception Type: Not in my Backyard, Harmful Generalization Racist: No Reasoning: The comment provides an observation about housing in a specific location and expresses an o"
reddit,418,C,0,0,"Comment Type: Express Others' Opinions, Harmful Generalization Critique Category: None Response Category: None Perception Type: Harmful Generalization Racist: No Reasoning: The comment expresses an opinion about a homeless individual, making a harmful generalization about them being a drug addict. W"
reddit,419,C,0,1,"Comment Type: Provide a Fact or Claim, Express Their Opinion Critique Category: Money Aid Allocation, Government Critique Response Category: Solutions/Interventions Perception Type: Not in my Backyard Racist: No Reasoning: The comment criticizes the government and an unspecified organization for the"
reddit,420,C,0,1,"Comment Type: Provide a Fact or Claim, Ask a Genuine Question Critique Category: Money Aid Allocation Response Category: Solutions/Interventions Perception Type: Not in my Backyard Racist: No Reasoning: The comment presents a factual claim about affordable housing as the issue and asks a genuine que"
reddit,421,C,0,0,"Comment Type: Express Their Opinion, Harmful Generalization Critique Category: No Response Category: No Perception Type: Deserving/Undeserving, Harmful Generalization Racist: No Reasoning: The comment expresses the opinion that people who beg should not do so and criticizes them for disrespecting ot"
reddit,422,C,0,0,"Comment Type: Ask a Rhetorical Question, Provide an Observation Critique Category: None Response Category: None Perception Type: Media Portrayal Racist: No Reasoning: The comment is asking a rhetorical question and making an observation about a person who may have been homeless, likely referencing m"
reddit,423,C,0,1,"Comment Type: Provide a Fact or Claim, Express Others' Opinions Critique Category: Government Critique, Money Aid Allocation Response Category: Solutions/Interventions Perception Type: Not in my Backyard Racist: No Reasoning: The comment provides a factual claim about the challenges developers face "
reddit,424,C,1,1,"Comment Type: Ask a Rhetorical Question, Express Their Opinion Critique Category: Not Applicable Response Category: Solutions/Interventions Perception Type: Not in my Backyard Racist: No Reasoning: The comment is asking a rhetorical question and expressing an opinion about where to place homeless fa"
reddit,425,C,0,1,"Comment Type: Provide a Fact or Claim, Express Others' Opinions Critique Category: Government Critique, Societal Critique Response Category: Solutions/Interventions Perception Type: Not in my Backyard Racist: No Reasoning: The comment provides a factual claim about the concept of ""trickle down housi"
reddit,426,C,0,1,"Comment Type: Provide an Observation, Express Their Opinion Critique Category: Not applicable Response Category: Not applicable Perception Type: Not in my Backyard Racist: No Reasoning: The comment describes a homeless camp in a specific location and expresses an opinion about it, indicating opposit"
reddit,427,C,0,0,"Comment Type: Provide an Observation, Express Their Opinion Critique Category: None Response Category: Solutions/Interventions Perception Type: None Racist: No Reasoning: The comment provides an observation about an event or organization and expresses a positive opinion about the organization's work"
reddit,428,C,0,0,"Comment Type: Ask a Genuine Question, Provide an Observation Critique Category: None Response Category: None Perception Type: Personal Interaction Racist: No Reasoning: The comment is asking a genuine question about the homelessness status of an individual and observing their presence in a specific "
reddit,429,C,0,1,"Comment Type: Express Their Opinion, Provide an Observation Critique Category: Not applicable Response Category: Not applicable Perception Type: Not in my Backyard Racist: No Reasoning: The comment expresses an opinion about property owners not needing to be blamed in squatting cases and provides an"
reddit,430,C,0,0,"Comment Type: Provide a Fact or Claim, Express Their Opinion Critique Category: Government Critique, Money Aid Allocation Response Category: Solutions/Interventions Perception Type: Deserving/Undeserving Racist: No Reasoning: The comment provides factual information about the shelter system and hous"
reddit,431,C,0,1,"Comment Type: Provide an Observation, Express Their Opinion Critique Category: Not applicable Response Category: Not applicable Perception Type: Not in my Backyard, Harmful Generalization Racist: No Reasoning: The comment observes the high number of homeless people and expresses a negative opinion a"
reddit,432,C,0,1,"Comment Type: Ask a Rhetorical Question, Provide a Fact or Claim, Express Their Opinion Critique Category: Money Aid Allocation, Government Critique Response Category: Solutions/Interventions Perception Type: Not in my Backyard Racist: No Reasoning: The comment raises questions about the effectivene"
reddit,433,C,0,1,"Comment Type: Provide a Fact or Claim, Provide an Observation, Express Their Opinion Critique Category: Money Aid Allocation, Government Critique Response Category: Solutions/Interventions Perception Type: Not in my Backyard Racist: No Reasoning: The comment provides facts about homelessness, shares"
reddit,434,C,0,1,"Comment Type: Ask a Genuine Question, Provide a Fact or Claim Critique Category: Money Aid Allocation Response Category: Solutions/Interventions Perception Type: Not in my Backyard Racist: No Reasoning: The comment asks a genuine question about a specific plan for affordable housing and mentions fun"
reddit,435,C,0,0,"Comment Type: Ask a Rhetorical Question, Provide an Observation Critique Category: None Response Category: None Perception Type: None Racist: No Reasoning: The comment is an observation about an organization's terminology and a rhetorical question implying criticism of someone's attempt, but it does"
reddit,436,C,0,0,"Comment Type: Provide an Observation, Express Their Opinion Critique Category: Not applicable Response Category: Not applicable Perception Type: Personal Interaction Racist: No Reasoning: The comment provides an observation based on personal experience and expresses an opinion about the severity of "
reddit,437,C,1,1,"Comment Type: Express Others' Opinions, Express Their Opinion Critique Category: Not Applicable Response Category: Not Applicable Perception Type: Not in my Backyard, Harmful Generalization Racist: No Reasoning: The comment expresses opposition to a local homelessness development and makes a negativ"
reddit,438,C,0,0,"Comment Type: Ask a Genuine Question, Provide a Fact or Claim Critique Category: None Response Category: Solutions/Interventions Perception Type: None Racist: No Reasoning: The comment is asking about a specific organization and a phone number to call, which is a genuine question. It also provides a"
reddit,439,C,0,0,"Comment Type: Express Others' Opinions, Express Their Opinion Critique Category: Not Applicable Response Category: Not Applicable Perception Type: Deserving/Undeserving Racist: No Reasoning: The comment expresses the opinion that people who complain about homelessness are often the same people who w"
reddit,440,C,0,0,"Comment Type: Express Their Opinion, Provide an Observation Critique Category: None Response Category: Solutions/Interventions Perception Type: Personal Interaction Racist: No Reasoning: The comment expresses an opinion about the separation of a dog and its owner, which is an observation of a person"
reddit,441,C,0,1,"Comment Type: Provide an Observation, Express Their Opinion Critique Category: Not applicable Response Category: Solutions/Interventions Perception Type: Not in my Backyard Racist: No Reasoning: The comment expresses an opinion about rising housing prices and the potential increase in homelessness, "
reddit,442,C,1,1,"Comment Type: Express Their Opinion, Express Others' Opinions, Government Critique, Societal Critique Critique Category: Government Critique, Societal Critique Response Category: Solutions/Interventions Perception Type: Not in my Backyard, Harmful Generalization Racist: No Reasoning: The comment exp"
reddit,443,C,0,0,"Comment Type: Ask a Rhetorical Question, Express Their Opinion Critique Category: None Response Category: None Perception Type: Harmful Generalization Racist: No Reasoning: The comment is asking a rhetorical question that implies a negative stereotype about homeless individuals, suggesting they are "
reddit,444,C,0,0,"Comment Type: Provide a Fact or Claim, Ask a Rhetorical Question Critique Category: None Response Category: Solutions/Interventions Perception Type: None Racist: No Reasoning: The comment provides factual information about legal processes related to homelessness and squatting. It asks the reader to "
reddit,445,C,0,0,"Comment Type: Provide an Observation, Express Others' Opinions Critique Category: Not applicable Response Category: Not applicable Perception Type: Media Portrayal Racist: No Reasoning: The comment observes a trend in homelessness across multiple cities and references record numbers, which can be se"
reddit,446,C,0,0,"Comment Type: Provide an Observation, Express Others' Opinions Critique Category: Not applicable Response Category: Not applicable Perception Type: Media Portrayal, Harmful Generalization Racist: No Reasoning: The comment observes a change in the presence of beggars and expresses an opinion about it"
reddit,447,C,0,0,"Comment Type: Provide an Observation, Express Others' Opinions Critique Category: None Response Category: None Perception Type: Deserving/Undeserving, Harmful Generalization Racist: No Reasoning: The comment provides an observation about a homeless individual and expresses opinions about his behavio"
reddit,448,C,0,1,"Comment Type: Ask a Genuine Question, Provide a Fact or Claim Critique Category: Money Aid Allocation Response Category: Solutions/Interventions Perception Type: Not in my Backyard Racist: No Reasoning: The comment is asking for confirmation about an article and providing a fact about affordable hou"
reddit,449,C,0,1,"Comment Type: Provide an Observation, Express Others' Opinions Critique Category: Not applicable Response Category: Solutions/Interventions Perception Type: Not in my Backyard Racist: No Reasoning: The comment observes a trend in housing development and expresses the opinion of others, specifically "
reddit,450,C,0,0,"Comment Type: Provide an Observation, Express Others' Opinions Critique Category: Not applicable Response Category: Not applicable Perception Type: Media Portrayal Racist: No Reasoning: The comment is an observation about the current state of homelessness, drawing a parallel to a media portrayal. It"
reddit,451,C,0,1,"Comment Type: Express Their Opinion, Government Critique Critique Category: Government Critique, Societal Critique Response Category: None Perception Type: Harmful Generalization, Not in my Backyard Racist: No Reasoning: The comment expresses an opinion that links illegal immigration with homelessne"
reddit,452,C,0,0,"Comment Type: Provide an Observation, Express Others' Opinions Critique Category: Not applicable Response Category: Not applicable Perception Type: Media Portrayal, Harmful Generalization Racist: No Reasoning: The comment provides an observation about the impact of a homeless bus on the environment "
reddit,453,C,0,1,"Comment Type: Express Others' Opinions, Express Their Opinion Critique Category: Not applicable Response Category: Not applicable Perception Type: Not in my Backyard Racist: No Reasoning: The comment expresses an opinion about a local official's stance on homelessness and mentions a specific organiz"
reddit,454,C,0,0,"Comment Type: Provide a Fact or Claim, Express Others' Opinions Critique Category: Not Applicable Response Category: Solutions/Interventions Perception Type: Media Portrayal, Harmful Generalization Racist: No Reasoning: The comment provides a factual statement about a program for homeless people and"
reddit,455,C,0,1,"Comment Type: Ask a Rhetorical Question, Express Others' Opinions Critique Category: Government Critique Response Category: Solutions/Interventions Perception Type: Not in my Backyard Racist: No Reasoning: The comment asks a rhetorical question and expresses the opinion of others, specifically about"
reddit,456,C,0,0,"Comment Type: Provide an Observation, Express Their Opinion Critique Category: No Response Category: Solutions/Interventions Perception Type: Personal Interaction, Deserving/Undeserving Racist: No Reasoning: The comment provides observations about how gas station managers provide jobs and support to"
reddit,457,C,0,0,"Comment Type: Provide an Observation, Express Others' Opinions Critique Category: None Response Category: None Perception Type: Harmful Generalization Racist: No Reasoning: The comment observes a common misconception about homelessness and panhandling, expressing the opinion that homeless individual"
reddit,458,C,0,1,"Comment Type: Provide a Fact or Claim, Express Their Opinion Critique Category: Government Critique, Money Aid Allocation Response Category: Solutions/Interventions Perception Type: Not in my Backyard Racist: No Reasoning: The comment provides a factual claim about housing costs and minimum wage, ex"
reddit,459,C,0,0,"Comment Type: Provide an Observation, Express Their Opinion Critique Category: Not applicable Response Category: Not applicable Perception Type: Personal Interaction Racist: No Reasoning: The comment describes a personal interaction with someone who may be homeless and expresses a concern about it, "
reddit,460,C,0,0,"Comment Type: Provide an Observation, Express Their Opinion Critique Category: Not applicable Response Category: Solutions/Interventions Perception Type: Harmful Generalization, Deserving/Undeserving Racist: No Reasoning: The comment observes an increase in homelessness and makes a generalization ab"
reddit,461,C,0,0,"Comment Type: Provide a Fact or Claim, Express Their Opinion Critique Category: Not applicable Response Category: Not applicable Perception Type: Harmful Generalization Racist: No Reasoning: The comment provides a claim about the majority of homeless people being mentally ill or addicted to drugs, w"
reddit,462,C,0,0,"Comment Type: Provide an Observation, Express Their Opinion Critique Category: Not Applicable Response Category: Solutions/Interventions Perception Type: Harmful Generalization, Deserving/Undeserving Racist: No Reasoning: The comment provides observations about the homeless individuals and expresses"
reddit,463,C,0,0,"Comment Type: Express Their Opinion, Personal Interaction Critique Category: No Response Category: No Perception Type: Personal Interaction Racist: No Reasoning: The comment expresses the user's personal experience and feelings towards a homeless individual, indicating a personal interaction. There "
reddit,464,C,0,0,"Comment Type: Provide an Observation, Express Others' Opinions Critique Category: None Response Category: None Perception Type: Harmful Generalization Racist: No Reasoning: The comment provides an observation about the behavior of some transients and expresses the opinions of others about their pote"
reddit,465,C,0,1,"Comment Type: Provide an Observation, Express Their Opinion Critique Category: Not applicable Response Category: Not applicable Perception Type: Not in my Backyard, Harmful Generalization Racist: No Reasoning: The comment observes the presence of many homeless individuals in a specific location and "
reddit,466,C,0,0,"Comment Type: Provide an Observation, Express Others' Opinions Critique Category: Not applicable Response Category: Not applicable Perception Type: Media Portrayal, Deserving/Undeserving Racist: No Reasoning: The comment provides an observation about the types of people seen in certain locations and"
reddit,467,C,0,1,"Comment Type: Provide an Observation, Express Their Opinion Critique Category: Not applicable Response Category: Not applicable Perception Type: Not in my Backyard Racist: No Reasoning: The comment provides an observation about the lack of homelessness in a specific location and expresses an opinion"
reddit,468,C,0,0,"Comment Type: Provide a Fact or Claim, Ask a Rhetorical Question Critique Category: Money Aid Allocation Response Category: No Response Category Applies Perception Type: No Perception Type Applies Racist: No Reasoning: The comment provides a factual claim about the distribution of food stamps for ho"
reddit,469,C,0,0,"Comment Type: Provide an Observation, Express Others' Opinions Critique Category: Not applicable Response Category: Not applicable Perception Type: Personal Interaction Racist: No Reasoning: The comment provides an observation about homeless people with severe mental illnesses and expresses the opin"
reddit,470,C,0,0,"Comment Type: Provide an Observation, Express Others' Opinions Critique Category: None Response Category: None Perception Type: Media Portrayal Racist: No Reasoning: The comment provides an observation about the movement of homeless individuals between organizations and mentions a specific person, i"
reddit,471,C,0,0,"Comment Type: Provide an Observation, Ask a Rhetorical Question Critique Category: Money Aid Allocation Response Category: Solutions/Interventions Perception Type: None Racist: No Reasoning: The comment observes that homeless individuals often end up in nursing homes after being discharged from hosp"
reddit,472,C,0,0,"Comment Type: Provide an Observation, Express Their Opinion Critique Category: Not applicable Response Category: Not applicable Perception Type: Personal Interaction Racist: No Reasoning: The comment provides an observation based on personal experience and expresses an opinion about the situation, b"
reddit,473,C,0,1,"Comment Type: Provide an Observation, Express Their Opinion, Government Critique Critique Category: Government Critique, Societal Critique Response Category: Solutions/Interventions Perception Type: Deserving/Undeserving, Not in my Backyard Racist: No Reasoning: The comment provides observations abo"
reddit,474,C,0,1,"Comment Type: Express Others' Opinions, Express Their Opinion Critique Category: Not Applicable Response Category: Not Applicable Perception Type: Harmful Generalization, Not in my Backyard Racist: No Reasoning: The comment expresses the opinion that the burden of homelessness is being unfairly plac"
reddit,475,C,0,1,"Comment Type: Provide an Observation, Express Others' Opinions Critique Category: Government Critique, Societal Critique Response Category: Solutions/Interventions Perception Type: Not in my Backyard Racist: No Reasoning: The comment observes various entities involved in dealing with homelessness, s"
reddit,476,C,0,0,"Comment Type: Provide an Observation, Express Others' Opinions Critique Category: Not applicable Response Category: Not applicable Perception Type: Media Portrayal Racist: No Reasoning: The comment provides an observation about drug use in a specific area and references a nearby institution, suggest"
reddit,477,C,0,0,"Comment Type: Provide an Observation Critique Category: No Response Category: No Perception Type: Media Portrayal Racist: No Reasoning: The comment describes an observation of homeless individuals moving through a specific area due to highway construction, which could be seen as a media portrayal of"
reddit,478,C,0,1,"Comment Type: Ask a Rhetorical Question, Provide an Observation Critique Category: None Response Category: None Perception Type: Not in my Backyard Racist: No Reasoning: The comment is a rhetorical question expressing skepticism about the idea of no homelessness, affordable homes, and high quality o"
reddit,479,C,0,0,"Comment Type: Ask a Rhetorical Question, Provide a Fact or Claim Critique Category: None Response Category: None Perception Type: Media Portrayal Racist: No Reasoning: The comment is asking a rhetorical question and making a claim about affordable housing not bringing crime, which is a fact or claim"
reddit,480,C,0,1,"Comment Type: Ask a Rhetorical Question, Provide a Fact or Claim Critique Category: Money Aid Allocation, Government Critique Response Category: Solutions/Interventions Perception Type: Not in my Backyard Racist: No Reasoning: The comment asks a rhetorical question and provides a factual claim about"
reddit,481,C,0,0,"Comment Type: Express Their Opinion, Provide an Observation Critique Category: None Response Category: Solutions/Interventions Perception Type: Media Portrayal Racist: No Reasoning: The comment expresses the commenter's opinion about dog homelessness and their personal experience with it. It does no"
reddit,482,C,0,0,"Comment Type: Express Others' Opinions, Provide an Observation Critique Category: No Response Category: No Perception Type: Media Portrayal, Harmful Generalization Racist: No Reasoning: The comment expresses an opinion about another organization and makes a comparison based on cultural and environme"
reddit,483,C,0,1,"Comment Type: Express Their Opinion, Express Others' Opinions Critique Category: None Response Category: None Perception Type: Not in my Backyard, Harmful Generalization Racist: Yes Reasoning: The comment contains an explicit reference to ""soy boys"" which is a derogatory term often used to stereotyp"
reddit,484,C,0,0,"Comment Type: Provide an Observation, Ask a Rhetorical Question Critique Category: None Response Category: Solutions/Interventions Perception Type: Media Portrayal Racist: No Reasoning: The comment provides observations about specific organizations and their locations, which can be seen as an observ"
reddit,485,C,0,1,"Comment Type: Ask a Genuine Question, Provide an Observation Critique Category: Not Applicable Response Category: Solutions/Interventions Perception Type: Not in my Backyard Racist: No Reasoning: The comment asks a genuine question about homelessness and observes a trend of cities moving homeless in"
reddit,486,C,0,0,"Comment Type: Express Others' Opinions, Express Their Opinion Critique Category: Harmful Generalization Response Category: Not applicable Perception Type: Deserving/Undeserving Racist: No Reasoning: The comment expresses the opinion that many people asking for money at intersections are potentially "
reddit,487,C,0,0,"Comment Type: Provide a Fact or Claim, Express Their Opinion Critique Category: None Response Category: None Perception Type: None Racist: No Reasoning: The comment provides a factual statement about the housing crisis leading to more unhoused people and also expresses the commenter's opinion on the"
reddit,488,C,0,0,"Comment Type: Provide an Observation, Provide a Fact or Claim, Express Their Opinion Critique Category: No Response Category: Solutions/Interventions Perception Type: No Racist: No Reasoning: The comment provides an observation about a specific organization that offers services to the homeless, shar"
reddit,489,C,0,0,"Comment Type: Provide a Fact or Claim, Express Others' Opinions Critique Category: Not applicable Response Category: Not applicable Perception Type: Media Portrayal, Deserving/Undeserving Racist: No Reasoning: The comment provides a fact about homelessness and expresses an opinion about the behavior"
reddit,490,C,0,0,"Comment Type: Ask a Rhetorical Question, Express Others' Opinions Critique Category: Government Critique Response Category: None Perception Type: Media Portrayal Racist: No Reasoning: The comment is asking a rhetorical question about an organization's stance on homelessness, expressing the opinion o"
reddit,491,C,0,1,"Comment Type: Provide an Observation, Ask a Rhetorical Question Critique Category: None Response Category: None Perception Type: Media Portrayal, Not in my Backyard Racist: No Reasoning: The comment provides an observation about the increase in homelessness since the pandemic and speculates about th"
reddit,492,C,0,1,"Comment Type: Provide a Fact or Claim, Express Their Opinion Critique Category: Government Critique Response Category: Solutions/Interventions Perception Type: Not in my Backyard Racist: No Reasoning: The comment provides a factual claim about the relationship between affordable housing, transportat"
reddit,493,C,0,0,"Comment Type: Provide an Observation, Express Others' Opinions Critique Category: None Response Category: None Perception Type: Personal Interaction Racist: No Reasoning: The comment shares an observation about interactions with homeless individuals and their shared experiences, which is categorized"
reddit,494,C,0,1,"Comment Type: Provide an Observation, Express Others' Opinions Critique Category: Not applicable Response Category: Not applicable Perception Type: Not in my Backyard Racist: No Reasoning: The comment is an observation about the homelessness problem in a specific city compared to larger cities, and "
reddit,495,C,0,1,"Comment Type: Provide an Observation, Express Others' Opinions Critique Category: Government Critique Response Category: Not applicable Perception Type: Not in my Backyard Racist: No Reasoning: The comment observes a trend in cities sending homeless individuals to other cities, which is a form of cr"
reddit,496,C,0,1,"Comment Type: Provide an Observation, Express Their Opinion Critique Category: Government Critique, Societal Critique Response Category: Solutions/Interventions Perception Type: Not in my Backyard, Harmful Generalization Racist: No Reasoning: The comment provides an observation about homeless people"
reddit,497,C,0,1,"Comment Type: Provide an Observation, Express Their Opinion Critique Category: Not applicable Response Category: Not applicable Perception Type: Not in my Backyard Racist: No Reasoning: The comment expresses a positive view of a specific location and a negative view of other places, particularly men"
reddit,498,C,0,0,"Comment Type: Express Their Opinion Critique Category: None Response Category: None Perception Type: Harmful Generalization Racist: No Reasoning: The comment expresses an opinion that homelessness does not exist, which could be seen as a harmful generalization about the reality of homelessness. Ther"
reddit,499,C,0,0,"Comment Type: Provide an Observation, Express Their Opinion Critique Category: Not applicable Response Category: Not applicable Perception Type: Personal Interaction Racist: No Reasoning: The comment describes a personal interaction with a homeless individual and the observer's opinion about the int"
x,0,C,0,1,"Comment Type: Provide an Observation, Express Others' Opinions Critique Category: Not applicable Response Category: Not applicable Perception Type: Not in my Backyard Racist: No Reasoning: The post describes a situation where a homeless person is being asked to leave a property, reflecting a common "
x,1,C,0,1,"Comment Type: Express Their Opinion, Provide an Observation Critique Category: Government Critique, Societal Critique Response Category: Solutions/Interventions Perception Type: Not in my Backyard Racist: No Reasoning: The comment expresses an opinion and observation about the negative effects of ho"
x,2,C,0,0,"Comment Type: Provide an Observation, Express Others' Opinions Critique Category: None Response Category: Solutions/Interventions Perception Type: None Racist: No Reasoning: The comment describes an observation of a charitable action by a family and an organization, and expresses a positive opinion "
x,3,C,0,1,"Comment Type: Express Others' Opinions, Government Critique Critique Category: Government Critique Response Category: Not applicable Perception Type: Not in my Backyard Racist: Yes Reasoning: The comment implies that the organization favors ""illegals"" over Americans, suggesting a bias against immigr"
x,4,C,0,0,"Comment Type: Provide an Observation, Provide a Fact or Claim Critique Category: None Response Category: Solutions/Interventions Perception Type: None Racist: No Reasoning: The comment provides an observation about local organizations raising awareness and collecting donations for homelessness, whic"
x,5,C,0,0,"Comment Type: None Critique Category: None Response Category: None Perception Type: None Racist: No Reasoning: The text provided does not contain any information related to homelessness or the specified categories. It appears to be a medical update about a patient who was in a ""cart"" rather than a c"
x,6,C,0,0,"Comment Type: Provide an Observation, Express Others' Opinions Critique Category: No Response Category: Solutions/Interventions Perception Type: No Racist: No Reasoning: The comment observes the actions of a group and mentions their next steps regarding a new low-barrier institution. It does not exp"
x,7,C,0,0,"Comment Type: Provide an Observation, Express Others' Opinions, Provide a Fact or Claim Critique Category: None Response Category: Solutions/Interventions Perception Type: None Racist: No Reasoning: The comment observes that the readers are present and suggests they consider donating to an organizat"
x,8,C,0,0,"Comment Type: Provide a Fact or Claim, Express Others' Opinions Critique Category: No Response Category: Solutions/Interventions Perception Type: No Racist: No Reasoning: The post provides a factual statement about a nonprofit organization's housing project and shares an opinion about the organizati"
x,9,C,1,1,Comment Type: Express Their Opinion Critique Category: Government Critique Response Category: Solutions/Interventions Perception Type: Not in my Backyard Racist: No Reasoning: The comment expresses dissatisfaction with a government-related entity and suggests that the organization's facilities are p
x,10,C,0,0,"Comment Type: Provide an Observation, Express Others' Opinions Critique Category: None Response Category: Solutions/Interventions Perception Type: None Racist: No Reasoning: The comment observes a situation where someone is providing food to the homeless and expresses the opinion that there are many"
x,11,C,0,0,"Comment Type: Ask a Genuine Question, Provide an Observation Critique Category: None Response Category: None Perception Type: Personal Interaction Racist: No Reasoning: The comment asks a genuine question about showing interest in a specific population and provides an observation about a personal id"
x,12,C,0,1,"Comment Type: Provide an Observation, Express Others' Opinions Critique Category: Not applicable Response Category: Solutions/Interventions Perception Type: Not in my Backyard Racist: No Reasoning: The comment provides an observation about a new homeless intake center being built and expresses the o"
x,13,C,0,0,"Comment Type: Ask a Rhetorical Question, Express Their Opinion Critique Category: Government Critique Response Category: Not applicable Perception Type: Not applicable Racist: No Reasoning: The comment is an opinion piece questioning the mayor's priorities and expressing dissatisfaction with his adm"
x,14,C,0,0,"Comment Type: Ask a Rhetorical Question, Express Others' Opinions Critique Category: Government Critique Response Category: Not applicable Perception Type: Not applicable Racist: No Reasoning: The comment is a rhetorical question expressing an opinion about the organization's stance on homelessness,"
x,15,C,0,1,"Comment Type: Express Others' Opinions, Express Their Opinion Critique Category: Government Critique Response Category: Solutions/Interventions Perception Type: Not in my Backyard Racist: No Reasoning: The comment expresses opinions about how someone treated homeless people and criticizes the idea o"
x,16,C,0,0,"Comment Type: Provide a Fact or Claim, Provide an Observation Critique Category: Not applicable Response Category: Solutions/Interventions Perception Type: Not applicable Racist: No Reasoning: The comment provides a factual statement about an affordable housing project and mentions a building type. "
x,17,C,0,0,"Comment Type: Ask a Rhetorical Question, Express Their Opinion Critique Category: No Response Category: No Perception Type: No Racist: No Reasoning: The comment expresses a general message of love and support for various marginalized groups but does not ask a specific question, provide a fact, share"
x,18,C,0,1,"Comment Type: Provide an Observation, Express Others' Opinions Critique Category: Government Critique Response Category: Solutions/Interventions Perception Type: Not in my Backyard Racist: No Reasoning: The comment observes a government action and expresses an opinion about it. It also suggests that"
x,19,C,0,1,"Comment Type: Government Critique, Provide a Fact or Claim Critique Category: Government Critique Response Category: Not applicable Perception Type: Not in my Backyard Racist: No Reasoning: The comment criticizes the government's handling of homelessness and suggests that the city is not a ""sanctuar"
x,20,C,0,0,"Comment Type: Provide an Observation, Express Their Opinion Critique Category: No Response Category: No Perception Type: Personal Interaction Racist: No Reasoning: The comment provides an observation about the experience of being at an event and expresses a positive opinion about the support for unh"
x,21,C,0,0,"Comment Type: Ask a Rhetorical Question, Provide a Fact or Claim Critique Category: Government Critique Response Category:  Perception Type:  Racist: No Reasoning: The comment asks a rhetorical question by referencing the mayor's actions and provides a fact or claim by suggesting the reader should r"
x,22,C,0,1,"Comment Type: Provide an Observation, Express Their Opinion Critique Category: Solutions/Interventions Response Category: Solutions/Interventions Perception Type: Not in my Backyard Racist: No Reasoning: The comment observes a family's action to help the homeless and expresses an opinion about their"
x,23,C,0,1,"Comment Type: Provide a Fact or Claim, Express Others' Opinions Critique Category: Money Aid Allocation Response Category: Solutions/Interventions Perception Type: Not in my Backyard Racist: No Reasoning: The comment provides a factual statement about a development plan and expresses an opinion abou"
x,24,C,0,0,"Comment Type: Provide an Observation, Express Their Opinion Critique Category: None Response Category: Solutions/Interventions Perception Type: None Racist: No Reasoning: The comment provides an observation about a past action by an organization and expresses an opinion about a potential future acti"
x,25,C,0,1,"Comment Type: Express Their Opinion, Provide a Fact or Claim Critique Category: Government Critique Response Category: Solutions/Interventions Perception Type: Not in my Backyard Racist: No Reasoning: The comment expresses an opinion on a potential solution for homelessness, criticizes government in"
x,26,C,0,1,"Comment Type: Ask a Rhetorical Question, Provide a Fact or Claim, Express Others' Opinions Critique Category: Government Critique, Societal Critique Response Category: Solutions/Interventions Perception Type: Harmful Generalization, Not in my Backyard Racist: No Reasoning: The comment is primarily a"
x,27,C,0,0,Comment Type: No applicable Critique Category: No applicable Response Category: No applicable Perception Type: No applicable Racist: No Reasoning: The text provided does not contain any information related to homelessness or the specified categories. It appears to be a news snippet about a mayor dis
x,28,C,0,0,"Comment Type: Provide a Fact or Claim, Express Others' Opinions Critique Category: Not applicable Response Category: Solutions/Interventions Perception Type: Not applicable Racist: No Reasoning: The comment provides a factual statement about a new initiative by an organization addressing the afforda"
x,29,C,0,0,Comment Type: None Critique Category: None Response Category: None Perception Type: None Racist: No Reasoning: The text does not contain any information related to homelessness or the specified criteria. It appears to be a news snippet about a mayor discussing the President-Elect's immigration polic
x,30,C,0,0,"Comment Type: None Critique Category: None Response Category: None Perception Type: None Racist: No Reasoning: The text provided is a description of a political discussion and does not contain any comments about homelessness, nor does it express opinions, perceptions, or critiques related to homeles"
x,31,C,0,0,"Comment Type: None Critique Category: None Response Category: None Perception Type: None Racist: No Reasoning: The text does not provide any clear information about the content of the post being referred to, nor does it contain any specific comments, critiques, responses, or perceptions related to h"
x,32,C,0,0,"Comment Type: Ask a Rhetorical Question, Provide an Observation Critique Category: No Response Category: No Perception Type: Media Portrayal Racist: No Reasoning: The comment appears to be a quote or a reference to a post or article (indicated by the URL), which suggests the user is observing or ref"
x,33,C,0,0,"Comment Type: Provide a Fact or Claim, Express Their Opinion Critique Category: No Response Category: Solutions/Interventions Perception Type: No Racist: No Reasoning: The post provides a factual statement about an organization's donation and expresses a positive opinion about their actions. There i"
x,34,C,0,0,"Comment Type: None Critique Category: None Response Category: None Perception Type: None Racist: No Reasoning: The text does not provide any information related to homelessness or the criteria specified. It appears to be a call to action for animal abusers, which does not fit any of the given catego"
x,35,C,0,0,"Comment Type: Provide an Observation, Express Others' Opinions Critique Category: Not applicable Response Category: Solutions/Interventions Perception Type: Not applicable Racist: No Reasoning: The comment describes plans for a new facility and does not contain any explicit or implicit racial bias. "
x,36,C,0,1,"Comment Type: Express Their Opinion, Express Others' Opinions Critique Category: None Response Category: None Perception Type: Not in my Backyard Racist: No Reasoning: The comment expresses an opinion about the speaker's own fortunate situation compared to homeless individuals, and it references a s"
x,37,C,0,0,"Comment Type: Provide an Observation, Express Others' Opinions Critique Category: No Response Category: No Perception Type: Media Portrayal Racist: No Reasoning: The comment provides an observation about a location and mentions a specific organization, likely referring to a local issue or event. It "
x,38,C,0,0,"Comment Type: Provide a Fact or Claim, Express Others' Opinions Critique Category: Not applicable Response Category: Solutions/Interventions Perception Type: Not applicable Racist: No Reasoning: The comment provides a factual statement about an organization's purpose and mentions a large number of h"
x,39,C,0,1,"Comment Type: Express Others' Opinions, Express Their Opinion Critique Category: Government Critique Response Category: Solutions/Interventions Perception Type: Not in my Backyard Racist: No Reasoning: The comment expresses opinions about a specific organization and a person, suggesting a local issu"
x,40,C,0,0,"Comment Type: Provide an Observation Critique Category: No Response Category: No Perception Type: No Racist: No Reasoning: The comment is an observation about a luncheon providing a platform for people to share their stories, which does not fit into any of the other categories."
x,41,C,0,0,"Comment Type: Provide a Fact or Claim, Government Critique Critique Category: Government Critique Response Category:  Perception Type:  Racist: No Reasoning: The comment provides a factual statement about a government meeting and the approval of tax breaks for developers. It criticizes the governmen"
x,42,C,0,1,"Comment Type: Provide a Fact or Claim, Express Their Opinion, Provide an Observation, Solutions/Interventions Critique Category: Money Aid Allocation Response Category: Solutions/Interventions Perception Type: Not in my Backyard Racist: No Reasoning: The comment provides a factual statement about a "
x,43,C,0,0,"Comment Type: Provide a Fact or Claim, Provide an Observation Critique Category: Money Aid Allocation Response Category: Solutions/Interventions Perception Type: None Racist: No Reasoning: The comment provides a factual statement about the purpose of an event and links to related information. It doe"
x,44,C,0,0,"Comment Type: Provide an Observation, Express Others' Opinions, Provide a Fact or Claim Critique Category: None Response Category: Solutions/Interventions Perception Type: None Racist: No Reasoning: The comment is primarily about a charitable donation drive for a specific organization, which can be "
x,45,C,0,0,"Comment Type: Provide an Observation, Express Others' Opinions Critique Category: None Response Category: Solutions/Interventions Perception Type: None Racist: No Reasoning: The comment observes a design initiative and mentions that proceeds are going to a charity. It does not ask a question, provid"
x,46,C,0,1,"Comment Type: Provide an Observation, Government Critique Critique Category: Government Critique Response Category: Solutions/Interventions Perception Type: Not in my Backyard Racist: No Reasoning: The comment observes a city purchase that allows a project to move forward, which is an observation. I"
x,47,C,0,0,"Comment Type: Ask a Rhetorical Question, Express Their Opinion, Harmful Generalization Critique Category: Not Applicable Response Category: Not Applicable Perception Type: Personal Interaction, Deserving/Undeserving Racist: No Reasoning: The comment expresses an opinion about the organization and pr"
x,48,C,0,0,Comment Type: None Critique Category: None Response Category: None Perception Type: None Racist: No Reasoning: The text does not contain any information related to homelessness or the specified categories. It appears to be a link to a podcast or video discussion about a playoff committee and an orga
x,49,C,0,0,"Comment Type: Express Others' Opinions, Government Critique Critique Category: Government Critique Response Category: Not applicable Perception Type: Harmful Generalization Racist: No Reasoning: The comment expresses an opinion about a specific action taken by a mayor and criticizes the political pa"
x,50,C,0,1,"Comment Type: Provide an Opinion, Express Others' Opinions Critique Category: Government Critique Response Category: Solutions/Interventions Perception Type: Not in my Backyard Racist: No Reasoning: The comment expresses an opinion about a non-profit that supports the homeless potentially shutting d"
x,51,C,0,1,"Comment Type: Provide an Observation, Express Others' Opinions Critique Category: Not Applicable Response Category: Not Applicable Perception Type: Not in my Backyard Racist: No Reasoning: The comment observes a perceived negative consequence of affordable housing and expresses the opinion of someon"
x,52,C,0,1,"Comment Type: Ask a Rhetorical Question, Express Their Opinion Critique Category: Government Critique, Societal Critique Response Category: Solutions/Interventions Perception Type: Harmful Generalization, Not in my Backyard Racist: No Reasoning: The comment is asking a rhetorical question and expres"
x,53,C,0,0,"Comment Type: Provide a Fact or Claim, Provide an Observation, Express Their Opinion Critique Category: None Response Category: Solutions/Interventions Perception Type: None Racist: No Reasoning: The comment provides a factual statement about an organization seeking funds to assist the homeless popu"
x,54,C,0,1,"Comment Type: Provide an Observation, Express Others' Opinions Critique Category: Not applicable Response Category: Solutions/Interventions Perception Type: Not in my Backyard Racist: No Reasoning: The comment provides an observation about the location of a store (""trap store"") near a jail or street"
x,55,C,0,0,"Comment Type: Provide an Observation, Express Others' Opinions Critique Category: No Response Category: No Perception Type: No Racist: No Reasoning: The comment is an expression of gratitude for an organization's charitable action, which is an observation and an expression of others' opinions. There"
x,56,C,0,1,"Comment Type: Provide a Fact or Claim, Express Their Opinion Critique Category: Not Applicable Response Category: Solutions/Interventions Perception Type: Harmful Generalization, Not in my Backyard Racist: No Reasoning: The comment provides a factual claim about the city's progress and mentions the "
x,57,C,0,0,"Comment Type: Provide an Observation, Express Others' Opinions Critique Category: No Response Category: No Perception Type: No Racist: No Reasoning: The post is an observation about an event organized by a homelessness organization to honor the deceased, which also includes a reference to a memorial"
x,58,C,0,0,"Comment Type: Provide an Observation, Express Their Opinion Critique Category: No Response Category: Solutions/Interventions Perception Type: Personal Interaction Racist: No Reasoning: The post describes a personal experience of giving back to the community by providing warm gear to the homeless. It"
x,59,C,0,0,"Comment Type: Provide a Fact or Claim, Ask a Rhetorical Question Critique Category: Money Aid Allocation Response Category: Solutions/Interventions Perception Type: None Racist: No Reasoning: The comment provides a factual statement about a housing project and asks a rhetorical question by implying "
x,60,C,0,0,"Comment Type: Provide a Fact or Claim, Express Others' Opinions Critique Category: None Response Category: Solutions/Interventions Perception Type: None Racist: No Reasoning: The comment provides a factual statement about [ORGANIZATION] being a primary provider of assistance and expresses an opinion"
x,61,C,0,1,"Comment Type: Provide an Observation, Express Others' Opinions, Government Critique Critique Category: Government Critique Response Category: Solutions/Interventions Perception Type: Not in my Backyard Racist: No Reasoning: The comment observes the experiences of residents and mentions the housing c"
x,62,C,0,1,"Comment Type: Provide a Fact or Claim, Express Their Opinion Critique Category: Government Critique Response Category: Solutions/Interventions Perception Type: Not in my Backyard Racist: No Reasoning: The comment provides a claim about a system ensuring homelessness is rare and brief, expresses an o"
x,63,C,0,0,"Comment Type: Express Their Opinion, Provide an Observation Critique Category: Government Critique Response Category: Solutions/Interventions Perception Type: Harmful Generalization Racist: No Reasoning: The comment expresses an opinion about a specific organization's actions and suggests a solution"
x,64,C,0,1,"Comment Type: Provide an Observation, Express Others' Opinions Critique Category: Government Critique Response Category: Solutions/Interventions Perception Type: Not in my Backyard Racist: No Reasoning: The comment observes an abandoned homeless encampment and expresses frustration with the city's i"
x,65,C,0,0,"Comment Type: Provide a Fact or Claim, Express Others' Opinions Critique Category: None Response Category: Solutions/Interventions Perception Type: None Racist: No Reasoning: The comment provides a factual statement about a new proposal for affordable housing for veterans and expresses the opinion o"
x,66,C,0,1,"Comment Type: Express Their Opinion, Government Critique Critique Category: Government Critique Response Category: Not applicable Perception Type: Not in my Backyard Racist: No Reasoning: The comment expresses an opinion about the government's handling of homelessness and criticizes their policies. "
x,67,C,0,0,"Comment Type: Provide a Fact or Claim, Express Their Opinion Critique Category: Government Critique Response Category: Solutions/Interventions Perception Type: None Racist: No Reasoning: The comment provides a factual claim about the organization's success and challenges in reducing homelessness. It"
x,68,C,0,0,"Comment Type: Provide an Observation, Express Others' Opinions Critique Category: None Response Category: None Perception Type: Media Portrayal Racist: No Reasoning: The comment provides an observation about homelessness, suggesting that the homeless individuals are refugees from another organizatio"
x,69,C,0,0,"Comment Type: Provide a Fact or Claim, Express Others' Opinions Critique Category: None Response Category: Solutions/Interventions Perception Type: None Racist: No Reasoning: The comment provides a factual claim about an organization achieving a goal in ending homelessness, and expresses the opinion"
x,70,C,0,0,"Comment Type: Provide a Fact or Claim, Provide an Observation Critique Category: None Response Category: Solutions/Interventions Perception Type: None Racist: No Reasoning: The comment provides a factual statement about an event related to affordable housing and includes a link. It does not ask a qu"
x,71,C,0,1,"Comment Type: Provide a Fact or Claim, Critique Category: Money Aid Allocation, Response Category: Solutions/Interventions, Perception Type: Not in my Backyard, Racist: No Reasoning: The post provides a factual statement about a meeting regarding affordable housing and a state budget deficit, which "
x,72,C,1,0,"Comment Type: Provide an Observation, Express Others' Opinions Critique Category: Not applicable Response Category: Not applicable Perception Type: Media Portrayal Racist: No Reasoning: The comment provides an observation about homelessness as portrayed by a specific organization and expresses the o"
x,73,C,0,0,"Comment Type: Provide an Observation, Express Others' Opinions Critique Category: None Response Category: None Perception Type: Media Portrayal Racist: No Reasoning: The comment observes a risk to homeless individuals during a heatwave and references external sources for more information. It does no"
x,74,C,0,1,"Comment Type: Provide a Fact or Claim, Express Their Opinion Critique Category: Government Critique, Money Aid Allocation Response Category: Solutions/Interventions Perception Type: Not in my Backyard Racist: No Reasoning: The comment provides a factual claim about the speaker's involvement in a cit"
x,75,C,0,1,"Comment Type: Express Others' Opinions, Express Their Opinion Critique Category: Government Critique Response Category: Not applicable Perception Type: Not in my Backyard, Harmful Generalization Racist: No Reasoning: The comment expresses opinions about illegal immigrants, homicide, and government o"
x,76,C,0,0,"Comment Type: Provide an Observation, Express Others' Opinions Critique Category: No Response Category: Solutions/Interventions Perception Type: No Racist: No Reasoning: The comment describes an observation of attending a housing summit and sharing resources, which is an observation. It also express"
x,77,C,0,0,"Comment Type: Ask a Rhetorical Question, Provide an Observation, Express Their Opinion Critique Category: None Response Category: Solutions/Interventions Perception Type: None Racist: No Reasoning: The comment is a plea for help and observation of homelessness, expressing the observer's opinion. It "
x,78,C,0,0,"Comment Type: Provide an Observation, Ask a Rhetorical Question Critique Category: None Response Category: None Perception Type: None Racist: No Reasoning: The comment provides an observation about the challenge faced by warming centers and asks a rhetorical question by implying a challenge without "
x,79,C,0,0,"Comment Type: Express Others' Opinions, Express Their Opinion Critique Category: None Response Category: None Perception Type: Deserving/Undeserving Racist: No Reasoning: The comment expresses the opinion that people experiencing homelessness deserve the same treatment and respect as everyone else, "
x,80,C,0,0,"Comment Type: Provide an Observation, Express Others' Opinions Critique Category: None Response Category: None Perception Type: Media Portrayal Racist: No Reasoning: The comment describes an observation about a church being used as a soup kitchen and then set on fire by a homeless man. It does not e"
x,81,C,1,1,"Comment Type: Provide an Observation, Express Others' Opinions Critique Category: Not applicable Response Category: Not applicable Perception Type: Harmful Generalization, Not in my Backyard Racist: No Reasoning: The comment provides an observation about the streets and expresses the opinion of othe"
x,82,C,0,1,"Comment Type: Provide an Opinion, Express Others' Opinions Critique Category: Government Critique Response Category: Solutions/Interventions Perception Type: Not in my Backyard Racist: No Reasoning: The comment expresses an opinion about a non-profit that supports the homeless potentially shutting d"
x,83,C,0,0,"Comment Type: Provide an Observation, Express Others' Opinions Critique Category: None Response Category: Solutions/Interventions Perception Type: Media Portrayal Racist: No Reasoning: The comment provides an observation about an organization's actions and the response of volunteers, and it expresse"
x,84,C,0,0,"Comment Type: Provide an Observation, Express Others' Opinions Critique Category: None Response Category: Solutions/Interventions Perception Type: None Racist: No Reasoning: The comment observes an artist's actions and raises awareness for homelessness, which can be seen as an observation and an exp"
x,85,C,0,0,"Comment Type: Provide an Observation, Express Others' Opinions Critique Category: None Response Category: Solutions/Interventions Perception Type: None Racist: No Reasoning: The comment observes a community organization's initiative to seek aid and mentions an upcoming event, which can be seen as an"
x,86,C,0,0,"Comment Type: Provide a Fact or Claim, Ask a Rhetorical Question Critique Category: None Response Category: Solutions/Interventions Perception Type: None Racist: No Reasoning: The comment provides a factual statement about an organization seeking financial support for homelessness and includes URLs,"
x,87,C,0,0,"Comment Type: Provide a Fact or Claim, Express Their Opinion Critique Category: None Response Category: Solutions/Interventions Perception Type: None Racist: No Reasoning: The post provides a factual claim about the number of people helped by an organization and expresses a positive opinion about th"
x,88,C,0,1,"Comment Type: Ask a Rhetorical Question, Provide an Observation, Express Their Opinion Critique Category: Government Critique Response Category: Solutions/Interventions Perception Type: Not in my Backyard Racist: No Reasoning: The comment is a rhetorical question and observation about the housing si"
x,89,C,0,0,"Comment Type: Provide an Observation, Express Their Opinion Critique Category: None Response Category: Solutions/Interventions Perception Type: None Racist: No Reasoning: The comment observes a positive action and expresses an opinion about ending homelessness and encouraging responsibility. It does"
x,90,C,0,1,"Comment Type: Provide a Fact or Claim, Express Others' Opinions Critique Category: Money Aid Allocation Response Category: Solutions/Interventions Perception Type: Not in my Backyard Racist: No Reasoning: The comment provides a factual statement about mobile homes being funded for homelessness and e"
x,91,C,0,0,"Comment Type: Provide a Fact or Claim, Express Others' Opinions Critique Category: Not applicable Response Category: Not applicable Perception Type: Media Portrayal Racist: No Reasoning: The comment provides a factual statement about the homeless population and expresses an opinion about the issue. "
x,92,C,0,0,"Comment Type: Provide a Fact or Claim, Express Others' Opinions Critique Category: None Response Category: Solutions/Interventions Perception Type: None Racist: No Reasoning: The comment provides a factual statement about a new home aimed at helping homelessness and addiction, and it also expresses "
x,93,C,0,0,"Comment Type: Provide a Fact or Claim, Express Their Opinion Critique Category: Money Aid Allocation Response Category: Solutions/Interventions Perception Type: None Racist: No Reasoning: The comment provides a fact about a donation and expresses an opinion about the impact of the donation. It also "
x,94,C,0,1,"Comment Type: Ask a Rhetorical Question, Provide a Fact or Claim Critique Category: Money Aid Allocation Response Category: Solutions/Interventions Perception Type: Not in my Backyard Racist: No Reasoning: The comment is a rhetorical question or a statement about an organization receiving a grant to"
x,95,C,0,1,"Comment Type: Provide an Observation, Express Others' Opinions Critique Category: Government Critique Response Category: Solutions/Interventions Perception Type: Not in my Backyard Racist: No Reasoning: The comment observes a re-evaluation of plans to convert a hotel into an institution, suggesting "
x,96,C,0,0,"Comment Type: Provide a Fact or Claim, Express Others' Opinions Critique Category: None Response Category: Solutions/Interventions Perception Type: None Racist: No Reasoning: The comment provides a factual statement about the number of new housing units being created and suggests learning more by pr"
x,97,C,0,0,"Comment Type: Provide an Observation, Provide a Fact or Claim Critique Category: No Response Category: No Perception Type: No Racist: No Reasoning: The comment provides an observation about a potential change in a project location, which could be related to homelessness services. It does not ask a q"
x,98,C,0,0,"Comment Type: Provide an Observation, Express Others' Opinions Critique Category: Not applicable Response Category: Solutions/Interventions Perception Type: Not applicable Racist: No Reasoning: The comment is an observation about a community initiative to provide affordable housing, which is an inte"
x,99,C,0,0,"Comment Type: Provide a Fact or Claim, Provide an Observation, Solutions/Interventions Critique Category: None Response Category: Solutions/Interventions Perception Type: None Racist: No Reasoning: The comment provides a factual statement about an organization increasing mental health treatment for "
x,100,C,0,1,"Comment Type: Provide a Fact or Claim, Critique Category: Money Aid Allocation, Response Category: Solutions/Interventions, Perception Type: Not in my Backyard, Racist: No Reasoning: The post provides a factual statement about the cancellation of a plan to convert a hotel into an institution due to "
x,101,C,0,0,"Comment Type: Express Others' Opinions, Harmful Generalization Critique Category: None Response Category: None Perception Type: Deserving/Undeserving Racist: No Reasoning: The comment expresses an opinion about someone being homeless and uses a negative stereotype to describe them, implying they are"
x,102,C,0,0,"Comment Type: Provide an Observation, Express Others' Opinions Critique Category: Not applicable Response Category: Solutions/Interventions Perception Type: Not applicable Racist: No Reasoning: The comment provides an observation about the use of tiny houses for people facing housing discrimination "
x,103,C,0,0,"Comment Type: Provide an Observation, Express Their Opinion Critique Category: Not Applicable Response Category: Solutions/Interventions Perception Type: Personal Interaction Racist: No Reasoning: The comment provides an observation about a common issue at public transportation motor pools and maint"
x,104,C,0,1,"Comment Type: Provide a Fact or Claim, Express Others' Opinions Critique Category: Government Critique Response Category: Solutions/Interventions Perception Type: Not in my Backyard Racist: No Reasoning: The comment provides a factual statement about a government decision to support affordable housi"
x,105,C,0,1,"Comment Type: Provide a Fact or Claim, Express Others' Opinions Critique Category: Money Aid Allocation, Government Critique Response Category: Solutions/Interventions Perception Type: Not in my Backyard Racist: No Reasoning: The comment provides a factual statement about an organization's efforts t"
x,106,C,0,1,"Comment Type: Provide a Fact or Claim, Express Others' Opinions Critique Category: Government Critique Response Category: Solutions/Interventions Perception Type: Not in my Backyard Racist: No Reasoning: The comment provides a factual statement about an organization approving support for affordable "
x,107,C,0,0,"Comment Type: Provide an Observation, Express Others' Opinions Critique Category: None Response Category: Solutions/Interventions Perception Type: None Racist: No Reasoning: The comment observes a trend in student homelessness and mentions a program aimed at addressing it, which is an observation an"
x,108,C,0,0,"Comment Type: Provide a Fact or Claim, Express Others' Opinions Critique Category: None Response Category: None Perception Type: None Racist: No Reasoning: The comment provides a fact about an organization's aim and expresses an opinion about the organization's mission. There is no critique of money"
x,109,C,0,0,"Comment Type: Provide a Fact or Claim, Express Others' Opinions Critique Category: None Response Category: Solutions/Interventions Perception Type: None Racist: No Reasoning: The comment provides a factual statement about a program aimed at addressing student homelessness and does not engage in any "
x,110,C,0,0,"Comment Type: Provide a Fact or Claim, Provide an Observation Critique Category: No Response Category: Solutions/Interventions Perception Type: No Racist: No Reasoning: The comment provides a factual statement about the start of an affordable housing project and an observation about the location. It"
x,111,C,0,0,"Comment Type: Provide a Fact or Claim, Express Others' Opinions Critique Category: None Response Category: Solutions/Interventions Perception Type: None Racist: No Reasoning: The comment provides a factual statement about a donation and its intended use, and expresses a positive opinion about the do"
x,112,C,1,1,"Comment Type: Ask a Genuine Question, Express Their Opinion Critique Category: Not Applicable Response Category: Solutions/Interventions Perception Type: Not in my Backyard Racist: No Reasoning: The comment asks a genuine question about reducing homelessness and expresses an opinion about the impact"
x,113,C,0,1,"Comment Type: Provide an Observation, Provide a Fact or Claim Critique Category: Government Critique Response Category: Solutions/Interventions Perception Type: Not in my Backyard Racist: No Reasoning: The comment provides an observation about housing projects being approved by local leaders, which "
x,114,C,0,1,"Comment Type: Provide a Fact or Claim, Express Others' Opinions Critique Category: Government Critique Response Category: Solutions/Interventions Perception Type: Not in my Backyard Racist: No Reasoning: The comment provides a factual claim about cities sending homeless individuals to other states a"
x,115,C,0,0,"Comment Type: Provide a Fact or Claim, Provide an Observation Critique Category: No Response Category: No Perception Type: No Racist: No Reasoning: The post provides a factual statement about the increase in homelessness in a specific location and includes a link to the organization's count. There a"
x,116,C,0,0,"Comment Type: Provide a Fact or Claim, Express Their Opinion Critique Category: None Response Category: Solutions/Interventions Perception Type: None Racist: No Reasoning: The post provides a factual statement about an organization's efforts to help homeless individuals and expresses a positive opin"
x,117,C,0,0,"Comment Type: Provide an Observation, Express Their Opinion Critique Category: No Response Category: Solutions/Interventions Perception Type: No Racist: No Reasoning: The post provides an observation about the organization's efforts to help homeless veterans and expresses the opinion that the organi"
x,118,C,0,1,"Comment Type: Provide an Observation, Express Others' Opinions Critique Category: Not applicable Response Category: Solutions/Interventions Perception Type: Not in my Backyard Racist: No Reasoning: The comment observes new housing projects and expresses the opinion that such developments are happeni"
x,119,C,0,0,"Comment Type: Provide an Observation, Express Others' Opinions Critique Category: No Response Category: No Perception Type: Media Portrayal Racist: No Reasoning: The comment observes a continuing concern about homelessness in a specific location and references a source for more information, suggesti"
x,120,C,0,0,"Comment Type: Provide an Observation, Express Others' Opinions Critique Category: None Response Category: None Perception Type: Media Portrayal Racist: No Reasoning: The comment observes the reopening of an institution during cold weather and suggests it might be timely, which could be seen as an ob"
x,121,C,0,1,"Comment Type: Express Others' Opinions, Express Their Opinion Critique Category: None Response Category: Solutions/Interventions Perception Type: Not in my Backyard Racist: No Reasoning: The comment expresses an opinion that seems to be welcoming homeless individuals to a location, but it does not d"
x,122,C,0,1,"Comment Type: Ask a Rhetorical Question, Provide a Fact or Claim Critique Category: Money Aid Allocation, Government Critique Response Category: Solutions/Interventions Perception Type: Not in my Backyard Racist: No Reasoning: The comment suggests redirecting funds to homeless veterans, implying a c"
x,123,C,0,1,"Comment Type: Express Others' Opinions, Government Critique Critique Category: Government Critique Response Category: Solutions/Interventions Perception Type: Not in my Backyard Racist: No Reasoning: The comment expresses disgust with an organization and its leader, suggesting they are a con artist "
x,124,C,0,1,"Comment Type: Ask a Rhetorical Question, Express Their Opinion Critique Category: Government Critique Response Category: None Perception Type: Not in my Backyard Racist: No Reasoning: The comment is expressing skepticism about the organization's policies and linking them to homelessness, which is a "
x,125,C,0,0,"Comment Type: Provide a Fact or Claim, Express Their Opinion Critique Category: Government Critique Response Category: Solutions/Interventions Perception Type: Deserving/Undeserving Racist: No Reasoning: The comment provides a factual claim about veteran homelessness and expresses an opinion about t"
x,126,C,0,0,"Comment Type: Ask a Rhetorical Question, Provide a Fact or Claim, Express Their Opinion Critique Category: Government Critique Response Category: Solutions/Interventions Perception Type: Deserving/Undeserving Racist: No Reasoning: The comment questions the support provided by a specific organization"
x,127,C,0,0,"Comment Type: Provide an Observation, Express Others' Opinions Critique Category: No Response Category: Solutions/Interventions Perception Type: No Racist: No Reasoning: The comment observes an organization's readiness for homelessness and food insecurity, and expresses the opinion of a non-profit's"
x,128,C,0,0,"Comment Type: Provide an Observation, Express Their Opinion Critique Category: No Response Category: Solutions/Interventions Perception Type: Personal Interaction Racist: No Reasoning: The post describes the author's personal experience with charity work, specifically splitting their support between"
x,129,C,0,0,"Comment Type: Provide an Observation, Media Portrayal Critique Category: No Response Category: No Perception Type: Media Portrayal Racist: No Reasoning: The comment provides an observation about homelessness in a specific location and shares a link to a media source, indicating that the homelessness"
x,130,C,0,1,"Comment Type: Provide a Fact or Claim, Express Their Opinion Critique Category: Government Critique Response Category: Solutions/Interventions Perception Type: Not in my Backyard Racist: No Reasoning: The post provides a factual statement about homelessness and expresses an opinion about the scale o"
x,131,C,0,0,"Comment Type: Provide a Fact or Claim, Express Others' Opinions Critique Category: Government Critique, Societal Critique Response Category: None Perception Type: Media Portrayal, Harmful Generalization Racist: No Reasoning: The comment provides factual claims about homelessness, illegal immigration"
x,132,C,0,0,"Comment Type: Provide an Observation, Express Others' Opinions Critique Category: No Response Category: Solutions/Interventions Perception Type: Media Portrayal Racist: No Reasoning: The comment appears to be a title and link to an article or organization's initiative to revitalize old lots, which c"
x,133,C,0,0,"Comment Type: Provide an Observation, Express Others' Opinions Critique Category: No Response Category: Solutions/Interventions Perception Type: Personal Interaction Racist: No Reasoning: The comment provides an observation about the speaker's family connections to religious leaders involved in home"
x,134,C,0,0,"Comment Type: Provide an Observation, Express Their Opinion Critique Category: None Response Category: None Perception Type: Personal Interaction, Harmful Generalization Racist: No Reasoning: The comment provides an observation about the speaker's personal experience with homelessness and expresses "
x,135,C,0,1,"Comment Type: Ask a Rhetorical Question, Express Others' Opinions Critique Category: Government Critique, Societal Critique Response Category: None Perception Type: Not in my Backyard Racist: No Reasoning: The comment uses a rhetorical question to express the speaker's opinion about the perceived hy"
x,136,C,0,0,"Comment Type: Provide an Observation, Express Their Opinion Critique Category: None Response Category: Solutions/Interventions Perception Type: Personal Interaction Racist: No Reasoning: The comment provides an observation about someone being homeless and expresses a personal opinion about the situa"
x,137,C,0,1,"Comment Type: Ask a Rhetorical Question, Express Their Opinion Critique Category: Not Applicable Response Category: Not Applicable Perception Type: Not in my Backyard, Harmful Generalization Racist: No Reasoning: The comment expresses frustration and disbelief about homeless Americans moving between"
x,138,C,0,1,"Comment Type: Ask a Rhetorical Question, Express Their Opinion Critique Category: Government Critique Response Category: Solutions/Interventions Perception Type: Not in my Backyard Racist: No Reasoning: The comment uses a rhetorical question to express frustration with the organization's actions and"
x,139,C,0,0,"Comment Type: Provide a Fact or Claim, Money Aid Allocation Critique Category: None Response Category: Solutions/Interventions Perception Type: None Racist: No Reasoning: The post provides a factual statement about a federal grant for affordable housing and does not engage in any form of critique, e"
x,140,C,0,0,"Comment Type: Provide an Observation, Express Others' Opinions Critique Category: Government Critique, Societal Critique Response Category: Not applicable Perception Type: Harmful Generalization Racist: No Reasoning: The comment provides an observation about a specific incident involving an encampme"
x,141,C,0,0,"Comment Type: Ask a Rhetorical Question, Express Their Opinion Critique Category: Government Critique Response Category: Not applicable Perception Type: Harmful Generalization Racist: No Reasoning: The comment uses a rhetorical question and expresses an opinion about government spending, but it also"
x,142,C,0,0,"Comment Type: Provide a Fact or Claim, Express Others' Opinions Critique Category: Money Aid Allocation, Government Critique Response Category: Solutions/Interventions Perception Type: Harmful Generalization, Deserving/Undeserving Racist: No Reasoning: The comment provides a factual claim about gove"
x,143,C,0,0,"Comment Type: Provide an Observation, Provide a Fact or Claim Critique Category: No Response Category: Solutions/Interventions Perception Type: No Racist: No Reasoning: The post is providing information about an organization accepting applications for support, which is an observation and a fact. It "
x,144,C,0,1,"Comment Type: Ask a Rhetorical Question, Express Others' Opinions Critique Category: Government Critique, Societal Critique Response Category: None Perception Type: Harmful Generalization, Not in my Backyard Racist: No Reasoning: The comment uses rhetorical questions to criticize the organization's "
x,145,C,0,1,"Comment Type: Provide an Observation, Express Others' Opinions Critique Category: Not applicable Response Category: Solutions/Interventions Perception Type: Not in my Backyard Racist: No Reasoning: The comment observes a situation where there is plenty of affordable housing in a town, suggesting tha"
x,146,C,0,1,"Comment Type: Ask a Rhetorical Question, Express Their Opinion Critique Category: Government Critique Response Category: Solutions/Interventions Perception Type: Harmful Generalization, Not in my Backyard Racist: No Reasoning: The comment uses a rhetorical question to express dissatisfaction with th"
x,147,C,0,0,"Comment Type: Ask a Rhetorical Question, Express Their Opinion Critique Category: None Response Category: None Perception Type: Harmful Generalization Racist: No Reasoning: The comment uses a rhetorical question and expresses an opinion about a specific organization and its members. It also contains"
x,148,C,0,0,"Comment Type: Provide an Observation, Express Others' Opinions Critique Category: Not applicable Response Category: Solutions/Interventions Perception Type: Not applicable Racist: No Reasoning: The comment provides an observation about the construction of a new emergency shelter for men experiencing"
x,149,C,0,0,"Comment Type: Provide an Observation, Express Others' Opinions Critique Category: Not applicable Response Category: Solutions/Interventions Perception Type: Not applicable Racist: No Reasoning: The comment is an observation about future developments and expresses the opinion of others about the pote"
x,150,C,0,1,"Comment Type: Provide an Observation, Express Others' Opinions Critique Category: Government Critique, Societal Critique Response Category: Solutions/Interventions Perception Type: Not in my Backyard Racist: No Reasoning: The comment observes local progress being paid for by a trip abroad and sugges"
x,151,C,0,1,"Comment Type: Ask a Genuine Question, Provide an Observation Critique Category: None Response Category: Solutions/Interventions Perception Type: Not in my Backyard Racist: No Reasoning: The comment asks a genuine question about homelessness and observes a news headline. It expresses concern about th"
x,152,C,0,0,"Comment Type: Provide an Observation, Express Their Opinion Critique Category: None Response Category: Solutions/Interventions Perception Type: Personal Interaction Racist: No Reasoning: The comment provides an observation about the user's homelessness and expresses their opinion about needing help."
x,153,C,0,0,"Comment Type: Provide an Observation, Express Others' Opinions Critique Category: Government Critique Response Category: Solutions/Interventions Perception Type: Harmful Generalization Racist: No Reasoning: The comment observes a sudden increase in homeless people being processed and registered to v"
x,154,C,0,0,"Comment Type: Express Others' Opinions, Harmful Generalization Critique Category: None Response Category: None Perception Type: Harmful Generalization Racist: No Reasoning: The comment expresses an opinion about a person's appearance and implies a harmful generalization about homelessness, but it do"
x,155,C,0,0,"Comment Type: Express Others' Opinions Critique Category: No Response Category: No Perception Type: Harmful Generalization Racist: No Reasoning: The comment expresses a negative opinion about someone's appearance and behavior, suggesting they are pretending to be homeless. It does not explicitly or "
x,156,C,0,0,"Comment Type: Provide an Observation, Express Others' Opinions Critique Category: Not applicable Response Category: Not applicable Perception Type: Media Portrayal Racist: No Reasoning: The comment provides an observation about homelessness in a specific location and references a media source, sugge"
x,157,C,0,1,"Comment Type: Ask a Rhetorical Question, Provide an Observation Critique Category: Government Critique Response Category: Solutions/Interventions Perception Type: Not in my Backyard Racist: No Reasoning: The comment observes a situation where a user is being forced to stay homeless due to an organiz"
x,158,C,0,0,"Comment Type: Ask a Rhetorical Question, Provide a Fact or Claim, Express Their Opinion Critique Category: Government Critique, Societal Critique Response Category: Solutions/Interventions Perception Type: Harmful Generalization Racist: No Reasoning: The comment asks a rhetorical question about the "
x,159,C,0,0,"Comment Type: Ask a Rhetorical Question, Express Their Opinion Critique Category: Government Critique Response Category: Solutions/Interventions Perception Type: Deserving/Undeserving Racist: No Reasoning: The comment expresses an opinion about a person's involvement in homelessness and an election,"
x,160,C,0,0,"Comment Type: Provide an Observation, Express Their Opinion Critique Category: Government Critique Response Category: Not applicable Perception Type: Personal Interaction Racist: No Reasoning: The comment provides an observation about the housing conditions for the homeless and expresses a negative "
x,161,C,0,1,"Comment Type: Ask a Genuine Question, Provide a Fact or Claim Critique Category: Government Critique Response Category: Solutions/Interventions Perception Type: Not in my Backyard Racist: No Reasoning: The comment is asking a genuine question about the organization's intentions and is providing a fa"
x,162,C,0,0,"Comment Type: Ask a Rhetorical Question, Express Their Opinion Critique Category: None Response Category: None Perception Type: Personal Interaction Racist: No Reasoning: The comment appears to be a rhetorical question or an expression of opinion about the user's personal situation. It does not dire"
x,163,C,0,1,"Comment Type: Express Their Opinion, Critique Category: Government Critique, Response Category: None, Perception Type: Not in my Backyard, Racist: No Reasoning: The comment expresses an opinion about the town and criticizes the government's sudden action regarding homelessness. It also shows opposit"
x,164,C,0,1,"Comment Type: Provide an Observation, Provide a Fact or Claim Critique Category: Money Aid Allocation, Government Critique Response Category: Solutions/Interventions Perception Type: Not in my Backyard Racist: No Reasoning: The post discusses the allocation of affordable housing and transportation p"
x,165,C,0,1,"Comment Type: Ask a Rhetorical Question, Provide a Fact or Claim Critique Category: Government Critique Response Category: Solutions/Interventions Perception Type: Not in my Backyard Racist: No Reasoning: The comment poses a rhetorical question about the connection between homelessness and the funct"
x,166,C,0,0,"Comment Type: Express Others' Opinions, Harmful Generalization Critique Category: Not applicable Response Category: Not applicable Perception Type: Deserving/Undeserving, Media Portrayal Racist: No Reasoning: The comment expresses negative opinions about homeless individuals, using derogatory langua"
x,167,C,0,0,"Comment Type: Express Others' Opinions, Express Their Opinion Critique Category: Government Critique Response Category: Solutions/Interventions Perception Type: Deserving/Undeserving Racist: Yes Reasoning: The comment implies that homeless veterans are less deserving of help compared to immigrants, "
x,168,C,0,1,"Comment Type: Provide an Observation, Express Others' Opinions Critique Category: Solutions/Interventions Response Category: Solutions/Interventions Perception Type: Not in my Backyard Racist: No Reasoning: The comment observes a new initiative by an organization to provide respite cabins for chroni"
x,169,C,0,0,"Comment Type: Ask a Rhetorical Question, Express Their Opinion Critique Category: Government Critique Response Category: Solutions/Interventions Perception Type: Personal Interaction Racist: No Reasoning: The comment is a rhetorical question expressing an opinion about the speaker's personal experie"
x,170,C,0,1,"Comment Type: Provide an Observation, Express Their Opinion Critique Category: None Response Category: Solutions/Interventions Perception Type: Not in my Backyard Racist: No Reasoning: The comment observes a situation of homelessness and expresses an opinion about helping a friend who was previously"
x,171,C,0,0,"Comment Type: Provide an Observation, Express Others' Opinions Critique Category: No Response Category: No Perception Type: Personal Interaction Racist: No Reasoning: The comment provides an observation about a specific case and expresses an opinion about the misunderstanding of homelessness. It doe"
x,172,C,0,0,"Comment Type: Ask a Rhetorical Question, Provide an Observation, Express Their Opinion, Provide a Fact or Claim, Solutions/Interventions Critique Category: Not Applicable Response Category: Solutions/Interventions Perception Type: Not Applicable Racist: No Reasoning: The comment suggests a solution "
x,173,C,0,1,"Comment Type: Provide an Observation, Express Others' Opinions Critique Category: Not applicable Response Category: Not applicable Perception Type: Not in my Backyard Racist: No Reasoning: The comment observes an impact on unhoused residents due to a construction project and expresses the opinion of"
x,174,C,0,0,"Comment Type: Provide a Fact or Claim, Express Their Opinion Critique Category: Government Critique Response Category: Solutions/Interventions Perception Type: None Racist: No Reasoning: The comment provides a factual claim about the relationship between affordable housing and access to healthy food"
x,175,C,0,0,"Comment Type: Provide an Observation, Express Their Opinion Critique Category: None Response Category: Solutions/Interventions Perception Type: None Racist: No Reasoning: The comment observes an event being hosted by an organization to raise awareness about homelessness and encourages participation."
x,176,C,0,1,"Comment Type: Express Their Opinion, Express Others' Opinions Critique Category: None Response Category: None Perception Type: Not in my Backyard, Harmful Generalization Racist: No Reasoning: The comment expresses a negative opinion about a sports team and their performance, and makes a generalizati"
x,177,C,0,0,"Comment Type: Provide an Observation, Express Others' Opinions Critique Category: No Response Category: Solutions/Interventions Perception Type: No Racist: No Reasoning: The comment is an invitation to a discussion event, which can be seen as an observation of the need for workforce opportunities fo"
x,178,C,0,1,"Comment Type: Provide an Observation, Express Others' Opinions Critique Category: Not applicable Response Category: Not applicable Perception Type: Not in my Backyard Racist: No Reasoning: The comment observes that one town has fewer homeless people compared to another, expressing an opinion that th"
x,179,C,0,1,"Comment Type: Provide an Observation, Government Critique Critique Category: Government Critique Response Category: Solutions/Interventions Perception Type: Not in my Backyard Racist: No Reasoning: The comment observes a challenge faced by a city in the housing market and suggests the city needs to "
x,180,C,0,0,"Comment Type: Ask a Rhetorical Question, Provide a Fact or Claim Critique Category: None Response Category: None Perception Type: None Racist: No Reasoning: The comment asks a rhetorical question about the legality of giving homeless people addresses to vote and provides a factual statement about re"
x,181,C,0,0,"Comment Type: Provide a Fact or Claim, Express Their Opinion Critique Category: Government Critique Response Category: Solutions/Interventions Perception Type: None Racist: No Reasoning: The comment provides a factual claim about poverty rates and expresses an opinion on where resources should be pr"
x,182,C,0,0,"Comment Type: Provide an Observation, Express Their Opinion Critique Category: None Response Category: Solutions/Interventions Perception Type: None Racist: No Reasoning: The post is an observation about the actions of the ministry and expresses a positive opinion about serving the homeless. It does"
x,183,C,0,1,"Comment Type: Provide an Observation, Express Others' Opinions Critique Category: Not applicable Response Category: Solutions/Interventions Perception Type: Not in my Backyard Racist: No Reasoning: The comment provides an observation about a new affordable housing development and shares information "
x,184,C,0,0,"Comment Type: Provide a Fact or Claim, Ask a Rhetorical Question Critique Category: Money Aid Allocation Response Category: Solutions/Interventions Perception Type: None Racist: No Reasoning: The comment provides a factual statement about a startup working to end homelessness and the potential for a"
x,185,C,0,0,"Comment Type: Ask a Rhetorical Question, Provide an Observation, Express Their Opinion Critique Category: Government Critique Response Category: Solutions/Interventions Perception Type: Deserving/Undeserving Racist: No Reasoning: The comment asks a rhetorical question about the lack of investment in"
x,186,C,0,1,"Comment Type: Provide an Observation, Critique Category: Government Critique, Response Category: None, Perception Type: Not in my Backyard, Racist: No Reasoning: The comment observes a nuisance lawsuit over homeless camping, which is a form of observation. It critiques the government's handling of t"
x,187,C,0,0,"Comment Type: Provide an Observation Critique Category: No Response Category: No Perception Type: No Racist: No Reasoning: The comment is an observation about the challenges of building in the city, which is related to homelessness but does not ask a question, provide a fact, express an opinion, or "
x,188,C,0,1,"Comment Type: Express Others' Opinions, Express Their Opinion Critique Category: Not applicable Response Category: Not applicable Perception Type: Not in my Backyard, Harmful Generalization Racist: No Reasoning: The comment expresses the speaker's opinion about homelessness being present in certain "
x,189,C,0,1,"Comment Type: Provide a Fact or Claim, Provide an Observation Critique Category: Money Aid Allocation Response Category: Solutions/Interventions Perception Type: Not in my Backyard Racist: No Reasoning: The comment provides a factual statement about a grant for affordable housing and an observation "
x,190,C,0,0,"Comment Type: Provide an Observation, Express Others' Opinions Critique Category: No Response Category: Solutions/Interventions Perception Type: No Racist: No Reasoning: The comment observes an organization's partnership to support affordable housing and provides a link for more information. It does"
x,191,C,0,0,"Comment Type: Express Their Opinion, Provide an Observation Critique Category: Government Critique, Money Aid Allocation Response Category: Solutions/Interventions Perception Type: Harmful Generalization Racist: No Reasoning: The comment expresses an opinion about a specific individual and organizat"
x,192,C,0,1,"Comment Type: Provide an Observation, Express Others' Opinions Critique Category: Government Critique, Societal Critique Response Category: Solutions/Interventions Perception Type: Not in my Backyard Racist: No Reasoning: The comment observes a lawsuit being filed by an organization against homeowne"
x,193,C,0,0,"Comment Type: Ask a Rhetorical Question, Express Their Opinion Critique Category: None Response Category: None Perception Type: Harmful Generalization Racist: No Reasoning: The comment expresses an opinion about a negative interaction with someone who likely perceived the user as judgmental or harsh"
x,194,C,0,1,"Comment Type: Provide an Observation, Express Their Opinion Critique Category: None Response Category: Solutions/Interventions Perception Type: Not in my Backyard Racist: No Reasoning: The post observes a homeless individual's struggle and expresses an opinion about helping them. It does not critiqu"
x,195,C,0,1,"Comment Type: Provide an Observation, Express Their Opinion Critique Category: Money Aid Allocation Response Category: Solutions/Interventions Perception Type: Not in my Backyard Racist: No Reasoning: The comment observes the connection between affordable housing and the future of a community and ex"
x,196,C,0,1,"Comment Type: Provide an Observation, Ask a Genuine Question Critique Category: Money Aid Allocation, Government Critique Response Category: Solutions/Interventions Perception Type: Not in my Backyard Racist: No Reasoning: The comment observes a specific issue faced by people experiencing homelessne"
x,197,C,0,0,"Comment Type: Provide an Observation, Express Their Opinion Critique Category: None Response Category: Solutions/Interventions Perception Type: None Racist: No Reasoning: The comment provides an observation about the organization's mission and expresses an opinion about their intentions. There is no"
x,198,C,0,0,"Comment Type: Provide a Fact or Claim, Money Aid Allocation Critique Category: Money Aid Allocation Response Category: Solutions/Interventions Perception Type: N/A Racist: No Reasoning: The comment provides a factual statement about the allocation of funds and does not contain any explicit or implic"
x,199,C,0,0,"Comment Type: Provide an Observation, Express Their Opinion, Government Critique Critique Category: Government Critique Response Category: Not applicable Perception Type: Personal Interaction Racist: No Reasoning: The comment provides an observation about a homeless individual and expresses an opini"
x,200,C,0,0,"Comment Type: Provide an Observation, Provide a Fact or Claim Critique Category: No Response Category: Solutions/Interventions Perception Type: No Racist: No Reasoning: The comment shares a link to a story about housing strategies, which is an observation or fact about homelessness. It does not crit"
x,201,C,0,0,"Comment Type: None Critique Category: Government Critique Response Category: None Perception Type: None Racist: No Reasoning: The text does not contain any comments, questions, facts, observations, or opinions related to homelessness. It is a news report about an organization's candidate winning a m"
x,202,C,0,0,"Comment Type: Provide an Observation, Express Their Opinion Critique Category: No Response Category: Solutions/Interventions Perception Type: Personal Interaction Racist: No Reasoning: The comment provides an observation about the speaker's personal experience with homelessness and their current sta"
x,203,C,0,0,"Comment Type: Provide an Opinion, Express Others' Opinions Critique Category: None Response Category: Solutions/Interventions Perception Type: None Racist: No Reasoning: The comment expresses an opinion about giving money to homeless people and criticizes someone else's opinion. There is no explicit"
x,204,C,0,0,"Comment Type: Provide a Fact or Claim, Express Their Opinion Critique Category: Government Critique Response Category: Solutions/Interventions Perception Type: Personal Interaction Racist: No Reasoning: The comment provides a factual claim about the speaker's personal experience with the board of el"
x,205,C,0,1,"Comment Type: Provide an Observation, Express Their Opinion, Ask a Rhetorical Question Critique Category: Government Critique, Money Aid Allocation Response Category: Solutions/Interventions Perception Type: Not in my Backyard Racist: No Reasoning: The comment observes the presence of abandoned plac"
x,206,C,0,0,"Comment Type: Ask a Rhetorical Question, Provide a Fact or Claim, Express Others' Opinions Critique Category: Not Applicable Response Category: Solutions/Interventions Perception Type: Harmful Generalization, Deserving/Undeserving Racist: No Reasoning: The comment uses a rhetorical question and prov"
x,207,C,0,1,"Comment Type: Ask a Rhetorical Question, Provide an Observation, Express Their Opinion Critique Category: Government Critique Response Category: Solutions/Interventions Perception Type: Not in my Backyard Racist: No Reasoning: The comment asks a rhetorical question, observes a housing crisis, and ex"
x,208,C,0,0,"Comment Type: Ask a Rhetorical Question, Provide a Fact or Claim, Express Their Opinion Critique Category: Government Critique, Societal Critique Response Category: Solutions/Interventions Perception Type: Deserving/Undeserving Racist: No Reasoning: The comment asks a rhetorical question about the t"
x,209,C,0,1,"Comment Type: Provide an Observation, Express Others' Opinions Critique Category: Not applicable Response Category: Solutions/Interventions Perception Type: Not in my Backyard Racist: No Reasoning: The comment observes a new housing development intended to enhance affordable housing options, which i"
x,210,C,0,0,"Comment Type: Provide an Observation, Express Their Opinion, Solutions/Interventions Critique Category: None Response Category: Solutions/Interventions Perception Type: None Racist: No Reasoning: The comment observes a homelessness problem in a specific area and expresses an opinion about the cause."
x,211,C,0,1,"Comment Type: Provide an Observation, Express Their Opinion Critique Category: Not applicable Response Category: Not applicable Perception Type: Personal Interaction, Not in my Backyard Racist: No Reasoning: The comment shares a personal experience of homelessness and expresses a current positive si"
x,212,C,0,0,"Comment Type: Provide an Observation, Express Their Opinion Critique Category: None Response Category: None Perception Type: Personal Interaction Racist: No Reasoning: The comment provides an observation from a former medical respite patient about the positive impact of homelessness services on thei"
x,213,C,0,0,"Comment Type: Provide a Fact or Claim, Express Others' Opinions Critique Category: None Response Category: None Perception Type: None Racist: No Reasoning: The comment provides a factual statement about the housing crisis and ranks the organization in a competitive rental market. It does not express"
x,214,C,0,1,"Comment Type: Provide a Fact or Claim, Ask a Rhetorical Question Critique Category: Money Aid Allocation Response Category: Solutions/Interventions Perception Type: Not in my Backyard Racist: No Reasoning: The comment provides a factual statement about an initiative and asks a rhetorical question ab"
x,215,C,0,1,"Comment Type: Ask a Rhetorical Question, Provide an Observation Critique Category: Government Critique Response Category: Solutions/Interventions Perception Type: Not in my Backyard Racist: No Reasoning: The comment observes a political race and the importance of the housing crisis in campaigns. It "
x,216,C,0,0,"Comment Type: Ask a Rhetorical Question, Provide a Fact or Claim Critique Category: Money Aid Allocation Response Category: Solutions/Interventions Perception Type: None Racist: No Reasoning: The comment asks a rhetorical question and provides a factual comparison about spending on homelessness, but"
x,217,C,0,1,"Comment Type: Provide an Observation, Express Others' Opinions Critique Category: Not applicable Response Category: Not applicable Perception Type: Not in my Backyard Racist: No Reasoning: The comment observes a problem with homelessness in a specific organization and expresses the opinion that the "
x,218,C,0,1,"Comment Type: Express Others' Opinions, Government Critique Critique Category: Government Critique Response Category: Not applicable Perception Type: Not in my Backyard Racist: No Reasoning: The comment expresses the opinion of others about the organization, criticizes the government's approach to h"
x,219,C,0,1,"Comment Type: Ask a Genuine Question, Provide an Observation Critique Category: Not Applicable Response Category: Not Applicable Perception Type: Not in my Backyard Racist: No Reasoning: The comment is asking about the disappearance of homeless individuals from a specific organization, which can be "
x,220,C,0,1,"Comment Type: Ask a Rhetorical Question, Express Others' Opinions Critique Category: Government Critique Response Category: Not applicable Perception Type: Not in my Backyard Racist: No Reasoning: The comment uses a rhetorical question to criticize the government's handling of homelessness and crime"
x,221,C,0,1,"Comment Type: Provide an Observation, Express Others' Opinions Critique Category: Not applicable Response Category: Not applicable Perception Type: Not in my Backyard Racist: No Reasoning: The comment provides an observation about the negative impact of homelessness on a business and expresses the o"
x,222,C,0,1,"Comment Type: Provide a Fact or Claim, Express Others' Opinions Critique Category: Money Aid Allocation, Government Critique Response Category: Solutions/Interventions Perception Type: Not in my Backyard Racist: No Reasoning: The post provides a factual statement about the cost of tents and describe"
x,223,C,0,0,"Comment Type: Provide an Observation, Express Others' Opinions Critique Category: Not applicable Response Category: Not applicable Perception Type: Personal Interaction Racist: No Reasoning: The comment provides an observation about a specific individual's experience with homelessness and the shelte"
x,224,C,0,0,"Comment Type: Express Others' Opinions, Express Their Opinion Critique Category: Government Critique Response Category: Solutions/Interventions Perception Type: Harmful Generalization Racist: No Reasoning: The comment expresses the user's opinion and describes someone as a ""slimy POS,"" which is a ha"
x,225,C,0,1,"Comment Type: Ask a Rhetorical Question, Express Others' Opinions Critique Category: Government Critique Response Category: Not applicable Perception Type: Not in my Backyard Racist: No Reasoning: The comment is a rhetorical question expressing the opinion that it is inappropriate to base government"
x,226,C,0,1,"Comment Type: Express Their Opinion, Government Critique Critique Category: Government Critique Response Category: None Perception Type: Not in my Backyard Racist: No Reasoning: The comment expresses concern about a government organization's (likely a politician or agency) handling of homelessness, "
x,227,C,0,1,"Comment Type: Express Others' Opinions, Government Critique Critique Category: Government Critique Response Category: Solutions/Interventions Perception Type: Not in my Backyard Racist: No Reasoning: The comment expresses an opinion about a political figure and criticizes their actions, suggesting t"
x,228,C,0,1,"Comment Type: Provide an Observation, Express Others' Opinions Critique Category: Government Critique, Societal Critique Response Category: Not applicable Perception Type: Not in my Backyard Racist: No Reasoning: The comment observes a situation where homelessness is seen as a form of protest and cr"
x,229,C,0,0,"Comment Type: Express Others' Opinions, Racist Critique Category: None Response Category: None Perception Type: Harmful Generalization Racist: Yes Reasoning: The comment explicitly makes a racial generalization by attributing the presence of homeless individuals to a specific racial group (""Indians"""
x,230,C,0,0,"Comment Type: Ask a Rhetorical Question, Provide an Observation Critique Category: None Response Category: None Perception Type: Media Portrayal, Harmful Generalization Racist: No Reasoning: The comment includes an observation about homelessness and a negative stereotype about a city, but there is n"
x,231,C,0,0,"Comment Type: Provide an Observation, Ask a Rhetorical Question Critique Category: Not Applicable Response Category: Not Applicable Perception Type: Media Portrayal, Harmful Generalization Racist: No Reasoning: The comment observes the presence of homelessness and drug addiction in a city and questi"
x,232,C,0,0,"Comment Type: Provide an Observation, Express Their Opinion Critique Category: None Response Category: Solutions/Interventions Perception Type: None Racist: No Reasoning: The comment observes a common experience of individuals in recovery and expresses an opinion about the need for support in long-t"
x,233,C,0,0,"Comment Type: Provide a Fact or Claim, Express Others' Opinions, Government Critique Critique Category: Government Critique Response Category: Not applicable Perception Type: Not applicable Racist: No Reasoning: The comment criticizes the government's choice of nonprofits and their impact on homeles"
x,234,C,1,1,"Comment Type: Provide a Fact or Claim, Express Others' Opinions Critique Category: Government Critique, Societal Critique Response Category: Solutions/Interventions Perception Type: Harmful Generalization, Not in my Backyard Racist: No Reasoning: The comment provides a factual claim about a governme"
x,235,C,0,1,"Comment Type: Express Others' Opinions, Provide a Fact or Claim Critique Category: Money Aid Allocation Response Category: Solutions/Interventions Perception Type: Not in my Backyard Racist: No Reasoning: The comment expresses agreement with an opinion about how to help the homeless, suggesting a bl"
x,236,C,0,1,"Comment Type: Provide a Fact or Claim, Express Others' Opinions Critique Category: Money Aid Allocation, Government Critique Response Category: Solutions/Interventions Perception Type: Not in my Backyard Racist: No Reasoning: The comment suggests that there is a financial incentive in the homelessne"
x,237,C,0,1,"Comment Type: Ask a Rhetorical Question, Provide a Fact or Claim Critique Category: Government Critique Response Category: Solutions/Interventions Perception Type: Not in my Backyard Racist: No Reasoning: The comment is asking a rhetorical question about the views of progressives and providing a fac"
x,238,C,0,1,"Comment Type: Ask a Rhetorical Question, Provide a Fact or Claim Critique Category: Money Aid Allocation Response Category: Solutions/Interventions Perception Type: Not in my Backyard Racist: No Reasoning: The comment is asking a rhetorical question about how money is being spent for homelessness, w"
x,239,C,0,0,"Comment Type: Provide a Fact or Claim, Express Their Opinion Critique Category: None Response Category: None Perception Type: None Racist: No Reasoning: The post provides a factual homelessness statistic and expresses an opinion about someone being ""free,"" but does not engage in any form of critique"
x,240,C,0,0,"Comment Type: Ask a Rhetorical Question, Express Others' Opinions Critique Category: Not Applicable Response Category: Not Applicable Perception Type: Harmful Generalization Racist: No Reasoning: The comment uses a rhetorical question to express the opinion that an organization is unaware of homeles"
x,241,C,0,1,"Comment Type: Ask a Rhetorical Question, Provide an Observation Critique Category: Government Critique, Societal Critique Response Category: Solutions/Interventions Perception Type: Not in my Backyard Racist: No Reasoning: The comment uses a rhetorical question to make a point about the perceived la"
x,242,C,0,1,"Comment Type: Provide an Observation, Express Their Opinion Critique Category: Government Critique Response Category: Solutions/Interventions Perception Type: Not in my Backyard Racist: No Reasoning: The comment provides an observation about a homeless veteran and expresses the observer's opinion ab"
x,243,C,0,1,"Comment Type: Express Others' Opinions, Critique Category: Government Critique, Response Category: Solutions/Interventions, Perception Type: Not in my Backyard, Racist: No Reasoning: The comment expresses an opinion about a lawsuit against an organization's homeless sweeps, which is a form of govern"
x,244,C,0,0,"Comment Type: Provide a Fact or Claim, Express Their Opinion, Provide an Observation Critique Category: Solutions/Interventions Response Category: Solutions/Interventions Perception Type: None Racist: No Reasoning: The comment provides a factual claim about a potential solution to the housing crisis"
x,245,C,0,1,"Comment Type: Ask a Rhetorical Question, Provide a Fact or Claim Critique Category: Government Critique Response Category: Solutions/Interventions Perception Type: Not in my Backyard Racist: No Reasoning: The comment is asking a rhetorical question by comparing the punishment of a business owner who"
x,246,C,0,0,"Comment Type: Provide a Fact or Claim, Express Others' Opinions Critique Category: Societal Critique Response Category: Not applicable Perception Type: Harmful Generalization, Personal Interaction Racist: Yes Reasoning: The comment makes a comparison between the hygiene of homeless people and the Ro"
x,247,C,0,1,"Comment Type: Ask a Rhetorical Question, Express Others' Opinions, Government Critique Critique Category: Government Critique Response Category: Solutions/Interventions Perception Type: Not in my Backyard Racist: No Reasoning: The comment asks a rhetorical question about the homelessness problem in "
x,248,C,0,1,"Comment Type: Provide a Fact or Claim, Critique Category: Money Aid Allocation, Response Category: Solutions/Interventions, Perception Type: Not in my Backyard, Racist: No Reasoning: The comment provides a factual claim about a homeless solution being a costly disaster and expresses concern about th"
x,249,C,0,0,"Comment Type: Provide an Observation, Express Others' Opinions Critique Category: None Response Category: None Perception Type: Media Portrayal Racist: No Reasoning: The comment provides an observation about an organization's actions and expresses the opinions of others, likely referring to media co"
x,250,C,0,1,"Comment Type: Express Others' Opinions, Government Critique Critique Category: Government Critique Response Category: Solutions/Interventions Perception Type: Not in my Backyard Racist: No Reasoning: The comment expresses the speaker's negative opinion about the Democratic party's handling of homele"
x,251,C,0,1,"Comment Type: Ask a Rhetorical Question, Provide a Fact or Claim Critique Category: Money Aid Allocation, Government Critique Response Category: Solutions/Interventions Perception Type: Not in my Backyard Racist: No Reasoning: The comment asks a rhetorical question about the impact of a specific org"
x,252,C,0,1,"Comment Type: Ask a Genuine Question, Ask a Rhetorical Question Critique Category: Government Critique Response Category: Not applicable Perception Type: Not in my Backyard Racist: No Reasoning: The comment questions the government's actions regarding homelessness and the visit of a foreign leader, "
x,253,C,0,1,"Comment Type: Provide a Fact or Claim, Express Their Opinion Critique Category: Government Critique Response Category: Solutions/Interventions Perception Type: Not in my Backyard Racist: No Reasoning: The comment provides a claim about a city's policy to address homelessness and expresses an opinion"
x,254,C,0,0,"Comment Type: Ask a Rhetorical Question, Express Others' Opinions Critique Category: Media Portrayal Response Category: Not applicable Perception Type: Media Portrayal Racist: No Reasoning: The comment questions the bias of European media and the preconceived notions of a European colleague, but doe"
x,255,C,0,1,"Comment Type: Ask a Rhetorical Question, Provide a Fact or Claim, Express Their Opinion Critique Category: Solutions/Interventions Response Category: Solutions/Interventions Perception Type: Not in my Backyard Racist: No Reasoning: The comment suggests a solution involving conditional aid for the ho"
x,256,C,0,0,"Comment Type: Express Others' Opinions, Express Their Opinion Critique Category: Not Applicable Response Category: Not Applicable Perception Type: Harmful Generalization, Deserving/Undeserving Racist: No Reasoning: The comment expresses harmful generalizations about homeless individuals, suggesting "
x,257,C,0,1,"Comment Type: Provide an Observation, Express Others' Opinions Critique Category: Government Critique, Societal Critique Response Category: Not applicable Perception Type: Not in my Backyard Racist: No Reasoning: The comment observes the presence of homeless encampments around hotels and expresses t"
x,258,C,0,0,"Comment Type: Ask a Genuine Question, Provide a Fact or Claim Critique Category: Money Aid Allocation, Government Critique Response Category: Solutions/Interventions Perception Type: None Racist: No Reasoning: The comment is asking a genuine question about the actions taken by specific companies to "
x,259,C,0,1,"Comment Type: Provide an Observation, Express Their Opinion Critique Category: Societal Critique Response Category: Not applicable Perception Type: Not in my Backyard Racist: No Reasoning: The comment provides an observation about the impact of a specific organization on homelessness in the downtown"
x,260,C,0,0,"Comment Type: Express Others' Opinions, Government Critique Critique Category: Government Critique, Societal Critique Response Category: Not applicable Perception Type: Harmful Generalization Racist: No Reasoning: The comment expresses criticism of a location's management and residents' involvement "
x,261,C,0,1,"Comment Type: Express Their Opinion, Express Others' Opinions Critique Category: Government Critique Response Category: Not applicable Perception Type: Not in my Backyard Racist: No Reasoning: The comment expresses an opinion about the social services in a specific city and suggests that the city re"
x,262,C,0,1,"Comment Type: Ask a Rhetorical Question, Provide a Fact or Claim Critique Category: Money Aid Allocation, Government Critique Response Category: Solutions/Interventions Perception Type: Not in my Backyard Racist: No Reasoning: The comment asks a rhetorical question about an audit of funds allocated "
x,263,C,0,1,"Comment Type: Provide an Observation, Express Their Opinion Critique Category: Government Critique, Money Aid Allocation Response Category: Solutions/Interventions Perception Type: Not in my Backyard Racist: No Reasoning: The comment provides an observation about the author's long-term involvement w"
x,264,C,0,0,"Comment Type: Ask a Rhetorical Question, Express Others' Opinions Critique Category: None Response Category: None Perception Type: Harmful Generalization Racist: No Reasoning: The comment uses a rhetorical question to express skepticism about the organization's work with homeless individuals, implyi"
x,265,C,0,1,"Comment Type: Provide a Fact or Claim, Express Others' Opinions Critique Category: Government Critique, Money Aid Allocation Response Category: Solutions/Interventions Perception Type: Not in my Backyard Racist: No Reasoning: The comment provides a claim about the financial resources spent on homele"
x,266,C,0,0,"Comment Type: Express Their Opinion, Harmful Generalization Critique Category: No Response Category: No Perception Type: Harmful Generalization Racist: No Reasoning: The comment expresses a negative opinion about homeless individuals and uses derogatory language, which can be considered harmful gene"
x,267,C,0,1,"Comment Type: Express Others' Opinions, Express Their Opinion Critique Category: No Response Category: Solutions/Interventions Perception Type: Not in my Backyard Racist: No Reasoning: The comment appears to be expressing opinions about local homelessness issues and suggesting solutions, but it does"
x,268,C,0,0,"Comment Type: Express Their Opinion, Provide an Observation Critique Category: Government Critique Response Category: Solutions/Interventions Perception Type: Harmful Generalization Racist: No Reasoning: The comment expresses an opinion and observation about the handling of homelessness and drug iss"
x,269,C,0,1,"Comment Type: Ask a Rhetorical Question, Provide a Fact or Claim, Express Others' Opinions Critique Category: Government Critique Response Category: Solutions/Interventions Perception Type: Harmful Generalization, Not in my Backyard Racist: Yes Reasoning: The comment suggests that H1B visa holders a"
x,270,C,0,0,"Comment Type: Provide an Observation, Express Others' Opinions Critique Category: Not applicable Response Category: Not applicable Perception Type: Harmful Generalization Racist: No Reasoning: The comment provides an observation about a specific issue related to homelessness and squatters, suggestin"
x,271,C,0,1,"Comment Type: Ask a Rhetorical Question, Express Others' Opinions Critique Category: Government Critique Response Category: Not applicable Perception Type: Not in my Backyard Racist: No Reasoning: The comment uses a rhetorical question to express the opinion that a certain organization is only safe "
x,272,C,0,0,"Comment Type: Ask a Rhetorical Question, Provide a Fact or Claim, Express Their Opinion Critique Category: Government Critique, Societal Critique Response Category: None Perception Type: Harmful Generalization, Personal Interaction Racist: No Reasoning: The comment asks a rhetorical question, provid"
x,273,C,0,1,"Comment Type: Express Their Opinion, Express Others' Opinions Critique Category: Government Critique Response Category: Solutions/Interventions Perception Type: Harmful Generalization, Not in my Backyard Racist: No Reasoning: The comment expresses a negative opinion about homeless individuals, parti"
x,274,C,0,0,"Comment Type: Provide a Fact or Claim, Express Their Opinion Critique Category: No Response Category: Solutions/Interventions Perception Type: No Racist: No Reasoning: The comment provides a factual statement about the organization's work and expresses an opinion about their approach to helping form"
x,275,C,0,0,"Comment Type: Provide a Fact or Claim, Express Others' Opinions Critique Category: Money Aid Allocation Response Category: Solutions/Interventions Perception Type: None Racist: No Reasoning: The comment provides a factual claim about an organization's need for more money to address homelessness and "
x,276,C,0,0,"Comment Type: Provide an Observation, Express Others' Opinions Critique Category: None Response Category: Solutions/Interventions Perception Type: Media Portrayal Racist: No Reasoning: The comment provides an observation about the threat to housing due to climate change and mentions the need for war"
x,277,C,0,1,"Comment Type: Ask a Rhetorical Question, Provide a Fact or Claim, Express Others' Opinions Critique Category: Not Applicable Response Category: Solutions/Interventions Perception Type: Harmful Generalization, Not in my Backyard Racist: No Reasoning: The comment uses a rhetorical question to make a p"
x,278,C,0,0,"Comment Type: Provide an Observation, Express Others' Opinions Critique Category: Not applicable Response Category: Not applicable Perception Type: Media Portrayal Racist: No Reasoning: The comment provides an observation about seeing many homeless people and their living conditions, and it also ref"
x,279,C,1,1,"Comment Type: Express Others' Opinions, Government Critique, Societal Critique Critique Category: Government Critique, Societal Critique Response Category:  Perception Type: Not in my Backyard, Harmful Generalization Racist: No Reasoning: The comment expresses the speaker's opinion about the city's "
x,280,C,0,1,"Comment Type: Ask a Rhetorical Question, Provide a Fact or Claim Critique Category: Government Critique Response Category: Solutions/Interventions Perception Type: Not in my Backyard Racist: No Reasoning: The comment appears to be a call to action or a statement of fact about an organization's judgm"
x,281,C,0,0,"Comment Type: Ask a Rhetorical Question, Provide an Observation, Express Their Opinion Critique Category: Not Applicable Response Category: Solutions/Interventions Perception Type: Personal Interaction Racist: No Reasoning: The comment asks a rhetorical question about the purity of fentanyl, observe"
x,282,C,0,0,"Comment Type: Ask a Rhetorical Question, Provide a Fact or Claim, Express Others' Opinions Critique Category: Government Critique Response Category: Solutions/Interventions Perception Type: Harmful Generalization Racist: No Reasoning: The comment asks a rhetorical question about arrests and provides"
x,283,C,0,0,"Comment Type: Provide an Observation, Express Others' Opinions Critique Category: Not applicable Response Category: Not applicable Perception Type: Media Portrayal Racist: No Reasoning: The comment provides an observation about the comparison between the portrayal of homeless camps in the movie 'The"
x,284,C,0,0,"Comment Type: Provide a Fact or Claim, Express Their Opinion Critique Category: Government Critique, Societal Critique Response Category: Solutions/Interventions Perception Type: Harmful Generalization Racist: No Reasoning: The comment criticizes the government and societal norms regarding homelessn"
x,285,C,0,1,"Comment Type: Provide an Observation, Express Others' Opinions Critique Category: Not applicable Response Category: Solutions/Interventions Perception Type: Not in my Backyard Racist: No Reasoning: The comment observes a housing survey and expresses opinions about the issue of homelessness, specific"
x,286,C,0,0,"Comment Type: Provide a Fact or Claim, Provide an Observation Critique Category: Money Aid Allocation Response Category:  Perception Type:  Racist: No Reasoning: The post provides a factual statement about the increase in homelessness and the amount of money spent on homelessness, but does not expre"
x,287,C,0,0,"Comment Type: Provide an Observation, Express Their Opinion Critique Category: No Response Category: No Perception Type: Personal Interaction Racist: No Reasoning: The user shares an observation about homelessness and expresses their opinion based on personal experience, but does not make any commen"
x,288,C,0,1,"Comment Type: Express Others' Opinions, Harmful Generalization Critique Category: None Response Category: None Perception Type: Not in my Backyard, Harmful Generalization Racist: No Reasoning: The comment expresses a negative stereotype about homeless people being addicted and potentially causing pr"
x,289,C,0,0,"Comment Type: Provide an Observation, Express Others' Opinions Critique Category: Media Portrayal Response Category: None Perception Type: Media Portrayal Racist: No Reasoning: The comment provides an observation about a story and expresses the opinion that it is a must-read. It does not explicitly "
x,290,C,0,0,"Comment Type: Ask a Genuine Question, Express Others' Opinions Critique Category: Government Critique Response Category: None Perception Type: None Racist: No Reasoning: The comment is asking a genuine question about a political figure and expressing the opinions of others about him. There is no cri"
x,291,C,0,1,"Comment Type: Ask a Rhetorical Question, Express Others' Opinions Critique Category: Government Critique, Societal Critique Response Category: Solutions/Interventions Perception Type: Not in my Backyard Racist: No Reasoning: The comment uses a rhetorical question to criticize the actions of law enfo"
x,292,C,0,0,"Comment Type: Ask a Rhetorical Question, Provide an Observation Critique Category: Not Applicable Response Category: Not Applicable Perception Type: Harmful Generalization Racist: No Reasoning: The comment is asking a rhetorical question about a perceived issue with the organization and provides an "
x,293,C,0,1,"Comment Type: Ask a Rhetorical Question, Express Their Opinion Critique Category: Government Critique Response Category: Solutions/Interventions Perception Type: Not in my Backyard Racist: No Reasoning: The comment is a rhetorical question and an expression of opinion, criticizing the government's a"
x,294,C,0,1,"Comment Type: Provide an Observation, Express Their Opinion Critique Category: Not applicable Response Category: Not applicable Perception Type: Harmful Generalization, Not in my Backyard Racist: No Reasoning: The comment expresses a negative opinion and observation about encountering homelessness, "
x,295,C,0,1,"Comment Type: Express Their Opinion, Critique Category: Government Critique, Response Category: Solutions/Interventions, Perception Type: Not in my Backyard, Racist: No Reasoning: The comment expresses the opinion that homelessness is an unnecessary burden and inhumane, criticizes government efforts"
x,296,C,0,0,"Comment Type: Ask a Rhetorical Question, Provide a Fact or Claim Critique Category: Government Critique Response Category: Not applicable Perception Type: Harmful Generalization Racist: No Reasoning: The comment asks a rhetorical question to criticize a piece of content, provides a factual claim abo"
x,297,C,0,0,"Comment Type: Ask a Rhetorical Question, Express Others' Opinions Critique Category: Government Critique, Societal Critique Response Category: Solutions/Interventions Perception Type: Harmful Generalization Racist: No Reasoning: The comment asks a rhetorical question about the legitimacy of someone'"
x,298,C,0,0,"Comment Type: Express Their Opinion, Provide an Observation Critique Category: None Response Category: Solutions/Interventions Perception Type: Deserving/Undeserving Racist: No Reasoning: The comment expresses an opinion and observation about homelessness, suggesting a survival of the fittest perspe"
x,299,C,1,1,"Comment Type: Express Their Opinion, Express Others' Opinions Critique Category: Government Critique, Societal Critique Response Category: Solutions/Interventions Perception Type: Harmful Generalization, Not in my Backyard Racist: No Reasoning: The comment expresses a strong negative opinion about h"
x,300,C,0,0,"Comment Type: Provide a Fact or Claim, Express Their Opinion, Government Critique Critique Category: Government Critique Response Category: Solutions/Interventions Perception Type: None Racist: No Reasoning: The comment provides a factual claim about homelessness statistics and expresses an opinion "
x,301,C,0,1,"Comment Type: Ask a Rhetorical Question, Provide a Fact or Claim Critique Category: Government Critique Response Category: Not applicable Perception Type: Not in my Backyard Racist: No Reasoning: The comment asks a rhetorical question about a larger factor related to an organization's drug problem a"
x,302,C,0,0,"Comment Type: Provide a Fact or Claim, Express Others' Opinions Critique Category: Not applicable Response Category: Not applicable Perception Type: Harmful Generalization Racist: No Reasoning: The comment provides a factual claim about a statistic and expresses an opinion about an organization's po"
x,303,C,0,1,"Comment Type: Provide an Observation, Express Their Opinion Critique Category: None Response Category: Solutions/Interventions Perception Type: Not in my Backyard Racist: No Reasoning: The comment observes a specific issue with homeless people pooping on the streets and suggests solutions, such as r"
x,304,C,0,1,"Comment Type: Provide a Fact or Claim, Express Others' Opinions Critique Category: Government Critique Response Category: Solutions/Interventions Perception Type: Not in my Backyard Racist: No Reasoning: The comment provides a factual claim about the rise in homeless deaths and expresses an opinion "
x,305,C,0,1,"Comment Type: Provide a Fact or Claim, Express Their Opinion Critique Category: Government Critique Response Category: Solutions/Interventions Perception Type: Not in my Backyard Racist: No Reasoning: The comment provides a factual claim about the impact of a specific organization on homelessness st"
x,306,C,0,0,"Comment Type: Ask a Genuine Question, Express Others' Opinions Critique Category: None Response Category: None Perception Type: Media Portrayal Racist: No Reasoning: The comment asks a genuine question about the author's focus on homelessness and mentions that the organization provides options. It e"
x,307,C,0,1,"Comment Type: Provide an Observation, Express Their Opinion Critique Category: Societal Critique Response Category: Not applicable Perception Type: Harmful Generalization, Not in my Backyard Racist: No Reasoning: The comment expresses an opinion about the negative impact of homelessness on public tr"
x,308,C,0,1,"Comment Type: Provide a Fact or Claim, Express Others' Opinions Critique Category: Government Critique Response Category: Solutions/Interventions Perception Type: Not in my Backyard Racist: No Reasoning: The comment provides a factual claim about the organization's inability to help both victims and"
x,309,C,0,1,"Comment Type: Provide an Observation, Express Others' Opinions Critique Category: Government Critique Response Category: Solutions/Interventions Perception Type: Not in my Backyard Racist: No Reasoning: The comment is an observation of a demand for action from an organization, suggesting that others"
x,310,C,0,0,"Comment Type: Express Their Opinion, Government Critique Critique Category: Government Critique Response Category: Solutions/Interventions Perception Type: Harmful Generalization Racist: No Reasoning: The comment expresses the speaker's opinion about the homelessness issue in a liberal city, critici"
x,311,C,0,1,"Comment Type: Ask a Rhetorical Question, Provide a Fact or Claim, Critique Category: Government Critique, Response Category: Solutions/Interventions, Perception Type: Not in my Backyard, Racist: No Reasoning: The post asks a rhetorical question about prioritizing infrastructure for new developments "
x,312,C,0,1,"Comment Type: Ask a Rhetorical Question, Express Others' Opinions Critique Category: Government Critique Response Category: Not applicable Perception Type: Not in my Backyard Racist: No Reasoning: The comment is asking a rhetorical question about other cities' actions towards homelessness and expres"
x,313,C,0,1,"Comment Type: Express Others' Opinions, Government Critique, Societal Critique Critique Category: Government Critique, Societal Critique Response Category: Solutions/Interventions Perception Type: Not in my Backyard Racist: No Reasoning: The comment expresses opinions about enforcing laws and making"
x,314,C,0,1,"Comment Type: Provide an Observation, Express Their Opinion Critique Category: No critique present Response Category: No solutions/interventions mentioned Perception Type: Not in my Backyard Racist: No Reasoning: The comment expresses a personal opinion about the negative impact of homelessness on a"
x,315,C,0,1,"Comment Type: Provide an Observation, Express Their Opinion Critique Category: Not applicable Response Category: Not applicable Perception Type: Harmful Generalization, Not in my Backyard Racist: No Reasoning: The comment observes a situation and expresses an opinion about it, suggesting a harmful g"
x,316,C,0,0,"Comment Type: Provide a Fact or Claim, Provide an Observation Critique Category: Money Aid Allocation Response Category: Solutions/Interventions Perception Type: None Racist: No Reasoning: The post provides a factual update about the completion of a large affordable housing project, which can be see"
x,317,C,0,0,"Comment Type: Ask a Rhetorical Question, Provide an Observation Critique Category: Not Applicable Response Category: Not Applicable Perception Type: Personal Interaction Racist: No Reasoning: The comment describes a personal interaction with homeless people during an interview at a library, which is"
x,318,C,0,1,"Comment Type: Ask a Genuine Question, Provide an Observation Critique Category: Not Applicable Response Category: Solutions/Interventions Perception Type: Not in my Backyard Racist: No Reasoning: The comment is asking about the lack of affordable housing in a specific town and providing an observati"
x,319,C,0,1,"Comment Type: Ask a Genuine Question, Express Their Opinion Critique Category: Government Critique Response Category: Solutions/Interventions Perception Type: Not in my Backyard Racist: No Reasoning: The comment questions the organization's leadership and suggests that better leadership could help a"
x,320,C,0,1,"Comment Type: Ask a Rhetorical Question, Provide a Fact or Claim Critique Category: Money Aid Allocation, Government Critique Response Category: Solutions/Interventions Perception Type: Not in my Backyard Racist: No Reasoning: The comment asks a rhetorical question about the allocation of funds and "
x,321,C,0,0,"Comment Type: Provide an Observation, Express Others' Opinions Critique Category: No Response Category: No Perception Type: Personal Interaction Racist: No Reasoning: The comment shares an observation about a personal interaction with homelessness, specifically mentioning a positive relationship bet"
x,322,C,0,0,"Comment Type: Provide an Observation, Express Their Opinion Critique Category: None Response Category: None Perception Type: Personal Interaction Racist: No Reasoning: The comment describes a personal interaction with a homeless individual and expresses an opinion about the experience. There are no "
x,323,C,0,0,"Comment Type: Provide an Observation, Express Their Opinion Critique Category: Not applicable Response Category: Not applicable Perception Type: Personal Interaction Racist: No Reasoning: The comment provides an observation about the experience of being homeless and staying at an institution, and ex"
x,324,C,0,1,"Comment Type: Provide a Fact or Claim, Ask a Rhetorical Question Critique Category: Money Aid Allocation, Government Critique Response Category: Solutions/Interventions Perception Type: Not in my Backyard Racist: No Reasoning: The comment provides a factual claim about the cost of building homes and"
x,325,C,0,0,"Comment Type: Provide an Observation, Express Their Opinion Critique Category: No Response Category: No Perception Type: Personal Interaction Racist: No Reasoning: The comment shares an observation about homelessness and expresses an opinion about the mission of the homeless individuals. It does not"
x,326,C,0,1,"Comment Type: Ask a Rhetorical Question, Express Their Opinion Critique Category: Government Critique Response Category: Solutions/Interventions Perception Type: Not in my Backyard Racist: No Reasoning: The comment is a rhetorical question expressing the speaker's opinion about a personal experience"
x,327,C,0,0,"Comment Type: Provide an Observation, Express Others' Opinions Critique Category: None Response Category: Solutions/Interventions Perception Type: None Racist: No Reasoning: The comment observes the generosity of a community and expresses gratitude for donations, which are directed towards providing"
x,328,C,0,1,"Comment Type: Provide an Observation, Express Others' Opinions Critique Category: Not applicable Response Category: Not applicable Perception Type: Not in my Backyard Racist: No Reasoning: The comment describes observations of how homeless individuals are treated by passersby and their reluctance to"
x,329,C,0,0,"Comment Type: Provide an Observation, Express Others' Opinions Critique Category: No Response Category: No Perception Type: Personal Interaction Racist: No Reasoning: The comment shares an observation about a personal interaction with homelessness, specifically mentioning a Big Brother program that "
x,330,C,0,1,"Comment Type: Provide a Fact or Claim, Express Others' Opinions Critique Category: Government Critique Response Category: Solutions/Interventions Perception Type: Not in my Backyard Racist: No Reasoning: The comment provides a factual claim about the organization's approach to homelessness and expre"
x,331,C,0,1,"Comment Type: Provide a Fact or Claim, Express Others' Opinions Critique Category: Government Critique Response Category: Solutions/Interventions Perception Type: Not in my Backyard Racist: No Reasoning: The comment provides a factual statement about the homeless crisis and expresses the opinion of "
x,332,C,0,0,"Comment Type: Provide an Observation, Express Others' Opinions Critique Category: Not applicable Response Category: Solutions/Interventions Perception Type: Media Portrayal Racist: No Reasoning: The comment describes a community action towards homelessness and references a past era, which can be see"
x,333,C,0,0,"Comment Type: Provide an Observation, Express Their Opinion Critique Category: No Response Category: No Perception Type: Personal Interaction Racist: No Reasoning: The comment provides an observation about homelessness experienced while traveling and expresses an opinion about the situation. It does"
x,334,C,0,1,"Comment Type: Provide an Observation, Express Their Opinion Critique Category: Government Critique, Solutions/Interventions Response Category: Solutions/Interventions Perception Type: Not in my Backyard Racist: No Reasoning: The comment observes the current state of affordable housing in Buffalo and"
x,335,C,0,0,"Comment Type: Express Their Opinion, Provide an Observation Critique Category: Government Critique, Money Aid Allocation Response Category: Solutions/Interventions Perception Type: None Racist: No Reasoning: The comment expresses an opinion about how someone would manage a certain organization or in"
x,336,C,0,0,"Comment Type: Provide a Fact or Claim, Express Others' Opinions Critique Category: None Response Category: None Perception Type: Media Portrayal Racist: No Reasoning: The comment provides a factual statement about a homeless woman who was killed, and it references her being hit by a car. It does not"
x,337,C,0,0,"Comment Type: Ask a Rhetorical Question, Provide a Fact or Claim, Critique Category: Money Aid Allocation, Government Critique, Response Category: Solutions/Interventions, Perception Type: Deserving/Undeserving, Racist: No Reasoning: The comment asks a rhetorical question about a wealthy individual'"
x,338,C,0,1,"Comment Type: Ask a Rhetorical Question, Express Others' Opinions Critique Category: Government Critique Response Category: Not applicable Perception Type: Not in my Backyard Racist: No Reasoning: The comment uses a rhetorical question to criticize various social issues and then shifts to criticizin"
x,339,C,0,1,"Comment Type: Provide an Observation, Express Others' Opinions Critique Category: Not applicable Response Category: Solutions/Interventions Perception Type: Not in my Backyard Racist: No Reasoning: The comment provides an observation about a preservation fight for a site and expresses the opinion of"
x,340,C,0,0,"Comment Type: Provide a Fact or Claim, Express Their Opinion Critique Category: No Response Category: Solutions/Interventions Perception Type: No Racist: No Reasoning: The post provides a factual statement about a meeting between organizations and the mayor to discuss affordable housing, expresses a"
x,341,C,0,1,"Comment Type: Ask a Rhetorical Question, Provide a Fact or Claim, Express Their Opinion Critique Category: Money Aid Allocation, Government Critique Response Category: Solutions/Interventions Perception Type: Not in my Backyard Racist: No Reasoning: The comment questions the integrity of common coun"
x,342,C,0,0,"Comment Type: Provide a Fact or Claim, Express Others' Opinions Critique Category: Government Critique, Societal Critique Response Category: Solutions/Interventions Perception Type: Harmful Generalization Racist: No Reasoning: The comment provides a factual claim about the consequences of a governme"
x,343,C,0,1,"Comment Type: Provide an Observation, Express Others' Opinions Critique Category: Not applicable Response Category: Solutions/Interventions Perception Type: Not in my Backyard Racist: No Reasoning: The comment observes the opening of a new shelter and expresses the opinion of others, likely oppositi"
x,344,C,0,0,"Comment Type: Ask a Rhetorical Question, Provide an Observation, Express Their Opinion Critique Category: None Response Category: Solutions/Interventions Perception Type: Personal Interaction Racist: No Reasoning: The comment is an observation about an individual's personal experience with homelessn"
x,345,C,0,0,"Comment Type: Provide an Observation, Express Others' Opinions Critique Category: None Response Category: Solutions/Interventions Perception Type: None Racist: No Reasoning: The comment describes a community service event where an organization volunteered at a soup kitchen to serve dinner to those i"
x,346,C,0,0,"Comment Type: Provide an Observation, Express Others' Opinions Critique Category: No Response Category: Solutions/Interventions Perception Type: No Racist: No Reasoning: The comment observes the actions of [ORGANIZATION] sons and other volunteers, and expresses the continuation of their mission. It "
x,347,C,0,1,"Comment Type: Provide an Observation, Express Others' Opinions Critique Category: Government Critique, Societal Critique Response Category: Not applicable Perception Type: Not in my Backyard Racist: No Reasoning: The comment observes the weather conditions and criticizes the government and society f"
x,348,C,0,1,"Comment Type: Ask a Rhetorical Question, Express Opinion Critique Category: Government Critique, Societal Critique Response Category: Solutions/Interventions Perception Type: Harmful Generalization, Not in my Backyard Racist: Yes Reasoning: The comment implies that homeless individuals and immigrant"
x,349,C,0,0,"Comment Type: Provide an Observation, Express Others' Opinions Critique Category: No Response Category: No Perception Type: Personal Interaction Racist: No Reasoning: The comment provides an observation about a personal experience staying at a location in Buffalo and shares it with others. There is "
x,350,C,0,1,"Comment Type: Express Their Opinion, Provide an Observation Critique Category: Not applicable Response Category: Not applicable Perception Type: Not in my Backyard Racist: No Reasoning: The comment expresses a preference for being homeless in a specific organization, which could be seen as a form of"
x,351,C,0,0,"Comment Type: Provide a Fact or Claim, Provide an Observation Critique Category: Money Aid Allocation Response Category: Solutions/Interventions Perception Type: None Racist: No Reasoning: The post provides a factual statement about a project that creates affordable housing and revitalized commercia"
x,352,C,0,0,"Comment Type: Ask a Genuine Question, Provide an Observation Critique Category: Not Applicable Response Category: Not Applicable Perception Type: Personal Interaction Racist: No Reasoning: The comment is asking a genuine question about whether someone listened to a homeless person and picked an orga"
x,353,C,0,0,"Comment Type: Provide a Fact or Claim, Express Others' Opinions Critique Category: Societal Critique Response Category: Not applicable Perception Type: Media Portrayal Racist: Yes Reasoning: The comment makes a comparison between the living conditions of people in Egypt and the United States, using "
x,354,C,0,0,"Comment Type: Provide an Observation, Express Their Opinion Critique Category: No Response Category: No Perception Type: Personal Interaction Racist: No Reasoning: The comment provides an observation about homelessness and expresses an opinion about the positive impact of a mentor. It does not criti"
x,355,C,0,0,"Comment Type: Provide an Observation, Express Others' Opinions Critique Category: None Response Category: Solutions/Interventions Perception Type: None Racist: No Reasoning: The post describes a food service event and mentions a special dish, which is an observation and an expression of others' opin"
x,356,C,0,1,"Comment Type: Provide a Fact or Claim, Express Others' Opinions, Government Critique Critique Category: Government Critique Response Category: Solutions/Interventions Perception Type: Not in my Backyard Racist: No Reasoning: The comment criticizes the allocation of funds to an organization and the i"
x,357,C,0,0,"Comment Type: Express Others' Opinions, Provide a Fact or Claim Critique Category: Government Critique Response Category: Not applicable Perception Type: Not applicable Racist: No Reasoning: The comment expresses an observation about the higher homeless rate in a specific organization compared to a "
x,358,C,0,1,"Comment Type: Ask a Rhetorical Question, Provide an Observation, Express Others' Opinions Critique Category: None Response Category: Solutions/Interventions Perception Type: Not in my Backyard Racist: No Reasoning: The comment suggests donating to the homeless in the area, which is an observation an"
x,359,C,0,0,"Comment Type: Provide an Observation, Express Their Opinion Critique Category: Money Aid Allocation Response Category: Solutions/Interventions Perception Type: Harmful Generalization Racist: No Reasoning: The comment provides an observation about the homeless situation and expresses an opinion about"
x,360,C,0,1,"Comment Type: Express Their Opinion, Provide an Observation Critique Category: Government Critique Response Category: Solutions/Interventions Perception Type: Not in my Backyard Racist: No Reasoning: The comment expresses an opinion about the desire for a thriving city and running for mayor to addre"
x,361,C,0,1,"Comment Type: Ask a Rhetorical Question, Provide a Fact or Claim Critique Category: Government Critique Response Category: Solutions/Interventions Perception Type: Not in my Backyard Racist: No Reasoning: The comment is questioning an upcoming mandate imposed by an organization on future home buyers"
x,362,C,0,0,"Comment Type: Provide a Fact or Claim, Provide an Observation, Express Others' Opinions Critique Category: None Response Category: Solutions/Interventions Perception Type: None Racist: No Reasoning: The comment provides a factual statement about an organization distributing gifts and a free lasagna "
x,363,C,0,0,"Comment Type: Provide a Fact or Claim, Express Others' Opinions Critique Category: None Response Category: Solutions/Interventions Perception Type: None Racist: No Reasoning: The comment provides a factual statement about a housing project and expresses the opinions of the organization about the typ"
x,364,C,0,0,"Comment Type: Provide an Observation, Express Others' Opinions Critique Category: None Response Category: None Perception Type: Personal Interaction Racist: No Reasoning: The comment describes a personal interaction where someone chose an organization based on a recommendation from a homeless indivi"
x,365,C,0,0,"Comment Type: Ask a Rhetorical Question, Provide a Fact or Claim, Express Their Opinion Critique Category: Government Critique, Money Aid Allocation Response Category: Solutions/Interventions Perception Type: Deserving/Undeserving Racist: No Reasoning: The comment asks a rhetorical question about wa"
x,366,C,0,0,"Comment Type: Provide an Observation, Express Others' Opinions Critique Category: No Response Category: Solutions/Interventions Perception Type: Media Portrayal Racist: No Reasoning: The comment observes a news project aimed at helping people return home, which is an observation. It also encourages "
x,367,C,0,1,"Comment Type: Provide a Fact or Claim, Express Others' Opinions Critique Category: Government Critique Response Category: Solutions/Interventions Perception Type: Not in my Backyard Racist: No Reasoning: The comment provides a factual statement about a legal case involving a homeless man and express"
x,368,C,0,0,"Comment Type: Ask a Rhetorical Question, Express Others' Opinions Critique Category: Government Critique, Money Aid Allocation Response Category: Solutions/Interventions Perception Type: Harmful Generalization Racist: No Reasoning: The comment questions the treatment of a homeless mother and child b"
x,369,C,0,0,"Comment Type: Provide an Observation, Express Others' Opinions Critique Category: No Response Category: Solutions/Interventions Perception Type: No Racist: No Reasoning: The comment observes the support provided by the community, partners, and volunteers for homeless veterans. It expresses the opini"
x,370,C,0,0,"Comment Type: Provide an Observation, Express Others' Opinions Critique Category: None Response Category: None Perception Type: Media Portrayal Racist: No Reasoning: The comment observes a street being named in honor of a woman known for feeding the homeless, which is an observation. It also express"
x,371,C,0,0,"Comment Type: Provide an Observation, Express Others' Opinions Critique Category: No Response Category: Solutions/Interventions Perception Type: No Racist: No Reasoning: The comment observes an event where an organization helped prepare food for the homeless and needy, and it references others' acti"
x,372,C,0,0,"Comment Type: Provide an Observation, Express Their Opinion Critique Category: None Response Category: Solutions/Interventions Perception Type: Personal Interaction Racist: No Reasoning: The comment provides an observation about a business owner helping the homeless and expresses a positive opinion "
x,373,C,0,0,"Comment Type: Provide a Fact or Claim, Express Their Opinion Critique Category: None Response Category: None Perception Type: None Racist: No Reasoning: The comment provides a factual statement about homelessness increasing and expresses an opinion about it, likely in response to a broader discussio"
x,374,C,0,1,"Comment Type: Ask a Rhetorical Question, Express Others' Opinions Critique Category: Not Applicable Response Category: Not Applicable Perception Type: Harmful Generalization, Not in my Backyard Racist: No Reasoning: The comment asks a rhetorical question about the safety and homelessness in blue cit"
x,375,C,0,0,"Comment Type: Provide an Observation, Express Others' Opinions Critique Category: None Response Category: Solutions/Interventions Perception Type: None Racist: No Reasoning: The comment provides an observation about a discussion with others regarding affordable housing and mentions a specific organi"
x,376,C,0,0,"Comment Type: Provide an Observation, Express Their Opinion Critique Category: None Response Category: Solutions/Interventions Perception Type: None Racist: No Reasoning: The comment expresses a positive observation and opinion about an organization providing help, but does not provide a specific ob"
x,377,C,0,0,"Comment Type: Provide an Observation, Express Others' Opinions Critique Category: None Response Category: Solutions/Interventions Perception Type: None Racist: No Reasoning: The comment provides an observation about the extended shelter declaration and encourages others to take action by calling the"
x,378,C,0,0,"Comment Type: Express Their Opinion, Provide an Observation Critique Category: None Response Category: Solutions/Interventions Perception Type: None Racist: No Reasoning: The comment expresses an opinion about starting an organization to interact with homeless people, which can be seen as an observa"
x,379,C,0,0,"Comment Type: Ask a Rhetorical Question, Provide an Observation, Express Their Opinion Critique Category: Not Applicable Response Category: Not Applicable Perception Type: Personal Interaction, Harmful Generalization Racist: No Reasoning: The post asks a rhetorical question about the safety of stree"
x,380,C,0,1,"Comment Type: Provide an Observation, Express Others' Opinions Critique Category: Government Critique, Societal Critique Response Category: Solutions/Interventions Perception Type: Not in my Backyard Racist: No Reasoning: The comment observes the negative impact of certain actions on cities and expr"
x,381,C,0,0,"Comment Type: [Provide an Observation] Critique Category: [None] Response Category: [None] Perception Type: [None] Racist: [No] Reasoning: The comment describes a dog with specific characteristics and health status, which is an observation about the animal. There are no indications of financial, gov"
x,382,C,0,0,"Comment Type: Provide a Fact or Claim, Express Others' Opinions Critique Category: None Response Category: Solutions/Interventions Perception Type: None Racist: No Reasoning: The comment provides a fact or claim about an action taken by someone (buying pies and giving to homeless) and expresses an o"
x,383,C,0,0,"Comment Type: Provide an Observation, Express Their Opinion Critique Category: Not applicable Response Category: Solutions/Interventions Perception Type: Harmful Generalization, Personal Interaction Racist: No Reasoning: The comment provides an observation about the lack of infrastructure and public"
x,384,C,0,1,"Comment Type: Ask a Rhetorical Question, Provide a Fact or Claim Critique Category: Money Aid Allocation, Government Critique Response Category: Solutions/Interventions Perception Type: Not in my Backyard Racist: No Reasoning: The comment asks a rhetorical question about the allocation of funds for "
x,385,C,0,0,"Comment Type: Provide a Fact or Claim, Provide an Observation Critique Category: Government Critique Response Category: Solutions/Interventions Perception Type: None Racist: No Reasoning: The comment provides a factual statement about a strategy to tackle the vacant housing crisis and shares a link,"
x,386,C,0,1,"Comment Type: Ask a Rhetorical Question, Express Others' Opinions Critique Category: Not Applicable Response Category: Not Applicable Perception Type: Not in my Backyard Racist: No Reasoning: The comment is expressing frustration with how others are changing the topic to discuss homelessness when th"
x,387,C,0,0,"Comment Type: Provide an Observation, Express Others' Opinions Critique Category: Not applicable Response Category: Not applicable Perception Type: Harmful Generalization Racist: No Reasoning: The comment provides an observation about homelessness and uses a harmful generalization by associating hom"
x,388,C,0,0,"Comment Type: Provide a Fact or Claim, Express Others' Opinions Critique Category: None Response Category: None Perception Type: None Racist: No Reasoning: The comment provides a factual statement about states collapsing in a certain organization and mentions specific states and individuals, but doe"
x,389,C,0,0,"Comment Type: Provide an Observation, Ask a Genuine Question Critique Category: No Response Category: Solutions/Interventions Perception Type: No Racist: No Reasoning: The post is an observation about a homelessness count event and asks for volunteers, which is a call for action to help address home"
x,390,C,0,0,"Comment Type: Ask a Rhetorical Question, Provide a Fact or Claim Critique Category: Money Aid Allocation Response Category: Solutions/Interventions Perception Type: None Racist: No Reasoning: The comment is asking a rhetorical question about the allocation of tax money, suggesting an alternative use"
x,391,C,0,0,"Comment Type: Provide an Observation, Express Their Opinion Critique Category: None Response Category: Solutions/Interventions Perception Type: None Racist: No Reasoning: The comment observes the organization's actions and expresses gratitude and support for their efforts. It also suggests a recurri"
x,392,C,0,0,"Comment Type: Express Their Opinion, Provide an Observation Critique Category: None Response Category: None Perception Type: Personal Interaction Racist: No Reasoning: The comment expresses an opinion about a lady who genuinely cares about people and mentions a personal observation of a lady caring "
x,393,C,0,0,"Comment Type: Provide a Fact or Claim, Express Others' Opinions Critique Category: None Response Category: Solutions/Interventions Perception Type: None Racist: No Reasoning: The comment provides a factual statement about the disproportionate impact of homelessness on certain communities and encoura"
x,394,C,0,1,"Comment Type: Provide an Observation, Express Others' Opinions Critique Category: Not applicable Response Category: Solutions/Interventions Perception Type: Not in my Backyard Racist: No Reasoning: The comment provides an observation about housing issues and mentions specific locations (MDcounties),"
x,395,C,0,1,"Comment Type: Provide a Fact or Claim, Express Others' Opinions Critique Category: Money Aid Allocation Response Category: Solutions/Interventions Perception Type: Not in my Backyard Racist: No Reasoning: The comment provides a factual statement about a new housing project and expresses the organiza"
x,396,C,0,0,"Comment Type: Provide a Fact or Claim, Express Others' Opinions Critique Category: None Response Category: None Perception Type: Media Portrayal Racist: No Reasoning: The comment provides a factual statement about homelessness, specifically mentioning the number of youth and young adults facing home"
x,397,C,0,0,"Comment Type: Express Others' Opinions, Racist Critique Category: None Response Category: None Perception Type: Harmful Generalization Racist: Yes Reasoning: The comment expresses a harmful generalization about both white and black individuals, implying that both groups are responsible for homelessn"
x,398,C,0,0,"Comment Type: Provide an Observation, Express Others' Opinions Critique Category: Not applicable Response Category: Solutions/Interventions Perception Type: Not applicable Racist: No Reasoning: The comment observes the work of an organization in a mixed-income affordable housing development and high"
x,399,C,0,0,"Comment Type: Provide an Observation, Express Others' Opinions Critique Category: None Response Category: Solutions/Interventions Perception Type: None Racist: No Reasoning: The comment observes the actions of homeless advocates and mentions their push for improved procedures, which can be seen as a"
x,400,C,0,1,"Comment Type: Provide an Observation, Express Their Opinion Critique Category: Not applicable Response Category: Not applicable Perception Type: Personal Interaction, Not in my Backyard Racist: No Reasoning: The comment describes personal experiences with crime, drugs, and homelessness, expressing a"
x,401,C,0,0,"Comment Type: Provide an Observation, Express Others' Opinions Critique Category: None Response Category: None Perception Type: Media Portrayal Racist: No Reasoning: The comment provides an observation about LGBTQ+ homelessness and references a guest commentary, suggesting that the issue is being di"
x,402,C,0,1,"Comment Type: Provide an Observation, Express Their Opinion Critique Category: Not applicable Response Category: Not applicable Perception Type: Not in my Backyard Racist: No Reasoning: The comment expresses an opinion about the risk of arson in a specific organization and a personal preference for "
x,403,C,0,0,"Comment Type: Provide a Fact or Claim, Express Others' Opinions Critique Category: Money Aid Allocation Response Category: Solutions/Interventions Perception Type: None Racist: No Reasoning: The comment provides a factual statement about the mayor's efforts and mentions the state funding as a positi"
x,404,C,0,0,"Comment Type: Provide an Observation Critique Category: None Response Category: None Perception Type: Media Portrayal Racist: No Reasoning: The comment is an observation about a picture, suggesting it is not from a specific organization. There is no indication of racial bias, critique, or perception"
x,405,C,0,0,"Comment Type: Provide an Observation, Express Others' Opinions Critique Category: None Response Category: Solutions/Interventions Perception Type: None Racist: No Reasoning: The post provides information about warming centers and emergency shelters operated by an organization, which is an observatio"
x,406,C,0,0,"Comment Type: Ask a Rhetorical Question, Provide an Observation Critique Category: No Response Category: No Perception Type: Media Portrayal Racist: No Reasoning: The comment is an observation about a news story and uses the term ""panhandler"" which can be seen as a negative stereotype, but it does n"
x,407,C,0,0,"Comment Type: Provide an Observation, Express Their Opinion Critique Category: None Response Category: None Perception Type: Media Portrayal Racist: No Reasoning: The user is expressing their opinion based on personal observation and experience, suggesting they can recognize areas with high crime an"
x,408,C,0,0,"Comment Type: Provide an Observation, Ask a Rhetorical Question Critique Category: None Response Category: Solutions/Interventions Perception Type: None Racist: No Reasoning: The post observes a situation and asks a rhetorical question about the organization's inaction, but does not provide a critiq"
x,409,C,0,0,"Comment Type: Ask a Rhetorical Question, Provide an Observation, Express Their Opinion Critique Category: None Response Category: None Perception Type: Personal Interaction Racist: No Reasoning: The comment is an observation about homelessness from personal experience and asks a rhetorical question "
x,410,C,0,0,"Comment Type: Provide a Fact or Claim, Money Aid Allocation Critique Category: Money Aid Allocation Response Category: Solutions/Interventions Perception Type: None Racist: No Reasoning: The comment provides a factual statement about a donation to an affordable housing developer and does not engage "
x,411,C,0,0,"Comment Type: Provide a Fact or Claim, Provide an Observation Critique Category: None Response Category: Solutions/Interventions Perception Type: None Racist: No Reasoning: The comment provides facts about charitable initiatives and observations about developments in treatments, but does not engage "
x,412,C,0,0,"Comment Type: Provide a Fact or Claim, Express Others' Opinions Critique Category: Money Aid Allocation, Government Critique Response Category: Solutions/Interventions Perception Type: Harmful Generalization, Deserving/Undeserving Racist: No Reasoning: The comment provides a factual statement about "
x,413,C,0,0,"Comment Type: Provide a Fact or Claim, Express Others' Opinions Critique Category: Money Aid Allocation Response Category: Solutions/Interventions Perception Type: None Racist: No Reasoning: The comment provides a factual statement about a government initiative and expresses the opinion of others. I"
x,414,C,0,1,"Comment Type: Ask a Rhetorical Question, Express Their Opinion Critique Category: Government Critique Response Category: Solutions/Interventions Perception Type: Not in my Backyard Racist: No Reasoning: The comment expresses dissatisfaction with the leadership and a demand for change, which can be s"
x,415,C,0,0,"Comment Type: Provide a Fact or Claim, Provide an Observation Critique Category: No Response Category: Solutions/Interventions Perception Type: No Racist: No Reasoning: The post provides a factual claim about affordable housing options and an observation about the availability of cheap houses for sa"
x,416,C,0,1,"Comment Type: Provide an Observation, Express Others' Opinions Critique Category: Not applicable Response Category: Not applicable Perception Type: Not in my Backyard Racist: No Reasoning: The post observes a new rental housing community and expresses an opinion that it might be a concern for local "
x,417,C,0,0,"Comment Type: Provide an Observation, Express Others' Opinions Critique Category: No Response Category: Solutions/Interventions Perception Type: No Racist: No Reasoning: The post provides an observation about the work of a non-profit organization and expresses the opinion that the organization uses "
x,418,C,0,0,"Comment Type: Provide a Fact or Claim, Express Their Opinion Critique Category: Government Critique Response Category: Solutions/Interventions Perception Type: None Racist: No Reasoning: The comment provides a factual claim about tiny home communities and expresses an opinion on what the new council"
x,419,C,0,0,"Comment Type: Provide a Fact or Claim, Express Others' Opinions Critique Category: Money Aid Allocation Response Category: Solutions/Interventions Perception Type: Harmful Generalization Racist: No Reasoning: The comment provides a factual claim about a study and expresses an opinion about the finan"
x,420,C,0,0,"Comment Type: Provide a Fact or Claim, Provide an Observation, Solutions/Interventions Critique Category: None Response Category: Solutions/Interventions Perception Type: None Racist: No Reasoning: The comment provides a factual statement about the need for affordable housing and suggests specific s"
x,421,C,0,0,"Comment Type: Provide a Fact or Claim Critique Category: No Response Category: No Perception Type: No Racist: No Reasoning: The comment provides a factual statement about an artwork made by a local artist, mentioning the material used. There is no indication of critique, response, perception, or rac"
x,422,C,0,0,"Comment Type: Provide an Observation, Express Others' Opinions Critique Category: None Response Category: None Perception Type: Harmful Generalization Racist: No Reasoning: The comment provides an observation about a homeless individual's actions and expresses the opinion that jail is seen as a plac"
x,423,C,0,0,"Comment Type: Provide a Fact or Claim, Express Others' Opinions Critique Category: None Response Category: None Perception Type: Harmful Generalization Racist: No Reasoning: The comment provides a factual claim about a burglary suspect's actions and expresses an opinion about the situation. It also "
x,424,C,1,1,"Comment Type: Provide an Observation, Express Others' Opinions Critique Category: Government Critique Response Category: Solutions/Interventions Perception Type: Not in my Backyard Racist: No Reasoning: The comment provides an observation about a homeless encampment and expresses the opinion of city"
x,425,C,0,1,"Comment Type: Provide a Fact or Claim, Express Others' Opinions Critique Category: Government Critique, Societal Critique Response Category: Solutions/Interventions Perception Type: Not in my Backyard Racist: No Reasoning: The comment provides a factual statement about a lawsuit involving a church t"
x,426,C,0,1,"Comment Type: Provide an Observation, Express Others' Opinions Critique Category: Not applicable Response Category: Not applicable Perception Type: Media Portrayal, Not in my Backyard Racist: No Reasoning: The comment provides an observation about homelessness being rampant in a specific location an"
x,427,C,0,0,"Comment Type: Provide a Fact or Claim, Express Their Opinion Critique Category: Government Critique Response Category: Solutions/Interventions Perception Type: None Racist: No Reasoning: The comment provides a factual claim about reducing crime and recidivism and expresses an opinion about leading e"
x,428,C,0,0,"Comment Type: Provide an Observation, Express Others' Opinions Critique Category: No Response Category: Solutions/Interventions Perception Type: No Racist: No Reasoning: The comment observes a church's charitable action and expresses the positive impact on the community. It does not critique any pol"
x,429,C,1,0,"Comment Type: Provide an Observation, Express Others' Opinions Critique Category: Not applicable Response Category: Not applicable Perception Type: Media Portrayal Racist: No Reasoning: The comment provides an observation about the appearance of homeless encampments in various parts of the town and "
x,430,C,1,1,"Comment Type: Provide an Observation, Express Others' Opinions Critique Category: Not applicable Response Category: Not applicable Perception Type: Not in my Backyard Racist: No Reasoning: The comment observes a homeless camp causing concern for nearby residents, which reflects a perception of the i"
x,431,C,0,0,"Comment Type: Provide an Observation Critique Category: No Response Category: No Perception Type: No Racist: No Reasoning: The comment is an observation about a new mural created by a local artist, which does not fit into any of the specified categories."
x,432,C,0,0,"Comment Type: Provide a Fact or Claim, Express Others' Opinions Critique Category: None Response Category: Solutions/Interventions Perception Type: None Racist: No Reasoning: The comment provides a factual statement about an organization giving out free meals and shares an opinion about the organiza"
x,433,C,0,0,"Comment Type: Provide an Observation, Express Others' Opinions Critique Category: No Response Category: No Perception Type: Personal Interaction Racist: No Reasoning: The comment provides an observation about a homeless individual who died after being struck by a vehicle. It does not make any explic"
x,434,C,0,0,"Comment Type: Provide an Observation, Express Their Opinion Critique Category: No Response Category: Solutions/Interventions Perception Type: No Racist: No Reasoning: The post describes the actions of an organization and their families in delivering food to the homeless, which is an observation and "
x,435,C,0,0,"Comment Type: Provide a Fact or Claim, Ask a Rhetorical Question Critique Category: Money Aid Allocation Response Category: Solutions/Interventions Perception Type: None Racist: No Reasoning: The comment provides a factual statement about a funding award and asks a rhetorical question by ending with"
x,436,C,0,0,"Comment Type: Provide a Fact or Claim, Express Others' Opinions Critique Category: None Response Category: None Perception Type: Harmful Generalization Racist: No Reasoning: The comment provides a factual claim about a person's actions and motivations, which could lead to harmful generalizations abo"
x,437,C,0,0,"Comment Type: Provide an Observation, Express Others' Opinions Critique Category: Media Critique Response Category: None Perception Type: Media Portrayal Racist: No Reasoning: The comment observes a trend in media portrayal of homelessness and expresses an opinion about it. There is no explicit or i"
x,438,C,0,0,"Comment Type: Provide a Fact or Claim, Express Their Opinion Critique Category: No Response Category: Solutions/Interventions Perception Type: No Racist: No Reasoning: The post provides a factual claim about the impact of a community service organization and expresses a positive opinion about their "
x,439,C,0,0,Please provide the text of the Twitter post for analysis.
x,440,C,0,0,"Comment Type: Provide an Observation, Express Their Opinion Critique Category: None Response Category: None Perception Type: Media Portrayal Racist: No Reasoning: The comment provides an observation about the affordable housing market and expresses an opinion about the impact on families. It mention"
x,441,C,0,0,"Comment Type: Provide an Observation, Express Others' Opinions Critique Category: Not applicable Response Category: Solutions/Interventions Perception Type: Personal Interaction Racist: No Reasoning: The comment describes a personal interaction with a homeless individual and an observation of a resp"
x,442,C,0,0,"Comment Type: Provide a Fact or Claim, Express Others' Opinions Critique Category: None Response Category: None Perception Type: None Racist: No Reasoning: The post provides a factual statement about a homeless individual's death and includes a reference to a source. It does not ask a question, expr"
x,443,C,1,0,"Comment Type: Ask a Genuine Question, Provide an Observation Critique Category: None Response Category: None Perception Type: Media Portrayal Racist: No Reasoning: The user is asking a genuine question about the location of homeless people and observing that there are none in a specific area. There "
x,444,C,0,0,"Comment Type: Provide an Observation, Express Others' Opinions Critique Category: None Response Category: Solutions/Interventions Perception Type: None Racist: No Reasoning: The comment provides an observation about a new mural being unveiled at an affordable housing development and expresses the op"
x,445,C,0,1,"Comment Type: Provide an Observation, Express Their Opinion Critique Category: Not applicable Response Category: Not applicable Perception Type: Not in my Backyard Racist: No Reasoning: The comment expresses an opinion about the high cost of living and the prevalence of homelessness, suggesting that"
x,446,C,0,1,"Comment Type: Express Others' Opinions, Express Their Opinion Critique Category: Not applicable Response Category: Not applicable Perception Type: Not in my Backyard Racist: No Reasoning: The comment expresses the speaker's personal opinion about homelessness and a comparison to another location, bu"
x,447,C,0,1,"Comment Type: Provide a Fact or Claim, Express Their Opinion Critique Category: Money Aid Allocation Response Category: Solutions/Interventions Perception Type: Not in my Backyard Racist: No Reasoning: The comment provides a factual statement about an organization's investment in supporting former i"
x,448,C,0,0,"Comment Type: Express Their Opinion, Provide an Observation Critique Category: No Response Category: No Perception Type: No Racist: No Reasoning: The comment expresses the suspect's willingness to face legal consequences to secure food, which can be seen as an observation about the severity of their"
x,449,C,0,0,"Comment Type: Provide a Fact or Claim, Ask a Rhetorical Question Critique Category: Money Aid Allocation Response Category: Solutions/Interventions Perception Type: None Racist: No Reasoning: The post provides a factual statement about the cost of homelessness and asks a rhetorical question suggesti"
x,450,C,0,0,"Comment Type: Provide an Observation, Express Others' Opinions Critique Category: None Response Category: Solutions/Interventions Perception Type: Media Portrayal Racist: No Reasoning: The comment observes an event organized by an organization to honor homeless individuals, which can be seen as an o"
x,451,C,0,0,"Comment Type: Provide a Fact or Claim, Provide an Observation Critique Category: Money Aid Allocation Response Category: Solutions/Interventions Perception Type: Not applicable Racist: No Reasoning: The comment provides a factual statement about an award given to enhance skills for migrant farmworke"
x,452,C,0,0,"Comment Type: Ask a Rhetorical Question, Express Others' Opinions, Critique Category: Government Critique, Response Category: Solutions/Interventions, Perception Type: Harmful Generalization, Racist: Yes Reasoning: The comment uses a rhetorical question to criticize the actions of a Black mayor and "
x,453,C,0,1,"Comment Type: Express Others' Opinions, Express Their Opinion Critique Category: Not Applicable Response Category: Not Applicable Perception Type: Not in my Backyard Racist: No Reasoning: The comment expresses an opinion about someone else's behavior and criticizes them for not addressing homelessne"
x,454,C,1,0,"Comment Type: Express Others' Opinions, Express Their Opinion Critique Category: Not Applicable Response Category: Not Applicable Perception Type: Harmful Generalization Racist: No Reasoning: The comment expresses a negative opinion about a homeless person, using the term ""beggar,"" which can be seen"
x,455,C,0,1,"Comment Type: Provide a Fact or Claim, Express Their Opinion Critique Category: Money Aid Allocation, Government Critique Response Category: Solutions/Interventions Perception Type: Not in my Backyard Racist: No Reasoning: The post provides a factual statement about the housing crisis and poverty ra"
