City,Total Comments,Express Opinion (%),Societal Critique (%),Solutions (%),Deserving/Undeserving (%),Racist (%)
portland,15301,89.32095941441736,78.10600614338932,27.95895693091955,34.86700215672178,0.15685249330109144
san francisco,14805,79.76359338061467,70.71259709557583,23.167848699763592,31.60418777440054,0.19587977034785545
kalamazoo,1885,88.06366047745358,75.22546419098143,30.02652519893899,35.96816976127321,0.10610079575596816
baltimore,1215,84.03292181069959,66.2551440329218,34.89711934156379,30.781893004115226,0.0823045267489712
buffalo,589,83.70118845500849,58.40407470288624,28.183361629881155,31.239388794567063,0.1697792869269949
south bend,206,83.00970873786407,62.62135922330098,37.86407766990291,35.92233009708738,0.0
rockford,188,84.57446808510637,69.68085106382979,22.872340425531913,37.765957446808514,0.0
el paso,154,76.62337662337663,52.5974025974026,20.77922077922078,26.623376623376622,0.6493506493506493
fayetteville,102,85.29411764705883,59.80392156862745,34.31372549019608,16.666666666666664,0.0
scranton,79,83.54430379746836,73.41772151898735,32.91139240506329,25.31645569620253,0.0
