City,Total Comments,Express Opinion (%),Societal Critique (%),Solutions (%),Deserving/Undeserving (%),Racist (%)
portland,15301,89.22292660610418,78.0406509378472,27.926279328148485,35.04999673223973,0.12417489053003071
san francisco,14777,87.27075861135548,77.20105569466062,25.296068214116534,34.384516478310886,0.20978547743114298
kalamazoo,1939,88.4476534296029,75.81227436823104,31.40794223826715,36.204228984012374,0.25786487880350695
baltimore,1215,83.7037037037037,66.41975308641975,34.89711934156379,32.427983539094654,0.1646090534979424
buffalo,589,82.68251273344653,58.91341256366724,29.03225806451613,31.57894736842105,0.1697792869269949
south bend,196,84.6938775510204,62.244897959183675,37.755102040816325,36.734693877551024,0.0
rockford,188,82.97872340425532,69.14893617021278,22.340425531914892,36.702127659574465,0.0
el paso,154,77.27272727272727,51.94805194805194,23.376623376623375,25.97402597402597,0.0
fayetteville,102,84.31372549019608,58.82352941176471,36.27450980392157,14.705882352941178,0.0
scranton,79,84.81012658227847,74.68354430379746,34.177215189873415,22.78481012658228,0.0
