{
  "source": "reddit",
  "model": "bert-base-uncased",
  "macro_f1": 0.37426338257160136,
  "micro_f1": 0.5982783357245337,
  "best_threshold": 0.3,
  "test_size": 102,
  "num_labels": 18,
  "label_f1_scores": {
    "ask a genuine question": 0.21052631578947367,
    "ask a rhetorical question": 0.32786885245901637,
    "provide a fact or claim": 0.9090909090909091,
    "provide an observation": 0.6896551724137931,
    "express their opinion": 0.9538461538461539,
    "express others opinions": 0.4146341463414634,
    "money aid allocation": 0.07547169811320754,
    "government critique": 0.1111111111111111,
    "societal critique": 0.6164383561643836,
    "solutions/interventions": 0.8070175438596491,
    "personal interaction": 0.3684210526315789,
    "media portrayal": 0.4,
    "not in my backyard": 0.125,
    "harmful generalization": 0.1276595744680851,
    "deserving/undeserving": 0.2,
    "Racist": 0.4,
    "Unnamed: 19": 0.0,
    "Unnamed: 20": 0.0
  }
}